<?xml version="1.0" encoding="UTF-8"?>
<gpx xmlns="http://www.topografix.com/GPX/1/1" xmlns:gpxtpx="http://www.garmin.com/xmlschemas/TrackPointExtension/v1" xmlns:xsi="http://www.w3.org/2001/XMLSchema-instance" xsi:schemaLocation="http://www.topografix.com/GPX/1/1 http://www.topografix.com/GPX/1/1/gpx.xsd" version="1.1" creator="gpx.py -- https://github.com/tkrajina/gpxpy">
  <trk>
    <name>gpx from codoon</name>
    <type>Run</type>
    <trkseg>
      <trkpt lat="22.5731484" lon="113.9436982">
        <ele>30.04299</ele>
        <time>2025-07-02T10:19:14Z</time>
      </trkpt>
      <trkpt lat="22.573093" lon="113.9436958">
        <ele>30.10899</ele>
        <time>2025-07-02T10:19:17Z</time>
      </trkpt>
      <trkpt lat="22.5730596" lon="113.943695">
        <ele>30.27099</ele>
        <time>2025-07-02T10:19:19Z</time>
      </trkpt>
      <trkpt lat="22.5730195" lon="113.9436945">
        <ele>30.346</ele>
        <time>2025-07-02T10:19:21Z</time>
      </trkpt>
      <trkpt lat="22.5729832" lon="113.9436953">
        <ele>30.36499</ele>
        <time>2025-07-02T10:19:23Z</time>
      </trkpt>
      <trkpt lat="22.5729453" lon="113.943698">
        <ele>29.861</ele>
        <time>2025-07-02T10:19:25Z</time>
      </trkpt>
      <trkpt lat="22.5729064" lon="113.9437005">
        <ele>29.76199</ele>
        <time>2025-07-02T10:19:27Z</time>
      </trkpt>
      <trkpt lat="22.5728666" lon="113.9437017">
        <ele>29.29299</ele>
        <time>2025-07-02T10:19:29Z</time>
      </trkpt>
      <trkpt lat="22.572826" lon="113.9437013">
        <ele>30.944</ele>
        <time>2025-07-02T10:19:31Z</time>
      </trkpt>
      <trkpt lat="22.5727863" lon="113.9436997">
        <ele>31.29999</ele>
        <time>2025-07-02T10:19:33Z</time>
      </trkpt>
      <trkpt lat="22.5727465" lon="113.9436995">
        <ele>31.58099</ele>
        <time>2025-07-02T10:19:35Z</time>
      </trkpt>
      <trkpt lat="22.5727068" lon="113.9437016">
        <ele>30.985</ele>
        <time>2025-07-02T10:19:37Z</time>
      </trkpt>
      <trkpt lat="22.5726671" lon="113.9437062">
        <ele>30.96299</ele>
        <time>2025-07-02T10:19:39Z</time>
      </trkpt>
      <trkpt lat="22.5726256" lon="113.9437136">
        <ele>29.58699</ele>
        <time>2025-07-02T10:19:41Z</time>
      </trkpt>
      <trkpt lat="22.5725813" lon="113.9437207">
        <ele>31.14999</ele>
        <time>2025-07-02T10:19:43Z</time>
      </trkpt>
      <trkpt lat="22.572538" lon="113.9437248">
        <ele>31.24099</ele>
        <time>2025-07-02T10:19:45Z</time>
      </trkpt>
      <trkpt lat="22.5724959" lon="113.9437265">
        <ele>30.478</ele>
        <time>2025-07-02T10:19:47Z</time>
      </trkpt>
      <trkpt lat="22.5724541" lon="113.9437274">
        <ele>29.784</ele>
        <time>2025-07-02T10:19:49Z</time>
      </trkpt>
      <trkpt lat="22.5724116" lon="113.9437288">
        <ele>30.533</ele>
        <time>2025-07-02T10:19:51Z</time>
      </trkpt>
      <trkpt lat="22.5723705" lon="113.9437326">
        <ele>32.298</ele>
        <time>2025-07-02T10:19:53Z</time>
      </trkpt>
      <trkpt lat="22.5723279" lon="113.9437378">
        <ele>32.763</ele>
        <time>2025-07-02T10:19:55Z</time>
      </trkpt>
      <trkpt lat="22.5722824" lon="113.9437422">
        <ele>33.46699</ele>
        <time>2025-07-02T10:19:57Z</time>
      </trkpt>
      <trkpt lat="22.5722362" lon="113.9437461">
        <ele>33.956</ele>
        <time>2025-07-02T10:19:59Z</time>
      </trkpt>
      <trkpt lat="22.5721903" lon="113.9437479">
        <ele>32.547</ele>
        <time>2025-07-02T10:20:01Z</time>
      </trkpt>
      <trkpt lat="22.5721462" lon="113.9437469">
        <ele>33.91899</ele>
        <time>2025-07-02T10:20:03Z</time>
      </trkpt>
      <trkpt lat="22.5721045" lon="113.9437443">
        <ele>32.54399</ele>
        <time>2025-07-02T10:20:05Z</time>
      </trkpt>
      <trkpt lat="22.5720632" lon="113.9437414">
        <ele>32.29199</ele>
        <time>2025-07-02T10:20:07Z</time>
      </trkpt>
      <trkpt lat="22.5720263" lon="113.943738">
        <ele>31.41699</ele>
        <time>2025-07-02T10:20:09Z</time>
      </trkpt>
      <trkpt lat="22.5719922" lon="113.9437346">
        <ele>30.67099</ele>
        <time>2025-07-02T10:20:11Z</time>
      </trkpt>
      <trkpt lat="22.5719558" lon="113.9437341">
        <ele>27.20499</ele>
        <time>2025-07-02T10:20:13Z</time>
      </trkpt>
      <trkpt lat="22.5719188" lon="113.9437378">
        <ele>26.46899</ele>
        <time>2025-07-02T10:20:15Z</time>
      </trkpt>
      <trkpt lat="22.5718846" lon="113.9437478">
        <ele>27.044</ele>
        <time>2025-07-02T10:20:17Z</time>
      </trkpt>
      <trkpt lat="22.5718516" lon="113.9437643">
        <ele>26.54</ele>
        <time>2025-07-02T10:20:19Z</time>
      </trkpt>
      <trkpt lat="22.5718242" lon="113.9437878">
        <ele>26.95499</ele>
        <time>2025-07-02T10:20:21Z</time>
      </trkpt>
      <trkpt lat="22.5718048" lon="113.9438189">
        <ele>27.704</ele>
        <time>2025-07-02T10:20:23Z</time>
      </trkpt>
      <trkpt lat="22.5717938" lon="113.9438551">
        <ele>27.468</ele>
        <time>2025-07-02T10:20:25Z</time>
      </trkpt>
      <trkpt lat="22.5717902" lon="113.9438931">
        <ele>26.65699</ele>
        <time>2025-07-02T10:20:27Z</time>
      </trkpt>
      <trkpt lat="22.5717919" lon="113.9439332">
        <ele>27.40099</ele>
        <time>2025-07-02T10:20:29Z</time>
      </trkpt>
      <trkpt lat="22.5717956" lon="113.9439737">
        <ele>28.26399</ele>
        <time>2025-07-02T10:20:31Z</time>
      </trkpt>
      <trkpt lat="22.5717999" lon="113.9440135">
        <ele>28.013</ele>
        <time>2025-07-02T10:20:33Z</time>
      </trkpt>
      <trkpt lat="22.5718033" lon="113.9440543">
        <ele>27.78499</ele>
        <time>2025-07-02T10:20:35Z</time>
      </trkpt>
      <trkpt lat="22.5718058" lon="113.9440972">
        <ele>28.64599</ele>
        <time>2025-07-02T10:20:37Z</time>
      </trkpt>
      <trkpt lat="22.571806" lon="113.9441391">
        <ele>28.76399</ele>
        <time>2025-07-02T10:20:39Z</time>
      </trkpt>
      <trkpt lat="22.5718053" lon="113.9441801">
        <ele>28.66099</ele>
        <time>2025-07-02T10:20:41Z</time>
      </trkpt>
      <trkpt lat="22.5718039" lon="113.9442183">
        <ele>28.23699</ele>
        <time>2025-07-02T10:20:43Z</time>
      </trkpt>
      <trkpt lat="22.571803" lon="113.9442554">
        <ele>28.59199</ele>
        <time>2025-07-02T10:20:45Z</time>
      </trkpt>
      <trkpt lat="22.5718046" lon="113.9442949">
        <ele>30.11599</ele>
        <time>2025-07-02T10:20:47Z</time>
      </trkpt>
      <trkpt lat="22.5718069" lon="113.944335">
        <ele>30.04899</ele>
        <time>2025-07-02T10:20:49Z</time>
      </trkpt>
      <trkpt lat="22.5718099" lon="113.9443777">
        <ele>30.847</ele>
        <time>2025-07-02T10:20:51Z</time>
      </trkpt>
      <trkpt lat="22.5718151" lon="113.9444252">
        <ele>30.90099</ele>
        <time>2025-07-02T10:20:53Z</time>
      </trkpt>
      <trkpt lat="22.57182" lon="113.9444744">
        <ele>29.40999</ele>
        <time>2025-07-02T10:20:55Z</time>
      </trkpt>
      <trkpt lat="22.571821" lon="113.9445203">
        <ele>28.798</ele>
        <time>2025-07-02T10:20:57Z</time>
      </trkpt>
      <trkpt lat="22.5718216" lon="113.9445658">
        <ele>29.242</ele>
        <time>2025-07-02T10:20:59Z</time>
      </trkpt>
      <trkpt lat="22.5718224" lon="113.9446095">
        <ele>29.735</ele>
        <time>2025-07-02T10:21:01Z</time>
      </trkpt>
      <trkpt lat="22.5718231" lon="113.94465">
        <ele>29.693</ele>
        <time>2025-07-02T10:21:03Z</time>
      </trkpt>
      <trkpt lat="22.5718237" lon="113.9446879">
        <ele>28.73999</ele>
        <time>2025-07-02T10:21:05Z</time>
      </trkpt>
      <trkpt lat="22.571825" lon="113.9447278">
        <ele>29.656</ele>
        <time>2025-07-02T10:21:07Z</time>
      </trkpt>
      <trkpt lat="22.5718253" lon="113.9447681">
        <ele>29.51099</ele>
        <time>2025-07-02T10:21:09Z</time>
      </trkpt>
      <trkpt lat="22.5718252" lon="113.9448107">
        <ele>30.84399</ele>
        <time>2025-07-02T10:21:11Z</time>
      </trkpt>
      <trkpt lat="22.5718234" lon="113.9448554">
        <ele>28.502</ele>
        <time>2025-07-02T10:21:13Z</time>
      </trkpt>
      <trkpt lat="22.5718201" lon="113.9449013">
        <ele>27.61899</ele>
        <time>2025-07-02T10:21:15Z</time>
      </trkpt>
      <trkpt lat="22.5718166" lon="113.9449504">
        <ele>26.558</ele>
        <time>2025-07-02T10:21:17Z</time>
      </trkpt>
      <trkpt lat="22.5718124" lon="113.945002">
        <ele>26.25499</ele>
        <time>2025-07-02T10:21:19Z</time>
      </trkpt>
      <trkpt lat="22.5718071" lon="113.9450521">
        <ele>25.825</ele>
        <time>2025-07-02T10:21:21Z</time>
      </trkpt>
      <trkpt lat="22.571804" lon="113.9451019">
        <ele>26.09199</ele>
        <time>2025-07-02T10:21:23Z</time>
      </trkpt>
      <trkpt lat="22.5718019" lon="113.9451521">
        <ele>26.235</ele>
        <time>2025-07-02T10:21:25Z</time>
      </trkpt>
      <trkpt lat="22.5717982" lon="113.945201">
        <ele>27.40099</ele>
        <time>2025-07-02T10:21:27Z</time>
      </trkpt>
      <trkpt lat="22.5717948" lon="113.9452498">
        <ele>27.687</ele>
        <time>2025-07-02T10:21:29Z</time>
      </trkpt>
      <trkpt lat="22.5717923" lon="113.9453007">
        <ele>27.97599</ele>
        <time>2025-07-02T10:21:31Z</time>
      </trkpt>
      <trkpt lat="22.5717888" lon="113.9453495">
        <ele>26.68899</ele>
        <time>2025-07-02T10:21:33Z</time>
      </trkpt>
      <trkpt lat="22.5717861" lon="113.9453968">
        <ele>29.09399</ele>
        <time>2025-07-02T10:21:35Z</time>
      </trkpt>
      <trkpt lat="22.5717857" lon="113.9454403">
        <ele>28.802</ele>
        <time>2025-07-02T10:21:37Z</time>
      </trkpt>
      <trkpt lat="22.5717856" lon="113.9454803">
        <ele>29.422</ele>
        <time>2025-07-02T10:21:39Z</time>
      </trkpt>
      <trkpt lat="22.5717842" lon="113.9455191">
        <ele>28.62899</ele>
        <time>2025-07-02T10:21:41Z</time>
      </trkpt>
      <trkpt lat="22.5717824" lon="113.9455578">
        <ele>29.13299</ele>
        <time>2025-07-02T10:21:43Z</time>
      </trkpt>
      <trkpt lat="22.5717793" lon="113.9455956">
        <ele>29.346</ele>
        <time>2025-07-02T10:21:45Z</time>
      </trkpt>
      <trkpt lat="22.571776" lon="113.9456329">
        <ele>28.30599</ele>
        <time>2025-07-02T10:21:47Z</time>
      </trkpt>
      <trkpt lat="22.5717755" lon="113.9456699">
        <ele>27.068</ele>
        <time>2025-07-02T10:21:49Z</time>
      </trkpt>
      <trkpt lat="22.5717772" lon="113.9457047">
        <ele>26.288</ele>
        <time>2025-07-02T10:21:51Z</time>
      </trkpt>
      <trkpt lat="22.57178" lon="113.9457397">
        <ele>25.34399</ele>
        <time>2025-07-02T10:21:53Z</time>
      </trkpt>
      <trkpt lat="22.5717847" lon="113.9457764">
        <ele>23.97299</ele>
        <time>2025-07-02T10:21:55Z</time>
      </trkpt>
      <trkpt lat="22.5717917" lon="113.9458137">
        <ele>22.729</ele>
        <time>2025-07-02T10:21:57Z</time>
      </trkpt>
      <trkpt lat="22.571798" lon="113.9458517">
        <ele>22.11499</ele>
        <time>2025-07-02T10:21:59Z</time>
      </trkpt>
      <trkpt lat="22.571803" lon="113.9458921">
        <ele>21.743</ele>
        <time>2025-07-02T10:22:01Z</time>
      </trkpt>
      <trkpt lat="22.5718064" lon="113.945934">
        <ele>21.648</ele>
        <time>2025-07-02T10:22:03Z</time>
      </trkpt>
      <trkpt lat="22.5718081" lon="113.9459759">
        <ele>21.77899</ele>
        <time>2025-07-02T10:22:05Z</time>
      </trkpt>
      <trkpt lat="22.5718073" lon="113.9460193">
        <ele>19.69799</ele>
        <time>2025-07-02T10:22:07Z</time>
      </trkpt>
      <trkpt lat="22.5718043" lon="113.9460656">
        <ele>19.426</ele>
        <time>2025-07-02T10:22:09Z</time>
      </trkpt>
      <trkpt lat="22.5718015" lon="113.9461149">
        <ele>15.548</ele>
        <time>2025-07-02T10:22:11Z</time>
      </trkpt>
      <trkpt lat="22.5718013" lon="113.9461686">
        <ele>14.147</ele>
        <time>2025-07-02T10:22:13Z</time>
      </trkpt>
      <trkpt lat="22.5718031" lon="113.9462271">
        <ele>12.97999</ele>
        <time>2025-07-02T10:22:15Z</time>
      </trkpt>
      <trkpt lat="22.5718057" lon="113.946289">
        <ele>12.03499</ele>
        <time>2025-07-02T10:22:17Z</time>
      </trkpt>
      <trkpt lat="22.5718096" lon="113.9463542">
        <ele>14.59</ele>
        <time>2025-07-02T10:22:19Z</time>
      </trkpt>
      <trkpt lat="22.5718136" lon="113.9464203">
        <ele>15.12199</ele>
        <time>2025-07-02T10:22:21Z</time>
      </trkpt>
      <trkpt lat="22.5718168" lon="113.9464834">
        <ele>14.607</ele>
        <time>2025-07-02T10:22:23Z</time>
      </trkpt>
      <trkpt lat="22.5718184" lon="113.9465396">
        <ele>14.19699</ele>
        <time>2025-07-02T10:22:25Z</time>
      </trkpt>
      <trkpt lat="22.5718181" lon="113.9465924">
        <ele>16.715</ele>
        <time>2025-07-02T10:22:27Z</time>
      </trkpt>
      <trkpt lat="22.5718157" lon="113.9466399">
        <ele>16.427</ele>
        <time>2025-07-02T10:22:29Z</time>
      </trkpt>
      <trkpt lat="22.5718133" lon="113.946687">
        <ele>18.53899</ele>
        <time>2025-07-02T10:22:31Z</time>
      </trkpt>
      <trkpt lat="22.5718078" lon="113.9467346">
        <ele>21.318</ele>
        <time>2025-07-02T10:22:33Z</time>
      </trkpt>
      <trkpt lat="22.571801" lon="113.946783">
        <ele>23.92</ele>
        <time>2025-07-02T10:22:35Z</time>
      </trkpt>
      <trkpt lat="22.5717974" lon="113.9468303">
        <ele>25.23699</ele>
        <time>2025-07-02T10:22:37Z</time>
      </trkpt>
      <trkpt lat="22.571797" lon="113.9468788">
        <ele>28.076</ele>
        <time>2025-07-02T10:22:39Z</time>
      </trkpt>
      <trkpt lat="22.5717979" lon="113.9469276">
        <ele>28.496</ele>
        <time>2025-07-02T10:22:41Z</time>
      </trkpt>
      <trkpt lat="22.5718" lon="113.9469743">
        <ele>25.134</ele>
        <time>2025-07-02T10:22:43Z</time>
      </trkpt>
      <trkpt lat="22.571804" lon="113.9470223">
        <ele>23.419</ele>
        <time>2025-07-02T10:22:45Z</time>
      </trkpt>
      <trkpt lat="22.5718046" lon="113.9470716">
        <ele>21.15099</ele>
        <time>2025-07-02T10:22:47Z</time>
      </trkpt>
      <trkpt lat="22.5718032" lon="113.9471209">
        <ele>20.135</ele>
        <time>2025-07-02T10:22:49Z</time>
      </trkpt>
      <trkpt lat="22.5717986" lon="113.9471672">
        <ele>23.54199</ele>
        <time>2025-07-02T10:22:51Z</time>
      </trkpt>
      <trkpt lat="22.5717924" lon="113.9472096">
        <ele>23.399</ele>
        <time>2025-07-02T10:22:53Z</time>
      </trkpt>
      <trkpt lat="22.5717861" lon="113.9472508">
        <ele>23.25799</ele>
        <time>2025-07-02T10:22:55Z</time>
      </trkpt>
      <trkpt lat="22.5717819" lon="113.9472885">
        <ele>23.72999</ele>
        <time>2025-07-02T10:22:57Z</time>
      </trkpt>
      <trkpt lat="22.5717793" lon="113.9473267">
        <ele>25.104</ele>
        <time>2025-07-02T10:22:59Z</time>
      </trkpt>
      <trkpt lat="22.5717796" lon="113.9473626">
        <ele>26.12599</ele>
        <time>2025-07-02T10:23:01Z</time>
      </trkpt>
      <trkpt lat="22.5717832" lon="113.9474019">
        <ele>26.097</ele>
        <time>2025-07-02T10:23:03Z</time>
      </trkpt>
      <trkpt lat="22.5717886" lon="113.9474432">
        <ele>25.63599</ele>
        <time>2025-07-02T10:23:05Z</time>
      </trkpt>
      <trkpt lat="22.5717953" lon="113.94749">
        <ele>25.50499</ele>
        <time>2025-07-02T10:23:07Z</time>
      </trkpt>
      <trkpt lat="22.5718028" lon="113.9475381">
        <ele>24.325</ele>
        <time>2025-07-02T10:23:09Z</time>
      </trkpt>
      <trkpt lat="22.5718103" lon="113.9475862">
        <ele>22.84799</ele>
        <time>2025-07-02T10:23:11Z</time>
      </trkpt>
      <trkpt lat="22.5718179" lon="113.9476354">
        <ele>21.204</ele>
        <time>2025-07-02T10:23:13Z</time>
      </trkpt>
      <trkpt lat="22.5718244" lon="113.947685">
        <ele>20.37299</ele>
        <time>2025-07-02T10:23:15Z</time>
      </trkpt>
      <trkpt lat="22.571829" lon="113.9477353">
        <ele>20.999</ele>
        <time>2025-07-02T10:23:17Z</time>
      </trkpt>
      <trkpt lat="22.5718308" lon="113.9477835">
        <ele>22.76399</ele>
        <time>2025-07-02T10:23:19Z</time>
      </trkpt>
      <trkpt lat="22.5718312" lon="113.947833">
        <ele>22.25399</ele>
        <time>2025-07-02T10:23:21Z</time>
      </trkpt>
      <trkpt lat="22.5718301" lon="113.947883">
        <ele>22.70199</ele>
        <time>2025-07-02T10:23:23Z</time>
      </trkpt>
      <trkpt lat="22.5718279" lon="113.9479321">
        <ele>21.29</ele>
        <time>2025-07-02T10:23:25Z</time>
      </trkpt>
      <trkpt lat="22.5718254" lon="113.9479771">
        <ele>19.97299</ele>
        <time>2025-07-02T10:23:27Z</time>
      </trkpt>
      <trkpt lat="22.5718232" lon="113.9480177">
        <ele>20.35</ele>
        <time>2025-07-02T10:23:29Z</time>
      </trkpt>
      <trkpt lat="22.5718206" lon="113.948059">
        <ele>20.52499</ele>
        <time>2025-07-02T10:23:31Z</time>
      </trkpt>
      <trkpt lat="22.571816" lon="113.948098">
        <ele>22.44499</ele>
        <time>2025-07-02T10:23:33Z</time>
      </trkpt>
      <trkpt lat="22.57181" lon="113.948135">
        <ele>25.13699</ele>
        <time>2025-07-02T10:23:35Z</time>
      </trkpt>
      <trkpt lat="22.5718044" lon="113.9481739">
        <ele>26.086</ele>
        <time>2025-07-02T10:23:37Z</time>
      </trkpt>
      <trkpt lat="22.5717994" lon="113.948216">
        <ele>28.274</ele>
        <time>2025-07-02T10:23:39Z</time>
      </trkpt>
      <trkpt lat="22.5717959" lon="113.9482569">
        <ele>28.892</ele>
        <time>2025-07-02T10:23:41Z</time>
      </trkpt>
      <trkpt lat="22.5717942" lon="113.948299">
        <ele>28.611</ele>
        <time>2025-07-02T10:23:43Z</time>
      </trkpt>
      <trkpt lat="22.571796" lon="113.9483435">
        <ele>28.30699</ele>
        <time>2025-07-02T10:23:45Z</time>
      </trkpt>
      <trkpt lat="22.5717983" lon="113.9483896">
        <ele>26.475</ele>
        <time>2025-07-02T10:23:47Z</time>
      </trkpt>
      <trkpt lat="22.5718008" lon="113.9484362">
        <ele>25.37199</ele>
        <time>2025-07-02T10:23:49Z</time>
      </trkpt>
      <trkpt lat="22.5718032" lon="113.948482">
        <ele>21.533</ele>
        <time>2025-07-02T10:23:51Z</time>
      </trkpt>
      <trkpt lat="22.5718076" lon="113.9485258">
        <ele>18.871</ele>
        <time>2025-07-02T10:23:53Z</time>
      </trkpt>
      <trkpt lat="22.5718094" lon="113.948565">
        <ele>17.121</ele>
        <time>2025-07-02T10:23:55Z</time>
      </trkpt>
      <trkpt lat="22.57181" lon="113.9485985">
        <ele>16.71299</ele>
        <time>2025-07-02T10:23:57Z</time>
      </trkpt>
      <trkpt lat="22.5718112" lon="113.9486321">
        <ele>18.76</ele>
        <time>2025-07-02T10:23:59Z</time>
      </trkpt>
      <trkpt lat="22.5718114" lon="113.9486658">
        <ele>18.475</ele>
        <time>2025-07-02T10:24:01Z</time>
      </trkpt>
      <trkpt lat="22.5718075" lon="113.9487">
        <ele>18.20599</ele>
        <time>2025-07-02T10:24:03Z</time>
      </trkpt>
      <trkpt lat="22.5718028" lon="113.9487361">
        <ele>19.662</ele>
        <time>2025-07-02T10:24:05Z</time>
      </trkpt>
      <trkpt lat="22.5717986" lon="113.9487736">
        <ele>20.408</ele>
        <time>2025-07-02T10:24:07Z</time>
      </trkpt>
      <trkpt lat="22.5717921" lon="113.9488129">
        <ele>23.70899</ele>
        <time>2025-07-02T10:24:09Z</time>
      </trkpt>
      <trkpt lat="22.5717855" lon="113.9488547">
        <ele>26.44599</ele>
        <time>2025-07-02T10:24:11Z</time>
      </trkpt>
      <trkpt lat="22.5717814" lon="113.9488977">
        <ele>26.559</ele>
        <time>2025-07-02T10:24:13Z</time>
      </trkpt>
      <trkpt lat="22.5717792" lon="113.9489422">
        <ele>25.38599</ele>
        <time>2025-07-02T10:24:15Z</time>
      </trkpt>
      <trkpt lat="22.5717776" lon="113.9489892">
        <ele>23.787</ele>
        <time>2025-07-02T10:24:17Z</time>
      </trkpt>
      <trkpt lat="22.5717781" lon="113.9490322">
        <ele>25.309</ele>
        <time>2025-07-02T10:24:19Z</time>
      </trkpt>
      <trkpt lat="22.5717796" lon="113.9490721">
        <ele>25.77599</ele>
        <time>2025-07-02T10:24:21Z</time>
      </trkpt>
      <trkpt lat="22.5717805" lon="113.9491116">
        <ele>24.839</ele>
        <time>2025-07-02T10:24:23Z</time>
      </trkpt>
      <trkpt lat="22.5717799" lon="113.9491501">
        <ele>22.25799</ele>
        <time>2025-07-02T10:24:25Z</time>
      </trkpt>
      <trkpt lat="22.5717779" lon="113.9491892">
        <ele>21.89999</ele>
        <time>2025-07-02T10:24:27Z</time>
      </trkpt>
      <trkpt lat="22.5717741" lon="113.9492321">
        <ele>19.854</ele>
        <time>2025-07-02T10:24:29Z</time>
      </trkpt>
      <trkpt lat="22.5717698" lon="113.9492778">
        <ele>18.562</ele>
        <time>2025-07-02T10:24:31Z</time>
      </trkpt>
      <trkpt lat="22.5717653" lon="113.9493244">
        <ele>17.02599</ele>
        <time>2025-07-02T10:24:33Z</time>
      </trkpt>
      <trkpt lat="22.5717608" lon="113.9493747">
        <ele>16.34199</ele>
        <time>2025-07-02T10:24:35Z</time>
      </trkpt>
      <trkpt lat="22.5717545" lon="113.9494234">
        <ele>16.19099</ele>
        <time>2025-07-02T10:24:37Z</time>
      </trkpt>
      <trkpt lat="22.5717447" lon="113.9494693">
        <ele>15.682</ele>
        <time>2025-07-02T10:24:39Z</time>
      </trkpt>
      <trkpt lat="22.5717322" lon="113.9495122">
        <ele>15.678</ele>
        <time>2025-07-02T10:24:41Z</time>
      </trkpt>
      <trkpt lat="22.5717167" lon="113.9495518">
        <ele>15.578</ele>
        <time>2025-07-02T10:24:43Z</time>
      </trkpt>
      <trkpt lat="22.5716993" lon="113.949586">
        <ele>14.875</ele>
        <time>2025-07-02T10:24:45Z</time>
      </trkpt>
      <trkpt lat="22.5716821" lon="113.9496172">
        <ele>15.437</ele>
        <time>2025-07-02T10:24:47Z</time>
      </trkpt>
      <trkpt lat="22.5716649" lon="113.9496453">
        <ele>16.398</ele>
        <time>2025-07-02T10:24:49Z</time>
      </trkpt>
      <trkpt lat="22.5716492" lon="113.9496685">
        <ele>17.34399</ele>
        <time>2025-07-02T10:24:51Z</time>
      </trkpt>
      <trkpt lat="22.5716383" lon="113.9496891">
        <ele>18.18</ele>
        <time>2025-07-02T10:24:53Z</time>
      </trkpt>
      <trkpt lat="22.5716334" lon="113.9497061">
        <ele>18.975</ele>
        <time>2025-07-02T10:24:55Z</time>
      </trkpt>
      <trkpt lat="22.5716338" lon="113.9497199">
        <ele>20.42499</ele>
        <time>2025-07-02T10:24:58Z</time>
      </trkpt>
      <trkpt lat="22.5716416" lon="113.9497278">
        <ele>20.71699</ele>
        <time>2025-07-02T10:25:01Z</time>
      </trkpt>
      <trkpt lat="22.5716511" lon="113.9497334">
        <ele>20.89599</ele>
        <time>2025-07-02T10:25:04Z</time>
      </trkpt>
      <trkpt lat="22.5716669" lon="113.9497362">
        <ele>19.159</ele>
        <time>2025-07-02T10:26:47Z</time>
      </trkpt>
      <trkpt lat="22.5716669" lon="113.9497362">
        <ele>19.159</ele>
        <time>2025-07-02T10:26:47Z</time>
      </trkpt>
      <trkpt lat="22.5716665" lon="113.949744">
        <ele>17.88999</ele>
        <time>2025-07-02T10:26:47Z</time>
      </trkpt>
      <trkpt lat="22.5716629" lon="113.9498003">
        <ele>16.412</ele>
        <time>2025-07-02T10:26:49Z</time>
      </trkpt>
      <trkpt lat="22.5716622" lon="113.9498387">
        <ele>15.51399</ele>
        <time>2025-07-02T10:26:51Z</time>
      </trkpt>
      <trkpt lat="22.5716677" lon="113.9498847">
        <ele>16.017</ele>
        <time>2025-07-02T10:26:53Z</time>
      </trkpt>
      <trkpt lat="22.5716827" lon="113.9499272">
        <ele>15.706</ele>
        <time>2025-07-02T10:26:55Z</time>
      </trkpt>
      <trkpt lat="22.5717086" lon="113.9499626">
        <ele>16.19799</ele>
        <time>2025-07-02T10:26:57Z</time>
      </trkpt>
      <trkpt lat="22.5717444" lon="113.9499893">
        <ele>15.97599</ele>
        <time>2025-07-02T10:26:59Z</time>
      </trkpt>
      <trkpt lat="22.5717894" lon="113.9500079">
        <ele>15.361</ele>
        <time>2025-07-02T10:27:01Z</time>
      </trkpt>
      <trkpt lat="22.5718381" lon="113.9500206">
        <ele>13.812</ele>
        <time>2025-07-02T10:27:03Z</time>
      </trkpt>
      <trkpt lat="22.571889" lon="113.9500276">
        <ele>12.90299</ele>
        <time>2025-07-02T10:27:05Z</time>
      </trkpt>
      <trkpt lat="22.5719402" lon="113.9500303">
        <ele>13.387</ele>
        <time>2025-07-02T10:27:07Z</time>
      </trkpt>
      <trkpt lat="22.5719914" lon="113.9500294">
        <ele>14.324</ele>
        <time>2025-07-02T10:27:09Z</time>
      </trkpt>
      <trkpt lat="22.5720427" lon="113.9500243">
        <ele>14.61299</ele>
        <time>2025-07-02T10:27:11Z</time>
      </trkpt>
      <trkpt lat="22.5720938" lon="113.9500136">
        <ele>15.47799</ele>
        <time>2025-07-02T10:27:13Z</time>
      </trkpt>
      <trkpt lat="22.5721445" lon="113.9500053">
        <ele>14.934</ele>
        <time>2025-07-02T10:27:15Z</time>
      </trkpt>
      <trkpt lat="22.5721846" lon="113.9500057">
        <ele>15.36499</ele>
        <time>2025-07-02T10:27:17Z</time>
      </trkpt>
      <trkpt lat="22.5722119" lon="113.9500182">
        <ele>14.826</ele>
        <time>2025-07-02T10:27:19Z</time>
      </trkpt>
      <trkpt lat="22.5722249" lon="113.950043">
        <ele>13.29599</ele>
        <time>2025-07-02T10:27:21Z</time>
      </trkpt>
      <trkpt lat="22.5722238" lon="113.9500816">
        <ele>12.89</ele>
        <time>2025-07-02T10:27:23Z</time>
      </trkpt>
      <trkpt lat="22.5722065" lon="113.9501289">
        <ele>12.116</ele>
        <time>2025-07-02T10:27:25Z</time>
      </trkpt>
      <trkpt lat="22.5721813" lon="113.9501768">
        <ele>12.64999</ele>
        <time>2025-07-02T10:27:27Z</time>
      </trkpt>
      <trkpt lat="22.5721511" lon="113.9502206">
        <ele>12.814</ele>
        <time>2025-07-02T10:27:29Z</time>
      </trkpt>
      <trkpt lat="22.5721179" lon="113.950262">
        <ele>13.10099</ele>
        <time>2025-07-02T10:27:31Z</time>
      </trkpt>
      <trkpt lat="22.5720817" lon="113.9502994">
        <ele>12.67099</ele>
        <time>2025-07-02T10:27:33Z</time>
      </trkpt>
      <trkpt lat="22.5720436" lon="113.950333">
        <ele>13.46</ele>
        <time>2025-07-02T10:27:35Z</time>
      </trkpt>
      <trkpt lat="22.5720064" lon="113.9503638">
        <ele>14.894</ele>
        <time>2025-07-02T10:27:37Z</time>
      </trkpt>
      <trkpt lat="22.5720064" lon="113.950364">
        <ele>13.88599</ele>
        <time>2025-07-02T10:27:37Z</time>
      </trkpt>
      <trkpt lat="22.5719703" lon="113.9503926">
        <ele>14.80099</ele>
        <time>2025-07-02T10:27:39Z</time>
      </trkpt>
      <trkpt lat="22.5719628" lon="113.9503985">
        <ele>13.25</ele>
        <time>2025-07-02T10:27:39Z</time>
      </trkpt>
      <trkpt lat="22.5719354" lon="113.9504198">
        <ele>13.64299</ele>
        <time>2025-07-02T10:27:41Z</time>
      </trkpt>
      <trkpt lat="22.5719013" lon="113.9504463">
        <ele>13.27099</ele>
        <time>2025-07-02T10:27:43Z</time>
      </trkpt>
      <trkpt lat="22.5718689" lon="113.9504724">
        <ele>12.861</ele>
        <time>2025-07-02T10:27:45Z</time>
      </trkpt>
      <trkpt lat="22.5718363" lon="113.9504964">
        <ele>12.241</ele>
        <time>2025-07-02T10:27:47Z</time>
      </trkpt>
      <trkpt lat="22.5717998" lon="113.950533">
        <ele>11.55399</ele>
        <time>2025-07-02T10:27:49Z</time>
      </trkpt>
      <trkpt lat="22.5717744" lon="113.9505556">
        <ele>11.038</ele>
        <time>2025-07-02T10:27:51Z</time>
      </trkpt>
      <trkpt lat="22.5717423" lon="113.9505831">
        <ele>12.031</ele>
        <time>2025-07-02T10:27:53Z</time>
      </trkpt>
      <trkpt lat="22.5717059" lon="113.9506125">
        <ele>11.57499</ele>
        <time>2025-07-02T10:27:55Z</time>
      </trkpt>
      <trkpt lat="22.5716755" lon="113.9506341">
        <ele>11.56</ele>
        <time>2025-07-02T10:27:57Z</time>
      </trkpt>
      <trkpt lat="22.5716017" lon="113.9506897">
        <ele>11.51799</ele>
        <time>2025-07-02T10:27:59Z</time>
      </trkpt>
      <trkpt lat="22.5715427" lon="113.9507345">
        <ele>11.343</ele>
        <time>2025-07-02T10:28:01Z</time>
      </trkpt>
      <trkpt lat="22.5714663" lon="113.9507889">
        <ele>11.35299</ele>
        <time>2025-07-02T10:28:03Z</time>
      </trkpt>
      <trkpt lat="22.5713881" lon="113.9508412">
        <ele>10.69499</ele>
        <time>2025-07-02T10:28:05Z</time>
      </trkpt>
      <trkpt lat="22.5710854" lon="113.9511005">
        <ele>11.366</ele>
        <time>2025-07-02T10:28:07Z</time>
      </trkpt>
      <trkpt lat="22.5711078" lon="113.9510415">
        <ele>8.46399</ele>
        <time>2025-07-02T10:28:15Z</time>
      </trkpt>
      <trkpt lat="22.5711131" lon="113.9510159">
        <ele>11.91899</ele>
        <time>2025-07-02T10:28:17Z</time>
      </trkpt>
      <trkpt lat="22.5711121" lon="113.950994">
        <ele>12.309</ele>
        <time>2025-07-02T10:28:19Z</time>
      </trkpt>
      <trkpt lat="22.5710959" lon="113.9509902">
        <ele>12.17099</ele>
        <time>2025-07-02T10:28:23Z</time>
      </trkpt>
      <trkpt lat="22.5710712" lon="113.9509955">
        <ele>10.43</ele>
        <time>2025-07-02T10:28:25Z</time>
      </trkpt>
      <trkpt lat="22.571039" lon="113.9510089">
        <ele>9.251</ele>
        <time>2025-07-02T10:28:27Z</time>
      </trkpt>
      <trkpt lat="22.571001" lon="113.9510259">
        <ele>8.512</ele>
        <time>2025-07-02T10:28:29Z</time>
      </trkpt>
      <trkpt lat="22.5709606" lon="113.9510417">
        <ele>7.86999</ele>
        <time>2025-07-02T10:28:31Z</time>
      </trkpt>
      <trkpt lat="22.5709199" lon="113.9510564">
        <ele>7.99399</ele>
        <time>2025-07-02T10:28:33Z</time>
      </trkpt>
      <trkpt lat="22.5708784" lon="113.9510695">
        <ele>9.817</ele>
        <time>2025-07-02T10:28:35Z</time>
      </trkpt>
      <trkpt lat="22.5708362" lon="113.9510827">
        <ele>10.23299</ele>
        <time>2025-07-02T10:28:37Z</time>
      </trkpt>
      <trkpt lat="22.5707938" lon="113.9510972">
        <ele>10.12899</ele>
        <time>2025-07-02T10:28:39Z</time>
      </trkpt>
      <trkpt lat="22.5707514" lon="113.951113">
        <ele>11.14299</ele>
        <time>2025-07-02T10:28:45Z</time>
      </trkpt>
      <trkpt lat="22.5707101" lon="113.9511302">
        <ele>11.345</ele>
        <time>2025-07-02T10:28:47Z</time>
      </trkpt>
      <trkpt lat="22.5706697" lon="113.9511484">
        <ele>11.77799</ele>
        <time>2025-07-02T10:28:49Z</time>
      </trkpt>
      <trkpt lat="22.57063" lon="113.9511666">
        <ele>11.762</ele>
        <time>2025-07-02T10:28:51Z</time>
      </trkpt>
      <trkpt lat="22.5705912" lon="113.951187">
        <ele>11.16499</ele>
        <time>2025-07-02T10:28:53Z</time>
      </trkpt>
      <trkpt lat="22.5705531" lon="113.9512073">
        <ele>12.04699</ele>
        <time>2025-07-02T10:28:55Z</time>
      </trkpt>
      <trkpt lat="22.5705149" lon="113.9512273">
        <ele>12.48499</ele>
        <time>2025-07-02T10:28:57Z</time>
      </trkpt>
      <trkpt lat="22.5704756" lon="113.9512471">
        <ele>12.965</ele>
        <time>2025-07-02T10:28:59Z</time>
      </trkpt>
      <trkpt lat="22.5704361" lon="113.9512682">
        <ele>12.87699</ele>
        <time>2025-07-02T10:29:01Z</time>
      </trkpt>
      <trkpt lat="22.5703964" lon="113.9512886">
        <ele>13.423</ele>
        <time>2025-07-02T10:29:03Z</time>
      </trkpt>
      <trkpt lat="22.5703568" lon="113.95131">
        <ele>13.149</ele>
        <time>2025-07-02T10:29:05Z</time>
      </trkpt>
      <trkpt lat="22.5703174" lon="113.9513317">
        <ele>12.986</ele>
        <time>2025-07-02T10:29:07Z</time>
      </trkpt>
      <trkpt lat="22.5702788" lon="113.9513544">
        <ele>13.50899</ele>
        <time>2025-07-02T10:29:09Z</time>
      </trkpt>
      <trkpt lat="22.5702438" lon="113.9513824">
        <ele>13.72799</ele>
        <time>2025-07-02T10:29:11Z</time>
      </trkpt>
      <trkpt lat="22.5702076" lon="113.9514084">
        <ele>13.934</ele>
        <time>2025-07-02T10:29:13Z</time>
      </trkpt>
      <trkpt lat="22.5701716" lon="113.9514334">
        <ele>13.508</ele>
        <time>2025-07-02T10:29:15Z</time>
      </trkpt>
      <trkpt lat="22.5701357" lon="113.9514571">
        <ele>13.65999</ele>
        <time>2025-07-02T10:29:17Z</time>
      </trkpt>
      <trkpt lat="22.5700994" lon="113.9514797">
        <ele>12.78499</ele>
        <time>2025-07-02T10:29:19Z</time>
      </trkpt>
      <trkpt lat="22.5700593" lon="113.9514955">
        <ele>12.781</ele>
        <time>2025-07-02T10:29:21Z</time>
      </trkpt>
      <trkpt lat="22.5700201" lon="113.951512">
        <ele>13.22099</ele>
        <time>2025-07-02T10:29:23Z</time>
      </trkpt>
      <trkpt lat="22.5699807" lon="113.9515287">
        <ele>13.435</ele>
        <time>2025-07-02T10:29:25Z</time>
      </trkpt>
      <trkpt lat="22.5699409" lon="113.9515466">
        <ele>13.55399</ele>
        <time>2025-07-02T10:29:27Z</time>
      </trkpt>
      <trkpt lat="22.5699008" lon="113.9515638">
        <ele>14.097</ele>
        <time>2025-07-02T10:29:29Z</time>
      </trkpt>
      <trkpt lat="22.5698615" lon="113.9515809">
        <ele>13.366</ele>
        <time>2025-07-02T10:29:31Z</time>
      </trkpt>
      <trkpt lat="22.5698226" lon="113.9515988">
        <ele>12.76399</ele>
        <time>2025-07-02T10:29:33Z</time>
      </trkpt>
      <trkpt lat="22.5697837" lon="113.9516175">
        <ele>12.277</ele>
        <time>2025-07-02T10:29:35Z</time>
      </trkpt>
      <trkpt lat="22.569746" lon="113.9516375">
        <ele>13.298</ele>
        <time>2025-07-02T10:29:37Z</time>
      </trkpt>
      <trkpt lat="22.5697096" lon="113.9516601">
        <ele>13.06499</ele>
        <time>2025-07-02T10:29:39Z</time>
      </trkpt>
      <trkpt lat="22.5696731" lon="113.9516833">
        <ele>12.619</ele>
        <time>2025-07-02T10:29:41Z</time>
      </trkpt>
      <trkpt lat="22.5696368" lon="113.9517061">
        <ele>12.69299</ele>
        <time>2025-07-02T10:29:43Z</time>
      </trkpt>
      <trkpt lat="22.5696005" lon="113.9517284">
        <ele>13.09399</ele>
        <time>2025-07-02T10:29:45Z</time>
      </trkpt>
      <trkpt lat="22.5695635" lon="113.95175">
        <ele>13.255</ele>
        <time>2025-07-02T10:29:47Z</time>
      </trkpt>
      <trkpt lat="22.5695261" lon="113.9517715">
        <ele>12.809</ele>
        <time>2025-07-02T10:29:49Z</time>
      </trkpt>
      <trkpt lat="22.5694888" lon="113.9517934">
        <ele>11.73999</ele>
        <time>2025-07-02T10:29:51Z</time>
      </trkpt>
      <trkpt lat="22.5694514" lon="113.9518159">
        <ele>11.512</ele>
        <time>2025-07-02T10:29:53Z</time>
      </trkpt>
      <trkpt lat="22.5694138" lon="113.951839">
        <ele>11.23999</ele>
        <time>2025-07-02T10:29:55Z</time>
      </trkpt>
      <trkpt lat="22.5693764" lon="113.9518626">
        <ele>11.059</ele>
        <time>2025-07-02T10:29:57Z</time>
      </trkpt>
      <trkpt lat="22.5693386" lon="113.9518857">
        <ele>10.98799</ele>
        <time>2025-07-02T10:29:59Z</time>
      </trkpt>
      <trkpt lat="22.5693003" lon="113.9519078">
        <ele>10.923</ele>
        <time>2025-07-02T10:30:01Z</time>
      </trkpt>
      <trkpt lat="22.5692622" lon="113.9519299">
        <ele>11.663</ele>
        <time>2025-07-02T10:30:03Z</time>
      </trkpt>
      <trkpt lat="22.5692248" lon="113.9519521">
        <ele>11.63099</ele>
        <time>2025-07-02T10:30:05Z</time>
      </trkpt>
      <trkpt lat="22.5691883" lon="113.9519751">
        <ele>11.692</ele>
        <time>2025-07-02T10:30:07Z</time>
      </trkpt>
      <trkpt lat="22.5691512" lon="113.9519967">
        <ele>11.498</ele>
        <time>2025-07-02T10:30:09Z</time>
      </trkpt>
      <trkpt lat="22.5691143" lon="113.9520176">
        <ele>12.13799</ele>
        <time>2025-07-02T10:30:11Z</time>
      </trkpt>
      <trkpt lat="22.5690776" lon="113.9520376">
        <ele>11.954</ele>
        <time>2025-07-02T10:30:13Z</time>
      </trkpt>
      <trkpt lat="22.5690413" lon="113.9520569">
        <ele>11.35599</ele>
        <time>2025-07-02T10:30:15Z</time>
      </trkpt>
      <trkpt lat="22.5690044" lon="113.9520745">
        <ele>11.493</ele>
        <time>2025-07-02T10:30:17Z</time>
      </trkpt>
      <trkpt lat="22.5689672" lon="113.9520936">
        <ele>11.527</ele>
        <time>2025-07-02T10:30:19Z</time>
      </trkpt>
      <trkpt lat="22.5689299" lon="113.9521134">
        <ele>12.16699</ele>
        <time>2025-07-02T10:30:21Z</time>
      </trkpt>
      <trkpt lat="22.5688925" lon="113.9521341">
        <ele>11.814</ele>
        <time>2025-07-02T10:30:23Z</time>
      </trkpt>
      <trkpt lat="22.5688542" lon="113.952155">
        <ele>11.991</ele>
        <time>2025-07-02T10:30:25Z</time>
      </trkpt>
      <trkpt lat="22.5688158" lon="113.9521758">
        <ele>11.28699</ele>
        <time>2025-07-02T10:30:27Z</time>
      </trkpt>
      <trkpt lat="22.5687779" lon="113.9521959">
        <ele>11.472</ele>
        <time>2025-07-02T10:30:29Z</time>
      </trkpt>
      <trkpt lat="22.5687401" lon="113.952216">
        <ele>10.843</ele>
        <time>2025-07-02T10:30:31Z</time>
      </trkpt>
      <trkpt lat="22.5687016" lon="113.9522353">
        <ele>11.38399</ele>
        <time>2025-07-02T10:30:33Z</time>
      </trkpt>
      <trkpt lat="22.5686633" lon="113.9522547">
        <ele>11.72799</ele>
        <time>2025-07-02T10:30:35Z</time>
      </trkpt>
      <trkpt lat="22.5686252" lon="113.9522749">
        <ele>12.694</ele>
        <time>2025-07-02T10:30:37Z</time>
      </trkpt>
      <trkpt lat="22.5685866" lon="113.9522955">
        <ele>12.427</ele>
        <time>2025-07-02T10:30:39Z</time>
      </trkpt>
      <trkpt lat="22.5685483" lon="113.952317">
        <ele>12.071</ele>
        <time>2025-07-02T10:30:41Z</time>
      </trkpt>
      <trkpt lat="22.56851" lon="113.9523389">
        <ele>12.861</ele>
        <time>2025-07-02T10:30:43Z</time>
      </trkpt>
      <trkpt lat="22.5684708" lon="113.9523608">
        <ele>12.618</ele>
        <time>2025-07-02T10:30:45Z</time>
      </trkpt>
      <trkpt lat="22.5684312" lon="113.9523826">
        <ele>12.722</ele>
        <time>2025-07-02T10:30:47Z</time>
      </trkpt>
      <trkpt lat="22.5683916" lon="113.9524048">
        <ele>13.173</ele>
        <time>2025-07-02T10:30:49Z</time>
      </trkpt>
      <trkpt lat="22.5683517" lon="113.952426">
        <ele>13.03499</ele>
        <time>2025-07-02T10:30:51Z</time>
      </trkpt>
      <trkpt lat="22.5683126" lon="113.9524479">
        <ele>13.496</ele>
        <time>2025-07-02T10:30:53Z</time>
      </trkpt>
      <trkpt lat="22.5682744" lon="113.9524694">
        <ele>12.741</ele>
        <time>2025-07-02T10:30:55Z</time>
      </trkpt>
      <trkpt lat="22.5682369" lon="113.9524905">
        <ele>12.614</ele>
        <time>2025-07-02T10:30:57Z</time>
      </trkpt>
      <trkpt lat="22.5682004" lon="113.9525115">
        <ele>12.29599</ele>
        <time>2025-07-02T10:30:59Z</time>
      </trkpt>
      <trkpt lat="22.5681642" lon="113.9525335">
        <ele>11.798</ele>
        <time>2025-07-02T10:31:01Z</time>
      </trkpt>
      <trkpt lat="22.5681277" lon="113.9525545">
        <ele>12.35599</ele>
        <time>2025-07-02T10:31:03Z</time>
      </trkpt>
      <trkpt lat="22.5680917" lon="113.9525758">
        <ele>12.925</ele>
        <time>2025-07-02T10:31:05Z</time>
      </trkpt>
      <trkpt lat="22.5680558" lon="113.9525973">
        <ele>12.50899</ele>
        <time>2025-07-02T10:31:07Z</time>
      </trkpt>
      <trkpt lat="22.5680199" lon="113.9526189">
        <ele>12.503</ele>
        <time>2025-07-02T10:31:09Z</time>
      </trkpt>
      <trkpt lat="22.5679836" lon="113.9526396">
        <ele>12.402</ele>
        <time>2025-07-02T10:31:11Z</time>
      </trkpt>
      <trkpt lat="22.5679469" lon="113.952661">
        <ele>12.586</ele>
        <time>2025-07-02T10:31:13Z</time>
      </trkpt>
      <trkpt lat="22.5679093" lon="113.9526821">
        <ele>12.66199</ele>
        <time>2025-07-02T10:31:15Z</time>
      </trkpt>
      <trkpt lat="22.5678708" lon="113.9527029">
        <ele>14.15299</ele>
        <time>2025-07-02T10:31:17Z</time>
      </trkpt>
      <trkpt lat="22.567832" lon="113.9527235">
        <ele>13.80399</ele>
        <time>2025-07-02T10:31:19Z</time>
      </trkpt>
      <trkpt lat="22.5677941" lon="113.9527443">
        <ele>13.90799</ele>
        <time>2025-07-02T10:31:21Z</time>
      </trkpt>
      <trkpt lat="22.5677564" lon="113.9527639">
        <ele>13.51099</ele>
        <time>2025-07-02T10:31:23Z</time>
      </trkpt>
      <trkpt lat="22.567719" lon="113.9527826">
        <ele>12.81299</ele>
        <time>2025-07-02T10:31:25Z</time>
      </trkpt>
      <trkpt lat="22.5676824" lon="113.9528011">
        <ele>12.30599</ele>
        <time>2025-07-02T10:31:27Z</time>
      </trkpt>
      <trkpt lat="22.5676453" lon="113.9528186">
        <ele>12.836</ele>
        <time>2025-07-02T10:31:29Z</time>
      </trkpt>
      <trkpt lat="22.5676074" lon="113.9528361">
        <ele>13.074</ele>
        <time>2025-07-02T10:31:31Z</time>
      </trkpt>
      <trkpt lat="22.5675691" lon="113.9528538">
        <ele>12.00899</ele>
        <time>2025-07-02T10:31:33Z</time>
      </trkpt>
      <trkpt lat="22.5675303" lon="113.9528715">
        <ele>11.88</ele>
        <time>2025-07-02T10:31:35Z</time>
      </trkpt>
      <trkpt lat="22.5674915" lon="113.9528899">
        <ele>12.16499</ele>
        <time>2025-07-02T10:31:37Z</time>
      </trkpt>
      <trkpt lat="22.5674524" lon="113.9529079">
        <ele>12.41899</ele>
        <time>2025-07-02T10:31:39Z</time>
      </trkpt>
      <trkpt lat="22.5674132" lon="113.9529254">
        <ele>11.77099</ele>
        <time>2025-07-02T10:31:41Z</time>
      </trkpt>
      <trkpt lat="22.567373" lon="113.9529411">
        <ele>11.935</ele>
        <time>2025-07-02T10:31:43Z</time>
      </trkpt>
      <trkpt lat="22.5673319" lon="113.9529555">
        <ele>12.47399</ele>
        <time>2025-07-02T10:31:45Z</time>
      </trkpt>
      <trkpt lat="22.5672896" lon="113.9529692">
        <ele>11.949</ele>
        <time>2025-07-02T10:31:47Z</time>
      </trkpt>
      <trkpt lat="22.5672469" lon="113.9529823">
        <ele>11.862</ele>
        <time>2025-07-02T10:31:49Z</time>
      </trkpt>
      <trkpt lat="22.567204" lon="113.9529949">
        <ele>12.41499</ele>
        <time>2025-07-02T10:31:51Z</time>
      </trkpt>
      <trkpt lat="22.5671618" lon="113.9530087">
        <ele>12.362</ele>
        <time>2025-07-02T10:31:53Z</time>
      </trkpt>
      <trkpt lat="22.5671204" lon="113.9530237">
        <ele>11.60599</ele>
        <time>2025-07-02T10:31:55Z</time>
      </trkpt>
      <trkpt lat="22.5670793" lon="113.9530368">
        <ele>12.49699</ele>
        <time>2025-07-02T10:31:57Z</time>
      </trkpt>
      <trkpt lat="22.5670382" lon="113.9530492">
        <ele>11.861</ele>
        <time>2025-07-02T10:31:59Z</time>
      </trkpt>
      <trkpt lat="22.5669971" lon="113.9530611">
        <ele>11.45199</ele>
        <time>2025-07-02T10:32:01Z</time>
      </trkpt>
      <trkpt lat="22.5669558" lon="113.9530715">
        <ele>12.649</ele>
        <time>2025-07-02T10:32:03Z</time>
      </trkpt>
      <trkpt lat="22.566914" lon="113.9530803">
        <ele>13.59099</ele>
        <time>2025-07-02T10:32:05Z</time>
      </trkpt>
      <trkpt lat="22.5668719" lon="113.9530887">
        <ele>13.427</ele>
        <time>2025-07-02T10:32:07Z</time>
      </trkpt>
      <trkpt lat="22.5668299" lon="113.9530978">
        <ele>13.17599</ele>
        <time>2025-07-02T10:32:09Z</time>
      </trkpt>
      <trkpt lat="22.5667872" lon="113.9531075">
        <ele>12.786</ele>
        <time>2025-07-02T10:32:11Z</time>
      </trkpt>
      <trkpt lat="22.5667442" lon="113.9531176">
        <ele>12.118</ele>
        <time>2025-07-02T10:32:13Z</time>
      </trkpt>
      <trkpt lat="22.5667011" lon="113.9531276">
        <ele>11.368</ele>
        <time>2025-07-02T10:32:15Z</time>
      </trkpt>
      <trkpt lat="22.5666581" lon="113.9531381">
        <ele>10.26799</ele>
        <time>2025-07-02T10:32:17Z</time>
      </trkpt>
      <trkpt lat="22.5666145" lon="113.9531484">
        <ele>10.32299</ele>
        <time>2025-07-02T10:32:19Z</time>
      </trkpt>
      <trkpt lat="22.5665712" lon="113.9531578">
        <ele>10.82299</ele>
        <time>2025-07-02T10:32:21Z</time>
      </trkpt>
      <trkpt lat="22.5665282" lon="113.9531663">
        <ele>11.642</ele>
        <time>2025-07-02T10:32:23Z</time>
      </trkpt>
      <trkpt lat="22.5664858" lon="113.953175">
        <ele>11.366</ele>
        <time>2025-07-02T10:32:25Z</time>
      </trkpt>
      <trkpt lat="22.5664433" lon="113.9531823">
        <ele>11.26599</ele>
        <time>2025-07-02T10:32:27Z</time>
      </trkpt>
      <trkpt lat="22.5664008" lon="113.9531886">
        <ele>11.668</ele>
        <time>2025-07-02T10:32:29Z</time>
      </trkpt>
      <trkpt lat="22.5663583" lon="113.9531942">
        <ele>12.184</ele>
        <time>2025-07-02T10:32:31Z</time>
      </trkpt>
      <trkpt lat="22.5663156" lon="113.9531996">
        <ele>12.111</ele>
        <time>2025-07-02T10:32:33Z</time>
      </trkpt>
      <trkpt lat="22.5662727" lon="113.9532042">
        <ele>11.10599</ele>
        <time>2025-07-02T10:32:35Z</time>
      </trkpt>
      <trkpt lat="22.5662299" lon="113.953208">
        <ele>11.236</ele>
        <time>2025-07-02T10:32:37Z</time>
      </trkpt>
      <trkpt lat="22.5661874" lon="113.9532111">
        <ele>11.86499</ele>
        <time>2025-07-02T10:32:39Z</time>
      </trkpt>
      <trkpt lat="22.566145" lon="113.9532139">
        <ele>11.628</ele>
        <time>2025-07-02T10:32:41Z</time>
      </trkpt>
      <trkpt lat="22.5661026" lon="113.9532165">
        <ele>12.36699</ele>
        <time>2025-07-02T10:32:43Z</time>
      </trkpt>
      <trkpt lat="22.5660601" lon="113.9532187">
        <ele>13.272</ele>
        <time>2025-07-02T10:32:45Z</time>
      </trkpt>
      <trkpt lat="22.5660174" lon="113.9532213">
        <ele>12.843</ele>
        <time>2025-07-02T10:32:47Z</time>
      </trkpt>
      <trkpt lat="22.5659745" lon="113.9532237">
        <ele>12.901</ele>
        <time>2025-07-02T10:32:49Z</time>
      </trkpt>
      <trkpt lat="22.5659315" lon="113.9532255">
        <ele>13.27</ele>
        <time>2025-07-02T10:32:51Z</time>
      </trkpt>
      <trkpt lat="22.565888" lon="113.9532268">
        <ele>13.336</ele>
        <time>2025-07-02T10:32:53Z</time>
      </trkpt>
      <trkpt lat="22.5658443" lon="113.9532273">
        <ele>13.92399</ele>
        <time>2025-07-02T10:32:55Z</time>
      </trkpt>
      <trkpt lat="22.5658004" lon="113.953228">
        <ele>13.496</ele>
        <time>2025-07-02T10:32:57Z</time>
      </trkpt>
      <trkpt lat="22.5657563" lon="113.9532281">
        <ele>12.734</ele>
        <time>2025-07-02T10:32:59Z</time>
      </trkpt>
      <trkpt lat="22.5657122" lon="113.9532283">
        <ele>12.45199</ele>
        <time>2025-07-02T10:33:01Z</time>
      </trkpt>
      <trkpt lat="22.5656686" lon="113.9532287">
        <ele>13.02999</ele>
        <time>2025-07-02T10:33:03Z</time>
      </trkpt>
      <trkpt lat="22.5656246" lon="113.9532301">
        <ele>12.90799</ele>
        <time>2025-07-02T10:33:05Z</time>
      </trkpt>
      <trkpt lat="22.5655808" lon="113.953231">
        <ele>12.501</ele>
        <time>2025-07-02T10:33:07Z</time>
      </trkpt>
      <trkpt lat="22.5655376" lon="113.9532322">
        <ele>13.58899</ele>
        <time>2025-07-02T10:33:09Z</time>
      </trkpt>
      <trkpt lat="22.5654948" lon="113.9532325">
        <ele>14.489</ele>
        <time>2025-07-02T10:33:11Z</time>
      </trkpt>
      <trkpt lat="22.565452" lon="113.953232">
        <ele>13.15999</ele>
        <time>2025-07-02T10:33:13Z</time>
      </trkpt>
      <trkpt lat="22.5654096" lon="113.953231">
        <ele>12.16899</ele>
        <time>2025-07-02T10:33:15Z</time>
      </trkpt>
      <trkpt lat="22.5653671" lon="113.9532301">
        <ele>12.50899</ele>
        <time>2025-07-02T10:33:17Z</time>
      </trkpt>
      <trkpt lat="22.5653237" lon="113.9532295">
        <ele>12.66699</ele>
        <time>2025-07-02T10:33:19Z</time>
      </trkpt>
      <trkpt lat="22.56528" lon="113.9532291">
        <ele>12.378</ele>
        <time>2025-07-02T10:33:21Z</time>
      </trkpt>
      <trkpt lat="22.5652357" lon="113.9532287">
        <ele>11.26</ele>
        <time>2025-07-02T10:33:23Z</time>
      </trkpt>
      <trkpt lat="22.5651911" lon="113.9532294">
        <ele>11.38</ele>
        <time>2025-07-02T10:33:25Z</time>
      </trkpt>
      <trkpt lat="22.5651468" lon="113.95323">
        <ele>10.12699</ele>
        <time>2025-07-02T10:33:27Z</time>
      </trkpt>
      <trkpt lat="22.565102" lon="113.9532311">
        <ele>9.23099</ele>
        <time>2025-07-02T10:33:29Z</time>
      </trkpt>
      <trkpt lat="22.5650566" lon="113.9532333">
        <ele>8.965</ele>
        <time>2025-07-02T10:33:31Z</time>
      </trkpt>
      <trkpt lat="22.5650109" lon="113.9532358">
        <ele>9.305</ele>
        <time>2025-07-02T10:33:33Z</time>
      </trkpt>
      <trkpt lat="22.5649648" lon="113.9532382">
        <ele>9.857</ele>
        <time>2025-07-02T10:33:35Z</time>
      </trkpt>
      <trkpt lat="22.5649172" lon="113.9532414">
        <ele>10.243</ele>
        <time>2025-07-02T10:33:37Z</time>
      </trkpt>
      <trkpt lat="22.5648703" lon="113.9532443">
        <ele>11.192</ele>
        <time>2025-07-02T10:33:39Z</time>
      </trkpt>
      <trkpt lat="22.5648237" lon="113.9532462">
        <ele>12.026</ele>
        <time>2025-07-02T10:33:41Z</time>
      </trkpt>
      <trkpt lat="22.5647772" lon="113.9532491">
        <ele>11.69699</ele>
        <time>2025-07-02T10:33:43Z</time>
      </trkpt>
      <trkpt lat="22.5647318" lon="113.9532513">
        <ele>12.00899</ele>
        <time>2025-07-02T10:33:45Z</time>
      </trkpt>
      <trkpt lat="22.5646893" lon="113.9532549">
        <ele>11.55399</ele>
        <time>2025-07-02T10:33:47Z</time>
      </trkpt>
      <trkpt lat="22.5646496" lon="113.9532589">
        <ele>12.928</ele>
        <time>2025-07-02T10:33:49Z</time>
      </trkpt>
      <trkpt lat="22.5646144" lon="113.9532618">
        <ele>12.961</ele>
        <time>2025-07-02T10:33:51Z</time>
      </trkpt>
      <trkpt lat="22.5645794" lon="113.953264">
        <ele>12.144</ele>
        <time>2025-07-02T10:33:53Z</time>
      </trkpt>
      <trkpt lat="22.5645412" lon="113.9532663">
        <ele>13.081</ele>
        <time>2025-07-02T10:33:55Z</time>
      </trkpt>
      <trkpt lat="22.5645021" lon="113.9532663">
        <ele>13.94099</ele>
        <time>2025-07-02T10:33:57Z</time>
      </trkpt>
      <trkpt lat="22.5644593" lon="113.953265">
        <ele>11.96399</ele>
        <time>2025-07-02T10:33:59Z</time>
      </trkpt>
      <trkpt lat="22.5644122" lon="113.9532646">
        <ele>11.826</ele>
        <time>2025-07-02T10:34:01Z</time>
      </trkpt>
      <trkpt lat="22.5643645" lon="113.953265">
        <ele>11.557</ele>
        <time>2025-07-02T10:34:03Z</time>
      </trkpt>
      <trkpt lat="22.5643173" lon="113.9532658">
        <ele>11.97799</ele>
        <time>2025-07-02T10:34:05Z</time>
      </trkpt>
      <trkpt lat="22.5642689" lon="113.9532679">
        <ele>10.744</ele>
        <time>2025-07-02T10:34:07Z</time>
      </trkpt>
      <trkpt lat="22.5642243" lon="113.9532702">
        <ele>10.625</ele>
        <time>2025-07-02T10:34:09Z</time>
      </trkpt>
      <trkpt lat="22.5641806" lon="113.9532729">
        <ele>10.39</ele>
        <time>2025-07-02T10:34:11Z</time>
      </trkpt>
      <trkpt lat="22.5641397" lon="113.9532764">
        <ele>9.673</ele>
        <time>2025-07-02T10:34:13Z</time>
      </trkpt>
      <trkpt lat="22.5641021" lon="113.9532785">
        <ele>9.965</ele>
        <time>2025-07-02T10:34:15Z</time>
      </trkpt>
      <trkpt lat="22.5640642" lon="113.9532793">
        <ele>8.666</ele>
        <time>2025-07-02T10:34:17Z</time>
      </trkpt>
      <trkpt lat="22.5640224" lon="113.9532799">
        <ele>8.913</ele>
        <time>2025-07-02T10:34:19Z</time>
      </trkpt>
      <trkpt lat="22.56398" lon="113.9532802">
        <ele>8.406</ele>
        <time>2025-07-02T10:34:21Z</time>
      </trkpt>
      <trkpt lat="22.5639365" lon="113.95328">
        <ele>7.972</ele>
        <time>2025-07-02T10:34:23Z</time>
      </trkpt>
      <trkpt lat="22.5638918" lon="113.9532812">
        <ele>9.93</ele>
        <time>2025-07-02T10:34:25Z</time>
      </trkpt>
      <trkpt lat="22.563847" lon="113.953284">
        <ele>10.357</ele>
        <time>2025-07-02T10:34:27Z</time>
      </trkpt>
      <trkpt lat="22.5638019" lon="113.9532875">
        <ele>11.51799</ele>
        <time>2025-07-02T10:34:29Z</time>
      </trkpt>
      <trkpt lat="22.5637552" lon="113.953291">
        <ele>11.56</ele>
        <time>2025-07-02T10:34:31Z</time>
      </trkpt>
      <trkpt lat="22.5637056" lon="113.9532937">
        <ele>10.84399</ele>
        <time>2025-07-02T10:34:33Z</time>
      </trkpt>
      <trkpt lat="22.5636555" lon="113.9532963">
        <ele>10.425</ele>
        <time>2025-07-02T10:34:35Z</time>
      </trkpt>
      <trkpt lat="22.5636054" lon="113.9532975">
        <ele>11.21599</ele>
        <time>2025-07-02T10:34:37Z</time>
      </trkpt>
      <trkpt lat="22.5635563" lon="113.9532984">
        <ele>12.053</ele>
        <time>2025-07-02T10:34:39Z</time>
      </trkpt>
      <trkpt lat="22.563508" lon="113.9532997">
        <ele>12.159</ele>
        <time>2025-07-02T10:34:41Z</time>
      </trkpt>
      <trkpt lat="22.5634622" lon="113.9533005">
        <ele>11.57699</ele>
        <time>2025-07-02T10:34:43Z</time>
      </trkpt>
      <trkpt lat="22.5634177" lon="113.9533015">
        <ele>12.18599</ele>
        <time>2025-07-02T10:34:45Z</time>
      </trkpt>
      <trkpt lat="22.563374" lon="113.9533035">
        <ele>12.387</ele>
        <time>2025-07-02T10:34:47Z</time>
      </trkpt>
      <trkpt lat="22.5633304" lon="113.9533061">
        <ele>12.133</ele>
        <time>2025-07-02T10:34:49Z</time>
      </trkpt>
      <trkpt lat="22.5632875" lon="113.953309">
        <ele>11.82199</ele>
        <time>2025-07-02T10:34:51Z</time>
      </trkpt>
      <trkpt lat="22.5632447" lon="113.953313">
        <ele>12.36499</ele>
        <time>2025-07-02T10:34:53Z</time>
      </trkpt>
      <trkpt lat="22.5632013" lon="113.9533155">
        <ele>12.31499</ele>
        <time>2025-07-02T10:34:55Z</time>
      </trkpt>
      <trkpt lat="22.5631582" lon="113.9533176">
        <ele>11.16199</ele>
        <time>2025-07-02T10:34:57Z</time>
      </trkpt>
      <trkpt lat="22.5631156" lon="113.9533187">
        <ele>10.604</ele>
        <time>2025-07-02T10:34:59Z</time>
      </trkpt>
      <trkpt lat="22.5630735" lon="113.9533184">
        <ele>11.427</ele>
        <time>2025-07-02T10:35:01Z</time>
      </trkpt>
      <trkpt lat="22.5630317" lon="113.9533172">
        <ele>12.41199</ele>
        <time>2025-07-02T10:35:03Z</time>
      </trkpt>
      <trkpt lat="22.56299" lon="113.9533179">
        <ele>13.324</ele>
        <time>2025-07-02T10:35:05Z</time>
      </trkpt>
      <trkpt lat="22.5629484" lon="113.953318">
        <ele>12.57199</ele>
        <time>2025-07-02T10:35:07Z</time>
      </trkpt>
      <trkpt lat="22.5629076" lon="113.9533179">
        <ele>12.751</ele>
        <time>2025-07-02T10:35:09Z</time>
      </trkpt>
      <trkpt lat="22.5628673" lon="113.9533189">
        <ele>13.15299</ele>
        <time>2025-07-02T10:35:11Z</time>
      </trkpt>
      <trkpt lat="22.5628276" lon="113.9533203">
        <ele>12.262</ele>
        <time>2025-07-02T10:35:13Z</time>
      </trkpt>
      <trkpt lat="22.5627885" lon="113.953321">
        <ele>11.84099</ele>
        <time>2025-07-02T10:35:15Z</time>
      </trkpt>
      <trkpt lat="22.5627497" lon="113.953323">
        <ele>11.182</ele>
        <time>2025-07-02T10:35:17Z</time>
      </trkpt>
      <trkpt lat="22.5627097" lon="113.9533263">
        <ele>10.135</ele>
        <time>2025-07-02T10:35:19Z</time>
      </trkpt>
      <trkpt lat="22.5626685" lon="113.9533302">
        <ele>10.552</ele>
        <time>2025-07-02T10:35:21Z</time>
      </trkpt>
      <trkpt lat="22.5626264" lon="113.9533349">
        <ele>10.274</ele>
        <time>2025-07-02T10:35:23Z</time>
      </trkpt>
      <trkpt lat="22.5625831" lon="113.9533399">
        <ele>10.454</ele>
        <time>2025-07-02T10:35:25Z</time>
      </trkpt>
      <trkpt lat="22.5625402" lon="113.9533443">
        <ele>9.96399</ele>
        <time>2025-07-02T10:35:27Z</time>
      </trkpt>
      <trkpt lat="22.5624975" lon="113.9533487">
        <ele>9.904</ele>
        <time>2025-07-02T10:35:29Z</time>
      </trkpt>
      <trkpt lat="22.5624554" lon="113.9533522">
        <ele>9.99899</ele>
        <time>2025-07-02T10:35:31Z</time>
      </trkpt>
      <trkpt lat="22.5624133" lon="113.953355">
        <ele>10.567</ele>
        <time>2025-07-02T10:35:33Z</time>
      </trkpt>
      <trkpt lat="22.5623713" lon="113.9533572">
        <ele>10.61499</ele>
        <time>2025-07-02T10:35:35Z</time>
      </trkpt>
      <trkpt lat="22.5623287" lon="113.9533586">
        <ele>9.6</ele>
        <time>2025-07-02T10:35:37Z</time>
      </trkpt>
      <trkpt lat="22.5622864" lon="113.9533597">
        <ele>8.66399</ele>
        <time>2025-07-02T10:35:39Z</time>
      </trkpt>
      <trkpt lat="22.5622439" lon="113.9533609">
        <ele>9.21</ele>
        <time>2025-07-02T10:35:41Z</time>
      </trkpt>
      <trkpt lat="22.5622017" lon="113.953362">
        <ele>9.21599</ele>
        <time>2025-07-02T10:35:43Z</time>
      </trkpt>
      <trkpt lat="22.5621594" lon="113.953363">
        <ele>10.40299</ele>
        <time>2025-07-02T10:35:45Z</time>
      </trkpt>
      <trkpt lat="22.5621172" lon="113.9533649">
        <ele>10.578</ele>
        <time>2025-07-02T10:35:47Z</time>
      </trkpt>
      <trkpt lat="22.5620743" lon="113.953366">
        <ele>9.97999</ele>
        <time>2025-07-02T10:35:49Z</time>
      </trkpt>
      <trkpt lat="22.5620311" lon="113.9533671">
        <ele>10.63799</ele>
        <time>2025-07-02T10:35:51Z</time>
      </trkpt>
      <trkpt lat="22.5619877" lon="113.953368">
        <ele>10.769</ele>
        <time>2025-07-02T10:35:53Z</time>
      </trkpt>
      <trkpt lat="22.561944" lon="113.9533681">
        <ele>10.175</ele>
        <time>2025-07-02T10:35:55Z</time>
      </trkpt>
      <trkpt lat="22.5619002" lon="113.9533676">
        <ele>10.47799</ele>
        <time>2025-07-02T10:35:57Z</time>
      </trkpt>
      <trkpt lat="22.5618566" lon="113.9533669">
        <ele>9.406</ele>
        <time>2025-07-02T10:35:59Z</time>
      </trkpt>
      <trkpt lat="22.5618126" lon="113.9533663">
        <ele>10.11299</ele>
        <time>2025-07-02T10:36:01Z</time>
      </trkpt>
      <trkpt lat="22.5617682" lon="113.9533657">
        <ele>10.61499</ele>
        <time>2025-07-02T10:36:03Z</time>
      </trkpt>
      <trkpt lat="22.5617238" lon="113.9533658">
        <ele>10.633</ele>
        <time>2025-07-02T10:36:05Z</time>
      </trkpt>
      <trkpt lat="22.561679" lon="113.953366">
        <ele>10.56099</ele>
        <time>2025-07-02T10:36:07Z</time>
      </trkpt>
      <trkpt lat="22.5616342" lon="113.9533662">
        <ele>10.869</ele>
        <time>2025-07-02T10:36:09Z</time>
      </trkpt>
      <trkpt lat="22.5615893" lon="113.953365">
        <ele>11.97799</ele>
        <time>2025-07-02T10:36:11Z</time>
      </trkpt>
      <trkpt lat="22.5615445" lon="113.9533632">
        <ele>12.475</ele>
        <time>2025-07-02T10:36:13Z</time>
      </trkpt>
      <trkpt lat="22.5615002" lon="113.9533601">
        <ele>12.52799</ele>
        <time>2025-07-02T10:36:15Z</time>
      </trkpt>
      <trkpt lat="22.5614562" lon="113.9533563">
        <ele>13.44499</ele>
        <time>2025-07-02T10:36:17Z</time>
      </trkpt>
      <trkpt lat="22.5614126" lon="113.9533514">
        <ele>12.34099</ele>
        <time>2025-07-02T10:36:19Z</time>
      </trkpt>
      <trkpt lat="22.5613694" lon="113.9533474">
        <ele>12.024</ele>
        <time>2025-07-02T10:36:21Z</time>
      </trkpt>
      <trkpt lat="22.5613269" lon="113.9533438">
        <ele>12.489</ele>
        <time>2025-07-02T10:36:23Z</time>
      </trkpt>
      <trkpt lat="22.5612845" lon="113.9533405">
        <ele>11.791</ele>
        <time>2025-07-02T10:36:25Z</time>
      </trkpt>
      <trkpt lat="22.5612424" lon="113.9533379">
        <ele>12.41899</ele>
        <time>2025-07-02T10:36:27Z</time>
      </trkpt>
      <trkpt lat="22.5612004" lon="113.9533347">
        <ele>11.93</ele>
        <time>2025-07-02T10:36:29Z</time>
      </trkpt>
      <trkpt lat="22.5611587" lon="113.9533323">
        <ele>12.343</ele>
        <time>2025-07-02T10:36:31Z</time>
      </trkpt>
      <trkpt lat="22.5611165" lon="113.9533303">
        <ele>12.11499</ele>
        <time>2025-07-02T10:36:33Z</time>
      </trkpt>
      <trkpt lat="22.561074" lon="113.95333">
        <ele>10.97299</ele>
        <time>2025-07-02T10:36:35Z</time>
      </trkpt>
      <trkpt lat="22.5610314" lon="113.9533289">
        <ele>10.32299</ele>
        <time>2025-07-02T10:36:37Z</time>
      </trkpt>
      <trkpt lat="22.5609882" lon="113.953329">
        <ele>10.48799</ele>
        <time>2025-07-02T10:36:39Z</time>
      </trkpt>
      <trkpt lat="22.560945" lon="113.953328">
        <ele>11.17199</ele>
        <time>2025-07-02T10:36:41Z</time>
      </trkpt>
      <trkpt lat="22.5609018" lon="113.953327">
        <ele>10.8</ele>
        <time>2025-07-02T10:36:43Z</time>
      </trkpt>
      <trkpt lat="22.5608586" lon="113.9533247">
        <ele>10.41399</ele>
        <time>2025-07-02T10:36:45Z</time>
      </trkpt>
      <trkpt lat="22.5608157" lon="113.9533208">
        <ele>10.93999</ele>
        <time>2025-07-02T10:36:47Z</time>
      </trkpt>
      <trkpt lat="22.5607739" lon="113.9533159">
        <ele>10.69799</ele>
        <time>2025-07-02T10:36:49Z</time>
      </trkpt>
      <trkpt lat="22.560732" lon="113.953313">
        <ele>10.953</ele>
        <time>2025-07-02T10:36:51Z</time>
      </trkpt>
      <trkpt lat="22.5606902" lon="113.9533093">
        <ele>10.3</ele>
        <time>2025-07-02T10:36:53Z</time>
      </trkpt>
      <trkpt lat="22.5606487" lon="113.9533059">
        <ele>10.40799</ele>
        <time>2025-07-02T10:36:55Z</time>
      </trkpt>
      <trkpt lat="22.5606071" lon="113.9533058">
        <ele>10.423</ele>
        <time>2025-07-02T10:36:57Z</time>
      </trkpt>
      <trkpt lat="22.5605646" lon="113.9533066">
        <ele>10.80599</ele>
        <time>2025-07-02T10:36:59Z</time>
      </trkpt>
      <trkpt lat="22.5605215" lon="113.9533057">
        <ele>11.293</ele>
        <time>2025-07-02T10:37:01Z</time>
      </trkpt>
      <trkpt lat="22.5604779" lon="113.9533047">
        <ele>11.427</ele>
        <time>2025-07-02T10:37:03Z</time>
      </trkpt>
      <trkpt lat="22.5604338" lon="113.9533046">
        <ele>11.81499</ele>
        <time>2025-07-02T10:37:05Z</time>
      </trkpt>
      <trkpt lat="22.5603896" lon="113.9533031">
        <ele>11.79599</ele>
        <time>2025-07-02T10:37:07Z</time>
      </trkpt>
      <trkpt lat="22.5603454" lon="113.9533007">
        <ele>11.272</ele>
        <time>2025-07-02T10:37:09Z</time>
      </trkpt>
      <trkpt lat="22.5603013" lon="113.9532979">
        <ele>10.53699</ele>
        <time>2025-07-02T10:37:11Z</time>
      </trkpt>
      <trkpt lat="22.5602577" lon="113.9532943">
        <ele>11.04599</ele>
        <time>2025-07-02T10:37:13Z</time>
      </trkpt>
      <trkpt lat="22.5602145" lon="113.9532885">
        <ele>10.89099</ele>
        <time>2025-07-02T10:37:15Z</time>
      </trkpt>
      <trkpt lat="22.560171" lon="113.9532833">
        <ele>10.743</ele>
        <time>2025-07-02T10:37:17Z</time>
      </trkpt>
      <trkpt lat="22.5601272" lon="113.9532797">
        <ele>10.008</ele>
        <time>2025-07-02T10:37:19Z</time>
      </trkpt>
      <trkpt lat="22.5600835" lon="113.9532778">
        <ele>11.17099</ele>
        <time>2025-07-02T10:37:21Z</time>
      </trkpt>
      <trkpt lat="22.5600403" lon="113.9532737">
        <ele>11.03199</ele>
        <time>2025-07-02T10:37:23Z</time>
      </trkpt>
      <trkpt lat="22.5599972" lon="113.9532685">
        <ele>11.725</ele>
        <time>2025-07-02T10:37:25Z</time>
      </trkpt>
      <trkpt lat="22.5599544" lon="113.9532618">
        <ele>9.935</ele>
        <time>2025-07-02T10:37:27Z</time>
      </trkpt>
      <trkpt lat="22.5599123" lon="113.9532542">
        <ele>9.496</ele>
        <time>2025-07-02T10:37:29Z</time>
      </trkpt>
      <trkpt lat="22.5598699" lon="113.953246">
        <ele>9.19299</ele>
        <time>2025-07-02T10:37:31Z</time>
      </trkpt>
      <trkpt lat="22.559827" lon="113.9532413">
        <ele>8.54899</ele>
        <time>2025-07-02T10:37:33Z</time>
      </trkpt>
      <trkpt lat="22.5597837" lon="113.9532409">
        <ele>8.65799</ele>
        <time>2025-07-02T10:37:35Z</time>
      </trkpt>
      <trkpt lat="22.5597404" lon="113.9532448">
        <ele>9.66899</ele>
        <time>2025-07-02T10:37:37Z</time>
      </trkpt>
      <trkpt lat="22.5596972" lon="113.9532506">
        <ele>10.16699</ele>
        <time>2025-07-02T10:37:39Z</time>
      </trkpt>
      <trkpt lat="22.5596544" lon="113.9532561">
        <ele>11.26599</ele>
        <time>2025-07-02T10:37:41Z</time>
      </trkpt>
      <trkpt lat="22.5596114" lon="113.9532615">
        <ele>11.225</ele>
        <time>2025-07-02T10:37:43Z</time>
      </trkpt>
      <trkpt lat="22.559568" lon="113.9532654">
        <ele>9.958</ele>
        <time>2025-07-02T10:37:45Z</time>
      </trkpt>
      <trkpt lat="22.5595242" lon="113.9532664">
        <ele>9.829</ele>
        <time>2025-07-02T10:37:47Z</time>
      </trkpt>
      <trkpt lat="22.5594806" lon="113.953266">
        <ele>10.437</ele>
        <time>2025-07-02T10:37:49Z</time>
      </trkpt>
      <trkpt lat="22.5594384" lon="113.9532667">
        <ele>10.048</ele>
        <time>2025-07-02T10:37:51Z</time>
      </trkpt>
      <trkpt lat="22.5593971" lon="113.9532679">
        <ele>9.67899</ele>
        <time>2025-07-02T10:37:53Z</time>
      </trkpt>
      <trkpt lat="22.5593555" lon="113.953269">
        <ele>9.715</ele>
        <time>2025-07-02T10:37:55Z</time>
      </trkpt>
      <trkpt lat="22.5593139" lon="113.9532704">
        <ele>9.39999</ele>
        <time>2025-07-02T10:37:57Z</time>
      </trkpt>
      <trkpt lat="22.5592723" lon="113.9532709">
        <ele>9.19999</ele>
        <time>2025-07-02T10:37:59Z</time>
      </trkpt>
      <trkpt lat="22.5592288" lon="113.9532713">
        <ele>9.23099</ele>
        <time>2025-07-02T10:38:01Z</time>
      </trkpt>
      <trkpt lat="22.5591843" lon="113.9532725">
        <ele>9.081</ele>
        <time>2025-07-02T10:38:03Z</time>
      </trkpt>
      <trkpt lat="22.5591404" lon="113.9532732">
        <ele>9.42899</ele>
        <time>2025-07-02T10:38:05Z</time>
      </trkpt>
      <trkpt lat="22.5590968" lon="113.9532739">
        <ele>8.41199</ele>
        <time>2025-07-02T10:38:07Z</time>
      </trkpt>
      <trkpt lat="22.559053" lon="113.9532752">
        <ele>7.98</ele>
        <time>2025-07-02T10:38:09Z</time>
      </trkpt>
      <trkpt lat="22.5590091" lon="113.953274">
        <ele>9.14999</ele>
        <time>2025-07-02T10:38:11Z</time>
      </trkpt>
      <trkpt lat="22.5589658" lon="113.9532706">
        <ele>10.09099</ele>
        <time>2025-07-02T10:38:13Z</time>
      </trkpt>
      <trkpt lat="22.5589223" lon="113.9532666">
        <ele>9.534</ele>
        <time>2025-07-02T10:38:15Z</time>
      </trkpt>
      <trkpt lat="22.5588786" lon="113.9532616">
        <ele>10.309</ele>
        <time>2025-07-02T10:38:17Z</time>
      </trkpt>
      <trkpt lat="22.5588347" lon="113.9532556">
        <ele>9.824</ele>
        <time>2025-07-02T10:38:19Z</time>
      </trkpt>
      <trkpt lat="22.5587911" lon="113.9532504">
        <ele>9.25399</ele>
        <time>2025-07-02T10:38:21Z</time>
      </trkpt>
      <trkpt lat="22.5587472" lon="113.9532466">
        <ele>10</ele>
        <time>2025-07-02T10:38:23Z</time>
      </trkpt>
      <trkpt lat="22.5587033" lon="113.9532433">
        <ele>9.95199</ele>
        <time>2025-07-02T10:38:25Z</time>
      </trkpt>
      <trkpt lat="22.5586596" lon="113.9532409">
        <ele>9.99499</ele>
        <time>2025-07-02T10:38:27Z</time>
      </trkpt>
      <trkpt lat="22.558616" lon="113.9532403">
        <ele>9.89599</ele>
        <time>2025-07-02T10:38:29Z</time>
      </trkpt>
      <trkpt lat="22.5585724" lon="113.9532411">
        <ele>10.75</ele>
        <time>2025-07-02T10:38:31Z</time>
      </trkpt>
      <trkpt lat="22.5585292" lon="113.9532416">
        <ele>11.02499</ele>
        <time>2025-07-02T10:38:33Z</time>
      </trkpt>
      <trkpt lat="22.558486" lon="113.953243">
        <ele>10.527</ele>
        <time>2025-07-02T10:38:35Z</time>
      </trkpt>
      <trkpt lat="22.5584429" lon="113.9532448">
        <ele>10.64</ele>
        <time>2025-07-02T10:38:37Z</time>
      </trkpt>
      <trkpt lat="22.5583999" lon="113.9532455">
        <ele>10.14099</ele>
        <time>2025-07-02T10:38:39Z</time>
      </trkpt>
      <trkpt lat="22.558357" lon="113.9532463">
        <ele>10.463</ele>
        <time>2025-07-02T10:38:41Z</time>
      </trkpt>
      <trkpt lat="22.5583145" lon="113.9532462">
        <ele>11.18099</ele>
        <time>2025-07-02T10:38:43Z</time>
      </trkpt>
      <trkpt lat="22.5582719" lon="113.9532453">
        <ele>10.44499</ele>
        <time>2025-07-02T10:38:45Z</time>
      </trkpt>
      <trkpt lat="22.5582298" lon="113.9532438">
        <ele>11.65999</ele>
        <time>2025-07-02T10:38:47Z</time>
      </trkpt>
      <trkpt lat="22.5581879" lon="113.9532427">
        <ele>11.10499</ele>
        <time>2025-07-02T10:38:49Z</time>
      </trkpt>
      <trkpt lat="22.5581471" lon="113.9532428">
        <ele>10.267</ele>
        <time>2025-07-02T10:38:51Z</time>
      </trkpt>
      <trkpt lat="22.5581056" lon="113.9532439">
        <ele>9.98499</ele>
        <time>2025-07-02T10:38:53Z</time>
      </trkpt>
      <trkpt lat="22.558064" lon="113.9532456">
        <ele>9.876</ele>
        <time>2025-07-02T10:38:55Z</time>
      </trkpt>
      <trkpt lat="22.5580224" lon="113.9532472">
        <ele>9.64</ele>
        <time>2025-07-02T10:38:57Z</time>
      </trkpt>
      <trkpt lat="22.5579807" lon="113.9532486">
        <ele>8.652</ele>
        <time>2025-07-02T10:38:59Z</time>
      </trkpt>
      <trkpt lat="22.5579381" lon="113.9532484">
        <ele>8.899</ele>
        <time>2025-07-02T10:39:01Z</time>
      </trkpt>
      <trkpt lat="22.5578953" lon="113.9532477">
        <ele>8.82199</ele>
        <time>2025-07-02T10:39:03Z</time>
      </trkpt>
      <trkpt lat="22.5578515" lon="113.9532457">
        <ele>8.307</ele>
        <time>2025-07-02T10:39:05Z</time>
      </trkpt>
      <trkpt lat="22.5578068" lon="113.9532435">
        <ele>9.53199</ele>
        <time>2025-07-02T10:39:07Z</time>
      </trkpt>
      <trkpt lat="22.5577619" lon="113.9532411">
        <ele>10.956</ele>
        <time>2025-07-02T10:39:09Z</time>
      </trkpt>
      <trkpt lat="22.5577165" lon="113.9532375">
        <ele>10.47599</ele>
        <time>2025-07-02T10:39:11Z</time>
      </trkpt>
      <trkpt lat="22.557671" lon="113.9532352">
        <ele>9.44699</ele>
        <time>2025-07-02T10:39:13Z</time>
      </trkpt>
      <trkpt lat="22.5576268" lon="113.9532343">
        <ele>9.491</ele>
        <time>2025-07-02T10:39:15Z</time>
      </trkpt>
      <trkpt lat="22.5575827" lon="113.9532349">
        <ele>9.107</ele>
        <time>2025-07-02T10:39:17Z</time>
      </trkpt>
      <trkpt lat="22.5575396" lon="113.9532383">
        <ele>9.66499</ele>
        <time>2025-07-02T10:39:19Z</time>
      </trkpt>
      <trkpt lat="22.5574957" lon="113.9532445">
        <ele>10.43099</ele>
        <time>2025-07-02T10:39:21Z</time>
      </trkpt>
      <trkpt lat="22.5574521" lon="113.9532501">
        <ele>10.795</ele>
        <time>2025-07-02T10:39:23Z</time>
      </trkpt>
      <trkpt lat="22.5574089" lon="113.9532527">
        <ele>10.975</ele>
        <time>2025-07-02T10:39:25Z</time>
      </trkpt>
      <trkpt lat="22.5573644" lon="113.953253">
        <ele>10.901</ele>
        <time>2025-07-02T10:39:27Z</time>
      </trkpt>
      <trkpt lat="22.5573189" lon="113.9532508">
        <ele>10.602</ele>
        <time>2025-07-02T10:39:29Z</time>
      </trkpt>
      <trkpt lat="22.5572739" lon="113.9532467">
        <ele>9.28699</ele>
        <time>2025-07-02T10:39:31Z</time>
      </trkpt>
      <trkpt lat="22.5572292" lon="113.9532434">
        <ele>8.23799</ele>
        <time>2025-07-02T10:39:33Z</time>
      </trkpt>
      <trkpt lat="22.5571844" lon="113.9532438">
        <ele>8.64</ele>
        <time>2025-07-02T10:39:35Z</time>
      </trkpt>
      <trkpt lat="22.5571389" lon="113.9532465">
        <ele>8.743</ele>
        <time>2025-07-02T10:39:37Z</time>
      </trkpt>
      <trkpt lat="22.5570924" lon="113.9532501">
        <ele>9.326</ele>
        <time>2025-07-02T10:39:39Z</time>
      </trkpt>
      <trkpt lat="22.5570454" lon="113.9532528">
        <ele>9.14</ele>
        <time>2025-07-02T10:39:41Z</time>
      </trkpt>
      <trkpt lat="22.5569979" lon="113.9532537">
        <ele>7.74599</ele>
        <time>2025-07-02T10:39:43Z</time>
      </trkpt>
      <trkpt lat="22.556951" lon="113.9532519">
        <ele>8.875</ele>
        <time>2025-07-02T10:39:45Z</time>
      </trkpt>
      <trkpt lat="22.5569053" lon="113.9532504">
        <ele>8.85</ele>
        <time>2025-07-02T10:39:47Z</time>
      </trkpt>
      <trkpt lat="22.5568605" lon="113.9532481">
        <ele>8.982</ele>
        <time>2025-07-02T10:39:49Z</time>
      </trkpt>
      <trkpt lat="22.5568168" lon="113.9532469">
        <ele>8.741</ele>
        <time>2025-07-02T10:39:51Z</time>
      </trkpt>
      <trkpt lat="22.5567734" lon="113.9532487">
        <ele>9.717</ele>
        <time>2025-07-02T10:39:53Z</time>
      </trkpt>
      <trkpt lat="22.5567333" lon="113.9532518">
        <ele>10.34099</ele>
        <time>2025-07-02T10:39:55Z</time>
      </trkpt>
      <trkpt lat="22.5566972" lon="113.9532539">
        <ele>11.71599</ele>
        <time>2025-07-02T10:39:57Z</time>
      </trkpt>
      <trkpt lat="22.5566654" lon="113.9532588">
        <ele>12.644</ele>
        <time>2025-07-02T10:39:59Z</time>
      </trkpt>
      <trkpt lat="22.5566368" lon="113.9532644">
        <ele>10.826</ele>
        <time>2025-07-02T10:40:01Z</time>
      </trkpt>
      <trkpt lat="22.5566122" lon="113.9532712">
        <ele>10.456</ele>
        <time>2025-07-02T10:40:03Z</time>
      </trkpt>
      <trkpt lat="22.556586" lon="113.9532811">
        <ele>8.43</ele>
        <time>2025-07-02T10:40:05Z</time>
      </trkpt>
      <trkpt lat="22.5565567" lon="113.9532928">
        <ele>6.36199</ele>
        <time>2025-07-02T10:40:07Z</time>
      </trkpt>
      <trkpt lat="22.5565225" lon="113.9533046">
        <ele>6.247</ele>
        <time>2025-07-02T10:40:09Z</time>
      </trkpt>
      <trkpt lat="22.5564869" lon="113.9533175">
        <ele>6.196</ele>
        <time>2025-07-02T10:40:11Z</time>
      </trkpt>
      <trkpt lat="22.5564416" lon="113.9533279">
        <ele>5.37599</ele>
        <time>2025-07-02T10:40:13Z</time>
      </trkpt>
      <trkpt lat="22.5563945" lon="113.9533328">
        <ele>4.821</ele>
        <time>2025-07-02T10:40:15Z</time>
      </trkpt>
      <trkpt lat="22.5563464" lon="113.9533326">
        <ele>2.50399</ele>
        <time>2025-07-02T10:40:17Z</time>
      </trkpt>
      <trkpt lat="22.5562986" lon="113.9533288">
        <ele>7.76599</ele>
        <time>2025-07-02T10:40:19Z</time>
      </trkpt>
      <trkpt lat="22.5562457" lon="113.9533237">
        <ele>7.82999</ele>
        <time>2025-07-02T10:40:21Z</time>
      </trkpt>
      <trkpt lat="22.5561945" lon="113.9533179">
        <ele>5.051</ele>
        <time>2025-07-02T10:40:23Z</time>
      </trkpt>
      <trkpt lat="22.5561395" lon="113.9533161">
        <ele>5.90899</ele>
        <time>2025-07-02T10:40:25Z</time>
      </trkpt>
      <trkpt lat="22.5560823" lon="113.9533177">
        <ele>8.279</ele>
        <time>2025-07-02T10:40:27Z</time>
      </trkpt>
      <trkpt lat="22.5560252" lon="113.9533198">
        <ele>5.87599</ele>
        <time>2025-07-02T10:40:29Z</time>
      </trkpt>
      <trkpt lat="22.5559734" lon="113.9533203">
        <ele>7.333</ele>
        <time>2025-07-02T10:40:31Z</time>
      </trkpt>
      <trkpt lat="22.5559243" lon="113.9533227">
        <ele>7.577</ele>
        <time>2025-07-02T10:40:33Z</time>
      </trkpt>
      <trkpt lat="22.555877" lon="113.9533234">
        <ele>7.387</ele>
        <time>2025-07-02T10:40:35Z</time>
      </trkpt>
      <trkpt lat="22.5558314" lon="113.9533248">
        <ele>7.90399</ele>
        <time>2025-07-02T10:40:37Z</time>
      </trkpt>
      <trkpt lat="22.5557842" lon="113.953327">
        <ele>8.42</ele>
        <time>2025-07-02T10:40:39Z</time>
      </trkpt>
      <trkpt lat="22.555735" lon="113.9533278">
        <ele>8.552</ele>
        <time>2025-07-02T10:40:41Z</time>
      </trkpt>
      <trkpt lat="22.5556859" lon="113.9533262">
        <ele>10.746</ele>
        <time>2025-07-02T10:40:43Z</time>
      </trkpt>
      <trkpt lat="22.5556374" lon="113.9533249">
        <ele>10.093</ele>
        <time>2025-07-02T10:40:45Z</time>
      </trkpt>
      <trkpt lat="22.5555888" lon="113.9533222">
        <ele>10.47</ele>
        <time>2025-07-02T10:40:47Z</time>
      </trkpt>
      <trkpt lat="22.555542" lon="113.9533221">
        <ele>11.28499</ele>
        <time>2025-07-02T10:40:49Z</time>
      </trkpt>
      <trkpt lat="22.5554953" lon="113.9533269">
        <ele>11.369</ele>
        <time>2025-07-02T10:40:51Z</time>
      </trkpt>
      <trkpt lat="22.555451" lon="113.9533304">
        <ele>11.58199</ele>
        <time>2025-07-02T10:40:53Z</time>
      </trkpt>
      <trkpt lat="22.5554068" lon="113.9533338">
        <ele>11.67899</ele>
        <time>2025-07-02T10:40:55Z</time>
      </trkpt>
      <trkpt lat="22.5553622" lon="113.9533371">
        <ele>11.618</ele>
        <time>2025-07-02T10:40:57Z</time>
      </trkpt>
      <trkpt lat="22.5553191" lon="113.9533367">
        <ele>9.92199</ele>
        <time>2025-07-02T10:40:59Z</time>
      </trkpt>
      <trkpt lat="22.5552771" lon="113.9533345">
        <ele>9.05599</ele>
        <time>2025-07-02T10:41:01Z</time>
      </trkpt>
      <trkpt lat="22.5552327" lon="113.9533352">
        <ele>8.826</ele>
        <time>2025-07-02T10:41:03Z</time>
      </trkpt>
      <trkpt lat="22.5551884" lon="113.9533365">
        <ele>8.133</ele>
        <time>2025-07-02T10:41:05Z</time>
      </trkpt>
      <trkpt lat="22.5551455" lon="113.9533385">
        <ele>9.024</ele>
        <time>2025-07-02T10:41:07Z</time>
      </trkpt>
      <trkpt lat="22.5551032" lon="113.9533443">
        <ele>9.206</ele>
        <time>2025-07-02T10:41:09Z</time>
      </trkpt>
      <trkpt lat="22.5550613" lon="113.9533551">
        <ele>8.456</ele>
        <time>2025-07-02T10:41:11Z</time>
      </trkpt>
      <trkpt lat="22.5550214" lon="113.9533692">
        <ele>7.80999</ele>
        <time>2025-07-02T10:41:13Z</time>
      </trkpt>
      <trkpt lat="22.554981" lon="113.9533861">
        <ele>9.18</ele>
        <time>2025-07-02T10:41:15Z</time>
      </trkpt>
      <trkpt lat="22.5549402" lon="113.9534041">
        <ele>9.184</ele>
        <time>2025-07-02T10:41:17Z</time>
      </trkpt>
      <trkpt lat="22.554898" lon="113.9534213">
        <ele>9.53699</ele>
        <time>2025-07-02T10:41:19Z</time>
      </trkpt>
      <trkpt lat="22.554855" lon="113.9534364">
        <ele>9.906</ele>
        <time>2025-07-02T10:41:21Z</time>
      </trkpt>
      <trkpt lat="22.5548122" lon="113.9534516">
        <ele>10.725</ele>
        <time>2025-07-02T10:41:23Z</time>
      </trkpt>
      <trkpt lat="22.5547714" lon="113.9534679">
        <ele>10.675</ele>
        <time>2025-07-02T10:41:25Z</time>
      </trkpt>
      <trkpt lat="22.5547309" lon="113.9534874">
        <ele>10.98999</ele>
        <time>2025-07-02T10:41:27Z</time>
      </trkpt>
      <trkpt lat="22.5546907" lon="113.9535088">
        <ele>11.63899</ele>
        <time>2025-07-02T10:41:29Z</time>
      </trkpt>
      <trkpt lat="22.5546497" lon="113.9535309">
        <ele>11.63099</ele>
        <time>2025-07-02T10:41:31Z</time>
      </trkpt>
      <trkpt lat="22.5546079" lon="113.9535525">
        <ele>12.057</ele>
        <time>2025-07-02T10:41:33Z</time>
      </trkpt>
      <trkpt lat="22.5545669" lon="113.9535704">
        <ele>12.076</ele>
        <time>2025-07-02T10:41:35Z</time>
      </trkpt>
      <trkpt lat="22.5545268" lon="113.9535851">
        <ele>12.45699</ele>
        <time>2025-07-02T10:41:37Z</time>
      </trkpt>
      <trkpt lat="22.5544866" lon="113.9535987">
        <ele>10.654</ele>
        <time>2025-07-02T10:41:39Z</time>
      </trkpt>
      <trkpt lat="22.5544464" lon="113.9536122">
        <ele>9.82999</ele>
        <time>2025-07-02T10:41:41Z</time>
      </trkpt>
      <trkpt lat="22.554407" lon="113.9536247">
        <ele>10.012</ele>
        <time>2025-07-02T10:41:43Z</time>
      </trkpt>
      <trkpt lat="22.5543668" lon="113.9536401">
        <ele>9.93299</ele>
        <time>2025-07-02T10:41:45Z</time>
      </trkpt>
      <trkpt lat="22.5543254" lon="113.9536577">
        <ele>7.79099</ele>
        <time>2025-07-02T10:41:47Z</time>
      </trkpt>
      <trkpt lat="22.5542848" lon="113.9536768">
        <ele>8.04699</ele>
        <time>2025-07-02T10:41:49Z</time>
      </trkpt>
      <trkpt lat="22.5542461" lon="113.9536989">
        <ele>8.284</ele>
        <time>2025-07-02T10:41:51Z</time>
      </trkpt>
      <trkpt lat="22.5542064" lon="113.9537206">
        <ele>8.583</ele>
        <time>2025-07-02T10:41:53Z</time>
      </trkpt>
      <trkpt lat="22.5541645" lon="113.9537388">
        <ele>8.329</ele>
        <time>2025-07-02T10:41:55Z</time>
      </trkpt>
      <trkpt lat="22.554123" lon="113.953757">
        <ele>8.397</ele>
        <time>2025-07-02T10:41:57Z</time>
      </trkpt>
      <trkpt lat="22.5540818" lon="113.9537758">
        <ele>8.89599</ele>
        <time>2025-07-02T10:41:59Z</time>
      </trkpt>
      <trkpt lat="22.5540399" lon="113.9537932">
        <ele>8.574</ele>
        <time>2025-07-02T10:42:01Z</time>
      </trkpt>
      <trkpt lat="22.5539994" lon="113.9538145">
        <ele>8.92599</ele>
        <time>2025-07-02T10:42:03Z</time>
      </trkpt>
      <trkpt lat="22.5539612" lon="113.9538404">
        <ele>9.15299</ele>
        <time>2025-07-02T10:42:05Z</time>
      </trkpt>
      <trkpt lat="22.5539244" lon="113.9538678">
        <ele>9.1</ele>
        <time>2025-07-02T10:42:07Z</time>
      </trkpt>
      <trkpt lat="22.5538874" lon="113.9538947">
        <ele>8.519</ele>
        <time>2025-07-02T10:42:09Z</time>
      </trkpt>
      <trkpt lat="22.5538505" lon="113.9539205">
        <ele>7.894</ele>
        <time>2025-07-02T10:42:11Z</time>
      </trkpt>
      <trkpt lat="22.5538141" lon="113.9539447">
        <ele>7.781</ele>
        <time>2025-07-02T10:42:13Z</time>
      </trkpt>
      <trkpt lat="22.5537778" lon="113.9539687">
        <ele>8.3</ele>
        <time>2025-07-02T10:42:15Z</time>
      </trkpt>
      <trkpt lat="22.5537415" lon="113.9539924">
        <ele>8.64099</ele>
        <time>2025-07-02T10:42:17Z</time>
      </trkpt>
      <trkpt lat="22.553705" lon="113.9540155">
        <ele>7.93499</ele>
        <time>2025-07-02T10:42:19Z</time>
      </trkpt>
      <trkpt lat="22.5536691" lon="113.9540391">
        <ele>7.27899</ele>
        <time>2025-07-02T10:42:21Z</time>
      </trkpt>
      <trkpt lat="22.5536318" lon="113.9540624">
        <ele>6.57499</ele>
        <time>2025-07-02T10:42:23Z</time>
      </trkpt>
      <trkpt lat="22.553594" lon="113.9540857">
        <ele>7.195</ele>
        <time>2025-07-02T10:42:25Z</time>
      </trkpt>
      <trkpt lat="22.5535559" lon="113.9541097">
        <ele>7.15999</ele>
        <time>2025-07-02T10:42:27Z</time>
      </trkpt>
      <trkpt lat="22.5535177" lon="113.9541344">
        <ele>6.67899</ele>
        <time>2025-07-02T10:42:29Z</time>
      </trkpt>
      <trkpt lat="22.5534788" lon="113.9541583">
        <ele>6.479</ele>
        <time>2025-07-02T10:42:31Z</time>
      </trkpt>
      <trkpt lat="22.5534402" lon="113.9541828">
        <ele>6.44399</ele>
        <time>2025-07-02T10:42:33Z</time>
      </trkpt>
      <trkpt lat="22.5534021" lon="113.9542083">
        <ele>6.431</ele>
        <time>2025-07-02T10:42:35Z</time>
      </trkpt>
      <trkpt lat="22.553365" lon="113.9542351">
        <ele>6.92899</ele>
        <time>2025-07-02T10:42:37Z</time>
      </trkpt>
      <trkpt lat="22.5533279" lon="113.9542632">
        <ele>6.392</ele>
        <time>2025-07-02T10:42:39Z</time>
      </trkpt>
      <trkpt lat="22.5532924" lon="113.954294">
        <ele>8.29399</ele>
        <time>2025-07-02T10:42:41Z</time>
      </trkpt>
      <trkpt lat="22.553258" lon="113.9543264">
        <ele>8.15499</ele>
        <time>2025-07-02T10:42:43Z</time>
      </trkpt>
      <trkpt lat="22.5532247" lon="113.9543596">
        <ele>8.503</ele>
        <time>2025-07-02T10:42:45Z</time>
      </trkpt>
      <trkpt lat="22.5531918" lon="113.9543921">
        <ele>8.23299</ele>
        <time>2025-07-02T10:42:47Z</time>
      </trkpt>
      <trkpt lat="22.5531597" lon="113.9544246">
        <ele>8.836</ele>
        <time>2025-07-02T10:42:49Z</time>
      </trkpt>
      <trkpt lat="22.5531274" lon="113.9544562">
        <ele>8.666</ele>
        <time>2025-07-02T10:42:51Z</time>
      </trkpt>
      <trkpt lat="22.5530948" lon="113.9544873">
        <ele>8.54899</ele>
        <time>2025-07-02T10:42:53Z</time>
      </trkpt>
      <trkpt lat="22.5530616" lon="113.9545185">
        <ele>8.18299</ele>
        <time>2025-07-02T10:42:55Z</time>
      </trkpt>
      <trkpt lat="22.5530267" lon="113.9545483">
        <ele>8.17099</ele>
        <time>2025-07-02T10:42:57Z</time>
      </trkpt>
      <trkpt lat="22.5529919" lon="113.9545789">
        <ele>8.592</ele>
        <time>2025-07-02T10:42:59Z</time>
      </trkpt>
      <trkpt lat="22.5529572" lon="113.9546087">
        <ele>6.80399</ele>
        <time>2025-07-02T10:43:01Z</time>
      </trkpt>
      <trkpt lat="22.5529227" lon="113.9546374">
        <ele>7.137</ele>
        <time>2025-07-02T10:43:03Z</time>
      </trkpt>
      <trkpt lat="22.5528888" lon="113.9546658">
        <ele>7.27899</ele>
        <time>2025-07-02T10:43:05Z</time>
      </trkpt>
      <trkpt lat="22.552857" lon="113.9546964">
        <ele>7.00099</ele>
        <time>2025-07-02T10:43:07Z</time>
      </trkpt>
      <trkpt lat="22.5528253" lon="113.9547265">
        <ele>7.02099</ele>
        <time>2025-07-02T10:43:09Z</time>
      </trkpt>
      <trkpt lat="22.5527932" lon="113.9547575">
        <ele>7.15199</ele>
        <time>2025-07-02T10:43:11Z</time>
      </trkpt>
      <trkpt lat="22.5527619" lon="113.95479">
        <ele>7.93499</ele>
        <time>2025-07-02T10:43:13Z</time>
      </trkpt>
      <trkpt lat="22.5527295" lon="113.9548208">
        <ele>8.173</ele>
        <time>2025-07-02T10:43:15Z</time>
      </trkpt>
      <trkpt lat="22.5526962" lon="113.9548498">
        <ele>8.168</ele>
        <time>2025-07-02T10:43:17Z</time>
      </trkpt>
      <trkpt lat="22.552663" lon="113.9548771">
        <ele>7.76599</ele>
        <time>2025-07-02T10:43:19Z</time>
      </trkpt>
      <trkpt lat="22.5526298" lon="113.9549036">
        <ele>7.39499</ele>
        <time>2025-07-02T10:43:21Z</time>
      </trkpt>
      <trkpt lat="22.5525951" lon="113.9549283">
        <ele>6.86499</ele>
        <time>2025-07-02T10:43:23Z</time>
      </trkpt>
      <trkpt lat="22.5525607" lon="113.9549527">
        <ele>6.368</ele>
        <time>2025-07-02T10:43:25Z</time>
      </trkpt>
      <trkpt lat="22.5525259" lon="113.9549785">
        <ele>6.959</ele>
        <time>2025-07-02T10:43:27Z</time>
      </trkpt>
      <trkpt lat="22.5524897" lon="113.9550047">
        <ele>6.506</ele>
        <time>2025-07-02T10:43:29Z</time>
      </trkpt>
      <trkpt lat="22.5524523" lon="113.9550305">
        <ele>5.60799</ele>
        <time>2025-07-02T10:43:31Z</time>
      </trkpt>
      <trkpt lat="22.5524148" lon="113.9550566">
        <ele>4.775</ele>
        <time>2025-07-02T10:43:33Z</time>
      </trkpt>
      <trkpt lat="22.5523769" lon="113.9550836">
        <ele>6.28499</ele>
        <time>2025-07-02T10:43:35Z</time>
      </trkpt>
      <trkpt lat="22.5523383" lon="113.9551108">
        <ele>7.091</ele>
        <time>2025-07-02T10:43:37Z</time>
      </trkpt>
      <trkpt lat="22.5523005" lon="113.955138">
        <ele>7.76399</ele>
        <time>2025-07-02T10:43:39Z</time>
      </trkpt>
      <trkpt lat="22.5522637" lon="113.9551664">
        <ele>7.48199</ele>
        <time>2025-07-02T10:43:41Z</time>
      </trkpt>
      <trkpt lat="22.5522268" lon="113.9551934">
        <ele>8.22999</ele>
        <time>2025-07-02T10:43:43Z</time>
      </trkpt>
      <trkpt lat="22.5521907" lon="113.9552207">
        <ele>8.85599</ele>
        <time>2025-07-02T10:43:45Z</time>
      </trkpt>
      <trkpt lat="22.5521547" lon="113.9552456">
        <ele>7.834</ele>
        <time>2025-07-02T10:43:47Z</time>
      </trkpt>
      <trkpt lat="22.5521178" lon="113.9552687">
        <ele>7.254</ele>
        <time>2025-07-02T10:43:49Z</time>
      </trkpt>
      <trkpt lat="22.5520802" lon="113.9552892">
        <ele>6.65</ele>
        <time>2025-07-02T10:43:51Z</time>
      </trkpt>
      <trkpt lat="22.5520429" lon="113.9553105">
        <ele>5.755</ele>
        <time>2025-07-02T10:43:53Z</time>
      </trkpt>
      <trkpt lat="22.552005" lon="113.9553308">
        <ele>6.51599</ele>
        <time>2025-07-02T10:43:55Z</time>
      </trkpt>
      <trkpt lat="22.5519671" lon="113.9553514">
        <ele>6.05999</ele>
        <time>2025-07-02T10:43:57Z</time>
      </trkpt>
      <trkpt lat="22.5519295" lon="113.9553729">
        <ele>5.40999</ele>
        <time>2025-07-02T10:43:59Z</time>
      </trkpt>
      <trkpt lat="22.5518918" lon="113.9553943">
        <ele>6.577</ele>
        <time>2025-07-02T10:44:01Z</time>
      </trkpt>
      <trkpt lat="22.5518534" lon="113.9554141">
        <ele>7.189</ele>
        <time>2025-07-02T10:44:03Z</time>
      </trkpt>
      <trkpt lat="22.551815" lon="113.9554335">
        <ele>7.70499</ele>
        <time>2025-07-02T10:44:05Z</time>
      </trkpt>
      <trkpt lat="22.5517769" lon="113.9554534">
        <ele>8.10299</ele>
        <time>2025-07-02T10:44:07Z</time>
      </trkpt>
      <trkpt lat="22.5517401" lon="113.9554736">
        <ele>7.87599</ele>
        <time>2025-07-02T10:44:09Z</time>
      </trkpt>
      <trkpt lat="22.5517032" lon="113.9554934">
        <ele>8.776</ele>
        <time>2025-07-02T10:44:11Z</time>
      </trkpt>
      <trkpt lat="22.5516661" lon="113.9555117">
        <ele>9.86699</ele>
        <time>2025-07-02T10:44:13Z</time>
      </trkpt>
      <trkpt lat="22.5516288" lon="113.955529">
        <ele>8.72399</ele>
        <time>2025-07-02T10:44:15Z</time>
      </trkpt>
      <trkpt lat="22.5515909" lon="113.9555441">
        <ele>8.805</ele>
        <time>2025-07-02T10:44:17Z</time>
      </trkpt>
      <trkpt lat="22.5515516" lon="113.9555576">
        <ele>8.743</ele>
        <time>2025-07-02T10:44:19Z</time>
      </trkpt>
      <trkpt lat="22.551512" lon="113.9555708">
        <ele>8.43</ele>
        <time>2025-07-02T10:44:21Z</time>
      </trkpt>
      <trkpt lat="22.5514722" lon="113.9555842">
        <ele>8.645</ele>
        <time>2025-07-02T10:44:23Z</time>
      </trkpt>
      <trkpt lat="22.5514321" lon="113.9555973">
        <ele>9.41199</ele>
        <time>2025-07-02T10:44:25Z</time>
      </trkpt>
      <trkpt lat="22.5513918" lon="113.9556106">
        <ele>10.1</ele>
        <time>2025-07-02T10:44:27Z</time>
      </trkpt>
      <trkpt lat="22.551351" lon="113.9556233">
        <ele>9.79699</ele>
        <time>2025-07-02T10:44:29Z</time>
      </trkpt>
      <trkpt lat="22.5513101" lon="113.9556354">
        <ele>9.885</ele>
        <time>2025-07-02T10:44:31Z</time>
      </trkpt>
      <trkpt lat="22.5512693" lon="113.9556484">
        <ele>9.41199</ele>
        <time>2025-07-02T10:44:33Z</time>
      </trkpt>
      <trkpt lat="22.5512283" lon="113.9556612">
        <ele>9.416</ele>
        <time>2025-07-02T10:44:35Z</time>
      </trkpt>
      <trkpt lat="22.5511869" lon="113.9556738">
        <ele>8.628</ele>
        <time>2025-07-02T10:44:37Z</time>
      </trkpt>
      <trkpt lat="22.5511458" lon="113.9556865">
        <ele>8.932</ele>
        <time>2025-07-02T10:44:39Z</time>
      </trkpt>
      <trkpt lat="22.5511044" lon="113.9556989">
        <ele>9.185</ele>
        <time>2025-07-02T10:44:41Z</time>
      </trkpt>
      <trkpt lat="22.5510627" lon="113.9557103">
        <ele>9.56299</ele>
        <time>2025-07-02T10:44:43Z</time>
      </trkpt>
      <trkpt lat="22.5510203" lon="113.9557205">
        <ele>10.265</ele>
        <time>2025-07-02T10:44:45Z</time>
      </trkpt>
      <trkpt lat="22.5509772" lon="113.9557293">
        <ele>9.65299</ele>
        <time>2025-07-02T10:44:47Z</time>
      </trkpt>
      <trkpt lat="22.5509343" lon="113.9557372">
        <ele>9.552</ele>
        <time>2025-07-02T10:44:49Z</time>
      </trkpt>
      <trkpt lat="22.5508911" lon="113.9557443">
        <ele>10.58399</ele>
        <time>2025-07-02T10:44:51Z</time>
      </trkpt>
      <trkpt lat="22.5508479" lon="113.9557511">
        <ele>10.15699</ele>
        <time>2025-07-02T10:44:53Z</time>
      </trkpt>
      <trkpt lat="22.550805" lon="113.9557587">
        <ele>10.06299</ele>
        <time>2025-07-02T10:44:55Z</time>
      </trkpt>
      <trkpt lat="22.5507624" lon="113.9557654">
        <ele>10.69699</ele>
        <time>2025-07-02T10:44:57Z</time>
      </trkpt>
      <trkpt lat="22.550719" lon="113.9557714">
        <ele>10.47099</ele>
        <time>2025-07-02T10:44:59Z</time>
      </trkpt>
      <trkpt lat="22.5506758" lon="113.9557763">
        <ele>10.461</ele>
        <time>2025-07-02T10:45:01Z</time>
      </trkpt>
      <trkpt lat="22.5506327" lon="113.9557802">
        <ele>10.19099</ele>
        <time>2025-07-02T10:45:03Z</time>
      </trkpt>
      <trkpt lat="22.5505895" lon="113.9557831">
        <ele>9.376</ele>
        <time>2025-07-02T10:45:05Z</time>
      </trkpt>
      <trkpt lat="22.550546" lon="113.955787">
        <ele>8.038</ele>
        <time>2025-07-02T10:45:07Z</time>
      </trkpt>
      <trkpt lat="22.5505029" lon="113.9557915">
        <ele>8.378</ele>
        <time>2025-07-02T10:45:09Z</time>
      </trkpt>
      <trkpt lat="22.5504601" lon="113.9557966">
        <ele>8.416</ele>
        <time>2025-07-02T10:45:11Z</time>
      </trkpt>
      <trkpt lat="22.5504176" lon="113.9558027">
        <ele>9.20699</ele>
        <time>2025-07-02T10:45:13Z</time>
      </trkpt>
      <trkpt lat="22.5503755" lon="113.9558079">
        <ele>10.331</ele>
        <time>2025-07-02T10:45:15Z</time>
      </trkpt>
      <trkpt lat="22.5503333" lon="113.9558124">
        <ele>10.06599</ele>
        <time>2025-07-02T10:45:17Z</time>
      </trkpt>
      <trkpt lat="22.5502908" lon="113.9558165">
        <ele>10.87699</ele>
        <time>2025-07-02T10:45:19Z</time>
      </trkpt>
      <trkpt lat="22.550248" lon="113.9558203">
        <ele>11.637</ele>
        <time>2025-07-02T10:45:21Z</time>
      </trkpt>
      <trkpt lat="22.5502047" lon="113.9558228">
        <ele>10.927</ele>
        <time>2025-07-02T10:45:23Z</time>
      </trkpt>
      <trkpt lat="22.5501614" lon="113.9558251">
        <ele>10.243</ele>
        <time>2025-07-02T10:45:25Z</time>
      </trkpt>
      <trkpt lat="22.5501186" lon="113.9558267">
        <ele>10.005</ele>
        <time>2025-07-02T10:45:27Z</time>
      </trkpt>
      <trkpt lat="22.550076" lon="113.9558257">
        <ele>10.04199</ele>
        <time>2025-07-02T10:45:29Z</time>
      </trkpt>
      <trkpt lat="22.550033" lon="113.9558239">
        <ele>9.994</ele>
        <time>2025-07-02T10:45:31Z</time>
      </trkpt>
      <trkpt lat="22.5499903" lon="113.9558214">
        <ele>10.01099</ele>
        <time>2025-07-02T10:45:33Z</time>
      </trkpt>
      <trkpt lat="22.5499478" lon="113.9558178">
        <ele>10.83399</ele>
        <time>2025-07-02T10:45:35Z</time>
      </trkpt>
      <trkpt lat="22.5499051" lon="113.9558141">
        <ele>11.869</ele>
        <time>2025-07-02T10:45:37Z</time>
      </trkpt>
      <trkpt lat="22.5498625" lon="113.9558112">
        <ele>11.67899</ele>
        <time>2025-07-02T10:45:39Z</time>
      </trkpt>
      <trkpt lat="22.54982" lon="113.9558072">
        <ele>10.708</ele>
        <time>2025-07-02T10:45:41Z</time>
      </trkpt>
      <trkpt lat="22.5497771" lon="113.9558028">
        <ele>10.50599</ele>
        <time>2025-07-02T10:45:43Z</time>
      </trkpt>
      <trkpt lat="22.5497339" lon="113.9557986">
        <ele>10.73999</ele>
        <time>2025-07-02T10:45:45Z</time>
      </trkpt>
      <trkpt lat="22.5496909" lon="113.9557917">
        <ele>11.835</ele>
        <time>2025-07-02T10:45:47Z</time>
      </trkpt>
      <trkpt lat="22.5496475" lon="113.9557834">
        <ele>11.75899</ele>
        <time>2025-07-02T10:45:49Z</time>
      </trkpt>
      <trkpt lat="22.5496038" lon="113.9557752">
        <ele>11.699</ele>
        <time>2025-07-02T10:45:51Z</time>
      </trkpt>
      <trkpt lat="22.5495597" lon="113.9557663">
        <ele>11.37699</ele>
        <time>2025-07-02T10:45:53Z</time>
      </trkpt>
      <trkpt lat="22.549516" lon="113.9557579">
        <ele>10.98099</ele>
        <time>2025-07-02T10:45:55Z</time>
      </trkpt>
      <trkpt lat="22.5494726" lon="113.9557503">
        <ele>12.01</ele>
        <time>2025-07-02T10:45:57Z</time>
      </trkpt>
      <trkpt lat="22.54943" lon="113.9557433">
        <ele>12.33199</ele>
        <time>2025-07-02T10:45:59Z</time>
      </trkpt>
      <trkpt lat="22.5493882" lon="113.9557355">
        <ele>12.42599</ele>
        <time>2025-07-02T10:46:01Z</time>
      </trkpt>
      <trkpt lat="22.5493473" lon="113.955728">
        <ele>10.833</ele>
        <time>2025-07-02T10:46:03Z</time>
      </trkpt>
      <trkpt lat="22.5493066" lon="113.9557182">
        <ele>9.19499</ele>
        <time>2025-07-02T10:46:05Z</time>
      </trkpt>
      <trkpt lat="22.5492657" lon="113.9557089">
        <ele>8.753</ele>
        <time>2025-07-02T10:46:07Z</time>
      </trkpt>
      <trkpt lat="22.5492242" lon="113.9557006">
        <ele>7.735</ele>
        <time>2025-07-02T10:46:09Z</time>
      </trkpt>
      <trkpt lat="22.5491825" lon="113.9556914">
        <ele>7.48999</ele>
        <time>2025-07-02T10:46:11Z</time>
      </trkpt>
      <trkpt lat="22.5491407" lon="113.955682">
        <ele>7.92399</ele>
        <time>2025-07-02T10:46:13Z</time>
      </trkpt>
      <trkpt lat="22.5490987" lon="113.9556723">
        <ele>7.92299</ele>
        <time>2025-07-02T10:46:15Z</time>
      </trkpt>
      <trkpt lat="22.5490565" lon="113.955662">
        <ele>7.281</ele>
        <time>2025-07-02T10:46:17Z</time>
      </trkpt>
      <trkpt lat="22.5490142" lon="113.9556508">
        <ele>7.46999</ele>
        <time>2025-07-02T10:46:19Z</time>
      </trkpt>
      <trkpt lat="22.5489714" lon="113.9556409">
        <ele>7.04799</ele>
        <time>2025-07-02T10:46:21Z</time>
      </trkpt>
      <trkpt lat="22.5489277" lon="113.9556301">
        <ele>7.30499</ele>
        <time>2025-07-02T10:46:23Z</time>
      </trkpt>
      <trkpt lat="22.5488834" lon="113.9556187">
        <ele>7.184</ele>
        <time>2025-07-02T10:46:25Z</time>
      </trkpt>
      <trkpt lat="22.5488391" lon="113.9556059">
        <ele>7.14799</ele>
        <time>2025-07-02T10:46:27Z</time>
      </trkpt>
      <trkpt lat="22.5487947" lon="113.9555918">
        <ele>6.689</ele>
        <time>2025-07-02T10:46:29Z</time>
      </trkpt>
      <trkpt lat="22.5487502" lon="113.9555776">
        <ele>7.105</ele>
        <time>2025-07-02T10:46:31Z</time>
      </trkpt>
      <trkpt lat="22.5487068" lon="113.9555631">
        <ele>7.747</ele>
        <time>2025-07-02T10:46:33Z</time>
      </trkpt>
      <trkpt lat="22.5486638" lon="113.955549">
        <ele>6.90799</ele>
        <time>2025-07-02T10:46:35Z</time>
      </trkpt>
      <trkpt lat="22.5486209" lon="113.9555354">
        <ele>6.945</ele>
        <time>2025-07-02T10:46:37Z</time>
      </trkpt>
      <trkpt lat="22.5485781" lon="113.9555226">
        <ele>6.782</ele>
        <time>2025-07-02T10:46:39Z</time>
      </trkpt>
      <trkpt lat="22.5485368" lon="113.9555071">
        <ele>7.505</ele>
        <time>2025-07-02T10:46:41Z</time>
      </trkpt>
      <trkpt lat="22.5484961" lon="113.9554902">
        <ele>7.683</ele>
        <time>2025-07-02T10:46:43Z</time>
      </trkpt>
      <trkpt lat="22.5484559" lon="113.9554729">
        <ele>7.604</ele>
        <time>2025-07-02T10:46:45Z</time>
      </trkpt>
      <trkpt lat="22.5484164" lon="113.9554559">
        <ele>7.88899</ele>
        <time>2025-07-02T10:46:47Z</time>
      </trkpt>
      <trkpt lat="22.5483769" lon="113.9554387">
        <ele>7.556</ele>
        <time>2025-07-02T10:46:49Z</time>
      </trkpt>
      <trkpt lat="22.5483372" lon="113.9554231">
        <ele>7.387</ele>
        <time>2025-07-02T10:46:51Z</time>
      </trkpt>
      <trkpt lat="22.5482964" lon="113.9554093">
        <ele>7.289</ele>
        <time>2025-07-02T10:46:53Z</time>
      </trkpt>
      <trkpt lat="22.5482547" lon="113.9553955">
        <ele>7.052</ele>
        <time>2025-07-02T10:46:55Z</time>
      </trkpt>
      <trkpt lat="22.5482116" lon="113.9553826">
        <ele>6.649</ele>
        <time>2025-07-02T10:46:57Z</time>
      </trkpt>
      <trkpt lat="22.5481664" lon="113.9553695">
        <ele>7.715</ele>
        <time>2025-07-02T10:46:59Z</time>
      </trkpt>
      <trkpt lat="22.5481196" lon="113.9553563">
        <ele>6.69999</ele>
        <time>2025-07-02T10:47:01Z</time>
      </trkpt>
      <trkpt lat="22.5480726" lon="113.9553442">
        <ele>6.866</ele>
        <time>2025-07-02T10:47:03Z</time>
      </trkpt>
      <trkpt lat="22.5480261" lon="113.9553343">
        <ele>7.81199</ele>
        <time>2025-07-02T10:47:05Z</time>
      </trkpt>
      <trkpt lat="22.5479799" lon="113.9553242">
        <ele>7.44799</ele>
        <time>2025-07-02T10:47:07Z</time>
      </trkpt>
      <trkpt lat="22.5479303" lon="113.9553132">
        <ele>8.017</ele>
        <time>2025-07-02T10:47:09Z</time>
      </trkpt>
      <trkpt lat="22.5478821" lon="113.9553026">
        <ele>8.28899</ele>
        <time>2025-07-02T10:47:12Z</time>
      </trkpt>
      <trkpt lat="22.5478344" lon="113.9552914">
        <ele>8.23999</ele>
        <time>2025-07-02T10:47:14Z</time>
      </trkpt>
      <trkpt lat="22.5477863" lon="113.9552794">
        <ele>7.592</ele>
        <time>2025-07-02T10:47:16Z</time>
      </trkpt>
      <trkpt lat="22.5477378" lon="113.9552682">
        <ele>7.16599</ele>
        <time>2025-07-02T10:47:18Z</time>
      </trkpt>
      <trkpt lat="22.5476943" lon="113.9552586">
        <ele>6.057</ele>
        <time>2025-07-02T10:47:20Z</time>
      </trkpt>
      <trkpt lat="22.547651" lon="113.955249">
        <ele>6.688</ele>
        <time>2025-07-02T10:47:22Z</time>
      </trkpt>
      <trkpt lat="22.5476066" lon="113.9552404">
        <ele>6.769</ele>
        <time>2025-07-02T10:47:24Z</time>
      </trkpt>
      <trkpt lat="22.5475616" lon="113.9552329">
        <ele>7.04799</ele>
        <time>2025-07-02T10:47:26Z</time>
      </trkpt>
      <trkpt lat="22.5475165" lon="113.9552247">
        <ele>6.722</ele>
        <time>2025-07-02T10:47:28Z</time>
      </trkpt>
      <trkpt lat="22.5474714" lon="113.9552168">
        <ele>7.22599</ele>
        <time>2025-07-02T10:47:30Z</time>
      </trkpt>
      <trkpt lat="22.5474257" lon="113.9552078">
        <ele>7.385</ele>
        <time>2025-07-02T10:47:32Z</time>
      </trkpt>
      <trkpt lat="22.5473808" lon="113.9551967">
        <ele>7.46</ele>
        <time>2025-07-02T10:47:34Z</time>
      </trkpt>
      <trkpt lat="22.5473368" lon="113.9551823">
        <ele>7.09999</ele>
        <time>2025-07-02T10:47:36Z</time>
      </trkpt>
      <trkpt lat="22.5472936" lon="113.9551666">
        <ele>6.234</ele>
        <time>2025-07-02T10:47:38Z</time>
      </trkpt>
      <trkpt lat="22.5472493" lon="113.9551515">
        <ele>7.169</ele>
        <time>2025-07-02T10:47:40Z</time>
      </trkpt>
      <trkpt lat="22.5472062" lon="113.955136">
        <ele>6.525</ele>
        <time>2025-07-02T10:47:42Z</time>
      </trkpt>
      <trkpt lat="22.5471644" lon="113.9551205">
        <ele>6.636</ele>
        <time>2025-07-02T10:47:44Z</time>
      </trkpt>
      <trkpt lat="22.5471239" lon="113.9551066">
        <ele>6.82999</ele>
        <time>2025-07-02T10:47:46Z</time>
      </trkpt>
      <trkpt lat="22.5470859" lon="113.9550927">
        <ele>6.73199</ele>
        <time>2025-07-02T10:47:48Z</time>
      </trkpt>
      <trkpt lat="22.5470523" lon="113.9550778">
        <ele>7.09499</ele>
        <time>2025-07-02T10:47:50Z</time>
      </trkpt>
      <trkpt lat="22.5470262" lon="113.9550668">
        <ele>6.07899</ele>
        <time>2025-07-02T10:47:52Z</time>
      </trkpt>
      <trkpt lat="22.5469899" lon="113.9550524">
        <ele>6.50199</ele>
        <time>2025-07-02T10:47:54Z</time>
      </trkpt>
      <trkpt lat="22.5469899" lon="113.9550524">
        <ele>6.50199</ele>
        <time>2025-07-02T10:47:56Z</time>
      </trkpt>
      <trkpt lat="22.5525408" lon="113.9549791">
        <ele>9.567</ele>
        <time>2025-07-02T10:47:56Z</time>
      </trkpt>
      <trkpt lat="22.5525678" lon="113.9549549">
        <ele>9.43999</ele>
        <time>2025-07-02T10:47:58Z</time>
      </trkpt>
      <trkpt lat="22.5525857" lon="113.9549382">
        <ele>8.85099</ele>
        <time>2025-07-02T10:48:00Z</time>
      </trkpt>
      <trkpt lat="22.5526106" lon="113.9549169">
        <ele>7.622</ele>
        <time>2025-07-02T10:48:02Z</time>
      </trkpt>
      <trkpt lat="22.552638" lon="113.9548946">
        <ele>7.368</ele>
        <time>2025-07-02T10:48:04Z</time>
      </trkpt>
      <trkpt lat="22.5526662" lon="113.95487">
        <ele>7.755</ele>
        <time>2025-07-02T10:48:06Z</time>
      </trkpt>
      <trkpt lat="22.552698" lon="113.9548443">
        <ele>7.946</ele>
        <time>2025-07-02T10:48:08Z</time>
      </trkpt>
      <trkpt lat="22.552731" lon="113.9548174">
        <ele>7.414</ele>
        <time>2025-07-02T10:48:10Z</time>
      </trkpt>
      <trkpt lat="22.5527635" lon="113.9547899">
        <ele>7.08099</ele>
        <time>2025-07-02T10:48:12Z</time>
      </trkpt>
      <trkpt lat="22.5527961" lon="113.9547623">
        <ele>6.85599</ele>
        <time>2025-07-02T10:48:14Z</time>
      </trkpt>
      <trkpt lat="22.5528293" lon="113.9547347">
        <ele>7.44099</ele>
        <time>2025-07-02T10:48:16Z</time>
      </trkpt>
      <trkpt lat="22.5528618" lon="113.9547066">
        <ele>7.82</ele>
        <time>2025-07-02T10:48:18Z</time>
      </trkpt>
      <trkpt lat="22.5528937" lon="113.9546788">
        <ele>7.93499</ele>
        <time>2025-07-02T10:48:20Z</time>
      </trkpt>
      <trkpt lat="22.5529243" lon="113.9546514">
        <ele>7.60599</ele>
        <time>2025-07-02T10:48:22Z</time>
      </trkpt>
      <trkpt lat="22.5529533" lon="113.9546252">
        <ele>7.07899</ele>
        <time>2025-07-02T10:48:24Z</time>
      </trkpt>
      <trkpt lat="22.5529801" lon="113.9546001">
        <ele>7.09899</ele>
        <time>2025-07-02T10:48:26Z</time>
      </trkpt>
      <trkpt lat="22.5530067" lon="113.9545763">
        <ele>7.78399</ele>
        <time>2025-07-02T10:48:28Z</time>
      </trkpt>
      <trkpt lat="22.5530318" lon="113.9545527">
        <ele>7.44099</ele>
        <time>2025-07-02T10:48:30Z</time>
      </trkpt>
      <trkpt lat="22.5530566" lon="113.9545278">
        <ele>7.57299</ele>
        <time>2025-07-02T10:48:32Z</time>
      </trkpt>
      <trkpt lat="22.5530815" lon="113.9545013">
        <ele>6.743</ele>
        <time>2025-07-02T10:48:34Z</time>
      </trkpt>
      <trkpt lat="22.5531076" lon="113.9544747">
        <ele>6.51</ele>
        <time>2025-07-02T10:48:36Z</time>
      </trkpt>
      <trkpt lat="22.5531341" lon="113.954448">
        <ele>6.386</ele>
        <time>2025-07-02T10:48:38Z</time>
      </trkpt>
      <trkpt lat="22.5531619" lon="113.954422">
        <ele>6.366</ele>
        <time>2025-07-02T10:48:40Z</time>
      </trkpt>
      <trkpt lat="22.5531896" lon="113.9543971">
        <ele>6.906</ele>
        <time>2025-07-02T10:48:42Z</time>
      </trkpt>
      <trkpt lat="22.553216" lon="113.954373">
        <ele>6.41599</ele>
        <time>2025-07-02T10:48:44Z</time>
      </trkpt>
      <trkpt lat="22.5532424" lon="113.9543489">
        <ele>6.61</ele>
        <time>2025-07-02T10:48:46Z</time>
      </trkpt>
      <trkpt lat="22.5532699" lon="113.9543251">
        <ele>6.72499</ele>
        <time>2025-07-02T10:48:48Z</time>
      </trkpt>
      <trkpt lat="22.5532984" lon="113.9543013">
        <ele>7.02799</ele>
        <time>2025-07-02T10:48:50Z</time>
      </trkpt>
      <trkpt lat="22.5533293" lon="113.9542782">
        <ele>7.25</ele>
        <time>2025-07-02T10:48:52Z</time>
      </trkpt>
      <trkpt lat="22.5533625" lon="113.9542549">
        <ele>8.107</ele>
        <time>2025-07-02T10:48:54Z</time>
      </trkpt>
      <trkpt lat="22.5533962" lon="113.9542326">
        <ele>9.14599</ele>
        <time>2025-07-02T10:48:56Z</time>
      </trkpt>
      <trkpt lat="22.5534291" lon="113.9542105">
        <ele>9.11499</ele>
        <time>2025-07-02T10:48:58Z</time>
      </trkpt>
      <trkpt lat="22.5534592" lon="113.954189">
        <ele>8.90499</ele>
        <time>2025-07-02T10:49:00Z</time>
      </trkpt>
      <trkpt lat="22.5534857" lon="113.9541671">
        <ele>7.89699</ele>
        <time>2025-07-02T10:49:02Z</time>
      </trkpt>
      <trkpt lat="22.5535122" lon="113.9541467">
        <ele>8.095</ele>
        <time>2025-07-02T10:49:04Z</time>
      </trkpt>
      <trkpt lat="22.5535395" lon="113.954127">
        <ele>7.465</ele>
        <time>2025-07-02T10:49:06Z</time>
      </trkpt>
      <trkpt lat="22.5535681" lon="113.954108">
        <ele>8.81499</ele>
        <time>2025-07-02T10:49:08Z</time>
      </trkpt>
      <trkpt lat="22.5535996" lon="113.9540888">
        <ele>7.386</ele>
        <time>2025-07-02T10:49:10Z</time>
      </trkpt>
      <trkpt lat="22.5536336" lon="113.9540697">
        <ele>7.32899</ele>
        <time>2025-07-02T10:49:12Z</time>
      </trkpt>
      <trkpt lat="22.5536668" lon="113.9540495">
        <ele>7.80999</ele>
        <time>2025-07-02T10:49:14Z</time>
      </trkpt>
      <trkpt lat="22.5536995" lon="113.9540279">
        <ele>7.684</ele>
        <time>2025-07-02T10:49:16Z</time>
      </trkpt>
      <trkpt lat="22.5537319" lon="113.954006">
        <ele>7.00699</ele>
        <time>2025-07-02T10:49:18Z</time>
      </trkpt>
      <trkpt lat="22.5537642" lon="113.9539849">
        <ele>7.4</ele>
        <time>2025-07-02T10:49:20Z</time>
      </trkpt>
      <trkpt lat="22.5537958" lon="113.9539638">
        <ele>7.925</ele>
        <time>2025-07-02T10:49:22Z</time>
      </trkpt>
      <trkpt lat="22.5538281" lon="113.953943">
        <ele>7.676</ele>
        <time>2025-07-02T10:49:24Z</time>
      </trkpt>
      <trkpt lat="22.5538601" lon="113.9539219">
        <ele>7.532</ele>
        <time>2025-07-02T10:49:26Z</time>
      </trkpt>
      <trkpt lat="22.5538905" lon="113.953901">
        <ele>8.74699</ele>
        <time>2025-07-02T10:49:28Z</time>
      </trkpt>
      <trkpt lat="22.5539177" lon="113.9538789">
        <ele>8.53699</ele>
        <time>2025-07-02T10:49:30Z</time>
      </trkpt>
      <trkpt lat="22.5539446" lon="113.9538578">
        <ele>7.61399</ele>
        <time>2025-07-02T10:49:32Z</time>
      </trkpt>
      <trkpt lat="22.5539713" lon="113.9538373">
        <ele>6.95399</ele>
        <time>2025-07-02T10:49:34Z</time>
      </trkpt>
      <trkpt lat="22.5539975" lon="113.9538178">
        <ele>7.96199</ele>
        <time>2025-07-02T10:49:36Z</time>
      </trkpt>
      <trkpt lat="22.5540269" lon="113.9537987">
        <ele>7.669</ele>
        <time>2025-07-02T10:49:38Z</time>
      </trkpt>
      <trkpt lat="22.5540593" lon="113.9537796">
        <ele>7.69999</ele>
        <time>2025-07-02T10:49:40Z</time>
      </trkpt>
      <trkpt lat="22.5540929" lon="113.9537579">
        <ele>7.16699</ele>
        <time>2025-07-02T10:49:42Z</time>
      </trkpt>
      <trkpt lat="22.5541258" lon="113.9537349">
        <ele>6.63899</ele>
        <time>2025-07-02T10:49:44Z</time>
      </trkpt>
      <trkpt lat="22.5541584" lon="113.953712">
        <ele>7.89799</ele>
        <time>2025-07-02T10:49:46Z</time>
      </trkpt>
      <trkpt lat="22.5541885" lon="113.9536899">
        <ele>7.75199</ele>
        <time>2025-07-02T10:49:48Z</time>
      </trkpt>
      <trkpt lat="22.5542195" lon="113.9536695">
        <ele>8.11699</ele>
        <time>2025-07-02T10:49:50Z</time>
      </trkpt>
      <trkpt lat="22.5542528" lon="113.9536508">
        <ele>7.309</ele>
        <time>2025-07-02T10:49:52Z</time>
      </trkpt>
      <trkpt lat="22.554288" lon="113.953634">
        <ele>7.188</ele>
        <time>2025-07-02T10:49:54Z</time>
      </trkpt>
      <trkpt lat="22.5543239" lon="113.9536179">
        <ele>7.88399</ele>
        <time>2025-07-02T10:49:56Z</time>
      </trkpt>
      <trkpt lat="22.5543604" lon="113.9536016">
        <ele>8.178</ele>
        <time>2025-07-02T10:49:58Z</time>
      </trkpt>
      <trkpt lat="22.5543968" lon="113.9535851">
        <ele>8.06299</ele>
        <time>2025-07-02T10:50:00Z</time>
      </trkpt>
      <trkpt lat="22.5544317" lon="113.9535688">
        <ele>7.97599</ele>
        <time>2025-07-02T10:50:02Z</time>
      </trkpt>
      <trkpt lat="22.5544659" lon="113.9535528">
        <ele>8.68599</ele>
        <time>2025-07-02T10:50:04Z</time>
      </trkpt>
      <trkpt lat="22.554501" lon="113.953539">
        <ele>8.85599</ele>
        <time>2025-07-02T10:50:06Z</time>
      </trkpt>
      <trkpt lat="22.5545363" lon="113.9535253">
        <ele>8.83399</ele>
        <time>2025-07-02T10:50:08Z</time>
      </trkpt>
      <trkpt lat="22.5545705" lon="113.9535091">
        <ele>9.371</ele>
        <time>2025-07-02T10:50:10Z</time>
      </trkpt>
      <trkpt lat="22.5546071" lon="113.9534932">
        <ele>8.47299</ele>
        <time>2025-07-02T10:50:12Z</time>
      </trkpt>
      <trkpt lat="22.5546443" lon="113.9534766">
        <ele>8.16699</ele>
        <time>2025-07-02T10:50:14Z</time>
      </trkpt>
      <trkpt lat="22.5546802" lon="113.9534581">
        <ele>9.05</ele>
        <time>2025-07-02T10:50:16Z</time>
      </trkpt>
      <trkpt lat="22.554715" lon="113.9534393">
        <ele>9.14299</ele>
        <time>2025-07-02T10:50:18Z</time>
      </trkpt>
      <trkpt lat="22.5547509" lon="113.9534242">
        <ele>8.72299</ele>
        <time>2025-07-02T10:50:20Z</time>
      </trkpt>
      <trkpt lat="22.5547848" lon="113.9534106">
        <ele>8.15499</ele>
        <time>2025-07-02T10:50:22Z</time>
      </trkpt>
      <trkpt lat="22.5548189" lon="113.9534014">
        <ele>8.11999</ele>
        <time>2025-07-02T10:50:24Z</time>
      </trkpt>
      <trkpt lat="22.5548555" lon="113.9533934">
        <ele>7.979</ele>
        <time>2025-07-02T10:50:26Z</time>
      </trkpt>
      <trkpt lat="22.5548949" lon="113.9533864">
        <ele>9.43099</ele>
        <time>2025-07-02T10:50:28Z</time>
      </trkpt>
      <trkpt lat="22.554934" lon="113.9533788">
        <ele>10.43999</ele>
        <time>2025-07-02T10:50:30Z</time>
      </trkpt>
      <trkpt lat="22.5549738" lon="113.9533732">
        <ele>10.31</ele>
        <time>2025-07-02T10:50:32Z</time>
      </trkpt>
      <trkpt lat="22.5550125" lon="113.9533587">
        <ele>9.35</ele>
        <time>2025-07-02T10:50:34Z</time>
      </trkpt>
      <trkpt lat="22.5550448" lon="113.9533428">
        <ele>6.964</ele>
        <time>2025-07-02T10:50:36Z</time>
      </trkpt>
      <trkpt lat="22.5550752" lon="113.953327">
        <ele>5.762</ele>
        <time>2025-07-02T10:50:38Z</time>
      </trkpt>
      <trkpt lat="22.5551085" lon="113.9533137">
        <ele>6.13999</ele>
        <time>2025-07-02T10:50:40Z</time>
      </trkpt>
      <trkpt lat="22.5551413" lon="113.9533017">
        <ele>5.64099</ele>
        <time>2025-07-02T10:50:42Z</time>
      </trkpt>
      <trkpt lat="22.5551761" lon="113.9532971">
        <ele>5.559</ele>
        <time>2025-07-02T10:50:44Z</time>
      </trkpt>
      <trkpt lat="22.5552172" lon="113.9532948">
        <ele>5.42399</ele>
        <time>2025-07-02T10:50:46Z</time>
      </trkpt>
      <trkpt lat="22.5552589" lon="113.9532928">
        <ele>6.85799</ele>
        <time>2025-07-02T10:50:48Z</time>
      </trkpt>
      <trkpt lat="22.5552969" lon="113.9532883">
        <ele>7.484</ele>
        <time>2025-07-02T10:50:50Z</time>
      </trkpt>
      <trkpt lat="22.5553353" lon="113.9532799">
        <ele>6.452</ele>
        <time>2025-07-02T10:50:52Z</time>
      </trkpt>
      <trkpt lat="22.5553708" lon="113.9532757">
        <ele>5.668</ele>
        <time>2025-07-02T10:50:54Z</time>
      </trkpt>
      <trkpt lat="22.5554071" lon="113.9532739">
        <ele>5.374</ele>
        <time>2025-07-02T10:50:56Z</time>
      </trkpt>
      <trkpt lat="22.5554463" lon="113.9532725">
        <ele>5.822</ele>
        <time>2025-07-02T10:50:58Z</time>
      </trkpt>
      <trkpt lat="22.5554872" lon="113.953275">
        <ele>6.663</ele>
        <time>2025-07-02T10:51:00Z</time>
      </trkpt>
      <trkpt lat="22.5555264" lon="113.953282">
        <ele>7.13899</ele>
        <time>2025-07-02T10:51:02Z</time>
      </trkpt>
      <trkpt lat="22.5555679" lon="113.9532858">
        <ele>7.79699</ele>
        <time>2025-07-02T10:51:04Z</time>
      </trkpt>
      <trkpt lat="22.5556083" lon="113.9532872">
        <ele>6.89499</ele>
        <time>2025-07-02T10:51:06Z</time>
      </trkpt>
      <trkpt lat="22.5556475" lon="113.9532895">
        <ele>6.87099</ele>
        <time>2025-07-02T10:51:08Z</time>
      </trkpt>
      <trkpt lat="22.5556867" lon="113.9532894">
        <ele>7.144</ele>
        <time>2025-07-02T10:51:10Z</time>
      </trkpt>
      <trkpt lat="22.5557277" lon="113.9532868">
        <ele>6.79099</ele>
        <time>2025-07-02T10:51:12Z</time>
      </trkpt>
      <trkpt lat="22.5557677" lon="113.9532825">
        <ele>6.097</ele>
        <time>2025-07-02T10:51:14Z</time>
      </trkpt>
      <trkpt lat="22.5558068" lon="113.9532784">
        <ele>5.977</ele>
        <time>2025-07-02T10:51:16Z</time>
      </trkpt>
      <trkpt lat="22.5558478" lon="113.9532755">
        <ele>5.669</ele>
        <time>2025-07-02T10:51:18Z</time>
      </trkpt>
      <trkpt lat="22.5558927" lon="113.9532743">
        <ele>5.79199</ele>
        <time>2025-07-02T10:51:20Z</time>
      </trkpt>
      <trkpt lat="22.5559351" lon="113.9532761">
        <ele>5.78599</ele>
        <time>2025-07-02T10:51:22Z</time>
      </trkpt>
      <trkpt lat="22.5559754" lon="113.9532789">
        <ele>5.96099</ele>
        <time>2025-07-02T10:51:24Z</time>
      </trkpt>
      <trkpt lat="22.5560152" lon="113.9532836">
        <ele>6.15899</ele>
        <time>2025-07-02T10:51:26Z</time>
      </trkpt>
      <trkpt lat="22.5560498" lon="113.9532861">
        <ele>6.11899</ele>
        <time>2025-07-02T10:51:29Z</time>
      </trkpt>
      <trkpt lat="22.5560784" lon="113.953286">
        <ele>6.631</ele>
        <time>2025-07-02T10:51:31Z</time>
      </trkpt>
      <trkpt lat="22.5561078" lon="113.9532848">
        <ele>8</ele>
        <time>2025-07-02T10:51:33Z</time>
      </trkpt>
      <trkpt lat="22.5561396" lon="113.9532834">
        <ele>9.48799</ele>
        <time>2025-07-02T10:51:35Z</time>
      </trkpt>
      <trkpt lat="22.556168" lon="113.9532819">
        <ele>9.26099</ele>
        <time>2025-07-02T10:51:37Z</time>
      </trkpt>
      <trkpt lat="22.5561971" lon="113.9532803">
        <ele>9.28899</ele>
        <time>2025-07-02T10:51:39Z</time>
      </trkpt>
      <trkpt lat="22.556226" lon="113.9532795">
        <ele>10.72599</ele>
        <time>2025-07-02T10:51:41Z</time>
      </trkpt>
      <trkpt lat="22.5562524" lon="113.9532761">
        <ele>7.08599</ele>
        <time>2025-07-02T10:51:43Z</time>
      </trkpt>
      <trkpt lat="22.556277" lon="113.9532728">
        <ele>3.57999</ele>
        <time>2025-07-02T10:51:45Z</time>
      </trkpt>
      <trkpt lat="22.5563053" lon="113.9532701">
        <ele>3.674</ele>
        <time>2025-07-02T10:51:47Z</time>
      </trkpt>
      <trkpt lat="22.5563354" lon="113.9532675">
        <ele>1.442</ele>
        <time>2025-07-02T10:51:49Z</time>
      </trkpt>
      <trkpt lat="22.556369" lon="113.9532669">
        <ele>1.33</ele>
        <time>2025-07-02T10:51:51Z</time>
      </trkpt>
      <trkpt lat="22.5564066" lon="113.953266">
        <ele>0.92699</ele>
        <time>2025-07-02T10:51:53Z</time>
      </trkpt>
      <trkpt lat="22.5564485" lon="113.9532627">
        <ele>0.22699</ele>
        <time>2025-07-02T10:51:55Z</time>
      </trkpt>
      <trkpt lat="22.5564936" lon="113.9532548">
        <ele>-1.169</ele>
        <time>2025-07-02T10:51:57Z</time>
      </trkpt>
      <trkpt lat="22.5565373" lon="113.9532468">
        <ele>-0.05099</ele>
        <time>2025-07-02T10:51:59Z</time>
      </trkpt>
      <trkpt lat="22.5565815" lon="113.9532386">
        <ele>2.875</ele>
        <time>2025-07-02T10:52:01Z</time>
      </trkpt>
      <trkpt lat="22.5566268" lon="113.953232">
        <ele>3.37299</ele>
        <time>2025-07-02T10:52:03Z</time>
      </trkpt>
      <trkpt lat="22.5566693" lon="113.9532277">
        <ele>5.21899</ele>
        <time>2025-07-02T10:52:05Z</time>
      </trkpt>
      <trkpt lat="22.5567068" lon="113.9532273">
        <ele>5.301</ele>
        <time>2025-07-02T10:52:07Z</time>
      </trkpt>
      <trkpt lat="22.5567458" lon="113.953228">
        <ele>3.667</ele>
        <time>2025-07-02T10:52:09Z</time>
      </trkpt>
      <trkpt lat="22.5567824" lon="113.9532288">
        <ele>4.559</ele>
        <time>2025-07-02T10:52:11Z</time>
      </trkpt>
      <trkpt lat="22.5568103" lon="113.9532301">
        <ele>4.66699</ele>
        <time>2025-07-02T10:52:13Z</time>
      </trkpt>
      <trkpt lat="22.5568543" lon="113.9532334">
        <ele>5.73199</ele>
        <time>2025-07-02T10:52:15Z</time>
      </trkpt>
      <trkpt lat="22.5568937" lon="113.9532348">
        <ele>6.714</ele>
        <time>2025-07-02T10:52:17Z</time>
      </trkpt>
      <trkpt lat="22.5569187" lon="113.9532377">
        <ele>7.05399</ele>
        <time>2025-07-02T10:52:19Z</time>
      </trkpt>
      <trkpt lat="22.5569187" lon="113.9532377">
        <ele>7.05399</ele>
        <time>2025-07-02T10:52:20Z</time>
      </trkpt>
      <trkpt lat="22.5674799" lon="113.9529044">
        <ele>10.878</ele>
        <time>2025-07-02T10:52:21Z</time>
      </trkpt>
      <trkpt lat="22.5675296" lon="113.9528762">
        <ele>11.18999</ele>
        <time>2025-07-02T10:52:23Z</time>
      </trkpt>
      <trkpt lat="22.5675615" lon="113.9528594">
        <ele>10.30599</ele>
        <time>2025-07-02T10:52:25Z</time>
      </trkpt>
      <trkpt lat="22.5676023" lon="113.9528393">
        <ele>10.92099</ele>
        <time>2025-07-02T10:52:27Z</time>
      </trkpt>
      <trkpt lat="22.5676414" lon="113.9528216">
        <ele>11.303</ele>
        <time>2025-07-02T10:52:29Z</time>
      </trkpt>
      <trkpt lat="22.5676784" lon="113.9528038">
        <ele>10.84899</ele>
        <time>2025-07-02T10:52:31Z</time>
      </trkpt>
      <trkpt lat="22.5677146" lon="113.9527859">
        <ele>10.20899</ele>
        <time>2025-07-02T10:52:33Z</time>
      </trkpt>
      <trkpt lat="22.567752" lon="113.9527657">
        <ele>10.16199</ele>
        <time>2025-07-02T10:52:35Z</time>
      </trkpt>
      <trkpt lat="22.5677878" lon="113.9527433">
        <ele>11.35299</ele>
        <time>2025-07-02T10:52:37Z</time>
      </trkpt>
      <trkpt lat="22.5678248" lon="113.9527188">
        <ele>11.76799</ele>
        <time>2025-07-02T10:52:39Z</time>
      </trkpt>
      <trkpt lat="22.5678638" lon="113.9526951">
        <ele>12.30599</ele>
        <time>2025-07-02T10:52:41Z</time>
      </trkpt>
      <trkpt lat="22.5679027" lon="113.9526716">
        <ele>12.47299</ele>
        <time>2025-07-02T10:52:43Z</time>
      </trkpt>
      <trkpt lat="22.5679377" lon="113.9526488">
        <ele>12.383</ele>
        <time>2025-07-02T10:52:45Z</time>
      </trkpt>
      <trkpt lat="22.5679711" lon="113.952628">
        <ele>12.08199</ele>
        <time>2025-07-02T10:52:47Z</time>
      </trkpt>
      <trkpt lat="22.5680066" lon="113.952609">
        <ele>10.90799</ele>
        <time>2025-07-02T10:52:49Z</time>
      </trkpt>
      <trkpt lat="22.5680429" lon="113.9525888">
        <ele>9.38399</ele>
        <time>2025-07-02T10:52:51Z</time>
      </trkpt>
      <trkpt lat="22.5680803" lon="113.9525692">
        <ele>9.86499</ele>
        <time>2025-07-02T10:52:53Z</time>
      </trkpt>
      <trkpt lat="22.5681203" lon="113.9525518">
        <ele>9.88399</ele>
        <time>2025-07-02T10:52:55Z</time>
      </trkpt>
      <trkpt lat="22.5681607" lon="113.9525349">
        <ele>9.62699</ele>
        <time>2025-07-02T10:52:57Z</time>
      </trkpt>
      <trkpt lat="22.5681964" lon="113.9525165">
        <ele>10.335</ele>
        <time>2025-07-02T10:52:59Z</time>
      </trkpt>
      <trkpt lat="22.5682331" lon="113.9524979">
        <ele>9.875</ele>
        <time>2025-07-02T10:53:01Z</time>
      </trkpt>
      <trkpt lat="22.5682719" lon="113.9524781">
        <ele>9.65999</ele>
        <time>2025-07-02T10:53:03Z</time>
      </trkpt>
      <trkpt lat="22.5683102" lon="113.9524581">
        <ele>10.602</ele>
        <time>2025-07-02T10:53:05Z</time>
      </trkpt>
      <trkpt lat="22.5683495" lon="113.9524374">
        <ele>11.553</ele>
        <time>2025-07-02T10:53:07Z</time>
      </trkpt>
      <trkpt lat="22.5683896" lon="113.9524174">
        <ele>11.689</ele>
        <time>2025-07-02T10:53:09Z</time>
      </trkpt>
      <trkpt lat="22.5684248" lon="113.9523985">
        <ele>12.336</ele>
        <time>2025-07-02T10:53:11Z</time>
      </trkpt>
      <trkpt lat="22.5684567" lon="113.952381">
        <ele>12.27999</ele>
        <time>2025-07-02T10:53:13Z</time>
      </trkpt>
      <trkpt lat="22.5684886" lon="113.9523633">
        <ele>12.89099</ele>
        <time>2025-07-02T10:53:15Z</time>
      </trkpt>
      <trkpt lat="22.5685189" lon="113.9523464">
        <ele>11.90999</ele>
        <time>2025-07-02T10:53:17Z</time>
      </trkpt>
      <trkpt lat="22.5685498" lon="113.9523296">
        <ele>12.49899</ele>
        <time>2025-07-02T10:53:19Z</time>
      </trkpt>
      <trkpt lat="22.5685824" lon="113.9523141">
        <ele>11.84799</ele>
        <time>2025-07-02T10:53:21Z</time>
      </trkpt>
      <trkpt lat="22.5686165" lon="113.9522978">
        <ele>11.852</ele>
        <time>2025-07-02T10:53:23Z</time>
      </trkpt>
      <trkpt lat="22.5686514" lon="113.9522799">
        <ele>11.48299</ele>
        <time>2025-07-02T10:53:25Z</time>
      </trkpt>
      <trkpt lat="22.5686857" lon="113.9522605">
        <ele>12.293</ele>
        <time>2025-07-02T10:53:27Z</time>
      </trkpt>
      <trkpt lat="22.5687187" lon="113.9522407">
        <ele>13.14</ele>
        <time>2025-07-02T10:53:29Z</time>
      </trkpt>
      <trkpt lat="22.5687516" lon="113.9522193">
        <ele>12.86499</ele>
        <time>2025-07-02T10:53:31Z</time>
      </trkpt>
      <trkpt lat="22.5687829" lon="113.952198">
        <ele>12.38799</ele>
        <time>2025-07-02T10:53:33Z</time>
      </trkpt>
      <trkpt lat="22.5688149" lon="113.9521779">
        <ele>12.302</ele>
        <time>2025-07-02T10:53:35Z</time>
      </trkpt>
      <trkpt lat="22.5688503" lon="113.952159">
        <ele>12.743</ele>
        <time>2025-07-02T10:53:37Z</time>
      </trkpt>
      <trkpt lat="22.5688869" lon="113.9521397">
        <ele>12.751</ele>
        <time>2025-07-02T10:53:39Z</time>
      </trkpt>
      <trkpt lat="22.5689237" lon="113.9521199">
        <ele>12.53899</ele>
        <time>2025-07-02T10:53:41Z</time>
      </trkpt>
      <trkpt lat="22.5689612" lon="113.9521001">
        <ele>13.07699</ele>
        <time>2025-07-02T10:53:43Z</time>
      </trkpt>
      <trkpt lat="22.5689969" lon="113.9520802">
        <ele>13.47099</ele>
        <time>2025-07-02T10:53:45Z</time>
      </trkpt>
      <trkpt lat="22.5690308" lon="113.9520599">
        <ele>13.053</ele>
        <time>2025-07-02T10:53:47Z</time>
      </trkpt>
      <trkpt lat="22.569065" lon="113.9520391">
        <ele>11.99899</ele>
        <time>2025-07-02T10:53:49Z</time>
      </trkpt>
      <trkpt lat="22.5690991" lon="113.9520184">
        <ele>11.21599</ele>
        <time>2025-07-02T10:53:51Z</time>
      </trkpt>
      <trkpt lat="22.5691345" lon="113.9519994">
        <ele>10.463</ele>
        <time>2025-07-02T10:53:53Z</time>
      </trkpt>
      <trkpt lat="22.5691719" lon="113.95198">
        <ele>10.085</ele>
        <time>2025-07-02T10:53:55Z</time>
      </trkpt>
      <trkpt lat="22.5692097" lon="113.9519609">
        <ele>10.151</ele>
        <time>2025-07-02T10:53:57Z</time>
      </trkpt>
      <trkpt lat="22.569247" lon="113.9519423">
        <ele>10.852</ele>
        <time>2025-07-02T10:53:59Z</time>
      </trkpt>
      <trkpt lat="22.5692843" lon="113.9519249">
        <ele>11.123</ele>
        <time>2025-07-02T10:54:01Z</time>
      </trkpt>
      <trkpt lat="22.5693193" lon="113.951906">
        <ele>11.17399</ele>
        <time>2025-07-02T10:54:03Z</time>
      </trkpt>
      <trkpt lat="22.5693534" lon="113.9518858">
        <ele>11.493</ele>
        <time>2025-07-02T10:54:05Z</time>
      </trkpt>
      <trkpt lat="22.5693885" lon="113.9518653">
        <ele>10.343</ele>
        <time>2025-07-02T10:54:07Z</time>
      </trkpt>
      <trkpt lat="22.5694241" lon="113.9518454">
        <ele>9.85799</ele>
        <time>2025-07-02T10:54:09Z</time>
      </trkpt>
      <trkpt lat="22.5694593" lon="113.9518243">
        <ele>10.82699</ele>
        <time>2025-07-02T10:54:11Z</time>
      </trkpt>
      <trkpt lat="22.5694933" lon="113.951803">
        <ele>11.10499</ele>
        <time>2025-07-02T10:54:13Z</time>
      </trkpt>
      <trkpt lat="22.5695257" lon="113.9517839">
        <ele>11.208</ele>
        <time>2025-07-02T10:54:15Z</time>
      </trkpt>
      <trkpt lat="22.5695588" lon="113.9517646">
        <ele>11.262</ele>
        <time>2025-07-02T10:54:17Z</time>
      </trkpt>
      <trkpt lat="22.5695901" lon="113.9517456">
        <ele>12.16199</ele>
        <time>2025-07-02T10:54:19Z</time>
      </trkpt>
      <trkpt lat="22.5696222" lon="113.9517268">
        <ele>13.166</ele>
        <time>2025-07-02T10:54:21Z</time>
      </trkpt>
      <trkpt lat="22.5696555" lon="113.9517086">
        <ele>13.79899</ele>
        <time>2025-07-02T10:54:23Z</time>
      </trkpt>
      <trkpt lat="22.5696905" lon="113.9516892">
        <ele>14.418</ele>
        <time>2025-07-02T10:54:25Z</time>
      </trkpt>
      <trkpt lat="22.5697239" lon="113.9516692">
        <ele>14.02</ele>
        <time>2025-07-02T10:54:27Z</time>
      </trkpt>
      <trkpt lat="22.5697597" lon="113.9516492">
        <ele>13.93799</ele>
        <time>2025-07-02T10:54:29Z</time>
      </trkpt>
      <trkpt lat="22.5697962" lon="113.9516306">
        <ele>12.93</ele>
        <time>2025-07-02T10:54:31Z</time>
      </trkpt>
      <trkpt lat="22.5698349" lon="113.9516112">
        <ele>13.093</ele>
        <time>2025-07-02T10:54:33Z</time>
      </trkpt>
      <trkpt lat="22.5698736" lon="113.9515894">
        <ele>12.85</ele>
        <time>2025-07-02T10:54:35Z</time>
      </trkpt>
      <trkpt lat="22.5699093" lon="113.9515688">
        <ele>13.479</ele>
        <time>2025-07-02T10:54:37Z</time>
      </trkpt>
      <trkpt lat="22.5699436" lon="113.9515486">
        <ele>12.704</ele>
        <time>2025-07-02T10:54:39Z</time>
      </trkpt>
      <trkpt lat="22.5699767" lon="113.9515281">
        <ele>11.543</ele>
        <time>2025-07-02T10:54:41Z</time>
      </trkpt>
      <trkpt lat="22.5700079" lon="113.9515087">
        <ele>12.052</ele>
        <time>2025-07-02T10:54:43Z</time>
      </trkpt>
      <trkpt lat="22.5700374" lon="113.9514911">
        <ele>12.036</ele>
        <time>2025-07-02T10:54:45Z</time>
      </trkpt>
      <trkpt lat="22.5700684" lon="113.9514727">
        <ele>10.923</ele>
        <time>2025-07-02T10:54:47Z</time>
      </trkpt>
      <trkpt lat="22.5701013" lon="113.951454">
        <ele>9.89</ele>
        <time>2025-07-02T10:54:49Z</time>
      </trkpt>
      <trkpt lat="22.5701358" lon="113.9514351">
        <ele>10.241</ele>
        <time>2025-07-02T10:54:51Z</time>
      </trkpt>
      <trkpt lat="22.5701694" lon="113.9514158">
        <ele>12.28899</ele>
        <time>2025-07-02T10:54:53Z</time>
      </trkpt>
      <trkpt lat="22.5702035" lon="113.9513969">
        <ele>12.326</ele>
        <time>2025-07-02T10:54:55Z</time>
      </trkpt>
      <trkpt lat="22.5702382" lon="113.9513778">
        <ele>11.34899</ele>
        <time>2025-07-02T10:54:57Z</time>
      </trkpt>
      <trkpt lat="22.5702706" lon="113.9513583">
        <ele>11.309</ele>
        <time>2025-07-02T10:54:59Z</time>
      </trkpt>
      <trkpt lat="22.5703014" lon="113.9513374">
        <ele>11.11499</ele>
        <time>2025-07-02T10:55:01Z</time>
      </trkpt>
      <trkpt lat="22.5703328" lon="113.951317">
        <ele>11.04599</ele>
        <time>2025-07-02T10:55:03Z</time>
      </trkpt>
      <trkpt lat="22.5703641" lon="113.9512967">
        <ele>9.611</ele>
        <time>2025-07-02T10:55:05Z</time>
      </trkpt>
      <trkpt lat="22.5703989" lon="113.9512767">
        <ele>9.60499</ele>
        <time>2025-07-02T10:55:07Z</time>
      </trkpt>
      <trkpt lat="22.5704347" lon="113.9512552">
        <ele>9.42199</ele>
        <time>2025-07-02T10:55:09Z</time>
      </trkpt>
      <trkpt lat="22.570471" lon="113.951233">
        <ele>9.47599</ele>
        <time>2025-07-02T10:55:11Z</time>
      </trkpt>
      <trkpt lat="22.570507" lon="113.9512108">
        <ele>9.81</ele>
        <time>2025-07-02T10:55:13Z</time>
      </trkpt>
      <trkpt lat="22.5705435" lon="113.9511887">
        <ele>9.678</ele>
        <time>2025-07-02T10:55:15Z</time>
      </trkpt>
      <trkpt lat="22.5705766" lon="113.9511674">
        <ele>8.42099</ele>
        <time>2025-07-02T10:55:17Z</time>
      </trkpt>
      <trkpt lat="22.5706083" lon="113.9511494">
        <ele>8.144</ele>
        <time>2025-07-02T10:55:19Z</time>
      </trkpt>
      <trkpt lat="22.5706402" lon="113.9511336">
        <ele>8.00199</ele>
        <time>2025-07-02T10:55:21Z</time>
      </trkpt>
      <trkpt lat="22.5706712" lon="113.9511186">
        <ele>7.57499</ele>
        <time>2025-07-02T10:55:23Z</time>
      </trkpt>
      <trkpt lat="22.5707025" lon="113.9511053">
        <ele>6.81699</ele>
        <time>2025-07-02T10:55:25Z</time>
      </trkpt>
      <trkpt lat="22.5707333" lon="113.951093">
        <ele>6.802</ele>
        <time>2025-07-02T10:55:27Z</time>
      </trkpt>
      <trkpt lat="22.5707667" lon="113.9510799">
        <ele>7.15299</ele>
        <time>2025-07-02T10:55:29Z</time>
      </trkpt>
      <trkpt lat="22.5707987" lon="113.9510682">
        <ele>7.571</ele>
        <time>2025-07-02T10:55:31Z</time>
      </trkpt>
      <trkpt lat="22.5708316" lon="113.9510569">
        <ele>8.432</ele>
        <time>2025-07-02T10:55:33Z</time>
      </trkpt>
      <trkpt lat="22.5708635" lon="113.9510452">
        <ele>8.977</ele>
        <time>2025-07-02T10:55:35Z</time>
      </trkpt>
      <trkpt lat="22.5708985" lon="113.9510321">
        <ele>9.479</ele>
        <time>2025-07-02T10:55:37Z</time>
      </trkpt>
      <trkpt lat="22.5709308" lon="113.9510194">
        <ele>9.751</ele>
        <time>2025-07-02T10:55:39Z</time>
      </trkpt>
      <trkpt lat="22.5709631" lon="113.9510072">
        <ele>9.416</ele>
        <time>2025-07-02T10:55:41Z</time>
      </trkpt>
      <trkpt lat="22.5709996" lon="113.9509928">
        <ele>9.635</ele>
        <time>2025-07-02T10:55:43Z</time>
      </trkpt>
      <trkpt lat="22.5710391" lon="113.9509767">
        <ele>10.02099</ele>
        <time>2025-07-02T10:55:45Z</time>
      </trkpt>
      <trkpt lat="22.5710796" lon="113.9509597">
        <ele>8.684</ele>
        <time>2025-07-02T10:55:47Z</time>
      </trkpt>
      <trkpt lat="22.5711242" lon="113.9509402">
        <ele>7.99399</ele>
        <time>2025-07-02T10:55:49Z</time>
      </trkpt>
      <trkpt lat="22.5711712" lon="113.9509186">
        <ele>8.71199</ele>
        <time>2025-07-02T10:55:51Z</time>
      </trkpt>
      <trkpt lat="22.5712153" lon="113.9508986">
        <ele>9.55599</ele>
        <time>2025-07-02T10:55:53Z</time>
      </trkpt>
      <trkpt lat="22.5712571" lon="113.9508792">
        <ele>9.26</ele>
        <time>2025-07-02T10:55:55Z</time>
      </trkpt>
      <trkpt lat="22.5712899" lon="113.95086">
        <ele>9.359</ele>
        <time>2025-07-02T10:55:57Z</time>
      </trkpt>
      <trkpt lat="22.5713159" lon="113.9508401">
        <ele>9.335</ele>
        <time>2025-07-02T10:55:59Z</time>
      </trkpt>
      <trkpt lat="22.5713335" lon="113.9508197">
        <ele>9.44299</ele>
        <time>2025-07-02T10:56:01Z</time>
      </trkpt>
      <trkpt lat="22.5713461" lon="113.9507986">
        <ele>9.444</ele>
        <time>2025-07-02T10:56:03Z</time>
      </trkpt>
      <trkpt lat="22.5713667" lon="113.9507722">
        <ele>9.43099</ele>
        <time>2025-07-02T10:56:05Z</time>
      </trkpt>
      <trkpt lat="22.5714078" lon="113.9507519">
        <ele>9.144</ele>
        <time>2025-07-02T10:56:07Z</time>
      </trkpt>
      <trkpt lat="22.5714631" lon="113.9507294">
        <ele>8.43999</ele>
        <time>2025-07-02T10:56:09Z</time>
      </trkpt>
      <trkpt lat="22.5715334" lon="113.9507039">
        <ele>7.676</ele>
        <time>2025-07-02T10:56:11Z</time>
      </trkpt>
      <trkpt lat="22.5716132" lon="113.9506722">
        <ele>5.27099</ele>
        <time>2025-07-02T10:56:13Z</time>
      </trkpt>
      <trkpt lat="22.5716861" lon="113.9506388">
        <ele>7.53299</ele>
        <time>2025-07-02T10:56:19Z</time>
      </trkpt>
      <trkpt lat="22.5717414" lon="113.9506009">
        <ele>9.373</ele>
        <time>2025-07-02T10:56:21Z</time>
      </trkpt>
      <trkpt lat="22.5717846" lon="113.9505681">
        <ele>10.454</ele>
        <time>2025-07-02T10:56:23Z</time>
      </trkpt>
      <trkpt lat="22.571818" lon="113.9505372">
        <ele>12.267</ele>
        <time>2025-07-02T10:56:25Z</time>
      </trkpt>
      <trkpt lat="22.5718442" lon="113.9505122">
        <ele>11.85599</ele>
        <time>2025-07-02T10:56:27Z</time>
      </trkpt>
      <trkpt lat="22.5718689" lon="113.950493">
        <ele>12.22799</ele>
        <time>2025-07-02T10:56:29Z</time>
      </trkpt>
      <trkpt lat="22.5718952" lon="113.9504713">
        <ele>12.54199</ele>
        <time>2025-07-02T10:56:31Z</time>
      </trkpt>
      <trkpt lat="22.5719215" lon="113.9504476">
        <ele>13.02299</ele>
        <time>2025-07-02T10:56:33Z</time>
      </trkpt>
      <trkpt lat="22.5719462" lon="113.9504249">
        <ele>12.454</ele>
        <time>2025-07-02T10:56:35Z</time>
      </trkpt>
      <trkpt lat="22.5719697" lon="113.9504033">
        <ele>13.045</ele>
        <time>2025-07-02T10:56:37Z</time>
      </trkpt>
      <trkpt lat="22.5719907" lon="113.9503812">
        <ele>13.02799</ele>
        <time>2025-07-02T10:56:39Z</time>
      </trkpt>
      <trkpt lat="22.5720126" lon="113.9503577">
        <ele>14.159</ele>
        <time>2025-07-02T10:56:41Z</time>
      </trkpt>
      <trkpt lat="22.5720388" lon="113.9503316">
        <ele>14.99199</ele>
        <time>2025-07-02T10:56:43Z</time>
      </trkpt>
      <trkpt lat="22.572067" lon="113.9503044">
        <ele>15.352</ele>
        <time>2025-07-02T10:56:45Z</time>
      </trkpt>
      <trkpt lat="22.5720958" lon="113.9502744">
        <ele>16.787</ele>
        <time>2025-07-02T10:56:47Z</time>
      </trkpt>
      <trkpt lat="22.5721233" lon="113.950243">
        <ele>15.75199</ele>
        <time>2025-07-02T10:56:49Z</time>
      </trkpt>
      <trkpt lat="22.5721448" lon="113.9502113">
        <ele>14.81999</ele>
        <time>2025-07-02T10:56:51Z</time>
      </trkpt>
      <trkpt lat="22.572157" lon="113.9501813">
        <ele>14.52999</ele>
        <time>2025-07-02T10:56:53Z</time>
      </trkpt>
      <trkpt lat="22.5721646" lon="113.9501507">
        <ele>17.45</ele>
        <time>2025-07-02T10:56:55Z</time>
      </trkpt>
      <trkpt lat="22.5721693" lon="113.9501199">
        <ele>18.81699</ele>
        <time>2025-07-02T10:56:57Z</time>
      </trkpt>
      <trkpt lat="22.5721717" lon="113.9500903">
        <ele>19.69</ele>
        <time>2025-07-02T10:56:59Z</time>
      </trkpt>
      <trkpt lat="22.5721734" lon="113.9500677">
        <ele>19.527</ele>
        <time>2025-07-02T10:57:01Z</time>
      </trkpt>
      <trkpt lat="22.5721763" lon="113.9500341">
        <ele>19.426</ele>
        <time>2025-07-02T10:57:03Z</time>
      </trkpt>
    </trkseg>
  </trk>
</gpx>