<?xml version="1.0" encoding="UTF-8"?>
<gpx xmlns="http://www.topografix.com/GPX/1/1" xmlns:gpxtpx="http://www.garmin.com/xmlschemas/TrackPointExtension/v1" xmlns:xsi="http://www.w3.org/2001/XMLSchema-instance" xsi:schemaLocation="http://www.topografix.com/GPX/1/1 http://www.topografix.com/GPX/1/1/gpx.xsd" version="1.1" creator="gpx.py -- https://github.com/tkrajina/gpxpy">
  <trk>
    <name>gpx from codoon</name>
    <type>Run</type>
    <trkseg>
      <trkpt lat="22.5744097" lon="113.943649">
        <ele>22.238</ele>
        <time>2025-07-09T10:10:41Z</time>
      </trkpt>
      <trkpt lat="22.5743345" lon="113.9436578">
        <ele>23.45899</ele>
        <time>2025-07-09T10:10:44Z</time>
      </trkpt>
      <trkpt lat="22.5742872" lon="113.9436621">
        <ele>24.868</ele>
        <time>2025-07-09T10:10:46Z</time>
      </trkpt>
      <trkpt lat="22.574229" lon="113.9436659">
        <ele>25.84</ele>
        <time>2025-07-09T10:10:48Z</time>
      </trkpt>
      <trkpt lat="22.5741765" lon="113.9436687">
        <ele>26.26499</ele>
        <time>2025-07-09T10:10:50Z</time>
      </trkpt>
      <trkpt lat="22.5741266" lon="113.9436705">
        <ele>28.48699</ele>
        <time>2025-07-09T10:10:52Z</time>
      </trkpt>
      <trkpt lat="22.5740808" lon="113.94367">
        <ele>29.159</ele>
        <time>2025-07-09T10:10:54Z</time>
      </trkpt>
      <trkpt lat="22.5740386" lon="113.9436671">
        <ele>28.11499</ele>
        <time>2025-07-09T10:10:56Z</time>
      </trkpt>
      <trkpt lat="22.5739988" lon="113.9436656">
        <ele>27.15999</ele>
        <time>2025-07-09T10:10:58Z</time>
      </trkpt>
      <trkpt lat="22.5739588" lon="113.9436653">
        <ele>26.958</ele>
        <time>2025-07-09T10:11:00Z</time>
      </trkpt>
      <trkpt lat="22.5739173" lon="113.9436648">
        <ele>25.58399</ele>
        <time>2025-07-09T10:11:02Z</time>
      </trkpt>
      <trkpt lat="22.5738749" lon="113.9436666">
        <ele>26.121</ele>
        <time>2025-07-09T10:11:04Z</time>
      </trkpt>
      <trkpt lat="22.573833" lon="113.9436718">
        <ele>26.238</ele>
        <time>2025-07-09T10:11:06Z</time>
      </trkpt>
      <trkpt lat="22.5737903" lon="113.943677">
        <ele>26.51</ele>
        <time>2025-07-09T10:11:08Z</time>
      </trkpt>
      <trkpt lat="22.573749" lon="113.94368">
        <ele>26.339</ele>
        <time>2025-07-09T10:11:10Z</time>
      </trkpt>
      <trkpt lat="22.5737102" lon="113.9436804">
        <ele>25.16799</ele>
        <time>2025-07-09T10:11:12Z</time>
      </trkpt>
      <trkpt lat="22.5736708" lon="113.9436795">
        <ele>25.753</ele>
        <time>2025-07-09T10:11:14Z</time>
      </trkpt>
      <trkpt lat="22.5736295" lon="113.9436787">
        <ele>25.47299</ele>
        <time>2025-07-09T10:11:16Z</time>
      </trkpt>
      <trkpt lat="22.5735892" lon="113.9436767">
        <ele>25.361</ele>
        <time>2025-07-09T10:11:18Z</time>
      </trkpt>
      <trkpt lat="22.5735515" lon="113.943675">
        <ele>25.099</ele>
        <time>2025-07-09T10:11:20Z</time>
      </trkpt>
      <trkpt lat="22.5735127" lon="113.9436752">
        <ele>24.736</ele>
        <time>2025-07-09T10:11:22Z</time>
      </trkpt>
      <trkpt lat="22.5734734" lon="113.9436776">
        <ele>23.215</ele>
        <time>2025-07-09T10:11:24Z</time>
      </trkpt>
      <trkpt lat="22.573438" lon="113.9436793">
        <ele>23.739</ele>
        <time>2025-07-09T10:11:26Z</time>
      </trkpt>
      <trkpt lat="22.5734046" lon="113.9436797">
        <ele>22.766</ele>
        <time>2025-07-09T10:11:28Z</time>
      </trkpt>
      <trkpt lat="22.5733695" lon="113.9436791">
        <ele>24.01099</ele>
        <time>2025-07-09T10:11:30Z</time>
      </trkpt>
      <trkpt lat="22.5733337" lon="113.9436781">
        <ele>24.242</ele>
        <time>2025-07-09T10:11:32Z</time>
      </trkpt>
      <trkpt lat="22.5732981" lon="113.9436762">
        <ele>23.075</ele>
        <time>2025-07-09T10:11:34Z</time>
      </trkpt>
      <trkpt lat="22.573259" lon="113.9436741">
        <ele>22.534</ele>
        <time>2025-07-09T10:11:36Z</time>
      </trkpt>
      <trkpt lat="22.5732161" lon="113.943674">
        <ele>19.52099</ele>
        <time>2025-07-09T10:11:38Z</time>
      </trkpt>
      <trkpt lat="22.5731721" lon="113.9436767">
        <ele>19.958</ele>
        <time>2025-07-09T10:11:40Z</time>
      </trkpt>
      <trkpt lat="22.5731258" lon="113.9436799">
        <ele>19.224</ele>
        <time>2025-07-09T10:11:42Z</time>
      </trkpt>
      <trkpt lat="22.5730795" lon="113.943681">
        <ele>19.24699</ele>
        <time>2025-07-09T10:11:44Z</time>
      </trkpt>
      <trkpt lat="22.5730333" lon="113.9436801">
        <ele>20.66399</ele>
        <time>2025-07-09T10:11:46Z</time>
      </trkpt>
      <trkpt lat="22.5729892" lon="113.9436784">
        <ele>22.634</ele>
        <time>2025-07-09T10:11:48Z</time>
      </trkpt>
      <trkpt lat="22.5729489" lon="113.9436756">
        <ele>23.475</ele>
        <time>2025-07-09T10:11:50Z</time>
      </trkpt>
      <trkpt lat="22.5729137" lon="113.9436702">
        <ele>22.80999</ele>
        <time>2025-07-09T10:11:52Z</time>
      </trkpt>
      <trkpt lat="22.5728802" lon="113.9436659">
        <ele>21.98999</ele>
        <time>2025-07-09T10:11:54Z</time>
      </trkpt>
      <trkpt lat="22.5728474" lon="113.943665">
        <ele>21.434</ele>
        <time>2025-07-09T10:11:56Z</time>
      </trkpt>
      <trkpt lat="22.572813" lon="113.943666">
        <ele>20.759</ele>
        <time>2025-07-09T10:11:58Z</time>
      </trkpt>
      <trkpt lat="22.5727749" lon="113.9436681">
        <ele>20.745</ele>
        <time>2025-07-09T10:12:00Z</time>
      </trkpt>
      <trkpt lat="22.5727353" lon="113.9436728">
        <ele>20.464</ele>
        <time>2025-07-09T10:12:02Z</time>
      </trkpt>
      <trkpt lat="22.5726944" lon="113.94368">
        <ele>19.495</ele>
        <time>2025-07-09T10:12:04Z</time>
      </trkpt>
      <trkpt lat="22.5726519" lon="113.9436884">
        <ele>19.854</ele>
        <time>2025-07-09T10:12:06Z</time>
      </trkpt>
      <trkpt lat="22.5726083" lon="113.9436949">
        <ele>18.412</ele>
        <time>2025-07-09T10:12:08Z</time>
      </trkpt>
      <trkpt lat="22.572565" lon="113.9436979">
        <ele>19.00099</ele>
        <time>2025-07-09T10:12:10Z</time>
      </trkpt>
      <trkpt lat="22.5725209" lon="113.9436988">
        <ele>19.774</ele>
        <time>2025-07-09T10:12:12Z</time>
      </trkpt>
      <trkpt lat="22.5724767" lon="113.9436983">
        <ele>20.361</ele>
        <time>2025-07-09T10:12:14Z</time>
      </trkpt>
      <trkpt lat="22.5724328" lon="113.9436953">
        <ele>20.343</ele>
        <time>2025-07-09T10:12:16Z</time>
      </trkpt>
      <trkpt lat="22.5723888" lon="113.9436929">
        <ele>21.23699</ele>
        <time>2025-07-09T10:12:18Z</time>
      </trkpt>
      <trkpt lat="22.5723447" lon="113.9436935">
        <ele>21.878</ele>
        <time>2025-07-09T10:12:20Z</time>
      </trkpt>
      <trkpt lat="22.5722988" lon="113.9436968">
        <ele>21.47299</ele>
        <time>2025-07-09T10:12:22Z</time>
      </trkpt>
      <trkpt lat="22.5722527" lon="113.9436993">
        <ele>20.048</ele>
        <time>2025-07-09T10:12:24Z</time>
      </trkpt>
      <trkpt lat="22.572207" lon="113.9437014">
        <ele>19.589</ele>
        <time>2025-07-09T10:12:26Z</time>
      </trkpt>
      <trkpt lat="22.5721614" lon="113.9437026">
        <ele>21.138</ele>
        <time>2025-07-09T10:12:28Z</time>
      </trkpt>
      <trkpt lat="22.5721143" lon="113.9437018">
        <ele>22.14599</ele>
        <time>2025-07-09T10:12:30Z</time>
      </trkpt>
      <trkpt lat="22.5720676" lon="113.9436995">
        <ele>21.47699</ele>
        <time>2025-07-09T10:12:32Z</time>
      </trkpt>
      <trkpt lat="22.5720197" lon="113.9436974">
        <ele>23.538</ele>
        <time>2025-07-09T10:12:34Z</time>
      </trkpt>
      <trkpt lat="22.571973" lon="113.9436958">
        <ele>23.093</ele>
        <time>2025-07-09T10:12:36Z</time>
      </trkpt>
      <trkpt lat="22.5719291" lon="113.9436959">
        <ele>22.50099</ele>
        <time>2025-07-09T10:12:38Z</time>
      </trkpt>
      <trkpt lat="22.5718876" lon="113.943699">
        <ele>21.089</ele>
        <time>2025-07-09T10:12:40Z</time>
      </trkpt>
      <trkpt lat="22.5718479" lon="113.9437052">
        <ele>19.66099</ele>
        <time>2025-07-09T10:12:42Z</time>
      </trkpt>
      <trkpt lat="22.5718124" lon="113.9437156">
        <ele>20.00699</ele>
        <time>2025-07-09T10:12:44Z</time>
      </trkpt>
      <trkpt lat="22.5717811" lon="113.9437334">
        <ele>20.375</ele>
        <time>2025-07-09T10:12:46Z</time>
      </trkpt>
      <trkpt lat="22.5717546" lon="113.9437597">
        <ele>19.83099</ele>
        <time>2025-07-09T10:12:48Z</time>
      </trkpt>
      <trkpt lat="22.5717353" lon="113.9437929">
        <ele>19.35499</ele>
        <time>2025-07-09T10:12:50Z</time>
      </trkpt>
      <trkpt lat="22.5717238" lon="113.9438293">
        <ele>19.05599</ele>
        <time>2025-07-09T10:12:52Z</time>
      </trkpt>
      <trkpt lat="22.5717189" lon="113.9438672">
        <ele>18.67499</ele>
        <time>2025-07-09T10:12:54Z</time>
      </trkpt>
      <trkpt lat="22.5717196" lon="113.9439055">
        <ele>17.62</ele>
        <time>2025-07-09T10:12:56Z</time>
      </trkpt>
      <trkpt lat="22.5717235" lon="113.9439415">
        <ele>18.121</ele>
        <time>2025-07-09T10:12:58Z</time>
      </trkpt>
      <trkpt lat="22.5717284" lon="113.9439767">
        <ele>17.843</ele>
        <time>2025-07-09T10:13:00Z</time>
      </trkpt>
      <trkpt lat="22.5717332" lon="113.9440141">
        <ele>17.38999</ele>
        <time>2025-07-09T10:13:02Z</time>
      </trkpt>
      <trkpt lat="22.5717376" lon="113.9440543">
        <ele>18.05299</ele>
        <time>2025-07-09T10:13:04Z</time>
      </trkpt>
      <trkpt lat="22.5717404" lon="113.9440933">
        <ele>18.79999</ele>
        <time>2025-07-09T10:13:06Z</time>
      </trkpt>
      <trkpt lat="22.5717418" lon="113.9441327">
        <ele>20.36499</ele>
        <time>2025-07-09T10:13:08Z</time>
      </trkpt>
      <trkpt lat="22.5717422" lon="113.9441697">
        <ele>21.708</ele>
        <time>2025-07-09T10:13:10Z</time>
      </trkpt>
      <trkpt lat="22.5717416" lon="113.9442046">
        <ele>21.45599</ele>
        <time>2025-07-09T10:13:12Z</time>
      </trkpt>
      <trkpt lat="22.5717398" lon="113.9442374">
        <ele>21.01099</ele>
        <time>2025-07-09T10:13:14Z</time>
      </trkpt>
      <trkpt lat="22.5717392" lon="113.9442698">
        <ele>19.829</ele>
        <time>2025-07-09T10:13:16Z</time>
      </trkpt>
      <trkpt lat="22.571739" lon="113.9443046">
        <ele>20.25399</ele>
        <time>2025-07-09T10:13:18Z</time>
      </trkpt>
      <trkpt lat="22.5717384" lon="113.9443447">
        <ele>19.891</ele>
        <time>2025-07-09T10:13:20Z</time>
      </trkpt>
      <trkpt lat="22.5717398" lon="113.9443865">
        <ele>20.20899</ele>
        <time>2025-07-09T10:13:22Z</time>
      </trkpt>
      <trkpt lat="22.5717428" lon="113.9444286">
        <ele>20.35199</ele>
        <time>2025-07-09T10:13:24Z</time>
      </trkpt>
      <trkpt lat="22.5717449" lon="113.9444724">
        <ele>21.52099</ele>
        <time>2025-07-09T10:13:26Z</time>
      </trkpt>
      <trkpt lat="22.5717469" lon="113.9445156">
        <ele>21.42099</ele>
        <time>2025-07-09T10:13:28Z</time>
      </trkpt>
      <trkpt lat="22.5717479" lon="113.9445553">
        <ele>21.406</ele>
        <time>2025-07-09T10:13:30Z</time>
      </trkpt>
      <trkpt lat="22.5717469" lon="113.9445953">
        <ele>21.613</ele>
        <time>2025-07-09T10:13:32Z</time>
      </trkpt>
      <trkpt lat="22.5717449" lon="113.9446378">
        <ele>21.01499</ele>
        <time>2025-07-09T10:13:34Z</time>
      </trkpt>
      <trkpt lat="22.5717431" lon="113.9446795">
        <ele>21.17799</ele>
        <time>2025-07-09T10:13:36Z</time>
      </trkpt>
      <trkpt lat="22.5717416" lon="113.9447196">
        <ele>19.86599</ele>
        <time>2025-07-09T10:13:38Z</time>
      </trkpt>
      <trkpt lat="22.5717418" lon="113.9447595">
        <ele>19.482</ele>
        <time>2025-07-09T10:13:40Z</time>
      </trkpt>
      <trkpt lat="22.5717421" lon="113.9448013">
        <ele>17.995</ele>
        <time>2025-07-09T10:13:42Z</time>
      </trkpt>
      <trkpt lat="22.5717421" lon="113.9448431">
        <ele>17.861</ele>
        <time>2025-07-09T10:13:44Z</time>
      </trkpt>
      <trkpt lat="22.5717431" lon="113.9448864">
        <ele>17.385</ele>
        <time>2025-07-09T10:13:46Z</time>
      </trkpt>
      <trkpt lat="22.5717451" lon="113.9449297">
        <ele>18.054</ele>
        <time>2025-07-09T10:13:48Z</time>
      </trkpt>
      <trkpt lat="22.5717443" lon="113.9449761">
        <ele>18.20999</ele>
        <time>2025-07-09T10:13:50Z</time>
      </trkpt>
      <trkpt lat="22.5717419" lon="113.9450241">
        <ele>17.32999</ele>
        <time>2025-07-09T10:13:52Z</time>
      </trkpt>
      <trkpt lat="22.5717414" lon="113.9450712">
        <ele>18.29299</ele>
        <time>2025-07-09T10:13:54Z</time>
      </trkpt>
      <trkpt lat="22.5717405" lon="113.9451187">
        <ele>17.826</ele>
        <time>2025-07-09T10:13:56Z</time>
      </trkpt>
      <trkpt lat="22.5717367" lon="113.9451674">
        <ele>18.943</ele>
        <time>2025-07-09T10:13:58Z</time>
      </trkpt>
      <trkpt lat="22.5717343" lon="113.9452133">
        <ele>19.412</ele>
        <time>2025-07-09T10:14:00Z</time>
      </trkpt>
      <trkpt lat="22.5717349" lon="113.9452568">
        <ele>19.47299</ele>
        <time>2025-07-09T10:14:02Z</time>
      </trkpt>
      <trkpt lat="22.5717351" lon="113.945299">
        <ele>19.32099</ele>
        <time>2025-07-09T10:14:04Z</time>
      </trkpt>
      <trkpt lat="22.571735" lon="113.9453391">
        <ele>20.648</ele>
        <time>2025-07-09T10:14:06Z</time>
      </trkpt>
      <trkpt lat="22.571736" lon="113.9453776">
        <ele>22.42399</ele>
        <time>2025-07-09T10:14:08Z</time>
      </trkpt>
      <trkpt lat="22.5717387" lon="113.9454156">
        <ele>23.68899</ele>
        <time>2025-07-09T10:14:10Z</time>
      </trkpt>
      <trkpt lat="22.5717408" lon="113.9454513">
        <ele>24.85499</ele>
        <time>2025-07-09T10:14:12Z</time>
      </trkpt>
      <trkpt lat="22.5717412" lon="113.9454888">
        <ele>25.693</ele>
        <time>2025-07-09T10:14:14Z</time>
      </trkpt>
      <trkpt lat="22.5717398" lon="113.9455275">
        <ele>25.66099</ele>
        <time>2025-07-09T10:14:16Z</time>
      </trkpt>
      <trkpt lat="22.5717374" lon="113.9455669">
        <ele>24.37199</ele>
        <time>2025-07-09T10:14:18Z</time>
      </trkpt>
      <trkpt lat="22.571733" lon="113.9456066">
        <ele>25.291</ele>
        <time>2025-07-09T10:14:20Z</time>
      </trkpt>
      <trkpt lat="22.5717273" lon="113.9456482">
        <ele>26.045</ele>
        <time>2025-07-09T10:14:22Z</time>
      </trkpt>
      <trkpt lat="22.571723" lon="113.9456891">
        <ele>25.19099</ele>
        <time>2025-07-09T10:14:24Z</time>
      </trkpt>
      <trkpt lat="22.5717201" lon="113.9457282">
        <ele>24.82299</ele>
        <time>2025-07-09T10:14:26Z</time>
      </trkpt>
      <trkpt lat="22.571718" lon="113.9457649">
        <ele>23.48699</ele>
        <time>2025-07-09T10:14:28Z</time>
      </trkpt>
      <trkpt lat="22.5717177" lon="113.9457992">
        <ele>23.301</ele>
        <time>2025-07-09T10:14:30Z</time>
      </trkpt>
      <trkpt lat="22.5717186" lon="113.9458328">
        <ele>22.42499</ele>
        <time>2025-07-09T10:14:32Z</time>
      </trkpt>
      <trkpt lat="22.571718" lon="113.9458663">
        <ele>21.14599</ele>
        <time>2025-07-09T10:14:34Z</time>
      </trkpt>
      <trkpt lat="22.5717146" lon="113.9459018">
        <ele>19.99099</ele>
        <time>2025-07-09T10:14:36Z</time>
      </trkpt>
      <trkpt lat="22.5717117" lon="113.9459386">
        <ele>20.677</ele>
        <time>2025-07-09T10:14:38Z</time>
      </trkpt>
      <trkpt lat="22.571709" lon="113.9459787">
        <ele>19.086</ele>
        <time>2025-07-09T10:14:40Z</time>
      </trkpt>
      <trkpt lat="22.5717067" lon="113.94602">
        <ele>17.59199</ele>
        <time>2025-07-09T10:14:42Z</time>
      </trkpt>
      <trkpt lat="22.5717058" lon="113.9460617">
        <ele>16.568</ele>
        <time>2025-07-09T10:14:44Z</time>
      </trkpt>
      <trkpt lat="22.5717065" lon="113.9461031">
        <ele>15.329</ele>
        <time>2025-07-09T10:14:46Z</time>
      </trkpt>
      <trkpt lat="22.5717091" lon="113.9461452">
        <ele>13.788</ele>
        <time>2025-07-09T10:14:48Z</time>
      </trkpt>
      <trkpt lat="22.5717144" lon="113.9461886">
        <ele>14.597</ele>
        <time>2025-07-09T10:14:50Z</time>
      </trkpt>
      <trkpt lat="22.5717201" lon="113.946236">
        <ele>14.65799</ele>
        <time>2025-07-09T10:14:52Z</time>
      </trkpt>
      <trkpt lat="22.5717243" lon="113.9462874">
        <ele>15.961</ele>
        <time>2025-07-09T10:14:54Z</time>
      </trkpt>
      <trkpt lat="22.5717276" lon="113.9463384">
        <ele>16.513</ele>
        <time>2025-07-09T10:14:56Z</time>
      </trkpt>
      <trkpt lat="22.5717289" lon="113.9463896">
        <ele>18.992</ele>
        <time>2025-07-09T10:14:58Z</time>
      </trkpt>
      <trkpt lat="22.5717283" lon="113.9464385">
        <ele>19.19899</ele>
        <time>2025-07-09T10:15:00Z</time>
      </trkpt>
      <trkpt lat="22.5717291" lon="113.9464816">
        <ele>19.475</ele>
        <time>2025-07-09T10:15:02Z</time>
      </trkpt>
      <trkpt lat="22.5717317" lon="113.9465218">
        <ele>19.52499</ele>
        <time>2025-07-09T10:15:04Z</time>
      </trkpt>
      <trkpt lat="22.5717357" lon="113.9465628">
        <ele>19.363</ele>
        <time>2025-07-09T10:15:06Z</time>
      </trkpt>
      <trkpt lat="22.571741" lon="113.9466035">
        <ele>20.291</ele>
        <time>2025-07-09T10:15:08Z</time>
      </trkpt>
      <trkpt lat="22.5717455" lon="113.9466432">
        <ele>22.027</ele>
        <time>2025-07-09T10:15:10Z</time>
      </trkpt>
      <trkpt lat="22.5717468" lon="113.9466884">
        <ele>23.18099</ele>
        <time>2025-07-09T10:15:12Z</time>
      </trkpt>
      <trkpt lat="22.5717463" lon="113.9467338">
        <ele>23.701</ele>
        <time>2025-07-09T10:15:14Z</time>
      </trkpt>
      <trkpt lat="22.571746" lon="113.9467798">
        <ele>25.082</ele>
        <time>2025-07-09T10:15:16Z</time>
      </trkpt>
      <trkpt lat="22.5717444" lon="113.9468257">
        <ele>24.28599</ele>
        <time>2025-07-09T10:15:18Z</time>
      </trkpt>
      <trkpt lat="22.5717408" lon="113.9468731">
        <ele>23.85199</ele>
        <time>2025-07-09T10:15:20Z</time>
      </trkpt>
      <trkpt lat="22.5717363" lon="113.9469175">
        <ele>23.683</ele>
        <time>2025-07-09T10:15:22Z</time>
      </trkpt>
      <trkpt lat="22.5717315" lon="113.9469609">
        <ele>22.14699</ele>
        <time>2025-07-09T10:15:24Z</time>
      </trkpt>
      <trkpt lat="22.5717263" lon="113.9470011">
        <ele>20.916</ele>
        <time>2025-07-09T10:15:26Z</time>
      </trkpt>
      <trkpt lat="22.5717216" lon="113.9470437">
        <ele>19.54999</ele>
        <time>2025-07-09T10:15:28Z</time>
      </trkpt>
      <trkpt lat="22.5717189" lon="113.947083">
        <ele>18.506</ele>
        <time>2025-07-09T10:15:30Z</time>
      </trkpt>
      <trkpt lat="22.5717186" lon="113.947119">
        <ele>17.381</ele>
        <time>2025-07-09T10:15:32Z</time>
      </trkpt>
      <trkpt lat="22.5717221" lon="113.9471547">
        <ele>16.73699</ele>
        <time>2025-07-09T10:15:34Z</time>
      </trkpt>
      <trkpt lat="22.5717272" lon="113.9471922">
        <ele>18.06699</ele>
        <time>2025-07-09T10:15:36Z</time>
      </trkpt>
      <trkpt lat="22.5717306" lon="113.9472278">
        <ele>16.406</ele>
        <time>2025-07-09T10:15:38Z</time>
      </trkpt>
      <trkpt lat="22.5717356" lon="113.9472671">
        <ele>19.944</ele>
        <time>2025-07-09T10:15:40Z</time>
      </trkpt>
      <trkpt lat="22.5717421" lon="113.9473085">
        <ele>21.919</ele>
        <time>2025-07-09T10:15:42Z</time>
      </trkpt>
      <trkpt lat="22.5717469" lon="113.9473513">
        <ele>21.933</ele>
        <time>2025-07-09T10:15:44Z</time>
      </trkpt>
      <trkpt lat="22.571752" lon="113.9473968">
        <ele>23.649</ele>
        <time>2025-07-09T10:15:46Z</time>
      </trkpt>
      <trkpt lat="22.571758" lon="113.9474426">
        <ele>25.964</ele>
        <time>2025-07-09T10:15:48Z</time>
      </trkpt>
      <trkpt lat="22.5717599" lon="113.9474896">
        <ele>29.02</ele>
        <time>2025-07-09T10:15:50Z</time>
      </trkpt>
      <trkpt lat="22.5717602" lon="113.9475361">
        <ele>31.981</ele>
        <time>2025-07-09T10:15:52Z</time>
      </trkpt>
      <trkpt lat="22.5717612" lon="113.9475798">
        <ele>32.337</ele>
        <time>2025-07-09T10:15:54Z</time>
      </trkpt>
      <trkpt lat="22.5717604" lon="113.94762">
        <ele>30.068</ele>
        <time>2025-07-09T10:15:56Z</time>
      </trkpt>
      <trkpt lat="22.5717601" lon="113.9476591">
        <ele>29.42099</ele>
        <time>2025-07-09T10:15:58Z</time>
      </trkpt>
      <trkpt lat="22.5717625" lon="113.9476976">
        <ele>29.902</ele>
        <time>2025-07-09T10:16:00Z</time>
      </trkpt>
      <trkpt lat="22.5717644" lon="113.947742">
        <ele>28.80299</ele>
        <time>2025-07-09T10:16:02Z</time>
      </trkpt>
      <trkpt lat="22.5717647" lon="113.9477903">
        <ele>30.377</ele>
        <time>2025-07-09T10:16:04Z</time>
      </trkpt>
      <trkpt lat="22.5717657" lon="113.9478383">
        <ele>30.03199</ele>
        <time>2025-07-09T10:16:06Z</time>
      </trkpt>
      <trkpt lat="22.5717661" lon="113.9478857">
        <ele>30.70299</ele>
        <time>2025-07-09T10:16:08Z</time>
      </trkpt>
      <trkpt lat="22.5717649" lon="113.9479299">
        <ele>29.499</ele>
        <time>2025-07-09T10:16:10Z</time>
      </trkpt>
      <trkpt lat="22.5717629" lon="113.9479681">
        <ele>28.42799</ele>
        <time>2025-07-09T10:16:12Z</time>
      </trkpt>
      <trkpt lat="22.5717595" lon="113.9480035">
        <ele>27.957</ele>
        <time>2025-07-09T10:16:14Z</time>
      </trkpt>
      <trkpt lat="22.5717557" lon="113.94804">
        <ele>28.33699</ele>
        <time>2025-07-09T10:16:16Z</time>
      </trkpt>
      <trkpt lat="22.571754" lon="113.9480795">
        <ele>30.749</ele>
        <time>2025-07-09T10:16:18Z</time>
      </trkpt>
      <trkpt lat="22.5717558" lon="113.9481194">
        <ele>30.436</ele>
        <time>2025-07-09T10:16:20Z</time>
      </trkpt>
      <trkpt lat="22.571759" lon="113.9481578">
        <ele>27.881</ele>
        <time>2025-07-09T10:16:22Z</time>
      </trkpt>
      <trkpt lat="22.5717642" lon="113.9481931">
        <ele>26.618</ele>
        <time>2025-07-09T10:16:24Z</time>
      </trkpt>
      <trkpt lat="22.5717714" lon="113.948227">
        <ele>28.71899</ele>
        <time>2025-07-09T10:16:26Z</time>
      </trkpt>
      <trkpt lat="22.5717798" lon="113.9482598">
        <ele>26.64699</ele>
        <time>2025-07-09T10:16:28Z</time>
      </trkpt>
      <trkpt lat="22.571786" lon="113.9482975">
        <ele>24.34099</ele>
        <time>2025-07-09T10:16:30Z</time>
      </trkpt>
      <trkpt lat="22.5717898" lon="113.9483386">
        <ele>24.51199</ele>
        <time>2025-07-09T10:16:32Z</time>
      </trkpt>
      <trkpt lat="22.5717923" lon="113.948387">
        <ele>23.756</ele>
        <time>2025-07-09T10:16:34Z</time>
      </trkpt>
      <trkpt lat="22.5717925" lon="113.9484399">
        <ele>21.863</ele>
        <time>2025-07-09T10:16:36Z</time>
      </trkpt>
      <trkpt lat="22.5717886" lon="113.9484961">
        <ele>20.433</ele>
        <time>2025-07-09T10:16:38Z</time>
      </trkpt>
      <trkpt lat="22.5717849" lon="113.9485501">
        <ele>21.79899</ele>
        <time>2025-07-09T10:16:40Z</time>
      </trkpt>
      <trkpt lat="22.5717849" lon="113.9485996">
        <ele>22.187</ele>
        <time>2025-07-09T10:16:42Z</time>
      </trkpt>
      <trkpt lat="22.5717866" lon="113.9486429">
        <ele>20.731</ele>
        <time>2025-07-09T10:16:44Z</time>
      </trkpt>
      <trkpt lat="22.5717882" lon="113.9486837">
        <ele>21.197</ele>
        <time>2025-07-09T10:16:46Z</time>
      </trkpt>
      <trkpt lat="22.5717909" lon="113.9487221">
        <ele>23.298</ele>
        <time>2025-07-09T10:16:48Z</time>
      </trkpt>
      <trkpt lat="22.571793" lon="113.948761">
        <ele>25.433</ele>
        <time>2025-07-09T10:16:50Z</time>
      </trkpt>
      <trkpt lat="22.5717925" lon="113.9488036">
        <ele>23.951</ele>
        <time>2025-07-09T10:16:52Z</time>
      </trkpt>
      <trkpt lat="22.571791" lon="113.9488467">
        <ele>24.243</ele>
        <time>2025-07-09T10:16:54Z</time>
      </trkpt>
      <trkpt lat="22.5717887" lon="113.9488895">
        <ele>23.69199</ele>
        <time>2025-07-09T10:16:56Z</time>
      </trkpt>
      <trkpt lat="22.5717865" lon="113.9489311">
        <ele>23.544</ele>
        <time>2025-07-09T10:16:58Z</time>
      </trkpt>
      <trkpt lat="22.5717867" lon="113.9489719">
        <ele>23.055</ele>
        <time>2025-07-09T10:17:00Z</time>
      </trkpt>
      <trkpt lat="22.571788" lon="113.9490127">
        <ele>20.384</ele>
        <time>2025-07-09T10:17:02Z</time>
      </trkpt>
      <trkpt lat="22.5717883" lon="113.9490582">
        <ele>14.121</ele>
        <time>2025-07-09T10:17:04Z</time>
      </trkpt>
      <trkpt lat="22.571788" lon="113.949108">
        <ele>14.34399</ele>
        <time>2025-07-09T10:17:06Z</time>
      </trkpt>
      <trkpt lat="22.5717869" lon="113.9491593">
        <ele>14.604</ele>
        <time>2025-07-09T10:17:08Z</time>
      </trkpt>
      <trkpt lat="22.5717819" lon="113.9492122">
        <ele>14.80399</ele>
        <time>2025-07-09T10:17:10Z</time>
      </trkpt>
      <trkpt lat="22.5717735" lon="113.9492648">
        <ele>16.13899</ele>
        <time>2025-07-09T10:17:12Z</time>
      </trkpt>
      <trkpt lat="22.571765" lon="113.9493138">
        <ele>16.128</ele>
        <time>2025-07-09T10:17:14Z</time>
      </trkpt>
      <trkpt lat="22.571759" lon="113.9493578">
        <ele>15.501</ele>
        <time>2025-07-09T10:17:16Z</time>
      </trkpt>
      <trkpt lat="22.5717553" lon="113.9494">
        <ele>14.72299</ele>
        <time>2025-07-09T10:17:18Z</time>
      </trkpt>
      <trkpt lat="22.5717517" lon="113.9494388">
        <ele>13.151</ele>
        <time>2025-07-09T10:17:20Z</time>
      </trkpt>
      <trkpt lat="22.5717455" lon="113.9494738">
        <ele>13.649</ele>
        <time>2025-07-09T10:17:22Z</time>
      </trkpt>
      <trkpt lat="22.571736" lon="113.9495046">
        <ele>13.361</ele>
        <time>2025-07-09T10:17:24Z</time>
      </trkpt>
      <trkpt lat="22.5717226" lon="113.9495294">
        <ele>12.36499</ele>
        <time>2025-07-09T10:17:26Z</time>
      </trkpt>
      <trkpt lat="22.5717082" lon="113.9495461">
        <ele>11.505</ele>
        <time>2025-07-09T10:17:28Z</time>
      </trkpt>
      <trkpt lat="22.5716849" lon="113.9495623">
        <ele>10.699</ele>
        <time>2025-07-09T10:17:30Z</time>
      </trkpt>
      <trkpt lat="22.5716849" lon="113.9495623">
        <ele>10.699</ele>
        <time>2025-07-09T10:17:31Z</time>
      </trkpt>
      <trkpt lat="22.5718364" lon="113.9500206">
        <ele>13.56499</ele>
        <time>2025-07-09T10:17:31Z</time>
      </trkpt>
      <trkpt lat="22.5718839" lon="113.9500146">
        <ele>13.98499</ele>
        <time>2025-07-09T10:17:33Z</time>
      </trkpt>
      <trkpt lat="22.5719163" lon="113.9500089">
        <ele>14.262</ele>
        <time>2025-07-09T10:17:35Z</time>
      </trkpt>
      <trkpt lat="22.5719549" lon="113.9500046">
        <ele>13.741</ele>
        <time>2025-07-09T10:17:37Z</time>
      </trkpt>
      <trkpt lat="22.5719914" lon="113.9500026">
        <ele>13.795</ele>
        <time>2025-07-09T10:17:39Z</time>
      </trkpt>
      <trkpt lat="22.5720263" lon="113.9500039">
        <ele>14.31499</ele>
        <time>2025-07-09T10:17:41Z</time>
      </trkpt>
      <trkpt lat="22.5720574" lon="113.9500102">
        <ele>15.07199</ele>
        <time>2025-07-09T10:17:43Z</time>
      </trkpt>
      <trkpt lat="22.5720841" lon="113.950022">
        <ele>15.23099</ele>
        <time>2025-07-09T10:17:45Z</time>
      </trkpt>
      <trkpt lat="22.5721053" lon="113.9500377">
        <ele>15.217</ele>
        <time>2025-07-09T10:17:47Z</time>
      </trkpt>
      <trkpt lat="22.5721195" lon="113.9500553">
        <ele>13.42899</ele>
        <time>2025-07-09T10:17:49Z</time>
      </trkpt>
      <trkpt lat="22.572128" lon="113.950079">
        <ele>10.991</ele>
        <time>2025-07-09T10:17:51Z</time>
      </trkpt>
      <trkpt lat="22.5721302" lon="113.9501107">
        <ele>9.803</ele>
        <time>2025-07-09T10:17:53Z</time>
      </trkpt>
      <trkpt lat="22.5721255" lon="113.9501462">
        <ele>9.39299</ele>
        <time>2025-07-09T10:17:55Z</time>
      </trkpt>
      <trkpt lat="22.5721139" lon="113.950184">
        <ele>9.204</ele>
        <time>2025-07-09T10:17:57Z</time>
      </trkpt>
      <trkpt lat="22.5720964" lon="113.9502233">
        <ele>9.376</ele>
        <time>2025-07-09T10:17:59Z</time>
      </trkpt>
      <trkpt lat="22.5720727" lon="113.9502601">
        <ele>9.236</ele>
        <time>2025-07-09T10:18:01Z</time>
      </trkpt>
      <trkpt lat="22.5720423" lon="113.9502927">
        <ele>9.11699</ele>
        <time>2025-07-09T10:18:03Z</time>
      </trkpt>
      <trkpt lat="22.572007" lon="113.9503233">
        <ele>9.72099</ele>
        <time>2025-07-09T10:18:05Z</time>
      </trkpt>
      <trkpt lat="22.5719709" lon="113.950353">
        <ele>10.057</ele>
        <time>2025-07-09T10:18:07Z</time>
      </trkpt>
      <trkpt lat="22.5719345" lon="113.9503825">
        <ele>9.82199</ele>
        <time>2025-07-09T10:18:09Z</time>
      </trkpt>
      <trkpt lat="22.5718985" lon="113.9504124">
        <ele>8.486</ele>
        <time>2025-07-09T10:18:11Z</time>
      </trkpt>
      <trkpt lat="22.5718635" lon="113.9504424">
        <ele>7.57299</ele>
        <time>2025-07-09T10:18:13Z</time>
      </trkpt>
      <trkpt lat="22.5718303" lon="113.9504712">
        <ele>6.795</ele>
        <time>2025-07-09T10:18:15Z</time>
      </trkpt>
      <trkpt lat="22.5717988" lon="113.9504978">
        <ele>6.116</ele>
        <time>2025-07-09T10:18:17Z</time>
      </trkpt>
      <trkpt lat="22.5717669" lon="113.9505227">
        <ele>6.315</ele>
        <time>2025-07-09T10:18:19Z</time>
      </trkpt>
      <trkpt lat="22.5717337" lon="113.9505453">
        <ele>6.44799</ele>
        <time>2025-07-09T10:18:21Z</time>
      </trkpt>
      <trkpt lat="22.5716987" lon="113.950563">
        <ele>6.625</ele>
        <time>2025-07-09T10:18:23Z</time>
      </trkpt>
      <trkpt lat="22.5716621" lon="113.9505755">
        <ele>5.796</ele>
        <time>2025-07-09T10:18:25Z</time>
      </trkpt>
      <trkpt lat="22.5716233" lon="113.9505842">
        <ele>5.85599</ele>
        <time>2025-07-09T10:18:27Z</time>
      </trkpt>
      <trkpt lat="22.5715866" lon="113.9505904">
        <ele>5.85599</ele>
        <time>2025-07-09T10:18:29Z</time>
      </trkpt>
      <trkpt lat="22.5715535" lon="113.950597">
        <ele>5.835</ele>
        <time>2025-07-09T10:18:31Z</time>
      </trkpt>
      <trkpt lat="22.5715266" lon="113.9506045">
        <ele>5.899</ele>
        <time>2025-07-09T10:18:33Z</time>
      </trkpt>
      <trkpt lat="22.5715034" lon="113.9506136">
        <ele>6</ele>
        <time>2025-07-09T10:18:35Z</time>
      </trkpt>
      <trkpt lat="22.5714733" lon="113.9506311">
        <ele>6.017</ele>
        <time>2025-07-09T10:18:37Z</time>
      </trkpt>
      <trkpt lat="22.5714345" lon="113.9506539">
        <ele>6.09</ele>
        <time>2025-07-09T10:18:39Z</time>
      </trkpt>
      <trkpt lat="22.5713852" lon="113.9506817">
        <ele>6.38199</ele>
        <time>2025-07-09T10:18:41Z</time>
      </trkpt>
      <trkpt lat="22.5713234" lon="113.9507159">
        <ele>5.83699</ele>
        <time>2025-07-09T10:18:43Z</time>
      </trkpt>
      <trkpt lat="22.5712513" lon="113.9507569">
        <ele>12.647</ele>
        <time>2025-07-09T10:18:49Z</time>
      </trkpt>
      <trkpt lat="22.5711873" lon="113.9507962">
        <ele>11.95199</ele>
        <time>2025-07-09T10:18:51Z</time>
      </trkpt>
      <trkpt lat="22.571131" lon="113.9508344">
        <ele>9.326</ele>
        <time>2025-07-09T10:18:53Z</time>
      </trkpt>
      <trkpt lat="22.5710836" lon="113.9508686">
        <ele>6.87699</ele>
        <time>2025-07-09T10:18:55Z</time>
      </trkpt>
      <trkpt lat="22.5710448" lon="113.9508984">
        <ele>7.263</ele>
        <time>2025-07-09T10:18:57Z</time>
      </trkpt>
      <trkpt lat="22.5710131" lon="113.9509225">
        <ele>6.339</ele>
        <time>2025-07-09T10:18:59Z</time>
      </trkpt>
      <trkpt lat="22.5709799" lon="113.9509433">
        <ele>5.754</ele>
        <time>2025-07-09T10:19:01Z</time>
      </trkpt>
      <trkpt lat="22.5709454" lon="113.9509614">
        <ele>5.54099</ele>
        <time>2025-07-09T10:19:03Z</time>
      </trkpt>
      <trkpt lat="22.5709087" lon="113.9509783">
        <ele>5.524</ele>
        <time>2025-07-09T10:19:05Z</time>
      </trkpt>
      <trkpt lat="22.5708719" lon="113.9509936">
        <ele>5.644</ele>
        <time>2025-07-09T10:19:07Z</time>
      </trkpt>
      <trkpt lat="22.5708338" lon="113.9510089">
        <ele>5.50099</ele>
        <time>2025-07-09T10:19:09Z</time>
      </trkpt>
      <trkpt lat="22.5707948" lon="113.9510242">
        <ele>5.01999</ele>
        <time>2025-07-09T10:19:11Z</time>
      </trkpt>
      <trkpt lat="22.5707559" lon="113.9510398">
        <ele>5.91099</ele>
        <time>2025-07-09T10:19:13Z</time>
      </trkpt>
      <trkpt lat="22.5707181" lon="113.9510552">
        <ele>6.168</ele>
        <time>2025-07-09T10:19:15Z</time>
      </trkpt>
      <trkpt lat="22.5706797" lon="113.951072">
        <ele>5.53999</ele>
        <time>2025-07-09T10:19:17Z</time>
      </trkpt>
      <trkpt lat="22.5706425" lon="113.9510894">
        <ele>5.188</ele>
        <time>2025-07-09T10:19:19Z</time>
      </trkpt>
      <trkpt lat="22.570607" lon="113.9511065">
        <ele>5.29099</ele>
        <time>2025-07-09T10:19:21Z</time>
      </trkpt>
      <trkpt lat="22.5705727" lon="113.9511236">
        <ele>4.48799</ele>
        <time>2025-07-09T10:19:23Z</time>
      </trkpt>
      <trkpt lat="22.5705385" lon="113.9511431">
        <ele>5.30499</ele>
        <time>2025-07-09T10:19:25Z</time>
      </trkpt>
      <trkpt lat="22.5705035" lon="113.9511655">
        <ele>6.12799</ele>
        <time>2025-07-09T10:19:27Z</time>
      </trkpt>
      <trkpt lat="22.5704684" lon="113.9511887">
        <ele>6.44999</ele>
        <time>2025-07-09T10:19:29Z</time>
      </trkpt>
      <trkpt lat="22.5704337" lon="113.9512123">
        <ele>7.537</ele>
        <time>2025-07-09T10:19:31Z</time>
      </trkpt>
      <trkpt lat="22.570398" lon="113.9512372">
        <ele>6.655</ele>
        <time>2025-07-09T10:19:33Z</time>
      </trkpt>
      <trkpt lat="22.5703609" lon="113.9512622">
        <ele>6.861</ele>
        <time>2025-07-09T10:19:35Z</time>
      </trkpt>
      <trkpt lat="22.5703249" lon="113.951285">
        <ele>8.159</ele>
        <time>2025-07-09T10:19:37Z</time>
      </trkpt>
      <trkpt lat="22.5702889" lon="113.951307">
        <ele>7.11499</ele>
        <time>2025-07-09T10:19:39Z</time>
      </trkpt>
      <trkpt lat="22.570253" lon="113.9513293">
        <ele>7.00099</ele>
        <time>2025-07-09T10:19:41Z</time>
      </trkpt>
      <trkpt lat="22.5702178" lon="113.9513514">
        <ele>6.77699</ele>
        <time>2025-07-09T10:19:43Z</time>
      </trkpt>
      <trkpt lat="22.5701824" lon="113.9513726">
        <ele>6.044</ele>
        <time>2025-07-09T10:19:45Z</time>
      </trkpt>
      <trkpt lat="22.570146" lon="113.9513941">
        <ele>4.46199</ele>
        <time>2025-07-09T10:19:47Z</time>
      </trkpt>
      <trkpt lat="22.5701098" lon="113.9514154">
        <ele>4.289</ele>
        <time>2025-07-09T10:19:49Z</time>
      </trkpt>
      <trkpt lat="22.5700739" lon="113.9514356">
        <ele>5.71</ele>
        <time>2025-07-09T10:19:51Z</time>
      </trkpt>
      <trkpt lat="22.5700375" lon="113.9514554">
        <ele>5.472</ele>
        <time>2025-07-09T10:19:53Z</time>
      </trkpt>
      <trkpt lat="22.5700021" lon="113.9514746">
        <ele>5.71</ele>
        <time>2025-07-09T10:19:55Z</time>
      </trkpt>
      <trkpt lat="22.5699684" lon="113.9514927">
        <ele>5.44299</ele>
        <time>2025-07-09T10:19:57Z</time>
      </trkpt>
      <trkpt lat="22.5699342" lon="113.9515107">
        <ele>5.727</ele>
        <time>2025-07-09T10:19:59Z</time>
      </trkpt>
      <trkpt lat="22.5698988" lon="113.9515299">
        <ele>5.925</ele>
        <time>2025-07-09T10:20:01Z</time>
      </trkpt>
      <trkpt lat="22.5698635" lon="113.9515497">
        <ele>5.505</ele>
        <time>2025-07-09T10:20:03Z</time>
      </trkpt>
      <trkpt lat="22.5698271" lon="113.9515707">
        <ele>5.788</ele>
        <time>2025-07-09T10:20:05Z</time>
      </trkpt>
      <trkpt lat="22.5697895" lon="113.9515931">
        <ele>6.209</ele>
        <time>2025-07-09T10:20:07Z</time>
      </trkpt>
      <trkpt lat="22.5697537" lon="113.9516157">
        <ele>7.624</ele>
        <time>2025-07-09T10:20:09Z</time>
      </trkpt>
      <trkpt lat="22.5697185" lon="113.9516387">
        <ele>7.44299</ele>
        <time>2025-07-09T10:20:11Z</time>
      </trkpt>
      <trkpt lat="22.5696843" lon="113.9516613">
        <ele>7.354</ele>
        <time>2025-07-09T10:20:13Z</time>
      </trkpt>
      <trkpt lat="22.5696515" lon="113.9516824">
        <ele>7.71799</ele>
        <time>2025-07-09T10:20:15Z</time>
      </trkpt>
      <trkpt lat="22.569618" lon="113.9517024">
        <ele>6.60699</ele>
        <time>2025-07-09T10:20:17Z</time>
      </trkpt>
      <trkpt lat="22.5695817" lon="113.9517225">
        <ele>5.294</ele>
        <time>2025-07-09T10:20:19Z</time>
      </trkpt>
      <trkpt lat="22.5695449" lon="113.9517413">
        <ele>5.644</ele>
        <time>2025-07-09T10:20:21Z</time>
      </trkpt>
      <trkpt lat="22.5695066" lon="113.9517597">
        <ele>5.69399</ele>
        <time>2025-07-09T10:20:23Z</time>
      </trkpt>
      <trkpt lat="22.5694667" lon="113.9517795">
        <ele>5.65299</ele>
        <time>2025-07-09T10:20:25Z</time>
      </trkpt>
      <trkpt lat="22.5694267" lon="113.9518008">
        <ele>5.56699</ele>
        <time>2025-07-09T10:20:27Z</time>
      </trkpt>
      <trkpt lat="22.5693871" lon="113.9518228">
        <ele>5.59499</ele>
        <time>2025-07-09T10:20:29Z</time>
      </trkpt>
      <trkpt lat="22.5693476" lon="113.9518456">
        <ele>5.21199</ele>
        <time>2025-07-09T10:20:31Z</time>
      </trkpt>
      <trkpt lat="22.5693093" lon="113.9518686">
        <ele>5.95699</ele>
        <time>2025-07-09T10:20:33Z</time>
      </trkpt>
      <trkpt lat="22.5692715" lon="113.9518922">
        <ele>6.859</ele>
        <time>2025-07-09T10:20:35Z</time>
      </trkpt>
      <trkpt lat="22.5692342" lon="113.9519151">
        <ele>5.65299</ele>
        <time>2025-07-09T10:20:37Z</time>
      </trkpt>
      <trkpt lat="22.5691977" lon="113.9519376">
        <ele>5.306</ele>
        <time>2025-07-09T10:20:39Z</time>
      </trkpt>
      <trkpt lat="22.5691615" lon="113.9519602">
        <ele>6.111</ele>
        <time>2025-07-09T10:20:41Z</time>
      </trkpt>
      <trkpt lat="22.5691251" lon="113.9519823">
        <ele>6.742</ele>
        <time>2025-07-09T10:20:43Z</time>
      </trkpt>
      <trkpt lat="22.5690898" lon="113.9520022">
        <ele>6.22399</ele>
        <time>2025-07-09T10:20:45Z</time>
      </trkpt>
      <trkpt lat="22.5690546" lon="113.9520214">
        <ele>6.02799</ele>
        <time>2025-07-09T10:20:47Z</time>
      </trkpt>
      <trkpt lat="22.5690184" lon="113.9520396">
        <ele>6.08199</ele>
        <time>2025-07-09T10:20:49Z</time>
      </trkpt>
      <trkpt lat="22.568982" lon="113.9520576">
        <ele>5.94399</ele>
        <time>2025-07-09T10:20:51Z</time>
      </trkpt>
      <trkpt lat="22.5689452" lon="113.9520764">
        <ele>5.971</ele>
        <time>2025-07-09T10:20:53Z</time>
      </trkpt>
      <trkpt lat="22.5689072" lon="113.9520962">
        <ele>5.326</ele>
        <time>2025-07-09T10:20:55Z</time>
      </trkpt>
      <trkpt lat="22.5688691" lon="113.9521167">
        <ele>5.16499</ele>
        <time>2025-07-09T10:20:57Z</time>
      </trkpt>
      <trkpt lat="22.5688318" lon="113.9521379">
        <ele>4.912</ele>
        <time>2025-07-09T10:20:59Z</time>
      </trkpt>
      <trkpt lat="22.5687943" lon="113.9521592">
        <ele>5.306</ele>
        <time>2025-07-09T10:21:01Z</time>
      </trkpt>
      <trkpt lat="22.5687567" lon="113.9521799">
        <ele>5.215</ele>
        <time>2025-07-09T10:21:03Z</time>
      </trkpt>
      <trkpt lat="22.5687206" lon="113.9522007">
        <ele>6.67299</ele>
        <time>2025-07-09T10:21:05Z</time>
      </trkpt>
      <trkpt lat="22.5686848" lon="113.9522207">
        <ele>6.934</ele>
        <time>2025-07-09T10:21:07Z</time>
      </trkpt>
      <trkpt lat="22.568651" lon="113.9522392">
        <ele>5.927</ele>
        <time>2025-07-09T10:21:09Z</time>
      </trkpt>
      <trkpt lat="22.568618" lon="113.9522568">
        <ele>7.03399</ele>
        <time>2025-07-09T10:21:11Z</time>
      </trkpt>
      <trkpt lat="22.5685851" lon="113.9522734">
        <ele>7.80499</ele>
        <time>2025-07-09T10:21:13Z</time>
      </trkpt>
      <trkpt lat="22.5685501" lon="113.9522902">
        <ele>7.577</ele>
        <time>2025-07-09T10:21:15Z</time>
      </trkpt>
      <trkpt lat="22.568515" lon="113.952309">
        <ele>7.242</ele>
        <time>2025-07-09T10:21:17Z</time>
      </trkpt>
      <trkpt lat="22.568478" lon="113.9523307">
        <ele>7.72599</ele>
        <time>2025-07-09T10:21:19Z</time>
      </trkpt>
      <trkpt lat="22.5684404" lon="113.9523542">
        <ele>6.525</ele>
        <time>2025-07-09T10:21:21Z</time>
      </trkpt>
      <trkpt lat="22.5684037" lon="113.9523783">
        <ele>6.63</ele>
        <time>2025-07-09T10:21:23Z</time>
      </trkpt>
      <trkpt lat="22.5683688" lon="113.9524012">
        <ele>7.15</ele>
        <time>2025-07-09T10:21:25Z</time>
      </trkpt>
      <trkpt lat="22.5683348" lon="113.9524214">
        <ele>7.23199</ele>
        <time>2025-07-09T10:21:27Z</time>
      </trkpt>
      <trkpt lat="22.5683007" lon="113.9524399">
        <ele>7.184</ele>
        <time>2025-07-09T10:21:29Z</time>
      </trkpt>
      <trkpt lat="22.5682665" lon="113.9524583">
        <ele>6.85799</ele>
        <time>2025-07-09T10:21:31Z</time>
      </trkpt>
      <trkpt lat="22.5682315" lon="113.9524771">
        <ele>7.01999</ele>
        <time>2025-07-09T10:21:33Z</time>
      </trkpt>
      <trkpt lat="22.5681955" lon="113.9524972">
        <ele>6.071</ele>
        <time>2025-07-09T10:21:35Z</time>
      </trkpt>
      <trkpt lat="22.5681589" lon="113.9525191">
        <ele>5.22599</ele>
        <time>2025-07-09T10:21:37Z</time>
      </trkpt>
      <trkpt lat="22.5681231" lon="113.9525422">
        <ele>4.852</ele>
        <time>2025-07-09T10:21:39Z</time>
      </trkpt>
      <trkpt lat="22.5680877" lon="113.9525649">
        <ele>5.33699</ele>
        <time>2025-07-09T10:21:41Z</time>
      </trkpt>
      <trkpt lat="22.5680509" lon="113.9525865">
        <ele>5.806</ele>
        <time>2025-07-09T10:21:43Z</time>
      </trkpt>
      <trkpt lat="22.5680122" lon="113.952606">
        <ele>5.48799</ele>
        <time>2025-07-09T10:21:45Z</time>
      </trkpt>
      <trkpt lat="22.5679738" lon="113.9526244">
        <ele>5.26</ele>
        <time>2025-07-09T10:21:47Z</time>
      </trkpt>
      <trkpt lat="22.5679352" lon="113.9526416">
        <ele>6.577</ele>
        <time>2025-07-09T10:21:49Z</time>
      </trkpt>
      <trkpt lat="22.5678966" lon="113.9526582">
        <ele>7.137</ele>
        <time>2025-07-09T10:21:51Z</time>
      </trkpt>
      <trkpt lat="22.5678593" lon="113.9526755">
        <ele>8.28699</ele>
        <time>2025-07-09T10:21:53Z</time>
      </trkpt>
      <trkpt lat="22.5678247" lon="113.9526945">
        <ele>8.45499</ele>
        <time>2025-07-09T10:21:55Z</time>
      </trkpt>
      <trkpt lat="22.5677891" lon="113.9527144">
        <ele>8.59799</ele>
        <time>2025-07-09T10:21:57Z</time>
      </trkpt>
      <trkpt lat="22.5677532" lon="113.9527337">
        <ele>7.472</ele>
        <time>2025-07-09T10:21:59Z</time>
      </trkpt>
      <trkpt lat="22.5677168" lon="113.9527527">
        <ele>8.53999</ele>
        <time>2025-07-09T10:22:01Z</time>
      </trkpt>
      <trkpt lat="22.5676795" lon="113.9527714">
        <ele>9.701</ele>
        <time>2025-07-09T10:22:03Z</time>
      </trkpt>
      <trkpt lat="22.5676402" lon="113.9527903">
        <ele>9.40799</ele>
        <time>2025-07-09T10:22:05Z</time>
      </trkpt>
      <trkpt lat="22.5676011" lon="113.9528082">
        <ele>9.50199</ele>
        <time>2025-07-09T10:22:07Z</time>
      </trkpt>
      <trkpt lat="22.5675626" lon="113.9528256">
        <ele>9.64099</ele>
        <time>2025-07-09T10:22:09Z</time>
      </trkpt>
      <trkpt lat="22.5675234" lon="113.9528436">
        <ele>10.29399</ele>
        <time>2025-07-09T10:22:11Z</time>
      </trkpt>
      <trkpt lat="22.5674841" lon="113.9528619">
        <ele>9.87699</ele>
        <time>2025-07-09T10:22:13Z</time>
      </trkpt>
      <trkpt lat="22.5674462" lon="113.9528793">
        <ele>9.954</ele>
        <time>2025-07-09T10:22:15Z</time>
      </trkpt>
      <trkpt lat="22.5674089" lon="113.9528969">
        <ele>9.01799</ele>
        <time>2025-07-09T10:22:17Z</time>
      </trkpt>
      <trkpt lat="22.567371" lon="113.9529147">
        <ele>8.918</ele>
        <time>2025-07-09T10:22:19Z</time>
      </trkpt>
      <trkpt lat="22.5673338" lon="113.952932">
        <ele>8.93799</ele>
        <time>2025-07-09T10:22:21Z</time>
      </trkpt>
      <trkpt lat="22.5672967" lon="113.9529484">
        <ele>9.12699</ele>
        <time>2025-07-09T10:22:23Z</time>
      </trkpt>
      <trkpt lat="22.5672596" lon="113.9529633">
        <ele>9.607</ele>
        <time>2025-07-09T10:22:25Z</time>
      </trkpt>
      <trkpt lat="22.5672235" lon="113.9529766">
        <ele>8.276</ele>
        <time>2025-07-09T10:22:27Z</time>
      </trkpt>
      <trkpt lat="22.5671878" lon="113.952989">
        <ele>7.76399</ele>
        <time>2025-07-09T10:22:29Z</time>
      </trkpt>
      <trkpt lat="22.5671522" lon="113.9529998">
        <ele>6.70699</ele>
        <time>2025-07-09T10:22:31Z</time>
      </trkpt>
      <trkpt lat="22.5671159" lon="113.9530101">
        <ele>5.67</ele>
        <time>2025-07-09T10:22:33Z</time>
      </trkpt>
      <trkpt lat="22.5670779" lon="113.9530222">
        <ele>5.72499</ele>
        <time>2025-07-09T10:22:35Z</time>
      </trkpt>
      <trkpt lat="22.5670367" lon="113.9530375">
        <ele>6.314</ele>
        <time>2025-07-09T10:22:37Z</time>
      </trkpt>
      <trkpt lat="22.5669909" lon="113.9530551">
        <ele>5.65399</ele>
        <time>2025-07-09T10:22:39Z</time>
      </trkpt>
      <trkpt lat="22.5669435" lon="113.953072">
        <ele>5.065</ele>
        <time>2025-07-09T10:22:41Z</time>
      </trkpt>
      <trkpt lat="22.566898" lon="113.9530856">
        <ele>7.834</ele>
        <time>2025-07-09T10:22:43Z</time>
      </trkpt>
      <trkpt lat="22.5668542" lon="113.9530928">
        <ele>8.00399</ele>
        <time>2025-07-09T10:22:45Z</time>
      </trkpt>
      <trkpt lat="22.5668129" lon="113.953096">
        <ele>7.552</ele>
        <time>2025-07-09T10:22:47Z</time>
      </trkpt>
      <trkpt lat="22.5667733" lon="113.9530996">
        <ele>7.46199</ele>
        <time>2025-07-09T10:22:49Z</time>
      </trkpt>
      <trkpt lat="22.5667351" lon="113.9531056">
        <ele>6.655</ele>
        <time>2025-07-09T10:22:51Z</time>
      </trkpt>
      <trkpt lat="22.5666938" lon="113.9531154">
        <ele>7.885</ele>
        <time>2025-07-09T10:22:53Z</time>
      </trkpt>
      <trkpt lat="22.5666498" lon="113.9531305">
        <ele>8.85999</ele>
        <time>2025-07-09T10:22:55Z</time>
      </trkpt>
      <trkpt lat="22.5666045" lon="113.9531458">
        <ele>9.68</ele>
        <time>2025-07-09T10:22:57Z</time>
      </trkpt>
      <trkpt lat="22.5665596" lon="113.9531581">
        <ele>9.23799</ele>
        <time>2025-07-09T10:22:59Z</time>
      </trkpt>
      <trkpt lat="22.5665146" lon="113.9531688">
        <ele>8.69999</ele>
        <time>2025-07-09T10:23:01Z</time>
      </trkpt>
      <trkpt lat="22.5664707" lon="113.953179">
        <ele>9.276</ele>
        <time>2025-07-09T10:23:03Z</time>
      </trkpt>
      <trkpt lat="22.56643" lon="113.9531878">
        <ele>9.871</ele>
        <time>2025-07-09T10:23:05Z</time>
      </trkpt>
      <trkpt lat="22.5663897" lon="113.9531949">
        <ele>9.501</ele>
        <time>2025-07-09T10:23:07Z</time>
      </trkpt>
      <trkpt lat="22.5663497" lon="113.9532014">
        <ele>8.585</ele>
        <time>2025-07-09T10:23:09Z</time>
      </trkpt>
      <trkpt lat="22.5663094" lon="113.9532081">
        <ele>9.15799</ele>
        <time>2025-07-09T10:23:11Z</time>
      </trkpt>
      <trkpt lat="22.566269" lon="113.9532135">
        <ele>9.505</ele>
        <time>2025-07-09T10:23:13Z</time>
      </trkpt>
      <trkpt lat="22.5662261" lon="113.9532185">
        <ele>8.467</ele>
        <time>2025-07-09T10:23:15Z</time>
      </trkpt>
      <trkpt lat="22.566183" lon="113.9532243">
        <ele>7.94399</ele>
        <time>2025-07-09T10:23:17Z</time>
      </trkpt>
      <trkpt lat="22.5661406" lon="113.9532279">
        <ele>7.609</ele>
        <time>2025-07-09T10:23:19Z</time>
      </trkpt>
      <trkpt lat="22.5660984" lon="113.9532279">
        <ele>8.03199</ele>
        <time>2025-07-09T10:23:21Z</time>
      </trkpt>
      <trkpt lat="22.5660557" lon="113.953228">
        <ele>7.958</ele>
        <time>2025-07-09T10:23:23Z</time>
      </trkpt>
      <trkpt lat="22.5660145" lon="113.9532276">
        <ele>8.00699</ele>
        <time>2025-07-09T10:23:25Z</time>
      </trkpt>
      <trkpt lat="22.565974" lon="113.9532246">
        <ele>8.078</ele>
        <time>2025-07-09T10:23:27Z</time>
      </trkpt>
      <trkpt lat="22.5659343" lon="113.9532216">
        <ele>8.819</ele>
        <time>2025-07-09T10:23:29Z</time>
      </trkpt>
      <trkpt lat="22.5658942" lon="113.9532202">
        <ele>9.302</ele>
        <time>2025-07-09T10:23:31Z</time>
      </trkpt>
      <trkpt lat="22.5658533" lon="113.9532181">
        <ele>9.019</ele>
        <time>2025-07-09T10:23:33Z</time>
      </trkpt>
      <trkpt lat="22.565811" lon="113.9532162">
        <ele>9.70899</ele>
        <time>2025-07-09T10:23:35Z</time>
      </trkpt>
      <trkpt lat="22.565768" lon="113.9532168">
        <ele>9.842</ele>
        <time>2025-07-09T10:23:37Z</time>
      </trkpt>
      <trkpt lat="22.5657243" lon="113.9532183">
        <ele>9.76299</ele>
        <time>2025-07-09T10:23:39Z</time>
      </trkpt>
      <trkpt lat="22.5656816" lon="113.9532197">
        <ele>9.211</ele>
        <time>2025-07-09T10:23:41Z</time>
      </trkpt>
      <trkpt lat="22.5656407" lon="113.9532205">
        <ele>9.168</ele>
        <time>2025-07-09T10:23:43Z</time>
      </trkpt>
      <trkpt lat="22.5656002" lon="113.9532215">
        <ele>8.62899</ele>
        <time>2025-07-09T10:23:45Z</time>
      </trkpt>
      <trkpt lat="22.5655595" lon="113.9532231">
        <ele>9.055</ele>
        <time>2025-07-09T10:23:47Z</time>
      </trkpt>
      <trkpt lat="22.5655197" lon="113.9532243">
        <ele>8.932</ele>
        <time>2025-07-09T10:23:49Z</time>
      </trkpt>
      <trkpt lat="22.5654788" lon="113.953225">
        <ele>8.70499</ele>
        <time>2025-07-09T10:23:51Z</time>
      </trkpt>
      <trkpt lat="22.5654369" lon="113.9532255">
        <ele>8.57199</ele>
        <time>2025-07-09T10:23:53Z</time>
      </trkpt>
      <trkpt lat="22.5653967" lon="113.9532258">
        <ele>8.244</ele>
        <time>2025-07-09T10:23:55Z</time>
      </trkpt>
      <trkpt lat="22.5653559" lon="113.9532276">
        <ele>8.201</ele>
        <time>2025-07-09T10:23:57Z</time>
      </trkpt>
      <trkpt lat="22.5653134" lon="113.9532308">
        <ele>6.854</ele>
        <time>2025-07-09T10:23:59Z</time>
      </trkpt>
      <trkpt lat="22.565271" lon="113.9532337">
        <ele>6.84999</ele>
        <time>2025-07-09T10:24:01Z</time>
      </trkpt>
      <trkpt lat="22.565228" lon="113.9532358">
        <ele>6.90199</ele>
        <time>2025-07-09T10:24:03Z</time>
      </trkpt>
      <trkpt lat="22.5651838" lon="113.9532375">
        <ele>7.46899</ele>
        <time>2025-07-09T10:24:05Z</time>
      </trkpt>
      <trkpt lat="22.5651403" lon="113.9532371">
        <ele>6.854</ele>
        <time>2025-07-09T10:24:07Z</time>
      </trkpt>
      <trkpt lat="22.5650964" lon="113.9532363">
        <ele>7.644</ele>
        <time>2025-07-09T10:24:09Z</time>
      </trkpt>
      <trkpt lat="22.5650516" lon="113.953237">
        <ele>9.123</ele>
        <time>2025-07-09T10:24:11Z</time>
      </trkpt>
      <trkpt lat="22.5650073" lon="113.9532386">
        <ele>10.732</ele>
        <time>2025-07-09T10:24:13Z</time>
      </trkpt>
      <trkpt lat="22.5649623" lon="113.9532403">
        <ele>11.14999</ele>
        <time>2025-07-09T10:24:15Z</time>
      </trkpt>
      <trkpt lat="22.5649168" lon="113.9532427">
        <ele>11.03999</ele>
        <time>2025-07-09T10:24:17Z</time>
      </trkpt>
      <trkpt lat="22.5648721" lon="113.9532452">
        <ele>10.34899</ele>
        <time>2025-07-09T10:24:19Z</time>
      </trkpt>
      <trkpt lat="22.5648276" lon="113.9532471">
        <ele>8.913</ele>
        <time>2025-07-09T10:24:21Z</time>
      </trkpt>
      <trkpt lat="22.5647821" lon="113.9532498">
        <ele>8.81</ele>
        <time>2025-07-09T10:24:23Z</time>
      </trkpt>
      <trkpt lat="22.5647381" lon="113.9532523">
        <ele>10.484</ele>
        <time>2025-07-09T10:24:25Z</time>
      </trkpt>
      <trkpt lat="22.5646972" lon="113.9532545">
        <ele>10.24699</ele>
        <time>2025-07-09T10:24:27Z</time>
      </trkpt>
      <trkpt lat="22.5646608" lon="113.9532569">
        <ele>9.319</ele>
        <time>2025-07-09T10:24:29Z</time>
      </trkpt>
      <trkpt lat="22.5646281" lon="113.9532591">
        <ele>8.27099</ele>
        <time>2025-07-09T10:24:31Z</time>
      </trkpt>
      <trkpt lat="22.5646013" lon="113.9532572">
        <ele>8.23299</ele>
        <time>2025-07-09T10:24:33Z</time>
      </trkpt>
      <trkpt lat="22.5645776" lon="113.9532528">
        <ele>7.19099</ele>
        <time>2025-07-09T10:24:35Z</time>
      </trkpt>
      <trkpt lat="22.564554" lon="113.9532477">
        <ele>6.07899</ele>
        <time>2025-07-09T10:24:37Z</time>
      </trkpt>
      <trkpt lat="22.5645275" lon="113.9532413">
        <ele>5.828</ele>
        <time>2025-07-09T10:24:39Z</time>
      </trkpt>
      <trkpt lat="22.5644985" lon="113.9532354">
        <ele>5.92399</ele>
        <time>2025-07-09T10:24:41Z</time>
      </trkpt>
      <trkpt lat="22.5644675" lon="113.9532348">
        <ele>4.18699</ele>
        <time>2025-07-09T10:24:43Z</time>
      </trkpt>
      <trkpt lat="22.5644324" lon="113.9532375">
        <ele>2.99699</ele>
        <time>2025-07-09T10:24:45Z</time>
      </trkpt>
      <trkpt lat="22.5643864" lon="113.9532411">
        <ele>4.341</ele>
        <time>2025-07-09T10:24:47Z</time>
      </trkpt>
      <trkpt lat="22.5643321" lon="113.9532459">
        <ele>7.065</ele>
        <time>2025-07-09T10:24:49Z</time>
      </trkpt>
      <trkpt lat="22.5642741" lon="113.9532512">
        <ele>7.39499</ele>
        <time>2025-07-09T10:24:51Z</time>
      </trkpt>
      <trkpt lat="22.5642148" lon="113.9532548">
        <ele>7.52099</ele>
        <time>2025-07-09T10:24:53Z</time>
      </trkpt>
      <trkpt lat="22.5641557" lon="113.9532577">
        <ele>8.34</ele>
        <time>2025-07-09T10:24:55Z</time>
      </trkpt>
      <trkpt lat="22.5641028" lon="113.9532596">
        <ele>7.947</ele>
        <time>2025-07-09T10:24:57Z</time>
      </trkpt>
      <trkpt lat="22.5640565" lon="113.9532584">
        <ele>7.355</ele>
        <time>2025-07-09T10:24:59Z</time>
      </trkpt>
      <trkpt lat="22.5640129" lon="113.9532556">
        <ele>8.42199</ele>
        <time>2025-07-09T10:25:01Z</time>
      </trkpt>
      <trkpt lat="22.563969" lon="113.953252">
        <ele>8.19099</ele>
        <time>2025-07-09T10:25:03Z</time>
      </trkpt>
      <trkpt lat="22.5639252" lon="113.9532473">
        <ele>8.321</ele>
        <time>2025-07-09T10:25:05Z</time>
      </trkpt>
      <trkpt lat="22.563881" lon="113.9532442">
        <ele>5.269</ele>
        <time>2025-07-09T10:25:07Z</time>
      </trkpt>
      <trkpt lat="22.563833" lon="113.9532463">
        <ele>4.493</ele>
        <time>2025-07-09T10:25:09Z</time>
      </trkpt>
      <trkpt lat="22.5637829" lon="113.9532522">
        <ele>4.39099</ele>
        <time>2025-07-09T10:25:11Z</time>
      </trkpt>
      <trkpt lat="22.5637301" lon="113.9532604">
        <ele>3.94199</ele>
        <time>2025-07-09T10:25:13Z</time>
      </trkpt>
      <trkpt lat="22.5636766" lon="113.9532699">
        <ele>4.467</ele>
        <time>2025-07-09T10:25:15Z</time>
      </trkpt>
      <trkpt lat="22.5636242" lon="113.953278">
        <ele>7.609</ele>
        <time>2025-07-09T10:25:17Z</time>
      </trkpt>
      <trkpt lat="22.5635755" lon="113.9532837">
        <ele>8.15299</ele>
        <time>2025-07-09T10:25:19Z</time>
      </trkpt>
      <trkpt lat="22.5635289" lon="113.9532869">
        <ele>8.487</ele>
        <time>2025-07-09T10:25:21Z</time>
      </trkpt>
      <trkpt lat="22.5634857" lon="113.9532881">
        <ele>8.93</ele>
        <time>2025-07-09T10:25:23Z</time>
      </trkpt>
      <trkpt lat="22.5634441" lon="113.9532887">
        <ele>8.42</ele>
        <time>2025-07-09T10:25:25Z</time>
      </trkpt>
      <trkpt lat="22.5634035" lon="113.9532894">
        <ele>8.14099</ele>
        <time>2025-07-09T10:25:27Z</time>
      </trkpt>
      <trkpt lat="22.5633653" lon="113.9532894">
        <ele>8.3</ele>
        <time>2025-07-09T10:25:29Z</time>
      </trkpt>
      <trkpt lat="22.5633277" lon="113.953289">
        <ele>8.02999</ele>
        <time>2025-07-09T10:25:31Z</time>
      </trkpt>
      <trkpt lat="22.5632902" lon="113.9532888">
        <ele>7.40399</ele>
        <time>2025-07-09T10:25:33Z</time>
      </trkpt>
      <trkpt lat="22.5632527" lon="113.9532886">
        <ele>7.18599</ele>
        <time>2025-07-09T10:25:35Z</time>
      </trkpt>
      <trkpt lat="22.563215" lon="113.9532894">
        <ele>6.526</ele>
        <time>2025-07-09T10:25:37Z</time>
      </trkpt>
      <trkpt lat="22.5631736" lon="113.9532904">
        <ele>5.925</ele>
        <time>2025-07-09T10:25:39Z</time>
      </trkpt>
      <trkpt lat="22.5631305" lon="113.9532906">
        <ele>6.368</ele>
        <time>2025-07-09T10:25:41Z</time>
      </trkpt>
      <trkpt lat="22.563085" lon="113.9532913">
        <ele>6.95599</ele>
        <time>2025-07-09T10:25:43Z</time>
      </trkpt>
      <trkpt lat="22.5630377" lon="113.9532928">
        <ele>7.85699</ele>
        <time>2025-07-09T10:25:45Z</time>
      </trkpt>
      <trkpt lat="22.5629862" lon="113.953295">
        <ele>7.20599</ele>
        <time>2025-07-09T10:25:47Z</time>
      </trkpt>
      <trkpt lat="22.5629341" lon="113.9532971">
        <ele>8.06999</ele>
        <time>2025-07-09T10:25:49Z</time>
      </trkpt>
      <trkpt lat="22.562882" lon="113.9532998">
        <ele>9.72</ele>
        <time>2025-07-09T10:25:51Z</time>
      </trkpt>
      <trkpt lat="22.5628306" lon="113.9533029">
        <ele>10.89099</ele>
        <time>2025-07-09T10:25:53Z</time>
      </trkpt>
      <trkpt lat="22.56278" lon="113.9533059">
        <ele>9.76599</ele>
        <time>2025-07-09T10:25:55Z</time>
      </trkpt>
      <trkpt lat="22.562734" lon="113.9533073">
        <ele>9.65699</ele>
        <time>2025-07-09T10:25:57Z</time>
      </trkpt>
      <trkpt lat="22.5626906" lon="113.9533104">
        <ele>9.963</ele>
        <time>2025-07-09T10:25:59Z</time>
      </trkpt>
      <trkpt lat="22.5626478" lon="113.9533154">
        <ele>9.53299</ele>
        <time>2025-07-09T10:26:01Z</time>
      </trkpt>
      <trkpt lat="22.5626049" lon="113.9533196">
        <ele>10.45199</ele>
        <time>2025-07-09T10:26:03Z</time>
      </trkpt>
      <trkpt lat="22.5625621" lon="113.9533232">
        <ele>11.35999</ele>
        <time>2025-07-09T10:26:05Z</time>
      </trkpt>
      <trkpt lat="22.5625197" lon="113.9533273">
        <ele>11.25599</ele>
        <time>2025-07-09T10:26:07Z</time>
      </trkpt>
      <trkpt lat="22.5624785" lon="113.9533307">
        <ele>9.74199</ele>
        <time>2025-07-09T10:26:09Z</time>
      </trkpt>
      <trkpt lat="22.5624385" lon="113.9533328">
        <ele>8.569</ele>
        <time>2025-07-09T10:26:11Z</time>
      </trkpt>
      <trkpt lat="22.5623996" lon="113.9533359">
        <ele>8.05099</ele>
        <time>2025-07-09T10:26:13Z</time>
      </trkpt>
      <trkpt lat="22.5623585" lon="113.9533387">
        <ele>7.29099</ele>
        <time>2025-07-09T10:26:15Z</time>
      </trkpt>
      <trkpt lat="22.5623151" lon="113.9533404">
        <ele>6.768</ele>
        <time>2025-07-09T10:26:17Z</time>
      </trkpt>
      <trkpt lat="22.5622697" lon="113.9533415">
        <ele>8.40299</ele>
        <time>2025-07-09T10:26:19Z</time>
      </trkpt>
      <trkpt lat="22.5622232" lon="113.9533425">
        <ele>8.26799</ele>
        <time>2025-07-09T10:26:21Z</time>
      </trkpt>
      <trkpt lat="22.5621757" lon="113.9533431">
        <ele>8.953</ele>
        <time>2025-07-09T10:26:23Z</time>
      </trkpt>
      <trkpt lat="22.562131" lon="113.9533444">
        <ele>8.677</ele>
        <time>2025-07-09T10:26:25Z</time>
      </trkpt>
      <trkpt lat="22.5620886" lon="113.9533466">
        <ele>8.086</ele>
        <time>2025-07-09T10:26:27Z</time>
      </trkpt>
      <trkpt lat="22.562049" lon="113.9533485">
        <ele>7.518</ele>
        <time>2025-07-09T10:26:29Z</time>
      </trkpt>
      <trkpt lat="22.5620112" lon="113.95335">
        <ele>6.56699</ele>
        <time>2025-07-09T10:26:31Z</time>
      </trkpt>
      <trkpt lat="22.5619741" lon="113.9533511">
        <ele>6.222</ele>
        <time>2025-07-09T10:26:33Z</time>
      </trkpt>
      <trkpt lat="22.5619366" lon="113.9533522">
        <ele>5.392</ele>
        <time>2025-07-09T10:26:35Z</time>
      </trkpt>
      <trkpt lat="22.5618984" lon="113.9533523">
        <ele>5.92399</ele>
        <time>2025-07-09T10:26:37Z</time>
      </trkpt>
      <trkpt lat="22.5618575" lon="113.9533516">
        <ele>5.774</ele>
        <time>2025-07-09T10:26:39Z</time>
      </trkpt>
      <trkpt lat="22.5618144" lon="113.9533507">
        <ele>5.27699</ele>
        <time>2025-07-09T10:26:41Z</time>
      </trkpt>
      <trkpt lat="22.561769" lon="113.9533498">
        <ele>5.102</ele>
        <time>2025-07-09T10:26:43Z</time>
      </trkpt>
      <trkpt lat="22.5617213" lon="113.9533481">
        <ele>5.06799</ele>
        <time>2025-07-09T10:26:45Z</time>
      </trkpt>
      <trkpt lat="22.5616718" lon="113.9533463">
        <ele>5.967</ele>
        <time>2025-07-09T10:26:47Z</time>
      </trkpt>
      <trkpt lat="22.5616223" lon="113.953345">
        <ele>6.032</ele>
        <time>2025-07-09T10:26:49Z</time>
      </trkpt>
      <trkpt lat="22.5615727" lon="113.9533434">
        <ele>5.518</ele>
        <time>2025-07-09T10:26:51Z</time>
      </trkpt>
      <trkpt lat="22.5615252" lon="113.9533415">
        <ele>5.596</ele>
        <time>2025-07-09T10:26:53Z</time>
      </trkpt>
      <trkpt lat="22.5614793" lon="113.9533398">
        <ele>5.69099</ele>
        <time>2025-07-09T10:26:55Z</time>
      </trkpt>
      <trkpt lat="22.5614339" lon="113.9533392">
        <ele>5.945</ele>
        <time>2025-07-09T10:26:57Z</time>
      </trkpt>
      <trkpt lat="22.5613882" lon="113.9533393">
        <ele>5.90399</ele>
        <time>2025-07-09T10:26:59Z</time>
      </trkpt>
      <trkpt lat="22.5613428" lon="113.9533398">
        <ele>5.76999</ele>
        <time>2025-07-09T10:27:01Z</time>
      </trkpt>
      <trkpt lat="22.5612977" lon="113.9533412">
        <ele>6.64799</ele>
        <time>2025-07-09T10:27:03Z</time>
      </trkpt>
      <trkpt lat="22.5612532" lon="113.9533426">
        <ele>6.385</ele>
        <time>2025-07-09T10:27:05Z</time>
      </trkpt>
      <trkpt lat="22.5612106" lon="113.9533417">
        <ele>5.964</ele>
        <time>2025-07-09T10:27:07Z</time>
      </trkpt>
      <trkpt lat="22.5611711" lon="113.9533395">
        <ele>5.308</ele>
        <time>2025-07-09T10:27:09Z</time>
      </trkpt>
      <trkpt lat="22.5611324" lon="113.9533387">
        <ele>5.23</ele>
        <time>2025-07-09T10:27:11Z</time>
      </trkpt>
      <trkpt lat="22.5610916" lon="113.9533384">
        <ele>5.901</ele>
        <time>2025-07-09T10:27:13Z</time>
      </trkpt>
      <trkpt lat="22.5610509" lon="113.9533373">
        <ele>5.196</ele>
        <time>2025-07-09T10:27:15Z</time>
      </trkpt>
      <trkpt lat="22.5610097" lon="113.9533371">
        <ele>5.964</ele>
        <time>2025-07-09T10:27:17Z</time>
      </trkpt>
      <trkpt lat="22.5609617" lon="113.9533365">
        <ele>5.73899</ele>
        <time>2025-07-09T10:27:19Z</time>
      </trkpt>
      <trkpt lat="22.5609139" lon="113.9533332">
        <ele>5.721</ele>
        <time>2025-07-09T10:27:21Z</time>
      </trkpt>
      <trkpt lat="22.5608687" lon="113.9533285">
        <ele>6.02799</ele>
        <time>2025-07-09T10:27:24Z</time>
      </trkpt>
      <trkpt lat="22.560823" lon="113.9533245">
        <ele>5.728</ele>
        <time>2025-07-09T10:27:26Z</time>
      </trkpt>
      <trkpt lat="22.5607771" lon="113.9533202">
        <ele>5.451</ele>
        <time>2025-07-09T10:27:28Z</time>
      </trkpt>
      <trkpt lat="22.5607359" lon="113.9533157">
        <ele>6.465</ele>
        <time>2025-07-09T10:27:30Z</time>
      </trkpt>
      <trkpt lat="22.5606947" lon="113.9533116">
        <ele>6.578</ele>
        <time>2025-07-09T10:27:32Z</time>
      </trkpt>
      <trkpt lat="22.5606514" lon="113.9533062">
        <ele>7.23099</ele>
        <time>2025-07-09T10:27:34Z</time>
      </trkpt>
      <trkpt lat="22.5606086" lon="113.9533009">
        <ele>7.578</ele>
        <time>2025-07-09T10:27:36Z</time>
      </trkpt>
      <trkpt lat="22.5605661" lon="113.9532964">
        <ele>7.55</ele>
        <time>2025-07-09T10:27:38Z</time>
      </trkpt>
      <trkpt lat="22.5605235" lon="113.9532925">
        <ele>6.40799</ele>
        <time>2025-07-09T10:27:40Z</time>
      </trkpt>
      <trkpt lat="22.5604795" lon="113.9532881">
        <ele>7.14699</ele>
        <time>2025-07-09T10:27:42Z</time>
      </trkpt>
      <trkpt lat="22.5604372" lon="113.953284">
        <ele>7.36399</ele>
        <time>2025-07-09T10:27:44Z</time>
      </trkpt>
      <trkpt lat="22.5603948" lon="113.9532799">
        <ele>7.82999</ele>
        <time>2025-07-09T10:27:46Z</time>
      </trkpt>
      <trkpt lat="22.5603526" lon="113.9532747">
        <ele>8.043</ele>
        <time>2025-07-09T10:27:48Z</time>
      </trkpt>
      <trkpt lat="22.5603112" lon="113.9532689">
        <ele>7.681</ele>
        <time>2025-07-09T10:27:50Z</time>
      </trkpt>
      <trkpt lat="22.56027" lon="113.9532645">
        <ele>7.23699</ele>
        <time>2025-07-09T10:27:52Z</time>
      </trkpt>
      <trkpt lat="22.560228" lon="113.9532626">
        <ele>6.756</ele>
        <time>2025-07-09T10:27:54Z</time>
      </trkpt>
      <trkpt lat="22.5601859" lon="113.9532606">
        <ele>6.532</ele>
        <time>2025-07-09T10:27:56Z</time>
      </trkpt>
      <trkpt lat="22.5601438" lon="113.9532584">
        <ele>6.55499</ele>
        <time>2025-07-09T10:27:58Z</time>
      </trkpt>
      <trkpt lat="22.5601027" lon="113.9532568">
        <ele>6.67799</ele>
        <time>2025-07-09T10:28:00Z</time>
      </trkpt>
      <trkpt lat="22.5600624" lon="113.9532541">
        <ele>6.556</ele>
        <time>2025-07-09T10:28:02Z</time>
      </trkpt>
      <trkpt lat="22.560024" lon="113.9532487">
        <ele>5.56199</ele>
        <time>2025-07-09T10:28:04Z</time>
      </trkpt>
      <trkpt lat="22.5599868" lon="113.9532425">
        <ele>4.47499</ele>
        <time>2025-07-09T10:28:06Z</time>
      </trkpt>
      <trkpt lat="22.5599509" lon="113.9532356">
        <ele>4.69999</ele>
        <time>2025-07-09T10:28:08Z</time>
      </trkpt>
      <trkpt lat="22.5599158" lon="113.9532271">
        <ele>4.071</ele>
        <time>2025-07-09T10:28:10Z</time>
      </trkpt>
      <trkpt lat="22.5598801" lon="113.9532196">
        <ele>3.40499</ele>
        <time>2025-07-09T10:28:12Z</time>
      </trkpt>
      <trkpt lat="22.5598429" lon="113.9532149">
        <ele>3.134</ele>
        <time>2025-07-09T10:28:14Z</time>
      </trkpt>
      <trkpt lat="22.5598044" lon="113.9532137">
        <ele>3.865</ele>
        <time>2025-07-09T10:28:16Z</time>
      </trkpt>
      <trkpt lat="22.5597635" lon="113.9532171">
        <ele>3.88899</ele>
        <time>2025-07-09T10:28:18Z</time>
      </trkpt>
      <trkpt lat="22.5597207" lon="113.9532242">
        <ele>2.91899</ele>
        <time>2025-07-09T10:28:20Z</time>
      </trkpt>
      <trkpt lat="22.5596796" lon="113.9532332">
        <ele>3.696</ele>
        <time>2025-07-09T10:28:22Z</time>
      </trkpt>
      <trkpt lat="22.5596375" lon="113.9532417">
        <ele>4.52299</ele>
        <time>2025-07-09T10:28:24Z</time>
      </trkpt>
      <trkpt lat="22.5595935" lon="113.9532488">
        <ele>4.939</ele>
        <time>2025-07-09T10:28:26Z</time>
      </trkpt>
      <trkpt lat="22.5595488" lon="113.9532535">
        <ele>5.63999</ele>
        <time>2025-07-09T10:28:28Z</time>
      </trkpt>
      <trkpt lat="22.559503" lon="113.9532565">
        <ele>6.70699</ele>
        <time>2025-07-09T10:28:30Z</time>
      </trkpt>
      <trkpt lat="22.5594559" lon="113.9532578">
        <ele>6.44199</ele>
        <time>2025-07-09T10:28:32Z</time>
      </trkpt>
      <trkpt lat="22.5594076" lon="113.9532586">
        <ele>6.56199</ele>
        <time>2025-07-09T10:28:34Z</time>
      </trkpt>
      <trkpt lat="22.5593598" lon="113.9532597">
        <ele>6.342</ele>
        <time>2025-07-09T10:28:36Z</time>
      </trkpt>
      <trkpt lat="22.5593132" lon="113.9532608">
        <ele>5.405</ele>
        <time>2025-07-09T10:28:39Z</time>
      </trkpt>
      <trkpt lat="22.559268" lon="113.9532623">
        <ele>6.484</ele>
        <time>2025-07-09T10:28:41Z</time>
      </trkpt>
      <trkpt lat="22.5592235" lon="113.953265">
        <ele>6.196</ele>
        <time>2025-07-09T10:28:43Z</time>
      </trkpt>
      <trkpt lat="22.559183" lon="113.9532671">
        <ele>6.453</ele>
        <time>2025-07-09T10:28:45Z</time>
      </trkpt>
      <trkpt lat="22.5591444" lon="113.9532672">
        <ele>6.13299</ele>
        <time>2025-07-09T10:28:47Z</time>
      </trkpt>
      <trkpt lat="22.5591051" lon="113.9532664">
        <ele>5.854</ele>
        <time>2025-07-09T10:28:49Z</time>
      </trkpt>
      <trkpt lat="22.5590654" lon="113.9532647">
        <ele>5.006</ele>
        <time>2025-07-09T10:28:51Z</time>
      </trkpt>
      <trkpt lat="22.559026" lon="113.9532616">
        <ele>6.41599</ele>
        <time>2025-07-09T10:28:53Z</time>
      </trkpt>
      <trkpt lat="22.5589857" lon="113.9532572">
        <ele>6.478</ele>
        <time>2025-07-09T10:28:55Z</time>
      </trkpt>
      <trkpt lat="22.5589439" lon="113.9532537">
        <ele>6.00299</ele>
        <time>2025-07-09T10:28:57Z</time>
      </trkpt>
      <trkpt lat="22.5589014" lon="113.9532506">
        <ele>6.65999</ele>
        <time>2025-07-09T10:28:59Z</time>
      </trkpt>
      <trkpt lat="22.5588586" lon="113.9532474">
        <ele>7.28</ele>
        <time>2025-07-09T10:29:01Z</time>
      </trkpt>
      <trkpt lat="22.5588149" lon="113.9532434">
        <ele>7.40399</ele>
        <time>2025-07-09T10:29:03Z</time>
      </trkpt>
      <trkpt lat="22.5587707" lon="113.9532397">
        <ele>6.229</ele>
        <time>2025-07-09T10:29:05Z</time>
      </trkpt>
      <trkpt lat="22.5587283" lon="113.9532363">
        <ele>6.426</ele>
        <time>2025-07-09T10:29:07Z</time>
      </trkpt>
      <trkpt lat="22.5586877" lon="113.9532328">
        <ele>6.931</ele>
        <time>2025-07-09T10:29:09Z</time>
      </trkpt>
      <trkpt lat="22.5586484" lon="113.95323">
        <ele>6.478</ele>
        <time>2025-07-09T10:29:11Z</time>
      </trkpt>
      <trkpt lat="22.5586094" lon="113.9532288">
        <ele>6.33099</ele>
        <time>2025-07-09T10:29:13Z</time>
      </trkpt>
      <trkpt lat="22.5585705" lon="113.953229">
        <ele>5.431</ele>
        <time>2025-07-09T10:29:15Z</time>
      </trkpt>
      <trkpt lat="22.5585319" lon="113.9532297">
        <ele>5.33699</ele>
        <time>2025-07-09T10:29:17Z</time>
      </trkpt>
      <trkpt lat="22.5584924" lon="113.9532314">
        <ele>5.36499</ele>
        <time>2025-07-09T10:29:19Z</time>
      </trkpt>
      <trkpt lat="22.5584518" lon="113.9532334">
        <ele>5.44899</ele>
        <time>2025-07-09T10:29:21Z</time>
      </trkpt>
      <trkpt lat="22.5584105" lon="113.9532354">
        <ele>4.872</ele>
        <time>2025-07-09T10:29:23Z</time>
      </trkpt>
      <trkpt lat="22.5583694" lon="113.9532366">
        <ele>5.374</ele>
        <time>2025-07-09T10:29:25Z</time>
      </trkpt>
      <trkpt lat="22.5583271" lon="113.9532382">
        <ele>6.44799</ele>
        <time>2025-07-09T10:29:27Z</time>
      </trkpt>
      <trkpt lat="22.5582847" lon="113.9532385">
        <ele>6.366</ele>
        <time>2025-07-09T10:29:29Z</time>
      </trkpt>
      <trkpt lat="22.5582425" lon="113.9532383">
        <ele>5.12099</ele>
        <time>2025-07-09T10:29:31Z</time>
      </trkpt>
      <trkpt lat="22.5582009" lon="113.9532379">
        <ele>5.491</ele>
        <time>2025-07-09T10:29:33Z</time>
      </trkpt>
      <trkpt lat="22.5581591" lon="113.9532379">
        <ele>5.013</ele>
        <time>2025-07-09T10:29:35Z</time>
      </trkpt>
      <trkpt lat="22.5581172" lon="113.9532374">
        <ele>4.677</ele>
        <time>2025-07-09T10:29:37Z</time>
      </trkpt>
      <trkpt lat="22.5580753" lon="113.9532373">
        <ele>4.511</ele>
        <time>2025-07-09T10:29:39Z</time>
      </trkpt>
      <trkpt lat="22.5580335" lon="113.9532373">
        <ele>5.59299</ele>
        <time>2025-07-09T10:29:41Z</time>
      </trkpt>
      <trkpt lat="22.5579917" lon="113.953237">
        <ele>5.399</ele>
        <time>2025-07-09T10:29:43Z</time>
      </trkpt>
      <trkpt lat="22.5579502" lon="113.9532361">
        <ele>5.56799</ele>
        <time>2025-07-09T10:29:45Z</time>
      </trkpt>
      <trkpt lat="22.557909" lon="113.9532342">
        <ele>5.933</ele>
        <time>2025-07-09T10:29:47Z</time>
      </trkpt>
      <trkpt lat="22.5578678" lon="113.9532324">
        <ele>6.40399</ele>
        <time>2025-07-09T10:29:49Z</time>
      </trkpt>
      <trkpt lat="22.5578266" lon="113.9532306">
        <ele>5.16499</ele>
        <time>2025-07-09T10:29:51Z</time>
      </trkpt>
      <trkpt lat="22.5577858" lon="113.953227">
        <ele>5.19</ele>
        <time>2025-07-09T10:29:53Z</time>
      </trkpt>
      <trkpt lat="22.5577456" lon="113.9532217">
        <ele>6.379</ele>
        <time>2025-07-09T10:29:55Z</time>
      </trkpt>
      <trkpt lat="22.5577053" lon="113.9532156">
        <ele>4.952</ele>
        <time>2025-07-09T10:29:57Z</time>
      </trkpt>
      <trkpt lat="22.5576653" lon="113.9532091">
        <ele>4.70399</ele>
        <time>2025-07-09T10:29:59Z</time>
      </trkpt>
      <trkpt lat="22.5576256" lon="113.9532025">
        <ele>5.269</ele>
        <time>2025-07-09T10:30:01Z</time>
      </trkpt>
      <trkpt lat="22.557586" lon="113.9531971">
        <ele>5.446</ele>
        <time>2025-07-09T10:30:03Z</time>
      </trkpt>
      <trkpt lat="22.5575455" lon="113.9531924">
        <ele>6.294</ele>
        <time>2025-07-09T10:30:05Z</time>
      </trkpt>
      <trkpt lat="22.5575059" lon="113.9531878">
        <ele>6.465</ele>
        <time>2025-07-09T10:30:07Z</time>
      </trkpt>
      <trkpt lat="22.5574691" lon="113.953181">
        <ele>6.11199</ele>
        <time>2025-07-09T10:30:09Z</time>
      </trkpt>
      <trkpt lat="22.5574333" lon="113.9531737">
        <ele>5.75</ele>
        <time>2025-07-09T10:30:11Z</time>
      </trkpt>
      <trkpt lat="22.5573979" lon="113.9531683">
        <ele>5.788</ele>
        <time>2025-07-09T10:30:13Z</time>
      </trkpt>
      <trkpt lat="22.5573628" lon="113.9531661">
        <ele>6.774</ele>
        <time>2025-07-09T10:30:15Z</time>
      </trkpt>
      <trkpt lat="22.5573264" lon="113.9531663">
        <ele>6.815</ele>
        <time>2025-07-09T10:30:17Z</time>
      </trkpt>
      <trkpt lat="22.5572868" lon="113.9531698">
        <ele>6.28599</ele>
        <time>2025-07-09T10:30:19Z</time>
      </trkpt>
      <trkpt lat="22.557245" lon="113.9531744">
        <ele>5.34899</ele>
        <time>2025-07-09T10:30:21Z</time>
      </trkpt>
      <trkpt lat="22.5572035" lon="113.9531795">
        <ele>6.04099</ele>
        <time>2025-07-09T10:30:23Z</time>
      </trkpt>
      <trkpt lat="22.5571631" lon="113.9531836">
        <ele>6.63299</ele>
        <time>2025-07-09T10:30:25Z</time>
      </trkpt>
      <trkpt lat="22.5571229" lon="113.9531884">
        <ele>6.5</ele>
        <time>2025-07-09T10:30:27Z</time>
      </trkpt>
      <trkpt lat="22.5570819" lon="113.9531931">
        <ele>7.65</ele>
        <time>2025-07-09T10:30:29Z</time>
      </trkpt>
      <trkpt lat="22.5570407" lon="113.9531982">
        <ele>7.08799</ele>
        <time>2025-07-09T10:30:31Z</time>
      </trkpt>
      <trkpt lat="22.5569986" lon="113.9532016">
        <ele>7.25699</ele>
        <time>2025-07-09T10:30:33Z</time>
      </trkpt>
      <trkpt lat="22.5569545" lon="113.9532041">
        <ele>6.689</ele>
        <time>2025-07-09T10:30:35Z</time>
      </trkpt>
      <trkpt lat="22.5569094" lon="113.9532052">
        <ele>5.00899</ele>
        <time>2025-07-09T10:30:37Z</time>
      </trkpt>
      <trkpt lat="22.5568661" lon="113.9532067">
        <ele>6.274</ele>
        <time>2025-07-09T10:30:39Z</time>
      </trkpt>
      <trkpt lat="22.5568232" lon="113.953208">
        <ele>6.42199</ele>
        <time>2025-07-09T10:30:41Z</time>
      </trkpt>
      <trkpt lat="22.5567798" lon="113.9532103">
        <ele>4.38399</ele>
        <time>2025-07-09T10:30:43Z</time>
      </trkpt>
      <trkpt lat="22.5567374" lon="113.9532137">
        <ele>4.714</ele>
        <time>2025-07-09T10:30:45Z</time>
      </trkpt>
      <trkpt lat="22.5566989" lon="113.9532166">
        <ele>3.41499</ele>
        <time>2025-07-09T10:30:47Z</time>
      </trkpt>
      <trkpt lat="22.5566643" lon="113.9532205">
        <ele>3.976</ele>
        <time>2025-07-09T10:30:49Z</time>
      </trkpt>
      <trkpt lat="22.5566337" lon="113.9532253">
        <ele>5.355</ele>
        <time>2025-07-09T10:30:51Z</time>
      </trkpt>
      <trkpt lat="22.5566074" lon="113.9532312">
        <ele>2.98699</ele>
        <time>2025-07-09T10:30:54Z</time>
      </trkpt>
      <trkpt lat="22.5565833" lon="113.9532382">
        <ele>1.40799</ele>
        <time>2025-07-09T10:30:56Z</time>
      </trkpt>
      <trkpt lat="22.5565578" lon="113.9532442">
        <ele>-0.456</ele>
        <time>2025-07-09T10:30:58Z</time>
      </trkpt>
      <trkpt lat="22.5565295" lon="113.9532476">
        <ele>-2.341</ele>
        <time>2025-07-09T10:31:00Z</time>
      </trkpt>
      <trkpt lat="22.5564975" lon="113.9532485">
        <ele>-3.365</ele>
        <time>2025-07-09T10:31:02Z</time>
      </trkpt>
      <trkpt lat="22.5564627" lon="113.9532477">
        <ele>-3.24099</ele>
        <time>2025-07-09T10:31:04Z</time>
      </trkpt>
      <trkpt lat="22.5564238" lon="113.9532451">
        <ele>-5.91099</ele>
        <time>2025-07-09T10:31:06Z</time>
      </trkpt>
      <trkpt lat="22.5563818" lon="113.953244">
        <ele>-7.38899</ele>
        <time>2025-07-09T10:31:08Z</time>
      </trkpt>
      <trkpt lat="22.5563364" lon="113.9532433">
        <ele>-4.341</ele>
        <time>2025-07-09T10:31:10Z</time>
      </trkpt>
      <trkpt lat="22.5562897" lon="113.9532429">
        <ele>-4.04699</ele>
        <time>2025-07-09T10:31:12Z</time>
      </trkpt>
      <trkpt lat="22.55624" lon="113.9532441">
        <ele>-2.96499</ele>
        <time>2025-07-09T10:31:14Z</time>
      </trkpt>
      <trkpt lat="22.5561904" lon="113.9532461">
        <ele>-3.29099</ele>
        <time>2025-07-09T10:31:16Z</time>
      </trkpt>
      <trkpt lat="22.5561407" lon="113.953248">
        <ele>-2.19199</ele>
        <time>2025-07-09T10:31:18Z</time>
      </trkpt>
      <trkpt lat="22.5560891" lon="113.953251">
        <ele>-1.51499</ele>
        <time>2025-07-09T10:31:20Z</time>
      </trkpt>
      <trkpt lat="22.5560334" lon="113.9532565">
        <ele>-0.582</ele>
        <time>2025-07-09T10:31:22Z</time>
      </trkpt>
      <trkpt lat="22.555976" lon="113.9532607">
        <ele>1.34899</ele>
        <time>2025-07-09T10:31:24Z</time>
      </trkpt>
      <trkpt lat="22.5559169" lon="113.9532634">
        <ele>3.226</ele>
        <time>2025-07-09T10:31:26Z</time>
      </trkpt>
      <trkpt lat="22.5558579" lon="113.9532659">
        <ele>4.151</ele>
        <time>2025-07-09T10:31:28Z</time>
      </trkpt>
      <trkpt lat="22.5558013" lon="113.9532686">
        <ele>4.82499</ele>
        <time>2025-07-09T10:31:30Z</time>
      </trkpt>
      <trkpt lat="22.5557503" lon="113.9532718">
        <ele>5.96</ele>
        <time>2025-07-09T10:31:32Z</time>
      </trkpt>
      <trkpt lat="22.5557034" lon="113.9532752">
        <ele>6.46099</ele>
        <time>2025-07-09T10:31:34Z</time>
      </trkpt>
      <trkpt lat="22.5556579" lon="113.9532782">
        <ele>6.821</ele>
        <time>2025-07-09T10:31:36Z</time>
      </trkpt>
      <trkpt lat="22.5556141" lon="113.9532805">
        <ele>6.763</ele>
        <time>2025-07-09T10:31:38Z</time>
      </trkpt>
      <trkpt lat="22.5555728" lon="113.9532807">
        <ele>6.84299</ele>
        <time>2025-07-09T10:31:40Z</time>
      </trkpt>
      <trkpt lat="22.5555327" lon="113.9532777">
        <ele>7.10699</ele>
        <time>2025-07-09T10:31:42Z</time>
      </trkpt>
      <trkpt lat="22.5554941" lon="113.9532734">
        <ele>7.571</ele>
        <time>2025-07-09T10:31:44Z</time>
      </trkpt>
      <trkpt lat="22.5554578" lon="113.9532688">
        <ele>6.71799</ele>
        <time>2025-07-09T10:31:46Z</time>
      </trkpt>
      <trkpt lat="22.5554214" lon="113.9532644">
        <ele>5.385</ele>
        <time>2025-07-09T10:31:48Z</time>
      </trkpt>
      <trkpt lat="22.555382" lon="113.9532607">
        <ele>6.05999</ele>
        <time>2025-07-09T10:31:50Z</time>
      </trkpt>
      <trkpt lat="22.5553394" lon="113.9532582">
        <ele>5.229</ele>
        <time>2025-07-09T10:31:52Z</time>
      </trkpt>
      <trkpt lat="22.5552927" lon="113.9532572">
        <ele>5.796</ele>
        <time>2025-07-09T10:31:54Z</time>
      </trkpt>
      <trkpt lat="22.5552433" lon="113.9532585">
        <ele>5.82</ele>
        <time>2025-07-09T10:31:56Z</time>
      </trkpt>
      <trkpt lat="22.5551931" lon="113.9532618">
        <ele>5.617</ele>
        <time>2025-07-09T10:31:58Z</time>
      </trkpt>
      <trkpt lat="22.5551449" lon="113.953268">
        <ele>6.03299</ele>
        <time>2025-07-09T10:32:00Z</time>
      </trkpt>
      <trkpt lat="22.5550999" lon="113.953276">
        <ele>4.662</ele>
        <time>2025-07-09T10:32:02Z</time>
      </trkpt>
      <trkpt lat="22.5550574" lon="113.9532842">
        <ele>4.717</ele>
        <time>2025-07-09T10:32:04Z</time>
      </trkpt>
      <trkpt lat="22.5550168" lon="113.9532939">
        <ele>3.57999</ele>
        <time>2025-07-09T10:32:06Z</time>
      </trkpt>
      <trkpt lat="22.5549771" lon="113.9533037">
        <ele>2.93099</ele>
        <time>2025-07-09T10:32:08Z</time>
      </trkpt>
      <trkpt lat="22.5549373" lon="113.9533133">
        <ele>4.084</ele>
        <time>2025-07-09T10:32:10Z</time>
      </trkpt>
      <trkpt lat="22.5548969" lon="113.9533237">
        <ele>3.848</ele>
        <time>2025-07-09T10:32:12Z</time>
      </trkpt>
      <trkpt lat="22.5548568" lon="113.953336">
        <ele>3.41599</ele>
        <time>2025-07-09T10:32:14Z</time>
      </trkpt>
      <trkpt lat="22.5548172" lon="113.9533481">
        <ele>2.96099</ele>
        <time>2025-07-09T10:32:16Z</time>
      </trkpt>
      <trkpt lat="22.554778" lon="113.9533615">
        <ele>2.358</ele>
        <time>2025-07-09T10:32:18Z</time>
      </trkpt>
      <trkpt lat="22.5547396" lon="113.9533757">
        <ele>2.05999</ele>
        <time>2025-07-09T10:32:20Z</time>
      </trkpt>
      <trkpt lat="22.5547017" lon="113.953389">
        <ele>2.206</ele>
        <time>2025-07-09T10:32:22Z</time>
      </trkpt>
      <trkpt lat="22.554664" lon="113.953403">
        <ele>2.04299</ele>
        <time>2025-07-09T10:32:24Z</time>
      </trkpt>
      <trkpt lat="22.5546268" lon="113.953418">
        <ele>1.521</ele>
        <time>2025-07-09T10:32:26Z</time>
      </trkpt>
      <trkpt lat="22.5545892" lon="113.9534329">
        <ele>1.09399</ele>
        <time>2025-07-09T10:32:28Z</time>
      </trkpt>
      <trkpt lat="22.5545509" lon="113.9534477">
        <ele>0.85799</ele>
        <time>2025-07-09T10:32:30Z</time>
      </trkpt>
      <trkpt lat="22.5545125" lon="113.953465">
        <ele>0.544</ele>
        <time>2025-07-09T10:32:32Z</time>
      </trkpt>
      <trkpt lat="22.5544747" lon="113.9534838">
        <ele>1.166</ele>
        <time>2025-07-09T10:32:34Z</time>
      </trkpt>
      <trkpt lat="22.5544364" lon="113.9535028">
        <ele>1.22099</ele>
        <time>2025-07-09T10:32:36Z</time>
      </trkpt>
      <trkpt lat="22.5543987" lon="113.9535239">
        <ele>2.397</ele>
        <time>2025-07-09T10:32:38Z</time>
      </trkpt>
      <trkpt lat="22.5543616" lon="113.9535465">
        <ele>2.77399</ele>
        <time>2025-07-09T10:32:40Z</time>
      </trkpt>
      <trkpt lat="22.5543246" lon="113.9535694">
        <ele>2.26399</ele>
        <time>2025-07-09T10:32:42Z</time>
      </trkpt>
      <trkpt lat="22.5542866" lon="113.9535912">
        <ele>1.937</ele>
        <time>2025-07-09T10:32:44Z</time>
      </trkpt>
      <trkpt lat="22.5542493" lon="113.9536138">
        <ele>2.334</ele>
        <time>2025-07-09T10:32:46Z</time>
      </trkpt>
      <trkpt lat="22.5542115" lon="113.9536356">
        <ele>2.299</ele>
        <time>2025-07-09T10:32:48Z</time>
      </trkpt>
      <trkpt lat="22.5541734" lon="113.9536572">
        <ele>1.20399</ele>
        <time>2025-07-09T10:32:50Z</time>
      </trkpt>
      <trkpt lat="22.5541354" lon="113.9536792">
        <ele>0.79699</ele>
        <time>2025-07-09T10:32:52Z</time>
      </trkpt>
      <trkpt lat="22.5540979" lon="113.9537034">
        <ele>0.86</ele>
        <time>2025-07-09T10:32:54Z</time>
      </trkpt>
      <trkpt lat="22.5540597" lon="113.9537277">
        <ele>0.72</ele>
        <time>2025-07-09T10:32:56Z</time>
      </trkpt>
      <trkpt lat="22.5540213" lon="113.9537527">
        <ele>0.296</ele>
        <time>2025-07-09T10:32:58Z</time>
      </trkpt>
      <trkpt lat="22.5539828" lon="113.9537787">
        <ele>-1.38399</ele>
        <time>2025-07-09T10:33:00Z</time>
      </trkpt>
      <trkpt lat="22.5539435" lon="113.9538052">
        <ele>-1.57099</ele>
        <time>2025-07-09T10:33:02Z</time>
      </trkpt>
      <trkpt lat="22.5539036" lon="113.9538332">
        <ele>-0.75</ele>
        <time>2025-07-09T10:33:04Z</time>
      </trkpt>
      <trkpt lat="22.5538654" lon="113.9538629">
        <ele>-0.00899</ele>
        <time>2025-07-09T10:33:06Z</time>
      </trkpt>
      <trkpt lat="22.5538285" lon="113.9538945">
        <ele>1.12699</ele>
        <time>2025-07-09T10:33:08Z</time>
      </trkpt>
      <trkpt lat="22.5537917" lon="113.9539262">
        <ele>1.44799</ele>
        <time>2025-07-09T10:33:10Z</time>
      </trkpt>
      <trkpt lat="22.5537548" lon="113.9539574">
        <ele>1.697</ele>
        <time>2025-07-09T10:33:12Z</time>
      </trkpt>
      <trkpt lat="22.5537187" lon="113.953987">
        <ele>2.64199</ele>
        <time>2025-07-09T10:33:14Z</time>
      </trkpt>
      <trkpt lat="22.553682" lon="113.9540153">
        <ele>2.59699</ele>
        <time>2025-07-09T10:33:16Z</time>
      </trkpt>
      <trkpt lat="22.5536446" lon="113.9540413">
        <ele>2.09999</ele>
        <time>2025-07-09T10:33:18Z</time>
      </trkpt>
      <trkpt lat="22.5536081" lon="113.9540667">
        <ele>2.20499</ele>
        <time>2025-07-09T10:33:20Z</time>
      </trkpt>
      <trkpt lat="22.5535729" lon="113.954091">
        <ele>2.64299</ele>
        <time>2025-07-09T10:33:22Z</time>
      </trkpt>
      <trkpt lat="22.5535383" lon="113.9541143">
        <ele>1.942</ele>
        <time>2025-07-09T10:33:24Z</time>
      </trkpt>
      <trkpt lat="22.5535032" lon="113.9541363">
        <ele>1.718</ele>
        <time>2025-07-09T10:33:26Z</time>
      </trkpt>
      <trkpt lat="22.5534681" lon="113.9541593">
        <ele>1.988</ele>
        <time>2025-07-09T10:33:28Z</time>
      </trkpt>
      <trkpt lat="22.5534326" lon="113.9541829">
        <ele>1.70799</ele>
        <time>2025-07-09T10:33:30Z</time>
      </trkpt>
      <trkpt lat="22.5533966" lon="113.9542076">
        <ele>1.36699</ele>
        <time>2025-07-09T10:33:32Z</time>
      </trkpt>
      <trkpt lat="22.5533597" lon="113.9542335">
        <ele>0.83999</ele>
        <time>2025-07-09T10:33:34Z</time>
      </trkpt>
      <trkpt lat="22.5533229" lon="113.9542613">
        <ele>1.845</ele>
        <time>2025-07-09T10:33:36Z</time>
      </trkpt>
      <trkpt lat="22.5532862" lon="113.9542889">
        <ele>2.35299</ele>
        <time>2025-07-09T10:33:38Z</time>
      </trkpt>
      <trkpt lat="22.5532507" lon="113.9543174">
        <ele>1.59099</ele>
        <time>2025-07-09T10:33:40Z</time>
      </trkpt>
      <trkpt lat="22.5532163" lon="113.9543465">
        <ele>0.46999</ele>
        <time>2025-07-09T10:33:42Z</time>
      </trkpt>
      <trkpt lat="22.553183" lon="113.9543754">
        <ele>0.74299</ele>
        <time>2025-07-09T10:33:44Z</time>
      </trkpt>
      <trkpt lat="22.5531504" lon="113.954404">
        <ele>0.67599</ele>
        <time>2025-07-09T10:33:46Z</time>
      </trkpt>
      <trkpt lat="22.5531183" lon="113.9544328">
        <ele>0.35199</ele>
        <time>2025-07-09T10:33:48Z</time>
      </trkpt>
      <trkpt lat="22.5530859" lon="113.9544612">
        <ele>-0.26699</ele>
        <time>2025-07-09T10:33:50Z</time>
      </trkpt>
      <trkpt lat="22.5530533" lon="113.9544897">
        <ele>-0.61799</ele>
        <time>2025-07-09T10:33:52Z</time>
      </trkpt>
      <trkpt lat="22.553021" lon="113.954519">
        <ele>-1.294</ele>
        <time>2025-07-09T10:33:54Z</time>
      </trkpt>
      <trkpt lat="22.5529886" lon="113.9545486">
        <ele>-0.586</ele>
        <time>2025-07-09T10:33:56Z</time>
      </trkpt>
      <trkpt lat="22.5529561" lon="113.9545786">
        <ele>0.261</ele>
        <time>2025-07-09T10:33:58Z</time>
      </trkpt>
      <trkpt lat="22.5529235" lon="113.9546088">
        <ele>0.64899</ele>
        <time>2025-07-09T10:34:00Z</time>
      </trkpt>
      <trkpt lat="22.5528909" lon="113.9546392">
        <ele>0.34799</ele>
        <time>2025-07-09T10:34:02Z</time>
      </trkpt>
      <trkpt lat="22.5528579" lon="113.9546695">
        <ele>0.65399</ele>
        <time>2025-07-09T10:34:04Z</time>
      </trkpt>
      <trkpt lat="22.552825" lon="113.9547005">
        <ele>0.657</ele>
        <time>2025-07-09T10:34:06Z</time>
      </trkpt>
      <trkpt lat="22.5527931" lon="113.9547327">
        <ele>1.014</ele>
        <time>2025-07-09T10:34:08Z</time>
      </trkpt>
      <trkpt lat="22.552761" lon="113.9547646">
        <ele>0.127</ele>
        <time>2025-07-09T10:34:10Z</time>
      </trkpt>
      <trkpt lat="22.5527285" lon="113.9547963">
        <ele>-0.25</ele>
        <time>2025-07-09T10:34:12Z</time>
      </trkpt>
      <trkpt lat="22.5526959" lon="113.954828">
        <ele>0.26499</ele>
        <time>2025-07-09T10:34:14Z</time>
      </trkpt>
      <trkpt lat="22.5526636" lon="113.954859">
        <ele>0.791</ele>
        <time>2025-07-09T10:34:16Z</time>
      </trkpt>
      <trkpt lat="22.5526307" lon="113.9548884">
        <ele>0.428</ele>
        <time>2025-07-09T10:34:18Z</time>
      </trkpt>
      <trkpt lat="22.5525985" lon="113.9549181">
        <ele>1.421</ele>
        <time>2025-07-09T10:34:20Z</time>
      </trkpt>
      <trkpt lat="22.5525667" lon="113.9549479">
        <ele>1.30499</ele>
        <time>2025-07-09T10:34:22Z</time>
      </trkpt>
      <trkpt lat="22.5525346" lon="113.9549772">
        <ele>0.42599</ele>
        <time>2025-07-09T10:34:24Z</time>
      </trkpt>
      <trkpt lat="22.5525013" lon="113.9550058">
        <ele>0.041</ele>
        <time>2025-07-09T10:34:26Z</time>
      </trkpt>
      <trkpt lat="22.5524668" lon="113.9550335">
        <ele>-0.45899</ele>
        <time>2025-07-09T10:34:28Z</time>
      </trkpt>
      <trkpt lat="22.5524307" lon="113.9550596">
        <ele>-0.48199</ele>
        <time>2025-07-09T10:34:30Z</time>
      </trkpt>
      <trkpt lat="22.5523933" lon="113.9550836">
        <ele>-1.19099</ele>
        <time>2025-07-09T10:34:32Z</time>
      </trkpt>
      <trkpt lat="22.5523566" lon="113.9551079">
        <ele>-1.386</ele>
        <time>2025-07-09T10:34:34Z</time>
      </trkpt>
      <trkpt lat="22.5523198" lon="113.9551322">
        <ele>-1.069</ele>
        <time>2025-07-09T10:34:36Z</time>
      </trkpt>
      <trkpt lat="22.5522833" lon="113.9551566">
        <ele>-1.6</ele>
        <time>2025-07-09T10:34:38Z</time>
      </trkpt>
      <trkpt lat="22.552247" lon="113.9551817">
        <ele>-1.207</ele>
        <time>2025-07-09T10:34:40Z</time>
      </trkpt>
      <trkpt lat="22.5522102" lon="113.9552072">
        <ele>-0.134</ele>
        <time>2025-07-09T10:34:42Z</time>
      </trkpt>
      <trkpt lat="22.5521724" lon="113.955232">
        <ele>1.67999</ele>
        <time>2025-07-09T10:34:44Z</time>
      </trkpt>
      <trkpt lat="22.5521349" lon="113.9552568">
        <ele>2.65499</ele>
        <time>2025-07-09T10:34:46Z</time>
      </trkpt>
      <trkpt lat="22.5520976" lon="113.9552816">
        <ele>3.69199</ele>
        <time>2025-07-09T10:34:48Z</time>
      </trkpt>
      <trkpt lat="22.5520596" lon="113.9553056">
        <ele>3.684</ele>
        <time>2025-07-09T10:34:50Z</time>
      </trkpt>
      <trkpt lat="22.552021" lon="113.9553287">
        <ele>3.523</ele>
        <time>2025-07-09T10:34:52Z</time>
      </trkpt>
      <trkpt lat="22.551981" lon="113.9553499">
        <ele>2.93199</ele>
        <time>2025-07-09T10:34:54Z</time>
      </trkpt>
      <trkpt lat="22.5519393" lon="113.9553693">
        <ele>3.92499</ele>
        <time>2025-07-09T10:34:56Z</time>
      </trkpt>
      <trkpt lat="22.5518962" lon="113.9553871">
        <ele>4.671</ele>
        <time>2025-07-09T10:34:58Z</time>
      </trkpt>
      <trkpt lat="22.5518524" lon="113.9554047">
        <ele>4.17299</ele>
        <time>2025-07-09T10:35:00Z</time>
      </trkpt>
      <trkpt lat="22.5518086" lon="113.955423">
        <ele>4.26399</ele>
        <time>2025-07-09T10:35:02Z</time>
      </trkpt>
      <trkpt lat="22.5517651" lon="113.9554417">
        <ele>4.92899</ele>
        <time>2025-07-09T10:35:04Z</time>
      </trkpt>
      <trkpt lat="22.5517219" lon="113.9554604">
        <ele>6.00699</ele>
        <time>2025-07-09T10:35:06Z</time>
      </trkpt>
      <trkpt lat="22.5516789" lon="113.9554791">
        <ele>5.795</ele>
        <time>2025-07-09T10:35:08Z</time>
      </trkpt>
      <trkpt lat="22.5516365" lon="113.9554975">
        <ele>5.53299</ele>
        <time>2025-07-09T10:35:10Z</time>
      </trkpt>
      <trkpt lat="22.5515944" lon="113.9555148">
        <ele>5.611</ele>
        <time>2025-07-09T10:35:12Z</time>
      </trkpt>
      <trkpt lat="22.5515529" lon="113.9555316">
        <ele>5.44399</ele>
        <time>2025-07-09T10:35:14Z</time>
      </trkpt>
      <trkpt lat="22.5515124" lon="113.9555485">
        <ele>5.671</ele>
        <time>2025-07-09T10:35:16Z</time>
      </trkpt>
      <trkpt lat="22.5514726" lon="113.9555646">
        <ele>5.46099</ele>
        <time>2025-07-09T10:35:18Z</time>
      </trkpt>
      <trkpt lat="22.5514328" lon="113.9555793">
        <ele>4.28399</ele>
        <time>2025-07-09T10:35:20Z</time>
      </trkpt>
      <trkpt lat="22.5513931" lon="113.9555932">
        <ele>3.91</ele>
        <time>2025-07-09T10:35:22Z</time>
      </trkpt>
      <trkpt lat="22.551353" lon="113.9556061">
        <ele>3.37899</ele>
        <time>2025-07-09T10:35:24Z</time>
      </trkpt>
      <trkpt lat="22.5513122" lon="113.9556185">
        <ele>3.209</ele>
        <time>2025-07-09T10:35:26Z</time>
      </trkpt>
      <trkpt lat="22.5512708" lon="113.9556307">
        <ele>3.34899</ele>
        <time>2025-07-09T10:35:28Z</time>
      </trkpt>
      <trkpt lat="22.5512294" lon="113.955643">
        <ele>4.189</ele>
        <time>2025-07-09T10:35:30Z</time>
      </trkpt>
      <trkpt lat="22.551188" lon="113.9556552">
        <ele>4.748</ele>
        <time>2025-07-09T10:35:32Z</time>
      </trkpt>
      <trkpt lat="22.5511464" lon="113.9556673">
        <ele>4.62799</ele>
        <time>2025-07-09T10:35:34Z</time>
      </trkpt>
      <trkpt lat="22.5511043" lon="113.9556789">
        <ele>4.80999</ele>
        <time>2025-07-09T10:35:36Z</time>
      </trkpt>
      <trkpt lat="22.5510619" lon="113.9556908">
        <ele>4.914</ele>
        <time>2025-07-09T10:35:38Z</time>
      </trkpt>
      <trkpt lat="22.5510195" lon="113.9557026">
        <ele>5.11</ele>
        <time>2025-07-09T10:35:40Z</time>
      </trkpt>
      <trkpt lat="22.5509771" lon="113.955714">
        <ele>5.888</ele>
        <time>2025-07-09T10:35:42Z</time>
      </trkpt>
      <trkpt lat="22.550935" lon="113.9557254">
        <ele>5.13199</ele>
        <time>2025-07-09T10:35:44Z</time>
      </trkpt>
      <trkpt lat="22.550893" lon="113.9557361">
        <ele>5.184</ele>
        <time>2025-07-09T10:35:46Z</time>
      </trkpt>
      <trkpt lat="22.5508516" lon="113.9557454">
        <ele>5.888</ele>
        <time>2025-07-09T10:35:48Z</time>
      </trkpt>
      <trkpt lat="22.5508098" lon="113.955754">
        <ele>5.8</ele>
        <time>2025-07-09T10:35:50Z</time>
      </trkpt>
      <trkpt lat="22.5507673" lon="113.955762">
        <ele>6.13</ele>
        <time>2025-07-09T10:35:52Z</time>
      </trkpt>
      <trkpt lat="22.5507244" lon="113.9557682">
        <ele>5.852</ele>
        <time>2025-07-09T10:35:54Z</time>
      </trkpt>
      <trkpt lat="22.5506812" lon="113.9557739">
        <ele>6.80999</ele>
        <time>2025-07-09T10:35:56Z</time>
      </trkpt>
      <trkpt lat="22.5506377" lon="113.9557794">
        <ele>6.736</ele>
        <time>2025-07-09T10:35:58Z</time>
      </trkpt>
      <trkpt lat="22.5505941" lon="113.9557847">
        <ele>6.62699</ele>
        <time>2025-07-09T10:36:00Z</time>
      </trkpt>
      <trkpt lat="22.5505505" lon="113.9557901">
        <ele>6.295</ele>
        <time>2025-07-09T10:36:02Z</time>
      </trkpt>
      <trkpt lat="22.5505068" lon="113.955796">
        <ele>6.29099</ele>
        <time>2025-07-09T10:36:04Z</time>
      </trkpt>
      <trkpt lat="22.5504631" lon="113.9558003">
        <ele>6.25099</ele>
        <time>2025-07-09T10:36:06Z</time>
      </trkpt>
      <trkpt lat="22.5504193" lon="113.9558043">
        <ele>6.57299</ele>
        <time>2025-07-09T10:36:08Z</time>
      </trkpt>
      <trkpt lat="22.5503752" lon="113.9558078">
        <ele>6.18699</ele>
        <time>2025-07-09T10:36:10Z</time>
      </trkpt>
      <trkpt lat="22.550331" lon="113.9558109">
        <ele>6.59899</ele>
        <time>2025-07-09T10:36:12Z</time>
      </trkpt>
      <trkpt lat="22.550287" lon="113.9558142">
        <ele>6.44099</ele>
        <time>2025-07-09T10:36:14Z</time>
      </trkpt>
      <trkpt lat="22.5502431" lon="113.9558188">
        <ele>6.787</ele>
        <time>2025-07-09T10:36:16Z</time>
      </trkpt>
      <trkpt lat="22.5501993" lon="113.9558234">
        <ele>6.48199</ele>
        <time>2025-07-09T10:36:18Z</time>
      </trkpt>
      <trkpt lat="22.5501562" lon="113.955827">
        <ele>6.46199</ele>
        <time>2025-07-09T10:36:20Z</time>
      </trkpt>
      <trkpt lat="22.5501135" lon="113.9558288">
        <ele>7.445</ele>
        <time>2025-07-09T10:36:22Z</time>
      </trkpt>
      <trkpt lat="22.5500709" lon="113.9558279">
        <ele>8.64299</ele>
        <time>2025-07-09T10:36:24Z</time>
      </trkpt>
      <trkpt lat="22.550028" lon="113.9558253">
        <ele>7.742</ele>
        <time>2025-07-09T10:36:26Z</time>
      </trkpt>
      <trkpt lat="22.5499851" lon="113.9558213">
        <ele>6.518</ele>
        <time>2025-07-09T10:36:28Z</time>
      </trkpt>
      <trkpt lat="22.5499419" lon="113.9558168">
        <ele>6.01999</ele>
        <time>2025-07-09T10:36:30Z</time>
      </trkpt>
      <trkpt lat="22.5498984" lon="113.9558126">
        <ele>6.15</ele>
        <time>2025-07-09T10:36:32Z</time>
      </trkpt>
      <trkpt lat="22.549855" lon="113.9558096">
        <ele>6.79699</ele>
        <time>2025-07-09T10:36:34Z</time>
      </trkpt>
      <trkpt lat="22.549812" lon="113.9558064">
        <ele>8.387</ele>
        <time>2025-07-09T10:36:36Z</time>
      </trkpt>
      <trkpt lat="22.5497694" lon="113.9558029">
        <ele>9.08699</ele>
        <time>2025-07-09T10:36:38Z</time>
      </trkpt>
      <trkpt lat="22.5497267" lon="113.9557986">
        <ele>9.97999</ele>
        <time>2025-07-09T10:36:40Z</time>
      </trkpt>
      <trkpt lat="22.5496846" lon="113.9557945">
        <ele>10.17899</ele>
        <time>2025-07-09T10:36:42Z</time>
      </trkpt>
      <trkpt lat="22.5496427" lon="113.95579">
        <ele>10.14299</ele>
        <time>2025-07-09T10:36:44Z</time>
      </trkpt>
      <trkpt lat="22.5496004" lon="113.9557852">
        <ele>10.04899</ele>
        <time>2025-07-09T10:36:46Z</time>
      </trkpt>
      <trkpt lat="22.5495575" lon="113.955781">
        <ele>9.17</ele>
        <time>2025-07-09T10:36:48Z</time>
      </trkpt>
      <trkpt lat="22.5495145" lon="113.9557768">
        <ele>9.16499</ele>
        <time>2025-07-09T10:36:50Z</time>
      </trkpt>
      <trkpt lat="22.5494713" lon="113.9557711">
        <ele>9.12699</ele>
        <time>2025-07-09T10:36:52Z</time>
      </trkpt>
      <trkpt lat="22.5494282" lon="113.9557637">
        <ele>9.286</ele>
        <time>2025-07-09T10:36:54Z</time>
      </trkpt>
      <trkpt lat="22.5493855" lon="113.9557559">
        <ele>9.12699</ele>
        <time>2025-07-09T10:36:56Z</time>
      </trkpt>
      <trkpt lat="22.5493437" lon="113.9557468">
        <ele>8.13899</ele>
        <time>2025-07-09T10:36:58Z</time>
      </trkpt>
      <trkpt lat="22.549303" lon="113.955736">
        <ele>8.288</ele>
        <time>2025-07-09T10:37:00Z</time>
      </trkpt>
      <trkpt lat="22.5492627" lon="113.9557252">
        <ele>8.055</ele>
        <time>2025-07-09T10:37:02Z</time>
      </trkpt>
      <trkpt lat="22.5492225" lon="113.9557157">
        <ele>8.24199</ele>
        <time>2025-07-09T10:37:04Z</time>
      </trkpt>
      <trkpt lat="22.5491824" lon="113.9557057">
        <ele>8.152</ele>
        <time>2025-07-09T10:37:06Z</time>
      </trkpt>
      <trkpt lat="22.549142" lon="113.9556955">
        <ele>7.446</ele>
        <time>2025-07-09T10:37:08Z</time>
      </trkpt>
      <trkpt lat="22.5491008" lon="113.9556859">
        <ele>7.00899</ele>
        <time>2025-07-09T10:37:10Z</time>
      </trkpt>
      <trkpt lat="22.5490597" lon="113.9556759">
        <ele>7.11499</ele>
        <time>2025-07-09T10:37:12Z</time>
      </trkpt>
      <trkpt lat="22.5490183" lon="113.9556657">
        <ele>6.76599</ele>
        <time>2025-07-09T10:37:14Z</time>
      </trkpt>
      <trkpt lat="22.5489775" lon="113.9556541">
        <ele>6.70499</ele>
        <time>2025-07-09T10:37:16Z</time>
      </trkpt>
      <trkpt lat="22.5489376" lon="113.9556427">
        <ele>6.66699</ele>
        <time>2025-07-09T10:37:18Z</time>
      </trkpt>
      <trkpt lat="22.5488981" lon="113.9556309">
        <ele>5.464</ele>
        <time>2025-07-09T10:37:20Z</time>
      </trkpt>
      <trkpt lat="22.5488581" lon="113.9556188">
        <ele>6.084</ele>
        <time>2025-07-09T10:37:22Z</time>
      </trkpt>
      <trkpt lat="22.5488183" lon="113.955606">
        <ele>5.854</ele>
        <time>2025-07-09T10:37:24Z</time>
      </trkpt>
      <trkpt lat="22.5487772" lon="113.9555944">
        <ele>5.927</ele>
        <time>2025-07-09T10:37:26Z</time>
      </trkpt>
      <trkpt lat="22.5487349" lon="113.9555822">
        <ele>5.65799</ele>
        <time>2025-07-09T10:37:28Z</time>
      </trkpt>
      <trkpt lat="22.5486927" lon="113.95557">
        <ele>6.421</ele>
        <time>2025-07-09T10:37:30Z</time>
      </trkpt>
      <trkpt lat="22.5486514" lon="113.9555578">
        <ele>6.42399</ele>
        <time>2025-07-09T10:37:32Z</time>
      </trkpt>
      <trkpt lat="22.5486104" lon="113.955545">
        <ele>5.314</ele>
        <time>2025-07-09T10:37:34Z</time>
      </trkpt>
      <trkpt lat="22.5485702" lon="113.955531">
        <ele>5.29199</ele>
        <time>2025-07-09T10:37:36Z</time>
      </trkpt>
      <trkpt lat="22.5485306" lon="113.9555178">
        <ele>5.27699</ele>
        <time>2025-07-09T10:37:38Z</time>
      </trkpt>
      <trkpt lat="22.5484906" lon="113.955505">
        <ele>5.558</ele>
        <time>2025-07-09T10:37:40Z</time>
      </trkpt>
      <trkpt lat="22.5484494" lon="113.955492">
        <ele>5.95599</ele>
        <time>2025-07-09T10:37:42Z</time>
      </trkpt>
      <trkpt lat="22.5484075" lon="113.95548">
        <ele>5.18599</ele>
        <time>2025-07-09T10:37:44Z</time>
      </trkpt>
      <trkpt lat="22.5483661" lon="113.9554701">
        <ele>4.412</ele>
        <time>2025-07-09T10:37:46Z</time>
      </trkpt>
      <trkpt lat="22.548325" lon="113.9554595">
        <ele>4.122</ele>
        <time>2025-07-09T10:37:48Z</time>
      </trkpt>
      <trkpt lat="22.548284" lon="113.9554488">
        <ele>3.25399</ele>
        <time>2025-07-09T10:37:50Z</time>
      </trkpt>
      <trkpt lat="22.5482436" lon="113.9554386">
        <ele>2.70099</ele>
        <time>2025-07-09T10:37:52Z</time>
      </trkpt>
      <trkpt lat="22.5482027" lon="113.9554276">
        <ele>2.95099</ele>
        <time>2025-07-09T10:37:54Z</time>
      </trkpt>
      <trkpt lat="22.5481604" lon="113.9554135">
        <ele>3.209</ele>
        <time>2025-07-09T10:37:56Z</time>
      </trkpt>
      <trkpt lat="22.5481172" lon="113.9553992">
        <ele>3.525</ele>
        <time>2025-07-09T10:37:58Z</time>
      </trkpt>
      <trkpt lat="22.5480731" lon="113.9553847">
        <ele>2.657</ele>
        <time>2025-07-09T10:38:00Z</time>
      </trkpt>
      <trkpt lat="22.5480274" lon="113.9553703">
        <ele>3.08699</ele>
        <time>2025-07-09T10:38:02Z</time>
      </trkpt>
      <trkpt lat="22.5479818" lon="113.9553569">
        <ele>3.246</ele>
        <time>2025-07-09T10:38:04Z</time>
      </trkpt>
      <trkpt lat="22.5479358" lon="113.9553453">
        <ele>4.39799</ele>
        <time>2025-07-09T10:38:06Z</time>
      </trkpt>
      <trkpt lat="22.5478897" lon="113.9553335">
        <ele>5.54099</ele>
        <time>2025-07-09T10:38:08Z</time>
      </trkpt>
      <trkpt lat="22.5478441" lon="113.9553213">
        <ele>8.666</ele>
        <time>2025-07-09T10:38:10Z</time>
      </trkpt>
      <trkpt lat="22.5477992" lon="113.9553095">
        <ele>7.551</ele>
        <time>2025-07-09T10:38:12Z</time>
      </trkpt>
      <trkpt lat="22.5477547" lon="113.9552975">
        <ele>7.69899</ele>
        <time>2025-07-09T10:38:14Z</time>
      </trkpt>
      <trkpt lat="22.5477108" lon="113.9552863">
        <ele>7.46899</ele>
        <time>2025-07-09T10:38:16Z</time>
      </trkpt>
      <trkpt lat="22.5476679" lon="113.9552768">
        <ele>6.506</ele>
        <time>2025-07-09T10:38:18Z</time>
      </trkpt>
      <trkpt lat="22.547626" lon="113.9552688">
        <ele>5.406</ele>
        <time>2025-07-09T10:38:20Z</time>
      </trkpt>
      <trkpt lat="22.5475847" lon="113.9552599">
        <ele>5.359</ele>
        <time>2025-07-09T10:38:22Z</time>
      </trkpt>
      <trkpt lat="22.5475424" lon="113.9552518">
        <ele>6.65799</ele>
        <time>2025-07-09T10:38:24Z</time>
      </trkpt>
      <trkpt lat="22.5474987" lon="113.9552441">
        <ele>4.85699</ele>
        <time>2025-07-09T10:38:26Z</time>
      </trkpt>
      <trkpt lat="22.5474539" lon="113.9552344">
        <ele>5.00099</ele>
        <time>2025-07-09T10:38:28Z</time>
      </trkpt>
      <trkpt lat="22.5474075" lon="113.9552224">
        <ele>5.26499</ele>
        <time>2025-07-09T10:38:30Z</time>
      </trkpt>
      <trkpt lat="22.5473604" lon="113.9552096">
        <ele>6.051</ele>
        <time>2025-07-09T10:38:32Z</time>
      </trkpt>
      <trkpt lat="22.5473154" lon="113.9551948">
        <ele>6.68699</ele>
        <time>2025-07-09T10:38:34Z</time>
      </trkpt>
      <trkpt lat="22.5472718" lon="113.9551778">
        <ele>6.352</ele>
        <time>2025-07-09T10:38:36Z</time>
      </trkpt>
      <trkpt lat="22.5472283" lon="113.9551605">
        <ele>5.359</ele>
        <time>2025-07-09T10:38:38Z</time>
      </trkpt>
      <trkpt lat="22.5471857" lon="113.9551435">
        <ele>6.88</ele>
        <time>2025-07-09T10:38:40Z</time>
      </trkpt>
      <trkpt lat="22.5471448" lon="113.955127">
        <ele>7.62799</ele>
        <time>2025-07-09T10:38:42Z</time>
      </trkpt>
      <trkpt lat="22.5471036" lon="113.9551113">
        <ele>7.17</ele>
        <time>2025-07-09T10:38:44Z</time>
      </trkpt>
      <trkpt lat="22.5470633" lon="113.9550954">
        <ele>6.59899</ele>
        <time>2025-07-09T10:38:46Z</time>
      </trkpt>
      <trkpt lat="22.5470238" lon="113.9550797">
        <ele>6.005</ele>
        <time>2025-07-09T10:38:48Z</time>
      </trkpt>
      <trkpt lat="22.5469837" lon="113.9550651">
        <ele>4.46</ele>
        <time>2025-07-09T10:38:50Z</time>
      </trkpt>
      <trkpt lat="22.546943" lon="113.9550509">
        <ele>4.747</ele>
        <time>2025-07-09T10:38:52Z</time>
      </trkpt>
      <trkpt lat="22.5469024" lon="113.9550364">
        <ele>4.583</ele>
        <time>2025-07-09T10:38:54Z</time>
      </trkpt>
      <trkpt lat="22.5468614" lon="113.9550218">
        <ele>4.25099</ele>
        <time>2025-07-09T10:38:56Z</time>
      </trkpt>
      <trkpt lat="22.5468199" lon="113.9550074">
        <ele>3.89199</ele>
        <time>2025-07-09T10:38:58Z</time>
      </trkpt>
      <trkpt lat="22.5467788" lon="113.9549928">
        <ele>3.558</ele>
        <time>2025-07-09T10:39:00Z</time>
      </trkpt>
      <trkpt lat="22.5467376" lon="113.9549784">
        <ele>3.219</ele>
        <time>2025-07-09T10:39:02Z</time>
      </trkpt>
      <trkpt lat="22.5466956" lon="113.9549642">
        <ele>3.82999</ele>
        <time>2025-07-09T10:39:04Z</time>
      </trkpt>
      <trkpt lat="22.5466535" lon="113.9549503">
        <ele>4.143</ele>
        <time>2025-07-09T10:39:06Z</time>
      </trkpt>
      <trkpt lat="22.546611" lon="113.9549367">
        <ele>3.79099</ele>
        <time>2025-07-09T10:39:08Z</time>
      </trkpt>
      <trkpt lat="22.5465684" lon="113.9549221">
        <ele>4.209</ele>
        <time>2025-07-09T10:39:10Z</time>
      </trkpt>
      <trkpt lat="22.5465257" lon="113.9549071">
        <ele>4.031</ele>
        <time>2025-07-09T10:39:12Z</time>
      </trkpt>
      <trkpt lat="22.5464827" lon="113.9548923">
        <ele>3.10599</ele>
        <time>2025-07-09T10:39:14Z</time>
      </trkpt>
      <trkpt lat="22.5464393" lon="113.9548787">
        <ele>3.10999</ele>
        <time>2025-07-09T10:39:16Z</time>
      </trkpt>
      <trkpt lat="22.5463961" lon="113.954867">
        <ele>2.90799</ele>
        <time>2025-07-09T10:39:18Z</time>
      </trkpt>
      <trkpt lat="22.5463527" lon="113.9548579">
        <ele>3.216</ele>
        <time>2025-07-09T10:39:20Z</time>
      </trkpt>
      <trkpt lat="22.5463086" lon="113.95485">
        <ele>2.69799</ele>
        <time>2025-07-09T10:39:22Z</time>
      </trkpt>
      <trkpt lat="22.5462644" lon="113.954842">
        <ele>2.39899</ele>
        <time>2025-07-09T10:39:24Z</time>
      </trkpt>
      <trkpt lat="22.5462204" lon="113.9548325">
        <ele>2.25799</ele>
        <time>2025-07-09T10:39:26Z</time>
      </trkpt>
      <trkpt lat="22.5461761" lon="113.9548213">
        <ele>1.929</ele>
        <time>2025-07-09T10:39:28Z</time>
      </trkpt>
      <trkpt lat="22.5461323" lon="113.9548068">
        <ele>1.75399</ele>
        <time>2025-07-09T10:39:30Z</time>
      </trkpt>
      <trkpt lat="22.5460889" lon="113.9547901">
        <ele>1.786</ele>
        <time>2025-07-09T10:39:32Z</time>
      </trkpt>
      <trkpt lat="22.5460464" lon="113.9547731">
        <ele>1.968</ele>
        <time>2025-07-09T10:39:34Z</time>
      </trkpt>
      <trkpt lat="22.5460057" lon="113.9547572">
        <ele>2.456</ele>
        <time>2025-07-09T10:39:36Z</time>
      </trkpt>
      <trkpt lat="22.5459662" lon="113.9547417">
        <ele>2.00099</ele>
        <time>2025-07-09T10:39:38Z</time>
      </trkpt>
      <trkpt lat="22.5459268" lon="113.954731">
        <ele>0.66299</ele>
        <time>2025-07-09T10:39:40Z</time>
      </trkpt>
      <trkpt lat="22.5458869" lon="113.9547227">
        <ele>-0.09</ele>
        <time>2025-07-09T10:39:42Z</time>
      </trkpt>
      <trkpt lat="22.5458466" lon="113.9547139">
        <ele>-0.437</ele>
        <time>2025-07-09T10:39:44Z</time>
      </trkpt>
      <trkpt lat="22.5458033" lon="113.954706">
        <ele>-1.03499</ele>
        <time>2025-07-09T10:39:46Z</time>
      </trkpt>
      <trkpt lat="22.5457583" lon="113.9546991">
        <ele>0.444</ele>
        <time>2025-07-09T10:39:48Z</time>
      </trkpt>
      <trkpt lat="22.5457124" lon="113.9546895">
        <ele>0.69099</ele>
        <time>2025-07-09T10:39:50Z</time>
      </trkpt>
      <trkpt lat="22.5456665" lon="113.9546803">
        <ele>1.07799</ele>
        <time>2025-07-09T10:39:52Z</time>
      </trkpt>
      <trkpt lat="22.5456208" lon="113.9546715">
        <ele>2.02999</ele>
        <time>2025-07-09T10:39:54Z</time>
      </trkpt>
      <trkpt lat="22.545577" lon="113.954661">
        <ele>2.43899</ele>
        <time>2025-07-09T10:39:56Z</time>
      </trkpt>
      <trkpt lat="22.545534" lon="113.9546499">
        <ele>2.615</ele>
        <time>2025-07-09T10:39:58Z</time>
      </trkpt>
      <trkpt lat="22.5454913" lon="113.9546408">
        <ele>2.48699</ele>
        <time>2025-07-09T10:40:00Z</time>
      </trkpt>
      <trkpt lat="22.5454489" lon="113.9546319">
        <ele>2.98399</ele>
        <time>2025-07-09T10:40:02Z</time>
      </trkpt>
      <trkpt lat="22.5454061" lon="113.9546244">
        <ele>3.13599</ele>
        <time>2025-07-09T10:40:04Z</time>
      </trkpt>
      <trkpt lat="22.5453629" lon="113.9546178">
        <ele>3.10899</ele>
        <time>2025-07-09T10:40:06Z</time>
      </trkpt>
      <trkpt lat="22.5453195" lon="113.9546126">
        <ele>3.37599</ele>
        <time>2025-07-09T10:40:08Z</time>
      </trkpt>
      <trkpt lat="22.5452761" lon="113.9546074">
        <ele>2.26699</ele>
        <time>2025-07-09T10:40:10Z</time>
      </trkpt>
      <trkpt lat="22.5452322" lon="113.954603">
        <ele>2.81699</ele>
        <time>2025-07-09T10:40:12Z</time>
      </trkpt>
      <trkpt lat="22.5451879" lon="113.9545994">
        <ele>2.74799</ele>
        <time>2025-07-09T10:40:14Z</time>
      </trkpt>
      <trkpt lat="22.545143" lon="113.9545969">
        <ele>4.00299</ele>
        <time>2025-07-09T10:40:16Z</time>
      </trkpt>
      <trkpt lat="22.5450972" lon="113.9545946">
        <ele>4.735</ele>
        <time>2025-07-09T10:40:18Z</time>
      </trkpt>
      <trkpt lat="22.5450509" lon="113.9545916">
        <ele>5.538</ele>
        <time>2025-07-09T10:40:20Z</time>
      </trkpt>
      <trkpt lat="22.5450047" lon="113.9545886">
        <ele>5.617</ele>
        <time>2025-07-09T10:40:22Z</time>
      </trkpt>
      <trkpt lat="22.5449569" lon="113.9545863">
        <ele>6.216</ele>
        <time>2025-07-09T10:40:24Z</time>
      </trkpt>
      <trkpt lat="22.544907" lon="113.9545838">
        <ele>5.742</ele>
        <time>2025-07-09T10:40:26Z</time>
      </trkpt>
      <trkpt lat="22.5448559" lon="113.9545834">
        <ele>6.31699</ele>
        <time>2025-07-09T10:40:28Z</time>
      </trkpt>
      <trkpt lat="22.5448064" lon="113.9545838">
        <ele>6.19399</ele>
        <time>2025-07-09T10:40:30Z</time>
      </trkpt>
      <trkpt lat="22.5447602" lon="113.9545845">
        <ele>7.68699</ele>
        <time>2025-07-09T10:40:32Z</time>
      </trkpt>
      <trkpt lat="22.5447165" lon="113.9545849">
        <ele>7.77199</ele>
        <time>2025-07-09T10:40:34Z</time>
      </trkpt>
      <trkpt lat="22.544675" lon="113.9545862">
        <ele>8.314</ele>
        <time>2025-07-09T10:40:36Z</time>
      </trkpt>
      <trkpt lat="22.5446359" lon="113.954587">
        <ele>8.121</ele>
        <time>2025-07-09T10:40:38Z</time>
      </trkpt>
      <trkpt lat="22.5445966" lon="113.9545879">
        <ele>9.701</ele>
        <time>2025-07-09T10:40:40Z</time>
      </trkpt>
      <trkpt lat="22.5445554" lon="113.954589">
        <ele>11.571</ele>
        <time>2025-07-09T10:40:42Z</time>
      </trkpt>
      <trkpt lat="22.5445143" lon="113.9545907">
        <ele>12.53299</ele>
        <time>2025-07-09T10:40:44Z</time>
      </trkpt>
      <trkpt lat="22.5444739" lon="113.9545923">
        <ele>9.69099</ele>
        <time>2025-07-09T10:40:46Z</time>
      </trkpt>
      <trkpt lat="22.5444329" lon="113.9545931">
        <ele>7.95599</ele>
        <time>2025-07-09T10:40:48Z</time>
      </trkpt>
      <trkpt lat="22.5443914" lon="113.9545939">
        <ele>6.87699</ele>
        <time>2025-07-09T10:40:50Z</time>
      </trkpt>
      <trkpt lat="22.5443492" lon="113.9545943">
        <ele>7.308</ele>
        <time>2025-07-09T10:40:52Z</time>
      </trkpt>
      <trkpt lat="22.5443057" lon="113.9545945">
        <ele>7.852</ele>
        <time>2025-07-09T10:40:54Z</time>
      </trkpt>
      <trkpt lat="22.5442606" lon="113.9545948">
        <ele>8.01599</ele>
        <time>2025-07-09T10:40:56Z</time>
      </trkpt>
      <trkpt lat="22.544213" lon="113.9545973">
        <ele>7.328</ele>
        <time>2025-07-09T10:40:58Z</time>
      </trkpt>
      <trkpt lat="22.5441655" lon="113.9545986">
        <ele>7.41499</ele>
        <time>2025-07-09T10:41:00Z</time>
      </trkpt>
      <trkpt lat="22.5441194" lon="113.9546">
        <ele>8.22399</ele>
        <time>2025-07-09T10:41:02Z</time>
      </trkpt>
      <trkpt lat="22.5440718" lon="113.9546022">
        <ele>7.072</ele>
        <time>2025-07-09T10:41:04Z</time>
      </trkpt>
      <trkpt lat="22.5440259" lon="113.9546046">
        <ele>8.70899</ele>
        <time>2025-07-09T10:41:06Z</time>
      </trkpt>
      <trkpt lat="22.5439839" lon="113.9546052">
        <ele>10.43299</ele>
        <time>2025-07-09T10:41:08Z</time>
      </trkpt>
      <trkpt lat="22.5439421" lon="113.9546059">
        <ele>10.54899</ele>
        <time>2025-07-09T10:41:10Z</time>
      </trkpt>
      <trkpt lat="22.5438983" lon="113.9546075">
        <ele>11.454</ele>
        <time>2025-07-09T10:41:12Z</time>
      </trkpt>
      <trkpt lat="22.5438574" lon="113.954608">
        <ele>12.1</ele>
        <time>2025-07-09T10:41:14Z</time>
      </trkpt>
      <trkpt lat="22.5438163" lon="113.9546095">
        <ele>11.609</ele>
        <time>2025-07-09T10:41:16Z</time>
      </trkpt>
      <trkpt lat="22.543774" lon="113.9546109">
        <ele>10.50399</ele>
        <time>2025-07-09T10:41:18Z</time>
      </trkpt>
      <trkpt lat="22.5437309" lon="113.9546128">
        <ele>9.26599</ele>
        <time>2025-07-09T10:41:20Z</time>
      </trkpt>
      <trkpt lat="22.5436914" lon="113.9546141">
        <ele>8.427</ele>
        <time>2025-07-09T10:41:22Z</time>
      </trkpt>
      <trkpt lat="22.5436518" lon="113.9546166">
        <ele>7.873</ele>
        <time>2025-07-09T10:41:24Z</time>
      </trkpt>
      <trkpt lat="22.5436113" lon="113.9546172">
        <ele>5.932</ele>
        <time>2025-07-09T10:41:26Z</time>
      </trkpt>
      <trkpt lat="22.5435737" lon="113.9546179">
        <ele>4.262</ele>
        <time>2025-07-09T10:41:28Z</time>
      </trkpt>
      <trkpt lat="22.543537" lon="113.9546203">
        <ele>4.992</ele>
        <time>2025-07-09T10:41:30Z</time>
      </trkpt>
      <trkpt lat="22.5434917" lon="113.9546231">
        <ele>6.88899</ele>
        <time>2025-07-09T10:41:32Z</time>
      </trkpt>
      <trkpt lat="22.5434385" lon="113.9546263">
        <ele>5.29899</ele>
        <time>2025-07-09T10:41:34Z</time>
      </trkpt>
      <trkpt lat="22.5433843" lon="113.9546302">
        <ele>4.68699</ele>
        <time>2025-07-09T10:41:36Z</time>
      </trkpt>
      <trkpt lat="22.5433267" lon="113.9546351">
        <ele>2.98099</ele>
        <time>2025-07-09T10:41:38Z</time>
      </trkpt>
      <trkpt lat="22.543269" lon="113.954639">
        <ele>2.57899</ele>
        <time>2025-07-09T10:41:40Z</time>
      </trkpt>
      <trkpt lat="22.5432177" lon="113.9546434">
        <ele>3.864</ele>
        <time>2025-07-09T10:41:42Z</time>
      </trkpt>
      <trkpt lat="22.5431733" lon="113.9546474">
        <ele>3.92499</ele>
        <time>2025-07-09T10:41:44Z</time>
      </trkpt>
      <trkpt lat="22.5431311" lon="113.9546473">
        <ele>5.129</ele>
        <time>2025-07-09T10:41:46Z</time>
      </trkpt>
      <trkpt lat="22.5430911" lon="113.95464">
        <ele>4.431</ele>
        <time>2025-07-09T10:41:48Z</time>
      </trkpt>
      <trkpt lat="22.5430489" lon="113.9546287">
        <ele>4.06799</ele>
        <time>2025-07-09T10:41:50Z</time>
      </trkpt>
      <trkpt lat="22.5430063" lon="113.9546133">
        <ele>5.39699</ele>
        <time>2025-07-09T10:41:52Z</time>
      </trkpt>
      <trkpt lat="22.5429656" lon="113.9545996">
        <ele>5.735</ele>
        <time>2025-07-09T10:41:54Z</time>
      </trkpt>
      <trkpt lat="22.5429267" lon="113.9545945">
        <ele>4.169</ele>
        <time>2025-07-09T10:41:56Z</time>
      </trkpt>
      <trkpt lat="22.5428869" lon="113.9545957">
        <ele>4.288</ele>
        <time>2025-07-09T10:41:58Z</time>
      </trkpt>
      <trkpt lat="22.5428482" lon="113.9545992">
        <ele>3.56399</ele>
        <time>2025-07-09T10:42:00Z</time>
      </trkpt>
      <trkpt lat="22.5428088" lon="113.9546055">
        <ele>2.75099</ele>
        <time>2025-07-09T10:42:02Z</time>
      </trkpt>
      <trkpt lat="22.5427672" lon="113.9546087">
        <ele>2.82599</ele>
        <time>2025-07-09T10:42:04Z</time>
      </trkpt>
      <trkpt lat="22.542723" lon="113.9546071">
        <ele>3.25399</ele>
        <time>2025-07-09T10:42:06Z</time>
      </trkpt>
      <trkpt lat="22.5426775" lon="113.9546054">
        <ele>4.59399</ele>
        <time>2025-07-09T10:42:08Z</time>
      </trkpt>
      <trkpt lat="22.5426317" lon="113.954605">
        <ele>6.138</ele>
        <time>2025-07-09T10:42:10Z</time>
      </trkpt>
      <trkpt lat="22.5425866" lon="113.9546033">
        <ele>5.63</ele>
        <time>2025-07-09T10:42:12Z</time>
      </trkpt>
      <trkpt lat="22.5425414" lon="113.9546011">
        <ele>4.85099</ele>
        <time>2025-07-09T10:42:14Z</time>
      </trkpt>
      <trkpt lat="22.5424962" lon="113.9545973">
        <ele>5.29699</ele>
        <time>2025-07-09T10:42:16Z</time>
      </trkpt>
      <trkpt lat="22.5424515" lon="113.9545919">
        <ele>4.387</ele>
        <time>2025-07-09T10:42:18Z</time>
      </trkpt>
      <trkpt lat="22.5424079" lon="113.9545857">
        <ele>4.63899</ele>
        <time>2025-07-09T10:42:20Z</time>
      </trkpt>
      <trkpt lat="22.5423649" lon="113.954579">
        <ele>4.02799</ele>
        <time>2025-07-09T10:42:22Z</time>
      </trkpt>
      <trkpt lat="22.542323" lon="113.9545719">
        <ele>3.85599</ele>
        <time>2025-07-09T10:42:24Z</time>
      </trkpt>
      <trkpt lat="22.5422816" lon="113.9545651">
        <ele>4.302</ele>
        <time>2025-07-09T10:42:26Z</time>
      </trkpt>
      <trkpt lat="22.5422395" lon="113.9545581">
        <ele>4.697</ele>
        <time>2025-07-09T10:42:28Z</time>
      </trkpt>
      <trkpt lat="22.5421962" lon="113.9545507">
        <ele>5.60799</ele>
        <time>2025-07-09T10:42:30Z</time>
      </trkpt>
      <trkpt lat="22.5421515" lon="113.9545445">
        <ele>5.526</ele>
        <time>2025-07-09T10:42:32Z</time>
      </trkpt>
      <trkpt lat="22.5421056" lon="113.9545391">
        <ele>6.484</ele>
        <time>2025-07-09T10:42:34Z</time>
      </trkpt>
      <trkpt lat="22.5420591" lon="113.9545343">
        <ele>6.092</ele>
        <time>2025-07-09T10:42:36Z</time>
      </trkpt>
      <trkpt lat="22.5420117" lon="113.9545296">
        <ele>5.55299</ele>
        <time>2025-07-09T10:42:38Z</time>
      </trkpt>
      <trkpt lat="22.5419657" lon="113.9545237">
        <ele>6.87799</ele>
        <time>2025-07-09T10:42:40Z</time>
      </trkpt>
      <trkpt lat="22.5419199" lon="113.9545164">
        <ele>7.552</ele>
        <time>2025-07-09T10:42:42Z</time>
      </trkpt>
      <trkpt lat="22.5418735" lon="113.9545072">
        <ele>9.08399</ele>
        <time>2025-07-09T10:42:44Z</time>
      </trkpt>
      <trkpt lat="22.5418284" lon="113.9544964">
        <ele>9.104</ele>
        <time>2025-07-09T10:42:46Z</time>
      </trkpt>
      <trkpt lat="22.5417854" lon="113.9544848">
        <ele>10.354</ele>
        <time>2025-07-09T10:42:48Z</time>
      </trkpt>
      <trkpt lat="22.541743" lon="113.954472">
        <ele>10.17199</ele>
        <time>2025-07-09T10:42:50Z</time>
      </trkpt>
      <trkpt lat="22.541702" lon="113.9544571">
        <ele>9.897</ele>
        <time>2025-07-09T10:42:52Z</time>
      </trkpt>
      <trkpt lat="22.5416626" lon="113.9544415">
        <ele>9.44699</ele>
        <time>2025-07-09T10:42:54Z</time>
      </trkpt>
      <trkpt lat="22.5416232" lon="113.954425">
        <ele>8.678</ele>
        <time>2025-07-09T10:42:56Z</time>
      </trkpt>
      <trkpt lat="22.5415827" lon="113.954407">
        <ele>9.762</ele>
        <time>2025-07-09T10:42:58Z</time>
      </trkpt>
      <trkpt lat="22.5415409" lon="113.9543896">
        <ele>10.102</ele>
        <time>2025-07-09T10:43:00Z</time>
      </trkpt>
      <trkpt lat="22.5414985" lon="113.9543733">
        <ele>10.677</ele>
        <time>2025-07-09T10:43:02Z</time>
      </trkpt>
      <trkpt lat="22.5414576" lon="113.9543554">
        <ele>10.52299</ele>
        <time>2025-07-09T10:43:04Z</time>
      </trkpt>
      <trkpt lat="22.5414172" lon="113.9543379">
        <ele>10.43</ele>
        <time>2025-07-09T10:43:06Z</time>
      </trkpt>
      <trkpt lat="22.5413783" lon="113.9543208">
        <ele>10.01</ele>
        <time>2025-07-09T10:43:08Z</time>
      </trkpt>
      <trkpt lat="22.5413407" lon="113.9543037">
        <ele>9.93</ele>
        <time>2025-07-09T10:43:10Z</time>
      </trkpt>
      <trkpt lat="22.5413038" lon="113.9542865">
        <ele>9.026</ele>
        <time>2025-07-09T10:43:12Z</time>
      </trkpt>
      <trkpt lat="22.5412669" lon="113.9542684">
        <ele>8.019</ele>
        <time>2025-07-09T10:43:14Z</time>
      </trkpt>
      <trkpt lat="22.5412307" lon="113.9542483">
        <ele>6.83199</ele>
        <time>2025-07-09T10:43:16Z</time>
      </trkpt>
      <trkpt lat="22.5411947" lon="113.9542265">
        <ele>5.98199</ele>
        <time>2025-07-09T10:43:18Z</time>
      </trkpt>
      <trkpt lat="22.5411591" lon="113.9542033">
        <ele>6.748</ele>
        <time>2025-07-09T10:43:20Z</time>
      </trkpt>
      <trkpt lat="22.5411239" lon="113.9541785">
        <ele>6.372</ele>
        <time>2025-07-09T10:43:22Z</time>
      </trkpt>
      <trkpt lat="22.5410884" lon="113.9541547">
        <ele>5.513</ele>
        <time>2025-07-09T10:43:24Z</time>
      </trkpt>
      <trkpt lat="22.5410525" lon="113.9541325">
        <ele>5.013</ele>
        <time>2025-07-09T10:43:26Z</time>
      </trkpt>
      <trkpt lat="22.5410168" lon="113.9541106">
        <ele>5.446</ele>
        <time>2025-07-09T10:43:28Z</time>
      </trkpt>
      <trkpt lat="22.5409808" lon="113.9540884">
        <ele>6.17399</ele>
        <time>2025-07-09T10:43:30Z</time>
      </trkpt>
      <trkpt lat="22.5409445" lon="113.954067">
        <ele>6.951</ele>
        <time>2025-07-09T10:43:32Z</time>
      </trkpt>
      <trkpt lat="22.5409085" lon="113.9540455">
        <ele>5.945</ele>
        <time>2025-07-09T10:43:34Z</time>
      </trkpt>
      <trkpt lat="22.5408726" lon="113.9540236">
        <ele>5.50799</ele>
        <time>2025-07-09T10:43:36Z</time>
      </trkpt>
      <trkpt lat="22.5408368" lon="113.9540009">
        <ele>6.60799</ele>
        <time>2025-07-09T10:43:38Z</time>
      </trkpt>
      <trkpt lat="22.5408014" lon="113.9539781">
        <ele>6.504</ele>
        <time>2025-07-09T10:43:40Z</time>
      </trkpt>
      <trkpt lat="22.5407666" lon="113.9539553">
        <ele>6.65</ele>
        <time>2025-07-09T10:43:42Z</time>
      </trkpt>
      <trkpt lat="22.5407321" lon="113.9539324">
        <ele>5.86199</ele>
        <time>2025-07-09T10:43:44Z</time>
      </trkpt>
      <trkpt lat="22.5406981" lon="113.9539086">
        <ele>4.77699</ele>
        <time>2025-07-09T10:43:46Z</time>
      </trkpt>
      <trkpt lat="22.5406639" lon="113.9538856">
        <ele>5.44399</ele>
        <time>2025-07-09T10:43:48Z</time>
      </trkpt>
      <trkpt lat="22.5406297" lon="113.9538629">
        <ele>5.42799</ele>
        <time>2025-07-09T10:43:50Z</time>
      </trkpt>
      <trkpt lat="22.5405961" lon="113.9538392">
        <ele>4.748</ele>
        <time>2025-07-09T10:43:52Z</time>
      </trkpt>
      <trkpt lat="22.5405624" lon="113.953815">
        <ele>3.81999</ele>
        <time>2025-07-09T10:43:54Z</time>
      </trkpt>
      <trkpt lat="22.5405285" lon="113.953791">
        <ele>4.05499</ele>
        <time>2025-07-09T10:43:56Z</time>
      </trkpt>
      <trkpt lat="22.5404946" lon="113.953767">
        <ele>4.56099</ele>
        <time>2025-07-09T10:43:58Z</time>
      </trkpt>
      <trkpt lat="22.5404603" lon="113.9537432">
        <ele>4.992</ele>
        <time>2025-07-09T10:44:00Z</time>
      </trkpt>
      <trkpt lat="22.5404244" lon="113.9537206">
        <ele>5.822</ele>
        <time>2025-07-09T10:44:02Z</time>
      </trkpt>
      <trkpt lat="22.5403867" lon="113.9537002">
        <ele>5.5</ele>
        <time>2025-07-09T10:44:04Z</time>
      </trkpt>
      <trkpt lat="22.5403476" lon="113.9536813">
        <ele>6.02799</ele>
        <time>2025-07-09T10:44:06Z</time>
      </trkpt>
      <trkpt lat="22.5403078" lon="113.9536626">
        <ele>6.367</ele>
        <time>2025-07-09T10:44:08Z</time>
      </trkpt>
      <trkpt lat="22.5402674" lon="113.9536445">
        <ele>6.657</ele>
        <time>2025-07-09T10:44:10Z</time>
      </trkpt>
      <trkpt lat="22.5402273" lon="113.9536263">
        <ele>6.321</ele>
        <time>2025-07-09T10:44:12Z</time>
      </trkpt>
      <trkpt lat="22.5401874" lon="113.9536066">
        <ele>6.289</ele>
        <time>2025-07-09T10:44:14Z</time>
      </trkpt>
      <trkpt lat="22.5401473" lon="113.9535863">
        <ele>4.94899</ele>
        <time>2025-07-09T10:44:16Z</time>
      </trkpt>
      <trkpt lat="22.5401076" lon="113.953566">
        <ele>4.98899</ele>
        <time>2025-07-09T10:44:18Z</time>
      </trkpt>
      <trkpt lat="22.5400684" lon="113.953545">
        <ele>5.23099</ele>
        <time>2025-07-09T10:44:20Z</time>
      </trkpt>
      <trkpt lat="22.5400291" lon="113.9535227">
        <ele>5.26499</ele>
        <time>2025-07-09T10:44:22Z</time>
      </trkpt>
      <trkpt lat="22.5399905" lon="113.9534997">
        <ele>5.352</ele>
        <time>2025-07-09T10:44:24Z</time>
      </trkpt>
      <trkpt lat="22.5399519" lon="113.9534772">
        <ele>5.721</ele>
        <time>2025-07-09T10:44:26Z</time>
      </trkpt>
      <trkpt lat="22.5399139" lon="113.9534556">
        <ele>5.12699</ele>
        <time>2025-07-09T10:44:28Z</time>
      </trkpt>
      <trkpt lat="22.5398763" lon="113.9534346">
        <ele>4.87599</ele>
        <time>2025-07-09T10:44:30Z</time>
      </trkpt>
      <trkpt lat="22.5398397" lon="113.9534146">
        <ele>4.61999</ele>
        <time>2025-07-09T10:44:32Z</time>
      </trkpt>
      <trkpt lat="22.5398035" lon="113.9533956">
        <ele>4.52099</ele>
        <time>2025-07-09T10:44:34Z</time>
      </trkpt>
      <trkpt lat="22.5397684" lon="113.9533757">
        <ele>3.82899</ele>
        <time>2025-07-09T10:44:36Z</time>
      </trkpt>
      <trkpt lat="22.5397329" lon="113.953354">
        <ele>3.25399</ele>
        <time>2025-07-09T10:44:38Z</time>
      </trkpt>
      <trkpt lat="22.5396966" lon="113.9533317">
        <ele>3.101</ele>
        <time>2025-07-09T10:44:40Z</time>
      </trkpt>
      <trkpt lat="22.5396595" lon="113.9533087">
        <ele>3.95399</ele>
        <time>2025-07-09T10:44:42Z</time>
      </trkpt>
      <trkpt lat="22.5396212" lon="113.953285">
        <ele>4.826</ele>
        <time>2025-07-09T10:44:44Z</time>
      </trkpt>
      <trkpt lat="22.5395829" lon="113.9532611">
        <ele>4.81599</ele>
        <time>2025-07-09T10:44:46Z</time>
      </trkpt>
      <trkpt lat="22.5395453" lon="113.953236">
        <ele>4.96199</ele>
        <time>2025-07-09T10:44:48Z</time>
      </trkpt>
      <trkpt lat="22.5395091" lon="113.9532088">
        <ele>4.978</ele>
        <time>2025-07-09T10:44:50Z</time>
      </trkpt>
      <trkpt lat="22.5394729" lon="113.9531822">
        <ele>5.671</ele>
        <time>2025-07-09T10:44:52Z</time>
      </trkpt>
      <trkpt lat="22.5394367" lon="113.9531559">
        <ele>5.02099</ele>
        <time>2025-07-09T10:44:54Z</time>
      </trkpt>
      <trkpt lat="22.5394" lon="113.9531302">
        <ele>5.052</ele>
        <time>2025-07-09T10:44:56Z</time>
      </trkpt>
      <trkpt lat="22.5393618" lon="113.9531077">
        <ele>5.27699</ele>
        <time>2025-07-09T10:44:58Z</time>
      </trkpt>
      <trkpt lat="22.5393224" lon="113.9530877">
        <ele>5.94799</ele>
        <time>2025-07-09T10:45:00Z</time>
      </trkpt>
      <trkpt lat="22.5392827" lon="113.9530682">
        <ele>6.471</ele>
        <time>2025-07-09T10:45:02Z</time>
      </trkpt>
      <trkpt lat="22.5392434" lon="113.95305">
        <ele>5.97499</ele>
        <time>2025-07-09T10:45:04Z</time>
      </trkpt>
      <trkpt lat="22.5392048" lon="113.9530314">
        <ele>6.39499</ele>
        <time>2025-07-09T10:45:06Z</time>
      </trkpt>
      <trkpt lat="22.539167" lon="113.9530114">
        <ele>5.79899</ele>
        <time>2025-07-09T10:45:08Z</time>
      </trkpt>
      <trkpt lat="22.5391295" lon="113.9529902">
        <ele>5.48099</ele>
        <time>2025-07-09T10:45:10Z</time>
      </trkpt>
      <trkpt lat="22.5390923" lon="113.9529688">
        <ele>4.959</ele>
        <time>2025-07-09T10:45:12Z</time>
      </trkpt>
      <trkpt lat="22.539055" lon="113.9529459">
        <ele>5.425</ele>
        <time>2025-07-09T10:45:14Z</time>
      </trkpt>
      <trkpt lat="22.5390173" lon="113.9529229">
        <ele>6.346</ele>
        <time>2025-07-09T10:45:16Z</time>
      </trkpt>
      <trkpt lat="22.5389798" lon="113.9528982">
        <ele>5.87599</ele>
        <time>2025-07-09T10:45:18Z</time>
      </trkpt>
      <trkpt lat="22.5389419" lon="113.9528729">
        <ele>6.453</ele>
        <time>2025-07-09T10:45:20Z</time>
      </trkpt>
      <trkpt lat="22.5389038" lon="113.9528468">
        <ele>6.05999</ele>
        <time>2025-07-09T10:45:22Z</time>
      </trkpt>
      <trkpt lat="22.5388656" lon="113.9528201">
        <ele>6.46899</ele>
        <time>2025-07-09T10:45:24Z</time>
      </trkpt>
      <trkpt lat="22.5388272" lon="113.9527937">
        <ele>5.781</ele>
        <time>2025-07-09T10:45:26Z</time>
      </trkpt>
      <trkpt lat="22.5387885" lon="113.9527694">
        <ele>5.875</ele>
        <time>2025-07-09T10:45:28Z</time>
      </trkpt>
      <trkpt lat="22.53875" lon="113.9527466">
        <ele>5.96999</ele>
        <time>2025-07-09T10:45:30Z</time>
      </trkpt>
      <trkpt lat="22.5387119" lon="113.9527242">
        <ele>5.287</ele>
        <time>2025-07-09T10:45:32Z</time>
      </trkpt>
      <trkpt lat="22.538674" lon="113.9527029">
        <ele>5.392</ele>
        <time>2025-07-09T10:45:34Z</time>
      </trkpt>
      <trkpt lat="22.5386369" lon="113.9526817">
        <ele>5.315</ele>
        <time>2025-07-09T10:45:36Z</time>
      </trkpt>
      <trkpt lat="22.5385999" lon="113.9526599">
        <ele>4.82899</ele>
        <time>2025-07-09T10:45:38Z</time>
      </trkpt>
      <trkpt lat="22.538563" lon="113.9526368">
        <ele>4.41699</ele>
        <time>2025-07-09T10:45:40Z</time>
      </trkpt>
      <trkpt lat="22.5385258" lon="113.9526131">
        <ele>6.22499</ele>
        <time>2025-07-09T10:45:42Z</time>
      </trkpt>
      <trkpt lat="22.5384883" lon="113.9525882">
        <ele>5.64099</ele>
        <time>2025-07-09T10:45:44Z</time>
      </trkpt>
      <trkpt lat="22.5384499" lon="113.9525637">
        <ele>6.052</ele>
        <time>2025-07-09T10:45:46Z</time>
      </trkpt>
      <trkpt lat="22.538411" lon="113.9525393">
        <ele>5.109</ele>
        <time>2025-07-09T10:45:48Z</time>
      </trkpt>
      <trkpt lat="22.5383718" lon="113.9525152">
        <ele>4.9</ele>
        <time>2025-07-09T10:45:50Z</time>
      </trkpt>
      <trkpt lat="22.5383327" lon="113.9524916">
        <ele>6.296</ele>
        <time>2025-07-09T10:45:52Z</time>
      </trkpt>
      <trkpt lat="22.5382935" lon="113.9524688">
        <ele>6.392</ele>
        <time>2025-07-09T10:45:54Z</time>
      </trkpt>
      <trkpt lat="22.5382564" lon="113.9524446">
        <ele>6.894</ele>
        <time>2025-07-09T10:45:56Z</time>
      </trkpt>
      <trkpt lat="22.5382193" lon="113.9524194">
        <ele>6.11399</ele>
        <time>2025-07-09T10:45:58Z</time>
      </trkpt>
      <trkpt lat="22.5381826" lon="113.9523943">
        <ele>6.472</ele>
        <time>2025-07-09T10:46:00Z</time>
      </trkpt>
      <trkpt lat="22.5381457" lon="113.9523696">
        <ele>5.352</ele>
        <time>2025-07-09T10:46:02Z</time>
      </trkpt>
      <trkpt lat="22.5381081" lon="113.9523462">
        <ele>4.98199</ele>
        <time>2025-07-09T10:46:04Z</time>
      </trkpt>
      <trkpt lat="22.5380695" lon="113.9523241">
        <ele>4.54099</ele>
        <time>2025-07-09T10:46:06Z</time>
      </trkpt>
      <trkpt lat="22.5380319" lon="113.9523038">
        <ele>5.276</ele>
        <time>2025-07-09T10:46:08Z</time>
      </trkpt>
      <trkpt lat="22.5379939" lon="113.9522835">
        <ele>3.54999</ele>
        <time>2025-07-09T10:46:10Z</time>
      </trkpt>
      <trkpt lat="22.537956" lon="113.9522638">
        <ele>5.039</ele>
        <time>2025-07-09T10:46:12Z</time>
      </trkpt>
      <trkpt lat="22.5379187" lon="113.9522434">
        <ele>5.64799</ele>
        <time>2025-07-09T10:46:14Z</time>
      </trkpt>
      <trkpt lat="22.537881" lon="113.9522227">
        <ele>5.97499</ele>
        <time>2025-07-09T10:46:16Z</time>
      </trkpt>
      <trkpt lat="22.5378422" lon="113.9522017">
        <ele>5.26</ele>
        <time>2025-07-09T10:46:18Z</time>
      </trkpt>
      <trkpt lat="22.5378029" lon="113.9521809">
        <ele>4.131</ele>
        <time>2025-07-09T10:46:20Z</time>
      </trkpt>
      <trkpt lat="22.5377631" lon="113.952159">
        <ele>3.63299</ele>
        <time>2025-07-09T10:46:22Z</time>
      </trkpt>
      <trkpt lat="22.5377232" lon="113.9521355">
        <ele>4.005</ele>
        <time>2025-07-09T10:46:24Z</time>
      </trkpt>
      <trkpt lat="22.537684" lon="113.9521121">
        <ele>3.19199</ele>
        <time>2025-07-09T10:46:26Z</time>
      </trkpt>
      <trkpt lat="22.5376459" lon="113.9520889">
        <ele>3.561</ele>
        <time>2025-07-09T10:46:28Z</time>
      </trkpt>
      <trkpt lat="22.5376087" lon="113.9520652">
        <ele>3.56699</ele>
        <time>2025-07-09T10:46:30Z</time>
      </trkpt>
      <trkpt lat="22.5375726" lon="113.9520442">
        <ele>3.246</ele>
        <time>2025-07-09T10:46:32Z</time>
      </trkpt>
      <trkpt lat="22.5375475" lon="113.9520427">
        <ele>3.045</ele>
        <time>2025-07-09T10:46:34Z</time>
      </trkpt>
      <trkpt lat="22.537541" lon="113.9520541">
        <ele>4.35599</ele>
        <time>2025-07-09T10:46:36Z</time>
      </trkpt>
      <trkpt lat="22.5375511" lon="113.9520751">
        <ele>2.569</ele>
        <time>2025-07-09T10:46:38Z</time>
      </trkpt>
      <trkpt lat="22.5375766" lon="113.9521048">
        <ele>4.03</ele>
        <time>2025-07-09T10:46:40Z</time>
      </trkpt>
      <trkpt lat="22.5376168" lon="113.9521401">
        <ele>4.59</ele>
        <time>2025-07-09T10:46:42Z</time>
      </trkpt>
      <trkpt lat="22.5376612" lon="113.9521641">
        <ele>4.451</ele>
        <time>2025-07-09T10:46:44Z</time>
      </trkpt>
      <trkpt lat="22.5377003" lon="113.9521821">
        <ele>3.99399</ele>
        <time>2025-07-09T10:46:46Z</time>
      </trkpt>
      <trkpt lat="22.5377352" lon="113.9521958">
        <ele>3.02999</ele>
        <time>2025-07-09T10:46:48Z</time>
      </trkpt>
      <trkpt lat="22.5377689" lon="113.9522068">
        <ele>4.392</ele>
        <time>2025-07-09T10:46:50Z</time>
      </trkpt>
      <trkpt lat="22.5378023" lon="113.9522154">
        <ele>3.21799</ele>
        <time>2025-07-09T10:46:52Z</time>
      </trkpt>
      <trkpt lat="22.5378363" lon="113.9522246">
        <ele>2.25799</ele>
        <time>2025-07-09T10:46:54Z</time>
      </trkpt>
      <trkpt lat="22.5378708" lon="113.9522347">
        <ele>1.817</ele>
        <time>2025-07-09T10:46:56Z</time>
      </trkpt>
      <trkpt lat="22.5379069" lon="113.9522476">
        <ele>1.294</ele>
        <time>2025-07-09T10:46:58Z</time>
      </trkpt>
      <trkpt lat="22.5379438" lon="113.9522648">
        <ele>1.309</ele>
        <time>2025-07-09T10:47:00Z</time>
      </trkpt>
      <trkpt lat="22.5379808" lon="113.9522839">
        <ele>1.47699</ele>
        <time>2025-07-09T10:47:02Z</time>
      </trkpt>
      <trkpt lat="22.5380181" lon="113.9523031">
        <ele>1.88999</ele>
        <time>2025-07-09T10:47:04Z</time>
      </trkpt>
      <trkpt lat="22.5380557" lon="113.9523225">
        <ele>1.85899</ele>
        <time>2025-07-09T10:47:06Z</time>
      </trkpt>
      <trkpt lat="22.5380933" lon="113.9523411">
        <ele>1.427</ele>
        <time>2025-07-09T10:47:08Z</time>
      </trkpt>
      <trkpt lat="22.538131" lon="113.9523583">
        <ele>1.049</ele>
        <time>2025-07-09T10:47:10Z</time>
      </trkpt>
      <trkpt lat="22.5381691" lon="113.9523758">
        <ele>0.58899</ele>
        <time>2025-07-09T10:47:12Z</time>
      </trkpt>
      <trkpt lat="22.5382078" lon="113.9523933">
        <ele>0.731</ele>
        <time>2025-07-09T10:47:14Z</time>
      </trkpt>
      <trkpt lat="22.5382463" lon="113.952411">
        <ele>0.855</ele>
        <time>2025-07-09T10:47:16Z</time>
      </trkpt>
      <trkpt lat="22.5382858" lon="113.9524299">
        <ele>1.47699</ele>
        <time>2025-07-09T10:47:18Z</time>
      </trkpt>
      <trkpt lat="22.5383256" lon="113.9524501">
        <ele>1.564</ele>
        <time>2025-07-09T10:47:20Z</time>
      </trkpt>
      <trkpt lat="22.5383646" lon="113.9524717">
        <ele>1.847</ele>
        <time>2025-07-09T10:47:22Z</time>
      </trkpt>
      <trkpt lat="22.5384029" lon="113.952495">
        <ele>3.01999</ele>
        <time>2025-07-09T10:47:24Z</time>
      </trkpt>
      <trkpt lat="22.5384413" lon="113.9525193">
        <ele>2.979</ele>
        <time>2025-07-09T10:47:26Z</time>
      </trkpt>
      <trkpt lat="22.5384788" lon="113.9525441">
        <ele>2.46</ele>
        <time>2025-07-09T10:47:28Z</time>
      </trkpt>
      <trkpt lat="22.538516" lon="113.9525692">
        <ele>2.884</ele>
        <time>2025-07-09T10:47:30Z</time>
      </trkpt>
      <trkpt lat="22.5385532" lon="113.9525945">
        <ele>2.46799</ele>
        <time>2025-07-09T10:47:32Z</time>
      </trkpt>
      <trkpt lat="22.5385907" lon="113.9526197">
        <ele>2.00699</ele>
        <time>2025-07-09T10:47:34Z</time>
      </trkpt>
      <trkpt lat="22.5386282" lon="113.9526448">
        <ele>2.60299</ele>
        <time>2025-07-09T10:47:36Z</time>
      </trkpt>
      <trkpt lat="22.5386663" lon="113.9526689">
        <ele>3.70199</ele>
        <time>2025-07-09T10:47:38Z</time>
      </trkpt>
      <trkpt lat="22.5387039" lon="113.9526936">
        <ele>2.97699</ele>
        <time>2025-07-09T10:47:40Z</time>
      </trkpt>
      <trkpt lat="22.5387412" lon="113.9527183">
        <ele>3.171</ele>
        <time>2025-07-09T10:47:42Z</time>
      </trkpt>
      <trkpt lat="22.538778" lon="113.9527432">
        <ele>3.822</ele>
        <time>2025-07-09T10:47:44Z</time>
      </trkpt>
      <trkpt lat="22.538814" lon="113.9527686">
        <ele>3.569</ele>
        <time>2025-07-09T10:47:46Z</time>
      </trkpt>
      <trkpt lat="22.5388493" lon="113.9527951">
        <ele>3.25099</ele>
        <time>2025-07-09T10:47:48Z</time>
      </trkpt>
      <trkpt lat="22.5388851" lon="113.9528207">
        <ele>3.571</ele>
        <time>2025-07-09T10:47:50Z</time>
      </trkpt>
      <trkpt lat="22.5389214" lon="113.9528458">
        <ele>3.57899</ele>
        <time>2025-07-09T10:47:52Z</time>
      </trkpt>
      <trkpt lat="22.5389576" lon="113.9528706">
        <ele>4.026</ele>
        <time>2025-07-09T10:47:54Z</time>
      </trkpt>
      <trkpt lat="22.5389946" lon="113.9528945">
        <ele>3.845</ele>
        <time>2025-07-09T10:47:56Z</time>
      </trkpt>
      <trkpt lat="22.5390322" lon="113.9529175">
        <ele>2.568</ele>
        <time>2025-07-09T10:47:58Z</time>
      </trkpt>
      <trkpt lat="22.53907" lon="113.9529401">
        <ele>3.16</ele>
        <time>2025-07-09T10:48:00Z</time>
      </trkpt>
      <trkpt lat="22.5391077" lon="113.952963">
        <ele>3.73699</ele>
        <time>2025-07-09T10:48:02Z</time>
      </trkpt>
      <trkpt lat="22.5391455" lon="113.952986">
        <ele>4.23799</ele>
        <time>2025-07-09T10:48:04Z</time>
      </trkpt>
      <trkpt lat="22.5391834" lon="113.9530085">
        <ele>4.839</ele>
        <time>2025-07-09T10:48:06Z</time>
      </trkpt>
      <trkpt lat="22.5392208" lon="113.9530313">
        <ele>4.90899</ele>
        <time>2025-07-09T10:48:08Z</time>
      </trkpt>
      <trkpt lat="22.5392581" lon="113.953054">
        <ele>4.36199</ele>
        <time>2025-07-09T10:48:10Z</time>
      </trkpt>
      <trkpt lat="22.5392956" lon="113.9530759">
        <ele>4.734</ele>
        <time>2025-07-09T10:48:12Z</time>
      </trkpt>
      <trkpt lat="22.5393337" lon="113.953097">
        <ele>5.05499</ele>
        <time>2025-07-09T10:48:14Z</time>
      </trkpt>
      <trkpt lat="22.5393727" lon="113.9531186">
        <ele>4.577</ele>
        <time>2025-07-09T10:48:16Z</time>
      </trkpt>
      <trkpt lat="22.5394125" lon="113.9531395">
        <ele>4.27899</ele>
        <time>2025-07-09T10:48:18Z</time>
      </trkpt>
      <trkpt lat="22.5394519" lon="113.9531608">
        <ele>4.466</ele>
        <time>2025-07-09T10:48:20Z</time>
      </trkpt>
      <trkpt lat="22.5394907" lon="113.9531829">
        <ele>3.779</ele>
        <time>2025-07-09T10:48:22Z</time>
      </trkpt>
      <trkpt lat="22.5395291" lon="113.9532058">
        <ele>3.43499</ele>
        <time>2025-07-09T10:48:24Z</time>
      </trkpt>
      <trkpt lat="22.5395666" lon="113.9532287">
        <ele>3.21</ele>
        <time>2025-07-09T10:48:26Z</time>
      </trkpt>
      <trkpt lat="22.5396041" lon="113.9532507">
        <ele>2.84999</ele>
        <time>2025-07-09T10:48:28Z</time>
      </trkpt>
      <trkpt lat="22.5396418" lon="113.9532724">
        <ele>3.08599</ele>
        <time>2025-07-09T10:48:30Z</time>
      </trkpt>
      <trkpt lat="22.5396802" lon="113.9532934">
        <ele>3.131</ele>
        <time>2025-07-09T10:48:32Z</time>
      </trkpt>
      <trkpt lat="22.5397191" lon="113.9533134">
        <ele>3.35199</ele>
        <time>2025-07-09T10:48:34Z</time>
      </trkpt>
      <trkpt lat="22.5397583" lon="113.9533333">
        <ele>4.459</ele>
        <time>2025-07-09T10:48:36Z</time>
      </trkpt>
      <trkpt lat="22.5397973" lon="113.9533538">
        <ele>3.802</ele>
        <time>2025-07-09T10:48:38Z</time>
      </trkpt>
      <trkpt lat="22.5398369" lon="113.9533743">
        <ele>3.805</ele>
        <time>2025-07-09T10:48:40Z</time>
      </trkpt>
      <trkpt lat="22.5398764" lon="113.9533951">
        <ele>3.20499</ele>
        <time>2025-07-09T10:48:42Z</time>
      </trkpt>
      <trkpt lat="22.5399156" lon="113.9534164">
        <ele>2.35199</ele>
        <time>2025-07-09T10:48:44Z</time>
      </trkpt>
      <trkpt lat="22.5399544" lon="113.9534381">
        <ele>2.28299</ele>
        <time>2025-07-09T10:48:46Z</time>
      </trkpt>
      <trkpt lat="22.5399935" lon="113.9534601">
        <ele>2.10999</ele>
        <time>2025-07-09T10:48:48Z</time>
      </trkpt>
      <trkpt lat="22.5400319" lon="113.9534815">
        <ele>1.86099</ele>
        <time>2025-07-09T10:48:50Z</time>
      </trkpt>
      <trkpt lat="22.5400701" lon="113.9535015">
        <ele>2.21099</ele>
        <time>2025-07-09T10:48:52Z</time>
      </trkpt>
      <trkpt lat="22.5401082" lon="113.9535215">
        <ele>1.322</ele>
        <time>2025-07-09T10:48:54Z</time>
      </trkpt>
      <trkpt lat="22.5401461" lon="113.9535411">
        <ele>1.539</ele>
        <time>2025-07-09T10:48:56Z</time>
      </trkpt>
      <trkpt lat="22.5401827" lon="113.9535619">
        <ele>2.10899</ele>
        <time>2025-07-09T10:48:58Z</time>
      </trkpt>
      <trkpt lat="22.5402193" lon="113.9535837">
        <ele>1.401</ele>
        <time>2025-07-09T10:49:00Z</time>
      </trkpt>
      <trkpt lat="22.5402568" lon="113.9536069">
        <ele>1.381</ele>
        <time>2025-07-09T10:49:02Z</time>
      </trkpt>
      <trkpt lat="22.5402943" lon="113.9536305">
        <ele>1.48099</ele>
        <time>2025-07-09T10:49:04Z</time>
      </trkpt>
      <trkpt lat="22.5403324" lon="113.9536538">
        <ele>2.358</ele>
        <time>2025-07-09T10:49:06Z</time>
      </trkpt>
      <trkpt lat="22.5403716" lon="113.9536756">
        <ele>2.25099</ele>
        <time>2025-07-09T10:49:08Z</time>
      </trkpt>
      <trkpt lat="22.5404113" lon="113.9536971">
        <ele>2.098</ele>
        <time>2025-07-09T10:49:10Z</time>
      </trkpt>
      <trkpt lat="22.5404507" lon="113.9537181">
        <ele>2.15</ele>
        <time>2025-07-09T10:49:12Z</time>
      </trkpt>
      <trkpt lat="22.5404899" lon="113.9537399">
        <ele>2.052</ele>
        <time>2025-07-09T10:49:14Z</time>
      </trkpt>
      <trkpt lat="22.5405289" lon="113.9537627">
        <ele>2.48</ele>
        <time>2025-07-09T10:49:16Z</time>
      </trkpt>
      <trkpt lat="22.5405678" lon="113.9537867">
        <ele>2.47099</ele>
        <time>2025-07-09T10:49:18Z</time>
      </trkpt>
      <trkpt lat="22.5406069" lon="113.9538114">
        <ele>2.83999</ele>
        <time>2025-07-09T10:49:20Z</time>
      </trkpt>
      <trkpt lat="22.5406461" lon="113.9538372">
        <ele>2.841</ele>
        <time>2025-07-09T10:49:22Z</time>
      </trkpt>
      <trkpt lat="22.5406855" lon="113.9538626">
        <ele>3.03399</ele>
        <time>2025-07-09T10:49:24Z</time>
      </trkpt>
      <trkpt lat="22.5407246" lon="113.9538888">
        <ele>1.98899</ele>
        <time>2025-07-09T10:49:26Z</time>
      </trkpt>
      <trkpt lat="22.5407638" lon="113.9539136">
        <ele>2.18099</ele>
        <time>2025-07-09T10:49:28Z</time>
      </trkpt>
      <trkpt lat="22.5408032" lon="113.9539385">
        <ele>2.387</ele>
        <time>2025-07-09T10:49:30Z</time>
      </trkpt>
      <trkpt lat="22.5408429" lon="113.9539625">
        <ele>1.784</ele>
        <time>2025-07-09T10:49:32Z</time>
      </trkpt>
      <trkpt lat="22.5408824" lon="113.9539862">
        <ele>1.875</ele>
        <time>2025-07-09T10:49:34Z</time>
      </trkpt>
      <trkpt lat="22.5409218" lon="113.9540092">
        <ele>1.62</ele>
        <time>2025-07-09T10:49:36Z</time>
      </trkpt>
      <trkpt lat="22.5409607" lon="113.954033">
        <ele>1.463</ele>
        <time>2025-07-09T10:49:38Z</time>
      </trkpt>
      <trkpt lat="22.540999" lon="113.954055">
        <ele>1.169</ele>
        <time>2025-07-09T10:49:40Z</time>
      </trkpt>
      <trkpt lat="22.5410372" lon="113.9540761">
        <ele>1.70299</ele>
        <time>2025-07-09T10:49:42Z</time>
      </trkpt>
      <trkpt lat="22.541076" lon="113.954096">
        <ele>1.03999</ele>
        <time>2025-07-09T10:49:44Z</time>
      </trkpt>
      <trkpt lat="22.5411153" lon="113.9541144">
        <ele>0.907</ele>
        <time>2025-07-09T10:49:46Z</time>
      </trkpt>
      <trkpt lat="22.5411543" lon="113.9541341">
        <ele>0.944</ele>
        <time>2025-07-09T10:49:48Z</time>
      </trkpt>
      <trkpt lat="22.5411927" lon="113.954155">
        <ele>1.15799</ele>
        <time>2025-07-09T10:49:50Z</time>
      </trkpt>
      <trkpt lat="22.5412306" lon="113.9541769">
        <ele>1.18799</ele>
        <time>2025-07-09T10:49:52Z</time>
      </trkpt>
      <trkpt lat="22.5412683" lon="113.9541986">
        <ele>1.55099</ele>
        <time>2025-07-09T10:49:54Z</time>
      </trkpt>
      <trkpt lat="22.5413063" lon="113.9542198">
        <ele>1.93499</ele>
        <time>2025-07-09T10:49:56Z</time>
      </trkpt>
      <trkpt lat="22.5413454" lon="113.9542383">
        <ele>2.049</ele>
        <time>2025-07-09T10:49:58Z</time>
      </trkpt>
      <trkpt lat="22.5413857" lon="113.954255">
        <ele>2.34299</ele>
        <time>2025-07-09T10:50:00Z</time>
      </trkpt>
      <trkpt lat="22.5414266" lon="113.9542708">
        <ele>1.10399</ele>
        <time>2025-07-09T10:50:02Z</time>
      </trkpt>
      <trkpt lat="22.5414677" lon="113.9542859">
        <ele>1.468</ele>
        <time>2025-07-09T10:50:04Z</time>
      </trkpt>
      <trkpt lat="22.5415085" lon="113.9543013">
        <ele>1.758</ele>
        <time>2025-07-09T10:50:06Z</time>
      </trkpt>
      <trkpt lat="22.5415491" lon="113.9543175">
        <ele>1.511</ele>
        <time>2025-07-09T10:50:08Z</time>
      </trkpt>
      <trkpt lat="22.5415894" lon="113.9543336">
        <ele>1.763</ele>
        <time>2025-07-09T10:50:10Z</time>
      </trkpt>
      <trkpt lat="22.5416294" lon="113.9543494">
        <ele>1.92499</ele>
        <time>2025-07-09T10:50:12Z</time>
      </trkpt>
      <trkpt lat="22.5416695" lon="113.9543652">
        <ele>1.60099</ele>
        <time>2025-07-09T10:50:14Z</time>
      </trkpt>
      <trkpt lat="22.5417103" lon="113.9543799">
        <ele>1.559</ele>
        <time>2025-07-09T10:50:16Z</time>
      </trkpt>
      <trkpt lat="22.5417514" lon="113.9543927">
        <ele>2.111</ele>
        <time>2025-07-09T10:50:18Z</time>
      </trkpt>
      <trkpt lat="22.5417929" lon="113.9544039">
        <ele>1.643</ele>
        <time>2025-07-09T10:50:20Z</time>
      </trkpt>
      <trkpt lat="22.5418349" lon="113.9544121">
        <ele>2.23399</ele>
        <time>2025-07-09T10:50:22Z</time>
      </trkpt>
      <trkpt lat="22.5418767" lon="113.9544191">
        <ele>2.538</ele>
        <time>2025-07-09T10:50:24Z</time>
      </trkpt>
      <trkpt lat="22.5419176" lon="113.9544242">
        <ele>3.19799</ele>
        <time>2025-07-09T10:50:26Z</time>
      </trkpt>
      <trkpt lat="22.5419586" lon="113.9544239">
        <ele>3.394</ele>
        <time>2025-07-09T10:50:28Z</time>
      </trkpt>
      <trkpt lat="22.5419993" lon="113.9544199">
        <ele>1.61899</ele>
        <time>2025-07-09T10:50:30Z</time>
      </trkpt>
      <trkpt lat="22.5420401" lon="113.9544165">
        <ele>-0.23199</ele>
        <time>2025-07-09T10:50:32Z</time>
      </trkpt>
      <trkpt lat="22.5420812" lon="113.9544104">
        <ele>-2.37199</ele>
        <time>2025-07-09T10:50:34Z</time>
      </trkpt>
      <trkpt lat="22.5421228" lon="113.9544048">
        <ele>-3.23499</ele>
        <time>2025-07-09T10:50:36Z</time>
      </trkpt>
      <trkpt lat="22.5421648" lon="113.9544045">
        <ele>-3.98699</ele>
        <time>2025-07-09T10:50:38Z</time>
      </trkpt>
      <trkpt lat="22.5422073" lon="113.954407">
        <ele>-4.676</ele>
        <time>2025-07-09T10:50:40Z</time>
      </trkpt>
      <trkpt lat="22.5422502" lon="113.9544093">
        <ele>-5.38899</ele>
        <time>2025-07-09T10:50:42Z</time>
      </trkpt>
      <trkpt lat="22.5422933" lon="113.9544136">
        <ele>-6.616</ele>
        <time>2025-07-09T10:50:44Z</time>
      </trkpt>
      <trkpt lat="22.5423366" lon="113.954418">
        <ele>-7.89499</ele>
        <time>2025-07-09T10:50:46Z</time>
      </trkpt>
      <trkpt lat="22.5423799" lon="113.9544218">
        <ele>-8.15499</ele>
        <time>2025-07-09T10:50:48Z</time>
      </trkpt>
      <trkpt lat="22.5424234" lon="113.9544279">
        <ele>-8.76</ele>
        <time>2025-07-09T10:50:50Z</time>
      </trkpt>
      <trkpt lat="22.5424673" lon="113.9544355">
        <ele>-9.13099</ele>
        <time>2025-07-09T10:50:52Z</time>
      </trkpt>
      <trkpt lat="22.5425118" lon="113.9544448">
        <ele>-8.694</ele>
        <time>2025-07-09T10:50:54Z</time>
      </trkpt>
      <trkpt lat="22.5425571" lon="113.954454">
        <ele>-8.015</ele>
        <time>2025-07-09T10:50:56Z</time>
      </trkpt>
      <trkpt lat="22.5426025" lon="113.9544641">
        <ele>-7.07</ele>
        <time>2025-07-09T10:50:58Z</time>
      </trkpt>
      <trkpt lat="22.5426477" lon="113.9544735">
        <ele>-7.084</ele>
        <time>2025-07-09T10:51:00Z</time>
      </trkpt>
      <trkpt lat="22.5426929" lon="113.9544824">
        <ele>-6.88399</ele>
        <time>2025-07-09T10:51:02Z</time>
      </trkpt>
      <trkpt lat="22.5427375" lon="113.9544884">
        <ele>-7.275</ele>
        <time>2025-07-09T10:51:04Z</time>
      </trkpt>
      <trkpt lat="22.5427802" lon="113.9544902">
        <ele>-5.513</ele>
        <time>2025-07-09T10:51:06Z</time>
      </trkpt>
      <trkpt lat="22.5428217" lon="113.9544854">
        <ele>-5.618</ele>
        <time>2025-07-09T10:51:08Z</time>
      </trkpt>
      <trkpt lat="22.5428623" lon="113.9544745">
        <ele>-4.525</ele>
        <time>2025-07-09T10:51:10Z</time>
      </trkpt>
      <trkpt lat="22.5429033" lon="113.954461">
        <ele>-2.44899</ele>
        <time>2025-07-09T10:51:12Z</time>
      </trkpt>
      <trkpt lat="22.542943" lon="113.9544496">
        <ele>-3.502</ele>
        <time>2025-07-09T10:51:14Z</time>
      </trkpt>
      <trkpt lat="22.5429836" lon="113.9544464">
        <ele>-4.635</ele>
        <time>2025-07-09T10:51:16Z</time>
      </trkpt>
      <trkpt lat="22.5430252" lon="113.9544524">
        <ele>-4.421</ele>
        <time>2025-07-09T10:51:18Z</time>
      </trkpt>
      <trkpt lat="22.543066" lon="113.9544692">
        <ele>-5.99599</ele>
        <time>2025-07-09T10:51:20Z</time>
      </trkpt>
      <trkpt lat="22.5431049" lon="113.9544938">
        <ele>-4.69199</ele>
        <time>2025-07-09T10:51:22Z</time>
      </trkpt>
      <trkpt lat="22.5431453" lon="113.9545213">
        <ele>-2.446</ele>
        <time>2025-07-09T10:51:24Z</time>
      </trkpt>
      <trkpt lat="22.5431862" lon="113.9545485">
        <ele>-4.91499</ele>
        <time>2025-07-09T10:51:26Z</time>
      </trkpt>
      <trkpt lat="22.54323" lon="113.9545726">
        <ele>-3.772</ele>
        <time>2025-07-09T10:51:30Z</time>
      </trkpt>
      <trkpt lat="22.5432757" lon="113.9545896">
        <ele>-2.009</ele>
        <time>2025-07-09T10:51:32Z</time>
      </trkpt>
      <trkpt lat="22.5433203" lon="113.9545985">
        <ele>-1.723</ele>
        <time>2025-07-09T10:51:34Z</time>
      </trkpt>
      <trkpt lat="22.5433643" lon="113.9546007">
        <ele>3.381</ele>
        <time>2025-07-09T10:51:36Z</time>
      </trkpt>
      <trkpt lat="22.5434079" lon="113.954597">
        <ele>5.269</ele>
        <time>2025-07-09T10:51:38Z</time>
      </trkpt>
      <trkpt lat="22.543449" lon="113.9545912">
        <ele>3.84899</ele>
        <time>2025-07-09T10:51:40Z</time>
      </trkpt>
      <trkpt lat="22.5434929" lon="113.9545842">
        <ele>4.02899</ele>
        <time>2025-07-09T10:51:42Z</time>
      </trkpt>
      <trkpt lat="22.5435437" lon="113.9545774">
        <ele>5.67</ele>
        <time>2025-07-09T10:51:44Z</time>
      </trkpt>
      <trkpt lat="22.5436018" lon="113.9545719">
        <ele>5.14499</ele>
        <time>2025-07-09T10:51:46Z</time>
      </trkpt>
      <trkpt lat="22.5436611" lon="113.9545675">
        <ele>2.371</ele>
        <time>2025-07-09T10:51:48Z</time>
      </trkpt>
      <trkpt lat="22.5437222" lon="113.9545641">
        <ele>2.605</ele>
        <time>2025-07-09T10:51:50Z</time>
      </trkpt>
      <trkpt lat="22.5437821" lon="113.9545636">
        <ele>1.409</ele>
        <time>2025-07-09T10:51:52Z</time>
      </trkpt>
      <trkpt lat="22.5438399" lon="113.9545652">
        <ele>3.14299</ele>
        <time>2025-07-09T10:51:54Z</time>
      </trkpt>
      <trkpt lat="22.5438932" lon="113.9545684">
        <ele>3.52099</ele>
        <time>2025-07-09T10:51:56Z</time>
      </trkpt>
      <trkpt lat="22.5439479" lon="113.9545733">
        <ele>5.71899</ele>
        <time>2025-07-09T10:51:58Z</time>
      </trkpt>
      <trkpt lat="22.5440023" lon="113.954579">
        <ele>7.4</ele>
        <time>2025-07-09T10:52:00Z</time>
      </trkpt>
      <trkpt lat="22.5440556" lon="113.9545846">
        <ele>8.20899</ele>
        <time>2025-07-09T10:52:02Z</time>
      </trkpt>
      <trkpt lat="22.5441058" lon="113.9545907">
        <ele>7.315</ele>
        <time>2025-07-09T10:52:04Z</time>
      </trkpt>
      <trkpt lat="22.5441526" lon="113.9545972">
        <ele>7.36</ele>
        <time>2025-07-09T10:52:06Z</time>
      </trkpt>
      <trkpt lat="22.5441982" lon="113.954603">
        <ele>7.88899</ele>
        <time>2025-07-09T10:52:08Z</time>
      </trkpt>
      <trkpt lat="22.5442433" lon="113.9546076">
        <ele>7.94999</ele>
        <time>2025-07-09T10:52:10Z</time>
      </trkpt>
      <trkpt lat="22.5442889" lon="113.9546113">
        <ele>8.508</ele>
        <time>2025-07-09T10:52:12Z</time>
      </trkpt>
      <trkpt lat="22.5443345" lon="113.9546128">
        <ele>8.21399</ele>
        <time>2025-07-09T10:52:14Z</time>
      </trkpt>
      <trkpt lat="22.544378" lon="113.9546124">
        <ele>8.486</ele>
        <time>2025-07-09T10:52:16Z</time>
      </trkpt>
      <trkpt lat="22.544419" lon="113.9546124">
        <ele>7.091</ele>
        <time>2025-07-09T10:52:18Z</time>
      </trkpt>
      <trkpt lat="22.5444588" lon="113.9546139">
        <ele>6.445</ele>
        <time>2025-07-09T10:52:20Z</time>
      </trkpt>
      <trkpt lat="22.5444978" lon="113.9546154">
        <ele>5.39499</ele>
        <time>2025-07-09T10:52:22Z</time>
      </trkpt>
      <trkpt lat="22.5445377" lon="113.9546164">
        <ele>7.16499</ele>
        <time>2025-07-09T10:52:24Z</time>
      </trkpt>
      <trkpt lat="22.5445826" lon="113.9546156">
        <ele>6.985</ele>
        <time>2025-07-09T10:52:26Z</time>
      </trkpt>
      <trkpt lat="22.5446286" lon="113.9546126">
        <ele>6.55</ele>
        <time>2025-07-09T10:52:28Z</time>
      </trkpt>
      <trkpt lat="22.5446734" lon="113.954607">
        <ele>7.96</ele>
        <time>2025-07-09T10:52:30Z</time>
      </trkpt>
      <trkpt lat="22.5447189" lon="113.9546006">
        <ele>8.07499</ele>
        <time>2025-07-09T10:52:32Z</time>
      </trkpt>
      <trkpt lat="22.5447657" lon="113.9545943">
        <ele>6.596</ele>
        <time>2025-07-09T10:52:34Z</time>
      </trkpt>
      <trkpt lat="22.5448107" lon="113.9545905">
        <ele>6.36999</ele>
        <time>2025-07-09T10:52:36Z</time>
      </trkpt>
      <trkpt lat="22.5448561" lon="113.9545887">
        <ele>7.886</ele>
        <time>2025-07-09T10:52:38Z</time>
      </trkpt>
      <trkpt lat="22.5449021" lon="113.9545882">
        <ele>8.159</ele>
        <time>2025-07-09T10:52:40Z</time>
      </trkpt>
      <trkpt lat="22.5449489" lon="113.9545893">
        <ele>6.452</ele>
        <time>2025-07-09T10:52:42Z</time>
      </trkpt>
      <trkpt lat="22.5449952" lon="113.9545928">
        <ele>7.143</ele>
        <time>2025-07-09T10:52:44Z</time>
      </trkpt>
      <trkpt lat="22.5450431" lon="113.9545972">
        <ele>5.65399</ele>
        <time>2025-07-09T10:52:46Z</time>
      </trkpt>
      <trkpt lat="22.5450916" lon="113.9546023">
        <ele>6.17799</ele>
        <time>2025-07-09T10:52:48Z</time>
      </trkpt>
      <trkpt lat="22.5451403" lon="113.9546079">
        <ele>6.946</ele>
        <time>2025-07-09T10:52:50Z</time>
      </trkpt>
      <trkpt lat="22.545188" lon="113.954614">
        <ele>6.86899</ele>
        <time>2025-07-09T10:52:52Z</time>
      </trkpt>
      <trkpt lat="22.5452345" lon="113.9546192">
        <ele>6.10699</ele>
        <time>2025-07-09T10:52:54Z</time>
      </trkpt>
      <trkpt lat="22.5452805" lon="113.9546235">
        <ele>6.558</ele>
        <time>2025-07-09T10:52:56Z</time>
      </trkpt>
      <trkpt lat="22.5453274" lon="113.9546267">
        <ele>5.07999</ele>
        <time>2025-07-09T10:52:58Z</time>
      </trkpt>
      <trkpt lat="22.5453742" lon="113.9546286">
        <ele>5.235</ele>
        <time>2025-07-09T10:53:00Z</time>
      </trkpt>
      <trkpt lat="22.5454201" lon="113.9546312">
        <ele>3.887</ele>
        <time>2025-07-09T10:53:02Z</time>
      </trkpt>
      <trkpt lat="22.545465" lon="113.9546364">
        <ele>3.38499</ele>
        <time>2025-07-09T10:53:04Z</time>
      </trkpt>
      <trkpt lat="22.5455078" lon="113.9546431">
        <ele>3.614</ele>
        <time>2025-07-09T10:53:06Z</time>
      </trkpt>
      <trkpt lat="22.545549" lon="113.9546508">
        <ele>2.663</ele>
        <time>2025-07-09T10:53:08Z</time>
      </trkpt>
      <trkpt lat="22.5455904" lon="113.9546609">
        <ele>1.90299</ele>
        <time>2025-07-09T10:53:10Z</time>
      </trkpt>
      <trkpt lat="22.5456318" lon="113.9546705">
        <ele>2.11599</ele>
        <time>2025-07-09T10:53:12Z</time>
      </trkpt>
      <trkpt lat="22.5456743" lon="113.9546801">
        <ele>2.41899</ele>
        <time>2025-07-09T10:53:14Z</time>
      </trkpt>
      <trkpt lat="22.5457179" lon="113.9546894">
        <ele>1.83299</ele>
        <time>2025-07-09T10:53:16Z</time>
      </trkpt>
      <trkpt lat="22.5457632" lon="113.9546982">
        <ele>1.116</ele>
        <time>2025-07-09T10:53:18Z</time>
      </trkpt>
      <trkpt lat="22.5458091" lon="113.9547066">
        <ele>0.402</ele>
        <time>2025-07-09T10:53:20Z</time>
      </trkpt>
      <trkpt lat="22.5458571" lon="113.9547153">
        <ele>1.284</ele>
        <time>2025-07-09T10:53:22Z</time>
      </trkpt>
      <trkpt lat="22.5459036" lon="113.9547226">
        <ele>0.61799</ele>
        <time>2025-07-09T10:53:24Z</time>
      </trkpt>
      <trkpt lat="22.5459489" lon="113.9547302">
        <ele>0.54199</ele>
        <time>2025-07-09T10:53:26Z</time>
      </trkpt>
      <trkpt lat="22.5459946" lon="113.9547398">
        <ele>-0.527</ele>
        <time>2025-07-09T10:53:28Z</time>
      </trkpt>
      <trkpt lat="22.5460404" lon="113.9547515">
        <ele>-0.52499</ele>
        <time>2025-07-09T10:53:30Z</time>
      </trkpt>
      <trkpt lat="22.5460833" lon="113.9547649">
        <ele>0.60399</ele>
        <time>2025-07-09T10:53:32Z</time>
      </trkpt>
      <trkpt lat="22.5461275" lon="113.9547795">
        <ele>0.52499</ele>
        <time>2025-07-09T10:53:34Z</time>
      </trkpt>
      <trkpt lat="22.5461737" lon="113.9547937">
        <ele>0.004</ele>
        <time>2025-07-09T10:53:36Z</time>
      </trkpt>
      <trkpt lat="22.5462196" lon="113.9548072">
        <ele>-0.42199</ele>
        <time>2025-07-09T10:53:38Z</time>
      </trkpt>
      <trkpt lat="22.5462658" lon="113.9548188">
        <ele>-0.199</ele>
        <time>2025-07-09T10:53:40Z</time>
      </trkpt>
      <trkpt lat="22.5463138" lon="113.9548276">
        <ele>0.875</ele>
        <time>2025-07-09T10:53:42Z</time>
      </trkpt>
      <trkpt lat="22.5463621" lon="113.9548359">
        <ele>1.266</ele>
        <time>2025-07-09T10:53:44Z</time>
      </trkpt>
      <trkpt lat="22.5464086" lon="113.9548445">
        <ele>1.751</ele>
        <time>2025-07-09T10:53:46Z</time>
      </trkpt>
      <trkpt lat="22.5464526" lon="113.9548528">
        <ele>1.56799</ele>
        <time>2025-07-09T10:53:48Z</time>
      </trkpt>
      <trkpt lat="22.5464959" lon="113.954863">
        <ele>0.748</ele>
        <time>2025-07-09T10:53:50Z</time>
      </trkpt>
      <trkpt lat="22.5465388" lon="113.9548766">
        <ele>0.291</ele>
        <time>2025-07-09T10:53:52Z</time>
      </trkpt>
      <trkpt lat="22.5465815" lon="113.9548915">
        <ele>0.92299</ele>
        <time>2025-07-09T10:53:54Z</time>
      </trkpt>
      <trkpt lat="22.546625" lon="113.9549075">
        <ele>0.67299</ele>
        <time>2025-07-09T10:53:56Z</time>
      </trkpt>
      <trkpt lat="22.5466689" lon="113.9549249">
        <ele>0.29699</ele>
        <time>2025-07-09T10:53:58Z</time>
      </trkpt>
      <trkpt lat="22.5467133" lon="113.9549412">
        <ele>0.33399</ele>
        <time>2025-07-09T10:54:00Z</time>
      </trkpt>
      <trkpt lat="22.546758" lon="113.9549567">
        <ele>-0.55199</ele>
        <time>2025-07-09T10:54:02Z</time>
      </trkpt>
      <trkpt lat="22.5468023" lon="113.954973">
        <ele>-0.70599</ele>
        <time>2025-07-09T10:54:04Z</time>
      </trkpt>
      <trkpt lat="22.546845" lon="113.9549885">
        <ele>0.67699</ele>
        <time>2025-07-09T10:54:06Z</time>
      </trkpt>
      <trkpt lat="22.546888" lon="113.9550034">
        <ele>-0.10599</ele>
        <time>2025-07-09T10:54:08Z</time>
      </trkpt>
      <trkpt lat="22.5469305" lon="113.9550195">
        <ele>-0.13699</ele>
        <time>2025-07-09T10:54:10Z</time>
      </trkpt>
      <trkpt lat="22.5469729" lon="113.9550361">
        <ele>0.624</ele>
        <time>2025-07-09T10:54:12Z</time>
      </trkpt>
      <trkpt lat="22.547016" lon="113.9550517">
        <ele>-0.008</ele>
        <time>2025-07-09T10:54:14Z</time>
      </trkpt>
      <trkpt lat="22.5470607" lon="113.9550686">
        <ele>-0.10599</ele>
        <time>2025-07-09T10:54:16Z</time>
      </trkpt>
      <trkpt lat="22.5471066" lon="113.9550882">
        <ele>0.42599</ele>
        <time>2025-07-09T10:54:18Z</time>
      </trkpt>
      <trkpt lat="22.5471525" lon="113.9551092">
        <ele>0.708</ele>
        <time>2025-07-09T10:54:20Z</time>
      </trkpt>
      <trkpt lat="22.5471968" lon="113.9551299">
        <ele>2.69099</ele>
        <time>2025-07-09T10:54:22Z</time>
      </trkpt>
      <trkpt lat="22.5472404" lon="113.9551514">
        <ele>3.38899</ele>
        <time>2025-07-09T10:54:24Z</time>
      </trkpt>
      <trkpt lat="22.5472843" lon="113.955172">
        <ele>2.49399</ele>
        <time>2025-07-09T10:54:26Z</time>
      </trkpt>
      <trkpt lat="22.5473283" lon="113.9551884">
        <ele>3.01799</ele>
        <time>2025-07-09T10:54:28Z</time>
      </trkpt>
      <trkpt lat="22.5473716" lon="113.9552002">
        <ele>2.35199</ele>
        <time>2025-07-09T10:54:30Z</time>
      </trkpt>
      <trkpt lat="22.5474156" lon="113.9552103">
        <ele>2.54099</ele>
        <time>2025-07-09T10:54:32Z</time>
      </trkpt>
      <trkpt lat="22.5474584" lon="113.9552191">
        <ele>2.75099</ele>
        <time>2025-07-09T10:54:34Z</time>
      </trkpt>
      <trkpt lat="22.5475011" lon="113.9552287">
        <ele>2.29099</ele>
        <time>2025-07-09T10:54:36Z</time>
      </trkpt>
      <trkpt lat="22.5475432" lon="113.9552409">
        <ele>0.856</ele>
        <time>2025-07-09T10:54:38Z</time>
      </trkpt>
      <trkpt lat="22.5475865" lon="113.9552551">
        <ele>1.36099</ele>
        <time>2025-07-09T10:54:40Z</time>
      </trkpt>
      <trkpt lat="22.547631" lon="113.9552701">
        <ele>1.944</ele>
        <time>2025-07-09T10:54:42Z</time>
      </trkpt>
      <trkpt lat="22.5476775" lon="113.9552842">
        <ele>3.35899</ele>
        <time>2025-07-09T10:54:44Z</time>
      </trkpt>
      <trkpt lat="22.5477242" lon="113.9552953">
        <ele>4.05999</ele>
        <time>2025-07-09T10:54:46Z</time>
      </trkpt>
      <trkpt lat="22.5477696" lon="113.9553032">
        <ele>3.80399</ele>
        <time>2025-07-09T10:54:48Z</time>
      </trkpt>
      <trkpt lat="22.5478133" lon="113.955311">
        <ele>3.21099</ele>
        <time>2025-07-09T10:54:50Z</time>
      </trkpt>
      <trkpt lat="22.547856" lon="113.9553191">
        <ele>3.45499</ele>
        <time>2025-07-09T10:54:52Z</time>
      </trkpt>
      <trkpt lat="22.547897" lon="113.9553268">
        <ele>3.82999</ele>
        <time>2025-07-09T10:54:54Z</time>
      </trkpt>
      <trkpt lat="22.5479376" lon="113.955335">
        <ele>3.14199</ele>
        <time>2025-07-09T10:54:56Z</time>
      </trkpt>
      <trkpt lat="22.5479794" lon="113.955345">
        <ele>2.765</ele>
        <time>2025-07-09T10:54:58Z</time>
      </trkpt>
      <trkpt lat="22.5480217" lon="113.9553542">
        <ele>2.091</ele>
        <time>2025-07-09T10:55:00Z</time>
      </trkpt>
      <trkpt lat="22.5480645" lon="113.9553628">
        <ele>0.855</ele>
        <time>2025-07-09T10:55:02Z</time>
      </trkpt>
      <trkpt lat="22.5481085" lon="113.955373">
        <ele>0.455</ele>
        <time>2025-07-09T10:55:04Z</time>
      </trkpt>
      <trkpt lat="22.5481525" lon="113.9553853">
        <ele>1.22</ele>
        <time>2025-07-09T10:55:06Z</time>
      </trkpt>
      <trkpt lat="22.5481957" lon="113.9553992">
        <ele>1.947</ele>
        <time>2025-07-09T10:55:08Z</time>
      </trkpt>
      <trkpt lat="22.5482382" lon="113.9554141">
        <ele>2.105</ele>
        <time>2025-07-09T10:55:10Z</time>
      </trkpt>
      <trkpt lat="22.5482799" lon="113.955431">
        <ele>1.58599</ele>
        <time>2025-07-09T10:55:12Z</time>
      </trkpt>
      <trkpt lat="22.5483216" lon="113.9554498">
        <ele>1.41299</ele>
        <time>2025-07-09T10:55:14Z</time>
      </trkpt>
      <trkpt lat="22.5483634" lon="113.9554679">
        <ele>1.949</ele>
        <time>2025-07-09T10:55:16Z</time>
      </trkpt>
      <trkpt lat="22.5484051" lon="113.9554851">
        <ele>1.51199</ele>
        <time>2025-07-09T10:55:18Z</time>
      </trkpt>
      <trkpt lat="22.5484465" lon="113.9555025">
        <ele>0.94599</ele>
        <time>2025-07-09T10:55:20Z</time>
      </trkpt>
      <trkpt lat="22.5484886" lon="113.9555188">
        <ele>0.509</ele>
        <time>2025-07-09T10:55:22Z</time>
      </trkpt>
      <trkpt lat="22.5485298" lon="113.955534">
        <ele>0.94999</ele>
        <time>2025-07-09T10:55:24Z</time>
      </trkpt>
      <trkpt lat="22.548571" lon="113.9555496">
        <ele>1.76199</ele>
        <time>2025-07-09T10:55:26Z</time>
      </trkpt>
      <trkpt lat="22.5486136" lon="113.9555648">
        <ele>1.95299</ele>
        <time>2025-07-09T10:55:28Z</time>
      </trkpt>
      <trkpt lat="22.548657" lon="113.9555785">
        <ele>2.53299</ele>
        <time>2025-07-09T10:55:30Z</time>
      </trkpt>
      <trkpt lat="22.5487001" lon="113.9555904">
        <ele>3.125</ele>
        <time>2025-07-09T10:55:32Z</time>
      </trkpt>
      <trkpt lat="22.5487441" lon="113.9556013">
        <ele>2.37199</ele>
        <time>2025-07-09T10:55:34Z</time>
      </trkpt>
      <trkpt lat="22.5487883" lon="113.9556132">
        <ele>1.70299</ele>
        <time>2025-07-09T10:55:36Z</time>
      </trkpt>
      <trkpt lat="22.5488318" lon="113.9556261">
        <ele>2.79699</ele>
        <time>2025-07-09T10:55:38Z</time>
      </trkpt>
      <trkpt lat="22.5488764" lon="113.9556397">
        <ele>2.595</ele>
        <time>2025-07-09T10:55:40Z</time>
      </trkpt>
      <trkpt lat="22.5489215" lon="113.9556537">
        <ele>3.05299</ele>
        <time>2025-07-09T10:55:42Z</time>
      </trkpt>
      <trkpt lat="22.5489665" lon="113.9556676">
        <ele>3.788</ele>
        <time>2025-07-09T10:55:44Z</time>
      </trkpt>
      <trkpt lat="22.5490114" lon="113.9556793">
        <ele>2.66599</ele>
        <time>2025-07-09T10:55:46Z</time>
      </trkpt>
      <trkpt lat="22.5490565" lon="113.9556899">
        <ele>3.052</ele>
        <time>2025-07-09T10:55:48Z</time>
      </trkpt>
      <trkpt lat="22.5491013" lon="113.955701">
        <ele>2.88299</ele>
        <time>2025-07-09T10:55:50Z</time>
      </trkpt>
      <trkpt lat="22.5491473" lon="113.9557131">
        <ele>3.45399</ele>
        <time>2025-07-09T10:55:52Z</time>
      </trkpt>
      <trkpt lat="22.5491932" lon="113.9557246">
        <ele>3.18199</ele>
        <time>2025-07-09T10:55:54Z</time>
      </trkpt>
      <trkpt lat="22.5492398" lon="113.9557361">
        <ele>4.347</ele>
        <time>2025-07-09T10:55:56Z</time>
      </trkpt>
      <trkpt lat="22.5492872" lon="113.9557472">
        <ele>4.19</ele>
        <time>2025-07-09T10:55:58Z</time>
      </trkpt>
      <trkpt lat="22.5493338" lon="113.9557566">
        <ele>4.683</ele>
        <time>2025-07-09T10:56:00Z</time>
      </trkpt>
      <trkpt lat="22.5493789" lon="113.9557634">
        <ele>4.90299</ele>
        <time>2025-07-09T10:56:02Z</time>
      </trkpt>
      <trkpt lat="22.5494231" lon="113.9557704">
        <ele>4.98799</ele>
        <time>2025-07-09T10:56:04Z</time>
      </trkpt>
      <trkpt lat="22.5494654" lon="113.9557795">
        <ele>3.927</ele>
        <time>2025-07-09T10:56:06Z</time>
      </trkpt>
      <trkpt lat="22.549506" lon="113.9557897">
        <ele>3.838</ele>
        <time>2025-07-09T10:56:08Z</time>
      </trkpt>
      <trkpt lat="22.5495468" lon="113.9558005">
        <ele>3.53699</ele>
        <time>2025-07-09T10:56:10Z</time>
      </trkpt>
      <trkpt lat="22.5495875" lon="113.9558124">
        <ele>3.34899</ele>
        <time>2025-07-09T10:56:12Z</time>
      </trkpt>
      <trkpt lat="22.54963" lon="113.9558223">
        <ele>2.749</ele>
        <time>2025-07-09T10:56:14Z</time>
      </trkpt>
      <trkpt lat="22.5496751" lon="113.9558287">
        <ele>2.114</ele>
        <time>2025-07-09T10:56:16Z</time>
      </trkpt>
      <trkpt lat="22.5497207" lon="113.955833">
        <ele>1.66799</ele>
        <time>2025-07-09T10:56:18Z</time>
      </trkpt>
      <trkpt lat="22.5497676" lon="113.9558364">
        <ele>2.5</ele>
        <time>2025-07-09T10:56:20Z</time>
      </trkpt>
      <trkpt lat="22.5498162" lon="113.9558398">
        <ele>2.835</ele>
        <time>2025-07-09T10:56:22Z</time>
      </trkpt>
      <trkpt lat="22.549865" lon="113.955846">
        <ele>3.232</ele>
        <time>2025-07-09T10:56:24Z</time>
      </trkpt>
      <trkpt lat="22.549912" lon="113.9558525">
        <ele>4.102</ele>
        <time>2025-07-09T10:56:26Z</time>
      </trkpt>
      <trkpt lat="22.5499578" lon="113.9558579">
        <ele>3.4</ele>
        <time>2025-07-09T10:56:28Z</time>
      </trkpt>
      <trkpt lat="22.5500008" lon="113.9558619">
        <ele>2.23799</ele>
        <time>2025-07-09T10:56:30Z</time>
      </trkpt>
      <trkpt lat="22.5500426" lon="113.955865">
        <ele>1.23599</ele>
        <time>2025-07-09T10:56:32Z</time>
      </trkpt>
      <trkpt lat="22.550085" lon="113.9558655">
        <ele>0.90399</ele>
        <time>2025-07-09T10:56:34Z</time>
      </trkpt>
      <trkpt lat="22.5501306" lon="113.9558662">
        <ele>1.799</ele>
        <time>2025-07-09T10:56:36Z</time>
      </trkpt>
      <trkpt lat="22.5501789" lon="113.9558675">
        <ele>2.41599</ele>
        <time>2025-07-09T10:56:38Z</time>
      </trkpt>
      <trkpt lat="22.5502294" lon="113.9558682">
        <ele>3.68</ele>
        <time>2025-07-09T10:56:40Z</time>
      </trkpt>
      <trkpt lat="22.5502808" lon="113.9558676">
        <ele>3.44</ele>
        <time>2025-07-09T10:56:42Z</time>
      </trkpt>
      <trkpt lat="22.5503308" lon="113.9558647">
        <ele>3.80399</ele>
        <time>2025-07-09T10:56:44Z</time>
      </trkpt>
      <trkpt lat="22.5503779" lon="113.9558596">
        <ele>3.923</ele>
        <time>2025-07-09T10:56:46Z</time>
      </trkpt>
      <trkpt lat="22.5504231" lon="113.9558534">
        <ele>2.845</ele>
        <time>2025-07-09T10:56:48Z</time>
      </trkpt>
      <trkpt lat="22.5504672" lon="113.9558466">
        <ele>2.674</ele>
        <time>2025-07-09T10:56:50Z</time>
      </trkpt>
      <trkpt lat="22.550511" lon="113.9558388">
        <ele>3.311</ele>
        <time>2025-07-09T10:56:52Z</time>
      </trkpt>
      <trkpt lat="22.5505541" lon="113.9558307">
        <ele>3.16599</ele>
        <time>2025-07-09T10:56:54Z</time>
      </trkpt>
      <trkpt lat="22.5505983" lon="113.9558228">
        <ele>3.51699</ele>
        <time>2025-07-09T10:56:56Z</time>
      </trkpt>
      <trkpt lat="22.5506431" lon="113.9558145">
        <ele>2.561</ele>
        <time>2025-07-09T10:56:58Z</time>
      </trkpt>
      <trkpt lat="22.5506879" lon="113.9558059">
        <ele>2.775</ele>
        <time>2025-07-09T10:57:00Z</time>
      </trkpt>
      <trkpt lat="22.5507325" lon="113.9557981">
        <ele>3.08999</ele>
        <time>2025-07-09T10:57:02Z</time>
      </trkpt>
      <trkpt lat="22.5507787" lon="113.9557915">
        <ele>3.34999</ele>
        <time>2025-07-09T10:57:04Z</time>
      </trkpt>
      <trkpt lat="22.5508251" lon="113.9557843">
        <ele>3.048</ele>
        <time>2025-07-09T10:57:06Z</time>
      </trkpt>
      <trkpt lat="22.550872" lon="113.9557754">
        <ele>4.142</ele>
        <time>2025-07-09T10:57:08Z</time>
      </trkpt>
      <trkpt lat="22.5509197" lon="113.9557656">
        <ele>3.917</ele>
        <time>2025-07-09T10:57:10Z</time>
      </trkpt>
      <trkpt lat="22.5509676" lon="113.9557548">
        <ele>3.548</ele>
        <time>2025-07-09T10:57:12Z</time>
      </trkpt>
      <trkpt lat="22.5510146" lon="113.9557418">
        <ele>3.97099</ele>
        <time>2025-07-09T10:57:14Z</time>
      </trkpt>
      <trkpt lat="22.5510594" lon="113.9557272">
        <ele>3.70199</ele>
        <time>2025-07-09T10:57:16Z</time>
      </trkpt>
      <trkpt lat="22.5511026" lon="113.9557135">
        <ele>3.897</ele>
        <time>2025-07-09T10:57:18Z</time>
      </trkpt>
      <trkpt lat="22.5511444" lon="113.9556998">
        <ele>4.117</ele>
        <time>2025-07-09T10:57:20Z</time>
      </trkpt>
      <trkpt lat="22.5511853" lon="113.9556849">
        <ele>4.06699</ele>
        <time>2025-07-09T10:57:22Z</time>
      </trkpt>
      <trkpt lat="22.5512261" lon="113.9556701">
        <ele>4.651</ele>
        <time>2025-07-09T10:57:24Z</time>
      </trkpt>
      <trkpt lat="22.5512674" lon="113.9556562">
        <ele>5.466</ele>
        <time>2025-07-09T10:57:26Z</time>
      </trkpt>
      <trkpt lat="22.5513096" lon="113.9556417">
        <ele>4.66599</ele>
        <time>2025-07-09T10:57:28Z</time>
      </trkpt>
      <trkpt lat="22.5513528" lon="113.9556274">
        <ele>5.466</ele>
        <time>2025-07-09T10:57:30Z</time>
      </trkpt>
      <trkpt lat="22.5513964" lon="113.9556138">
        <ele>6.02799</ele>
        <time>2025-07-09T10:57:32Z</time>
      </trkpt>
      <trkpt lat="22.5514397" lon="113.9555991">
        <ele>6.23899</ele>
        <time>2025-07-09T10:57:34Z</time>
      </trkpt>
      <trkpt lat="22.5514825" lon="113.9555826">
        <ele>6.69799</ele>
        <time>2025-07-09T10:57:36Z</time>
      </trkpt>
      <trkpt lat="22.551525" lon="113.9555652">
        <ele>5.702</ele>
        <time>2025-07-09T10:57:38Z</time>
      </trkpt>
      <trkpt lat="22.5515674" lon="113.9555483">
        <ele>5.762</ele>
        <time>2025-07-09T10:57:40Z</time>
      </trkpt>
      <trkpt lat="22.5516089" lon="113.9555317">
        <ele>5.85799</ele>
        <time>2025-07-09T10:57:42Z</time>
      </trkpt>
      <trkpt lat="22.5516496" lon="113.955515">
        <ele>5.479</ele>
        <time>2025-07-09T10:57:44Z</time>
      </trkpt>
      <trkpt lat="22.5516893" lon="113.9554982">
        <ele>4.26599</ele>
        <time>2025-07-09T10:57:46Z</time>
      </trkpt>
      <trkpt lat="22.5517291" lon="113.9554802">
        <ele>4.511</ele>
        <time>2025-07-09T10:57:48Z</time>
      </trkpt>
      <trkpt lat="22.5517687" lon="113.9554596">
        <ele>4.14099</ele>
        <time>2025-07-09T10:57:50Z</time>
      </trkpt>
      <trkpt lat="22.5518085" lon="113.9554364">
        <ele>4.287</ele>
        <time>2025-07-09T10:57:52Z</time>
      </trkpt>
      <trkpt lat="22.5518484" lon="113.9554128">
        <ele>4.138</ele>
        <time>2025-07-09T10:57:54Z</time>
      </trkpt>
      <trkpt lat="22.5518898" lon="113.9553892">
        <ele>4.25699</ele>
        <time>2025-07-09T10:57:56Z</time>
      </trkpt>
      <trkpt lat="22.5519315" lon="113.9553671">
        <ele>3.99799</ele>
        <time>2025-07-09T10:57:58Z</time>
      </trkpt>
      <trkpt lat="22.5519732" lon="113.9553455">
        <ele>4.69899</ele>
        <time>2025-07-09T10:58:00Z</time>
      </trkpt>
      <trkpt lat="22.5520149" lon="113.9553233">
        <ele>4.54899</ele>
        <time>2025-07-09T10:58:02Z</time>
      </trkpt>
      <trkpt lat="22.5520568" lon="113.9553009">
        <ele>3.56299</ele>
        <time>2025-07-09T10:58:04Z</time>
      </trkpt>
      <trkpt lat="22.552099" lon="113.9552793">
        <ele>3.377</ele>
        <time>2025-07-09T10:58:06Z</time>
      </trkpt>
      <trkpt lat="22.5521414" lon="113.9552571">
        <ele>4.346</ele>
        <time>2025-07-09T10:58:08Z</time>
      </trkpt>
      <trkpt lat="22.5521825" lon="113.9552343">
        <ele>4.94899</ele>
        <time>2025-07-09T10:58:10Z</time>
      </trkpt>
      <trkpt lat="22.5522238" lon="113.9552121">
        <ele>3.263</ele>
        <time>2025-07-09T10:58:12Z</time>
      </trkpt>
      <trkpt lat="22.5522663" lon="113.955189">
        <ele>2.953</ele>
        <time>2025-07-09T10:58:14Z</time>
      </trkpt>
      <trkpt lat="22.5523083" lon="113.9551639">
        <ele>2.78299</ele>
        <time>2025-07-09T10:58:16Z</time>
      </trkpt>
      <trkpt lat="22.5523494" lon="113.9551369">
        <ele>2.91899</ele>
        <time>2025-07-09T10:58:18Z</time>
      </trkpt>
      <trkpt lat="22.5523907" lon="113.9551091">
        <ele>2.661</ele>
        <time>2025-07-09T10:58:20Z</time>
      </trkpt>
      <trkpt lat="22.5524313" lon="113.9550801">
        <ele>2.466</ele>
        <time>2025-07-09T10:58:22Z</time>
      </trkpt>
      <trkpt lat="22.5524688" lon="113.9550511">
        <ele>2.653</ele>
        <time>2025-07-09T10:58:24Z</time>
      </trkpt>
      <trkpt lat="22.5525035" lon="113.9550211">
        <ele>2.128</ele>
        <time>2025-07-09T10:58:26Z</time>
      </trkpt>
      <trkpt lat="22.552537" lon="113.9549897">
        <ele>1.48599</ele>
        <time>2025-07-09T10:58:28Z</time>
      </trkpt>
      <trkpt lat="22.5525707" lon="113.9549561">
        <ele>2.07999</ele>
        <time>2025-07-09T10:58:30Z</time>
      </trkpt>
      <trkpt lat="22.5526024" lon="113.9549209">
        <ele>2.78399</ele>
        <time>2025-07-09T10:58:32Z</time>
      </trkpt>
      <trkpt lat="22.552636" lon="113.9548839">
        <ele>2.505</ele>
        <time>2025-07-09T10:58:34Z</time>
      </trkpt>
      <trkpt lat="22.5526727" lon="113.9548467">
        <ele>2.187</ele>
        <time>2025-07-09T10:58:36Z</time>
      </trkpt>
      <trkpt lat="22.5527116" lon="113.9548112">
        <ele>1.82799</ele>
        <time>2025-07-09T10:58:38Z</time>
      </trkpt>
      <trkpt lat="22.5527501" lon="113.9547786">
        <ele>1.694</ele>
        <time>2025-07-09T10:58:40Z</time>
      </trkpt>
      <trkpt lat="22.552788" lon="113.9547476">
        <ele>1.23399</ele>
        <time>2025-07-09T10:58:42Z</time>
      </trkpt>
      <trkpt lat="22.5528238" lon="113.9547182">
        <ele>1.623</ele>
        <time>2025-07-09T10:58:44Z</time>
      </trkpt>
      <trkpt lat="22.5528584" lon="113.9546891">
        <ele>1.876</ele>
        <time>2025-07-09T10:58:46Z</time>
      </trkpt>
      <trkpt lat="22.5528931" lon="113.954659">
        <ele>0.739</ele>
        <time>2025-07-09T10:58:48Z</time>
      </trkpt>
      <trkpt lat="22.5529301" lon="113.9546287">
        <ele>-0.67199</ele>
        <time>2025-07-09T10:58:50Z</time>
      </trkpt>
      <trkpt lat="22.5529693" lon="113.9545979">
        <ele>-0.046</ele>
        <time>2025-07-09T10:58:52Z</time>
      </trkpt>
      <trkpt lat="22.5530094" lon="113.9545652">
        <ele>0.685</ele>
        <time>2025-07-09T10:58:54Z</time>
      </trkpt>
      <trkpt lat="22.553048" lon="113.9545319">
        <ele>-0.836</ele>
        <time>2025-07-09T10:58:56Z</time>
      </trkpt>
      <trkpt lat="22.553085" lon="113.954498">
        <ele>-1.55599</ele>
        <time>2025-07-09T10:58:58Z</time>
      </trkpt>
      <trkpt lat="22.5531193" lon="113.9544625">
        <ele>-1.36899</ele>
        <time>2025-07-09T10:59:00Z</time>
      </trkpt>
      <trkpt lat="22.5531544" lon="113.9544268">
        <ele>-1.904</ele>
        <time>2025-07-09T10:59:02Z</time>
      </trkpt>
      <trkpt lat="22.5531915" lon="113.9543932">
        <ele>-1.827</ele>
        <time>2025-07-09T10:59:04Z</time>
      </trkpt>
      <trkpt lat="22.5532307" lon="113.9543611">
        <ele>-1.22</ele>
        <time>2025-07-09T10:59:06Z</time>
      </trkpt>
      <trkpt lat="22.5532707" lon="113.95433">
        <ele>-0.04199</ele>
        <time>2025-07-09T10:59:08Z</time>
      </trkpt>
      <trkpt lat="22.5533108" lon="113.9543004">
        <ele>0.72299</ele>
        <time>2025-07-09T10:59:10Z</time>
      </trkpt>
      <trkpt lat="22.5533499" lon="113.9542716">
        <ele>0.293</ele>
        <time>2025-07-09T10:59:12Z</time>
      </trkpt>
      <trkpt lat="22.5533885" lon="113.9542431">
        <ele>1.679</ele>
        <time>2025-07-09T10:59:14Z</time>
      </trkpt>
      <trkpt lat="22.5534273" lon="113.9542151">
        <ele>1.429</ele>
        <time>2025-07-09T10:59:16Z</time>
      </trkpt>
      <trkpt lat="22.5534668" lon="113.9541869">
        <ele>1.524</ele>
        <time>2025-07-09T10:59:18Z</time>
      </trkpt>
      <trkpt lat="22.5535059" lon="113.9541586">
        <ele>1.04299</ele>
        <time>2025-07-09T10:59:20Z</time>
      </trkpt>
      <trkpt lat="22.5535436" lon="113.9541312">
        <ele>1.43599</ele>
        <time>2025-07-09T10:59:22Z</time>
      </trkpt>
      <trkpt lat="22.5535807" lon="113.9541048">
        <ele>1.672</ele>
        <time>2025-07-09T10:59:24Z</time>
      </trkpt>
      <trkpt lat="22.553617" lon="113.9540796">
        <ele>2.06699</ele>
        <time>2025-07-09T10:59:26Z</time>
      </trkpt>
      <trkpt lat="22.5536528" lon="113.9540552">
        <ele>2.956</ele>
        <time>2025-07-09T10:59:28Z</time>
      </trkpt>
      <trkpt lat="22.5536904" lon="113.9540302">
        <ele>4.388</ele>
        <time>2025-07-09T10:59:30Z</time>
      </trkpt>
      <trkpt lat="22.5537315" lon="113.9540037">
        <ele>4.10599</ele>
        <time>2025-07-09T10:59:32Z</time>
      </trkpt>
      <trkpt lat="22.5537748" lon="113.953976">
        <ele>4.177</ele>
        <time>2025-07-09T10:59:34Z</time>
      </trkpt>
      <trkpt lat="22.5538196" lon="113.9539473">
        <ele>5.09399</ele>
        <time>2025-07-09T10:59:36Z</time>
      </trkpt>
      <trkpt lat="22.5538642" lon="113.9539187">
        <ele>5.44</ele>
        <time>2025-07-09T10:59:38Z</time>
      </trkpt>
      <trkpt lat="22.5539079" lon="113.9538906">
        <ele>5.328</ele>
        <time>2025-07-09T10:59:40Z</time>
      </trkpt>
      <trkpt lat="22.5539501" lon="113.9538639">
        <ele>5.10699</ele>
        <time>2025-07-09T10:59:42Z</time>
      </trkpt>
      <trkpt lat="22.5539904" lon="113.9538387">
        <ele>5.19099</ele>
        <time>2025-07-09T10:59:44Z</time>
      </trkpt>
      <trkpt lat="22.5540297" lon="113.953813">
        <ele>5.631</ele>
        <time>2025-07-09T10:59:46Z</time>
      </trkpt>
      <trkpt lat="22.5540694" lon="113.9537861">
        <ele>5.387</ele>
        <time>2025-07-09T10:59:48Z</time>
      </trkpt>
      <trkpt lat="22.5541107" lon="113.9537593">
        <ele>5.473</ele>
        <time>2025-07-09T10:59:50Z</time>
      </trkpt>
      <trkpt lat="22.5541515" lon="113.9537332">
        <ele>5.052</ele>
        <time>2025-07-09T10:59:52Z</time>
      </trkpt>
      <trkpt lat="22.5541912" lon="113.9537063">
        <ele>5.096</ele>
        <time>2025-07-09T10:59:54Z</time>
      </trkpt>
      <trkpt lat="22.5542314" lon="113.9536796">
        <ele>4.638</ele>
        <time>2025-07-09T10:59:56Z</time>
      </trkpt>
      <trkpt lat="22.5542733" lon="113.9536554">
        <ele>5.40299</ele>
        <time>2025-07-09T10:59:58Z</time>
      </trkpt>
      <trkpt lat="22.554314" lon="113.9536335">
        <ele>4.932</ele>
        <time>2025-07-09T11:00:00Z</time>
      </trkpt>
      <trkpt lat="22.5543549" lon="113.9536128">
        <ele>5.472</ele>
        <time>2025-07-09T11:00:02Z</time>
      </trkpt>
      <trkpt lat="22.5543968" lon="113.9535939">
        <ele>6.47399</ele>
        <time>2025-07-09T11:00:04Z</time>
      </trkpt>
      <trkpt lat="22.5544379" lon="113.9535768">
        <ele>5.92899</ele>
        <time>2025-07-09T11:00:06Z</time>
      </trkpt>
      <trkpt lat="22.5544768" lon="113.9535591">
        <ele>5.604</ele>
        <time>2025-07-09T11:00:08Z</time>
      </trkpt>
      <trkpt lat="22.554516" lon="113.9535402">
        <ele>5.729</ele>
        <time>2025-07-09T11:00:10Z</time>
      </trkpt>
      <trkpt lat="22.5545556" lon="113.9535199">
        <ele>5.577</ele>
        <time>2025-07-09T11:00:12Z</time>
      </trkpt>
      <trkpt lat="22.5545967" lon="113.9534995">
        <ele>5.94999</ele>
        <time>2025-07-09T11:00:14Z</time>
      </trkpt>
      <trkpt lat="22.5546424" lon="113.9534797">
        <ele>5.794</ele>
        <time>2025-07-09T11:00:16Z</time>
      </trkpt>
      <trkpt lat="22.5546902" lon="113.9534615">
        <ele>6.11</ele>
        <time>2025-07-09T11:00:18Z</time>
      </trkpt>
      <trkpt lat="22.5547374" lon="113.953444">
        <ele>7.02099</ele>
        <time>2025-07-09T11:00:20Z</time>
      </trkpt>
      <trkpt lat="22.5547843" lon="113.9534277">
        <ele>6.39599</ele>
        <time>2025-07-09T11:00:22Z</time>
      </trkpt>
      <trkpt lat="22.5548311" lon="113.9534114">
        <ele>6.321</ele>
        <time>2025-07-09T11:00:24Z</time>
      </trkpt>
      <trkpt lat="22.5548732" lon="113.9533949">
        <ele>5.557</ele>
        <time>2025-07-09T11:00:26Z</time>
      </trkpt>
      <trkpt lat="22.5549134" lon="113.9533763">
        <ele>5.729</ele>
        <time>2025-07-09T11:00:28Z</time>
      </trkpt>
      <trkpt lat="22.5549542" lon="113.9533574">
        <ele>5.894</ele>
        <time>2025-07-09T11:00:30Z</time>
      </trkpt>
      <trkpt lat="22.5549962" lon="113.953341">
        <ele>6.20599</ele>
        <time>2025-07-09T11:00:32Z</time>
      </trkpt>
      <trkpt lat="22.555041" lon="113.9533279">
        <ele>5.939</ele>
        <time>2025-07-09T11:00:34Z</time>
      </trkpt>
      <trkpt lat="22.5550886" lon="113.9533175">
        <ele>6.295</ele>
        <time>2025-07-09T11:00:36Z</time>
      </trkpt>
      <trkpt lat="22.5551392" lon="113.9533116">
        <ele>6.21999</ele>
        <time>2025-07-09T11:00:38Z</time>
      </trkpt>
      <trkpt lat="22.555192" lon="113.9533088">
        <ele>5.833</ele>
        <time>2025-07-09T11:00:40Z</time>
      </trkpt>
      <trkpt lat="22.5552451" lon="113.9533053">
        <ele>6.893</ele>
        <time>2025-07-09T11:00:42Z</time>
      </trkpt>
      <trkpt lat="22.5552945" lon="113.9533005">
        <ele>6.48199</ele>
        <time>2025-07-09T11:00:44Z</time>
      </trkpt>
      <trkpt lat="22.5553427" lon="113.9532963">
        <ele>7.92199</ele>
        <time>2025-07-09T11:00:46Z</time>
      </trkpt>
      <trkpt lat="22.5553906" lon="113.9532925">
        <ele>7.78399</ele>
        <time>2025-07-09T11:00:48Z</time>
      </trkpt>
      <trkpt lat="22.5554367" lon="113.9532895">
        <ele>7.203</ele>
        <time>2025-07-09T11:00:50Z</time>
      </trkpt>
      <trkpt lat="22.5554837" lon="113.9532887">
        <ele>8.10099</ele>
        <time>2025-07-09T11:00:52Z</time>
      </trkpt>
      <trkpt lat="22.5555336" lon="113.9532896">
        <ele>6.583</ele>
        <time>2025-07-09T11:00:54Z</time>
      </trkpt>
      <trkpt lat="22.555584" lon="113.9532902">
        <ele>8.333</ele>
        <time>2025-07-09T11:00:56Z</time>
      </trkpt>
      <trkpt lat="22.5556331" lon="113.9532912">
        <ele>7.96799</ele>
        <time>2025-07-09T11:00:58Z</time>
      </trkpt>
      <trkpt lat="22.5556852" lon="113.9532914">
        <ele>6.934</ele>
        <time>2025-07-09T11:01:00Z</time>
      </trkpt>
      <trkpt lat="22.5557378" lon="113.9532907">
        <ele>6.91599</ele>
        <time>2025-07-09T11:01:02Z</time>
      </trkpt>
      <trkpt lat="22.5557893" lon="113.9532902">
        <ele>7.66599</ele>
        <time>2025-07-09T11:01:04Z</time>
      </trkpt>
      <trkpt lat="22.5558397" lon="113.9532899">
        <ele>9.92</ele>
        <time>2025-07-09T11:01:06Z</time>
      </trkpt>
      <trkpt lat="22.5558899" lon="113.9532885">
        <ele>9.86999</ele>
        <time>2025-07-09T11:01:08Z</time>
      </trkpt>
      <trkpt lat="22.5559366" lon="113.9532868">
        <ele>10.748</ele>
        <time>2025-07-09T11:01:10Z</time>
      </trkpt>
      <trkpt lat="22.5559796" lon="113.9532842">
        <ele>10.814</ele>
        <time>2025-07-09T11:01:12Z</time>
      </trkpt>
      <trkpt lat="22.5560182" lon="113.9532784">
        <ele>10.70699</ele>
        <time>2025-07-09T11:01:14Z</time>
      </trkpt>
      <trkpt lat="22.5560538" lon="113.9532711">
        <ele>10.715</ele>
        <time>2025-07-09T11:01:16Z</time>
      </trkpt>
      <trkpt lat="22.5560873" lon="113.9532644">
        <ele>9.08899</ele>
        <time>2025-07-09T11:01:18Z</time>
      </trkpt>
      <trkpt lat="22.5561202" lon="113.9532589">
        <ele>8.70699</ele>
        <time>2025-07-09T11:01:20Z</time>
      </trkpt>
      <trkpt lat="22.5561552" lon="113.9532509">
        <ele>8.99199</ele>
        <time>2025-07-09T11:01:22Z</time>
      </trkpt>
      <trkpt lat="22.556194" lon="113.9532396">
        <ele>8.52799</ele>
        <time>2025-07-09T11:01:24Z</time>
      </trkpt>
      <trkpt lat="22.5562346" lon="113.9532264">
        <ele>9.30799</ele>
        <time>2025-07-09T11:01:26Z</time>
      </trkpt>
      <trkpt lat="22.5562741" lon="113.9532131">
        <ele>9.409</ele>
        <time>2025-07-09T11:01:28Z</time>
      </trkpt>
      <trkpt lat="22.5563152" lon="113.9532013">
        <ele>10.61999</ele>
        <time>2025-07-09T11:01:30Z</time>
      </trkpt>
      <trkpt lat="22.5563534" lon="113.9531975">
        <ele>8.038</ele>
        <time>2025-07-09T11:01:32Z</time>
      </trkpt>
      <trkpt lat="22.5563881" lon="113.9532002">
        <ele>7.288</ele>
        <time>2025-07-09T11:01:34Z</time>
      </trkpt>
      <trkpt lat="22.556423" lon="113.9532069">
        <ele>4.30499</ele>
        <time>2025-07-09T11:01:36Z</time>
      </trkpt>
      <trkpt lat="22.5564622" lon="113.9532163">
        <ele>2.828</ele>
        <time>2025-07-09T11:01:38Z</time>
      </trkpt>
      <trkpt lat="22.5565023" lon="113.9532242">
        <ele>1.087</ele>
        <time>2025-07-09T11:01:40Z</time>
      </trkpt>
      <trkpt lat="22.5565475" lon="113.9532266">
        <ele>-0.19699</ele>
        <time>2025-07-09T11:01:42Z</time>
      </trkpt>
      <trkpt lat="22.5566033" lon="113.9532285">
        <ele>-0.88099</ele>
        <time>2025-07-09T11:01:44Z</time>
      </trkpt>
      <trkpt lat="22.5566665" lon="113.9532303">
        <ele>-0.39899</ele>
        <time>2025-07-09T11:01:46Z</time>
      </trkpt>
      <trkpt lat="22.5567321" lon="113.9532322">
        <ele>1.968</ele>
        <time>2025-07-09T11:01:48Z</time>
      </trkpt>
      <trkpt lat="22.5567994" lon="113.9532357">
        <ele>3.309</ele>
        <time>2025-07-09T11:01:50Z</time>
      </trkpt>
      <trkpt lat="22.5568658" lon="113.9532398">
        <ele>6.16699</ele>
        <time>2025-07-09T11:01:52Z</time>
      </trkpt>
      <trkpt lat="22.5569272" lon="113.9532424">
        <ele>7.74599</ele>
        <time>2025-07-09T11:01:54Z</time>
      </trkpt>
      <trkpt lat="22.5569833" lon="113.9532431">
        <ele>7.32299</ele>
        <time>2025-07-09T11:01:56Z</time>
      </trkpt>
      <trkpt lat="22.557035" lon="113.9532414">
        <ele>8.34799</ele>
        <time>2025-07-09T11:01:58Z</time>
      </trkpt>
      <trkpt lat="22.5570844" lon="113.9532374">
        <ele>9.11499</ele>
        <time>2025-07-09T11:02:00Z</time>
      </trkpt>
      <trkpt lat="22.5571326" lon="113.9532338">
        <ele>8.07299</ele>
        <time>2025-07-09T11:02:02Z</time>
      </trkpt>
      <trkpt lat="22.5571813" lon="113.9532312">
        <ele>8.49899</ele>
        <time>2025-07-09T11:02:04Z</time>
      </trkpt>
      <trkpt lat="22.55723" lon="113.9532294">
        <ele>7.938</ele>
        <time>2025-07-09T11:02:06Z</time>
      </trkpt>
      <trkpt lat="22.5572763" lon="113.9532273">
        <ele>8.70699</ele>
        <time>2025-07-09T11:02:08Z</time>
      </trkpt>
      <trkpt lat="22.5573214" lon="113.9532259">
        <ele>7.44299</ele>
        <time>2025-07-09T11:02:10Z</time>
      </trkpt>
      <trkpt lat="22.557366" lon="113.953226">
        <ele>7.28399</ele>
        <time>2025-07-09T11:02:12Z</time>
      </trkpt>
      <trkpt lat="22.5574099" lon="113.9532274">
        <ele>6.328</ele>
        <time>2025-07-09T11:02:14Z</time>
      </trkpt>
      <trkpt lat="22.5574546" lon="113.9532284">
        <ele>6.327</ele>
        <time>2025-07-09T11:02:16Z</time>
      </trkpt>
      <trkpt lat="22.5575038" lon="113.9532308">
        <ele>7.815</ele>
        <time>2025-07-09T11:02:18Z</time>
      </trkpt>
      <trkpt lat="22.5575532" lon="113.9532344">
        <ele>8.218</ele>
        <time>2025-07-09T11:02:20Z</time>
      </trkpt>
      <trkpt lat="22.5576031" lon="113.9532382">
        <ele>9.30799</ele>
        <time>2025-07-09T11:02:22Z</time>
      </trkpt>
      <trkpt lat="22.5576521" lon="113.9532427">
        <ele>9.56</ele>
        <time>2025-07-09T11:02:24Z</time>
      </trkpt>
      <trkpt lat="22.5577015" lon="113.9532487">
        <ele>9.928</ele>
        <time>2025-07-09T11:02:26Z</time>
      </trkpt>
      <trkpt lat="22.5577503" lon="113.9532552">
        <ele>9.345</ele>
        <time>2025-07-09T11:02:28Z</time>
      </trkpt>
      <trkpt lat="22.5578007" lon="113.9532615">
        <ele>9.38599</ele>
        <time>2025-07-09T11:02:30Z</time>
      </trkpt>
      <trkpt lat="22.5578522" lon="113.953268">
        <ele>9.019</ele>
        <time>2025-07-09T11:02:32Z</time>
      </trkpt>
      <trkpt lat="22.5579032" lon="113.9532741">
        <ele>8.80399</ele>
        <time>2025-07-09T11:02:34Z</time>
      </trkpt>
      <trkpt lat="22.5579533" lon="113.9532793">
        <ele>10.19499</ele>
        <time>2025-07-09T11:02:36Z</time>
      </trkpt>
      <trkpt lat="22.5580036" lon="113.9532841">
        <ele>9.91899</ele>
        <time>2025-07-09T11:02:38Z</time>
      </trkpt>
      <trkpt lat="22.5580527" lon="113.9532883">
        <ele>9.821</ele>
        <time>2025-07-09T11:02:40Z</time>
      </trkpt>
      <trkpt lat="22.5581008" lon="113.9532905">
        <ele>9.93099</ele>
        <time>2025-07-09T11:02:42Z</time>
      </trkpt>
      <trkpt lat="22.5581488" lon="113.9532917">
        <ele>10.026</ele>
        <time>2025-07-09T11:02:44Z</time>
      </trkpt>
      <trkpt lat="22.5581956" lon="113.9532934">
        <ele>10.628</ele>
        <time>2025-07-09T11:02:46Z</time>
      </trkpt>
      <trkpt lat="22.5582411" lon="113.9532944">
        <ele>10.359</ele>
        <time>2025-07-09T11:02:48Z</time>
      </trkpt>
      <trkpt lat="22.5582884" lon="113.9532945">
        <ele>10.01399</ele>
        <time>2025-07-09T11:02:50Z</time>
      </trkpt>
      <trkpt lat="22.5583349" lon="113.9532941">
        <ele>8.88599</ele>
        <time>2025-07-09T11:02:52Z</time>
      </trkpt>
      <trkpt lat="22.5583818" lon="113.9532925">
        <ele>9.467</ele>
        <time>2025-07-09T11:02:54Z</time>
      </trkpt>
      <trkpt lat="22.5584299" lon="113.9532895">
        <ele>9.14799</ele>
        <time>2025-07-09T11:02:56Z</time>
      </trkpt>
      <trkpt lat="22.558479" lon="113.9532852">
        <ele>9.119</ele>
        <time>2025-07-09T11:02:58Z</time>
      </trkpt>
      <trkpt lat="22.5585275" lon="113.953281">
        <ele>9.602</ele>
        <time>2025-07-09T11:03:00Z</time>
      </trkpt>
      <trkpt lat="22.558576" lon="113.9532778">
        <ele>8.98099</ele>
        <time>2025-07-09T11:03:02Z</time>
      </trkpt>
      <trkpt lat="22.5586242" lon="113.9532755">
        <ele>8.902</ele>
        <time>2025-07-09T11:03:04Z</time>
      </trkpt>
      <trkpt lat="22.5586721" lon="113.9532747">
        <ele>8.94099</ele>
        <time>2025-07-09T11:03:06Z</time>
      </trkpt>
      <trkpt lat="22.5587188" lon="113.9532758">
        <ele>8.472</ele>
        <time>2025-07-09T11:03:08Z</time>
      </trkpt>
      <trkpt lat="22.558765" lon="113.9532772">
        <ele>8.36699</ele>
        <time>2025-07-09T11:03:10Z</time>
      </trkpt>
      <trkpt lat="22.5588131" lon="113.9532795">
        <ele>7.95599</ele>
        <time>2025-07-09T11:03:12Z</time>
      </trkpt>
      <trkpt lat="22.5588602" lon="113.9532823">
        <ele>8.034</ele>
        <time>2025-07-09T11:03:14Z</time>
      </trkpt>
      <trkpt lat="22.5589061" lon="113.953286">
        <ele>8.694</ele>
        <time>2025-07-09T11:03:16Z</time>
      </trkpt>
      <trkpt lat="22.5589535" lon="113.95329">
        <ele>7.94899</ele>
        <time>2025-07-09T11:03:18Z</time>
      </trkpt>
      <trkpt lat="22.5590022" lon="113.953294">
        <ele>7.79099</ele>
        <time>2025-07-09T11:03:20Z</time>
      </trkpt>
      <trkpt lat="22.5590504" lon="113.9532973">
        <ele>8.656</ele>
        <time>2025-07-09T11:03:22Z</time>
      </trkpt>
      <trkpt lat="22.5591007" lon="113.9533008">
        <ele>8.97599</ele>
        <time>2025-07-09T11:03:24Z</time>
      </trkpt>
      <trkpt lat="22.5591534" lon="113.9533037">
        <ele>9.34399</ele>
        <time>2025-07-09T11:03:26Z</time>
      </trkpt>
      <trkpt lat="22.5592058" lon="113.9533061">
        <ele>9.784</ele>
        <time>2025-07-09T11:03:28Z</time>
      </trkpt>
      <trkpt lat="22.5592561" lon="113.9533075">
        <ele>10.394</ele>
        <time>2025-07-09T11:03:30Z</time>
      </trkpt>
      <trkpt lat="22.5593044" lon="113.953307">
        <ele>10.13899</ele>
        <time>2025-07-09T11:03:32Z</time>
      </trkpt>
      <trkpt lat="22.5593509" lon="113.9533042">
        <ele>8.211</ele>
        <time>2025-07-09T11:03:34Z</time>
      </trkpt>
      <trkpt lat="22.5593962" lon="113.9533">
        <ele>7.414</ele>
        <time>2025-07-09T11:03:36Z</time>
      </trkpt>
      <trkpt lat="22.5594401" lon="113.9532958">
        <ele>7.20399</ele>
        <time>2025-07-09T11:03:38Z</time>
      </trkpt>
      <trkpt lat="22.5594841" lon="113.9532917">
        <ele>7.46899</ele>
        <time>2025-07-09T11:03:40Z</time>
      </trkpt>
      <trkpt lat="22.5595291" lon="113.9532883">
        <ele>7.611</ele>
        <time>2025-07-09T11:03:42Z</time>
      </trkpt>
      <trkpt lat="22.5595753" lon="113.9532855">
        <ele>7.85699</ele>
        <time>2025-07-09T11:03:44Z</time>
      </trkpt>
      <trkpt lat="22.5596228" lon="113.9532818">
        <ele>8.503</ele>
        <time>2025-07-09T11:03:46Z</time>
      </trkpt>
      <trkpt lat="22.55967" lon="113.9532762">
        <ele>9.32299</ele>
        <time>2025-07-09T11:03:48Z</time>
      </trkpt>
      <trkpt lat="22.559716" lon="113.9532697">
        <ele>9.59</ele>
        <time>2025-07-09T11:03:50Z</time>
      </trkpt>
      <trkpt lat="22.5597615" lon="113.953262">
        <ele>7.69</ele>
        <time>2025-07-09T11:03:52Z</time>
      </trkpt>
      <trkpt lat="22.5598055" lon="113.9532554">
        <ele>6.15299</ele>
        <time>2025-07-09T11:03:54Z</time>
      </trkpt>
      <trkpt lat="22.5598472" lon="113.9532521">
        <ele>5.18499</ele>
        <time>2025-07-09T11:03:56Z</time>
      </trkpt>
      <trkpt lat="22.559891" lon="113.9532536">
        <ele>6.012</ele>
        <time>2025-07-09T11:03:58Z</time>
      </trkpt>
      <trkpt lat="22.5599363" lon="113.9532589">
        <ele>6.51999</ele>
        <time>2025-07-09T11:04:00Z</time>
      </trkpt>
      <trkpt lat="22.5599824" lon="113.9532684">
        <ele>7.84999</ele>
        <time>2025-07-09T11:04:02Z</time>
      </trkpt>
      <trkpt lat="22.5600299" lon="113.9532775">
        <ele>6.44099</ele>
        <time>2025-07-09T11:04:04Z</time>
      </trkpt>
      <trkpt lat="22.5600797" lon="113.953285">
        <ele>7.558</ele>
        <time>2025-07-09T11:04:06Z</time>
      </trkpt>
      <trkpt lat="22.5601306" lon="113.9532903">
        <ele>7.48299</ele>
        <time>2025-07-09T11:04:08Z</time>
      </trkpt>
      <trkpt lat="22.5601832" lon="113.9532953">
        <ele>8.635</ele>
        <time>2025-07-09T11:04:10Z</time>
      </trkpt>
      <trkpt lat="22.5602356" lon="113.9533002">
        <ele>9.15699</ele>
        <time>2025-07-09T11:04:12Z</time>
      </trkpt>
      <trkpt lat="22.5602857" lon="113.9533067">
        <ele>9.05799</ele>
        <time>2025-07-09T11:04:14Z</time>
      </trkpt>
      <trkpt lat="22.5603346" lon="113.9533141">
        <ele>8.534</ele>
        <time>2025-07-09T11:04:16Z</time>
      </trkpt>
      <trkpt lat="22.5603805" lon="113.9533206">
        <ele>8.41399</ele>
        <time>2025-07-09T11:04:18Z</time>
      </trkpt>
      <trkpt lat="22.5604259" lon="113.9533264">
        <ele>8.40299</ele>
        <time>2025-07-09T11:04:20Z</time>
      </trkpt>
      <trkpt lat="22.5604714" lon="113.9533313">
        <ele>7.992</ele>
        <time>2025-07-09T11:04:22Z</time>
      </trkpt>
      <trkpt lat="22.5605183" lon="113.9533349">
        <ele>8.19999</ele>
        <time>2025-07-09T11:04:24Z</time>
      </trkpt>
      <trkpt lat="22.5605646" lon="113.9533378">
        <ele>8.07199</ele>
        <time>2025-07-09T11:04:26Z</time>
      </trkpt>
      <trkpt lat="22.5606124" lon="113.9533418">
        <ele>7.767</ele>
        <time>2025-07-09T11:04:28Z</time>
      </trkpt>
      <trkpt lat="22.5606603" lon="113.9533454">
        <ele>7.37799</ele>
        <time>2025-07-09T11:04:30Z</time>
      </trkpt>
      <trkpt lat="22.5607072" lon="113.9533487">
        <ele>8.15699</ele>
        <time>2025-07-09T11:04:32Z</time>
      </trkpt>
      <trkpt lat="22.5607543" lon="113.9533529">
        <ele>7.48</ele>
        <time>2025-07-09T11:04:34Z</time>
      </trkpt>
      <trkpt lat="22.5608022" lon="113.9533582">
        <ele>8.59</ele>
        <time>2025-07-09T11:04:36Z</time>
      </trkpt>
      <trkpt lat="22.5608492" lon="113.9533621">
        <ele>9.092</ele>
        <time>2025-07-09T11:04:38Z</time>
      </trkpt>
      <trkpt lat="22.5608963" lon="113.9533644">
        <ele>9.51099</ele>
        <time>2025-07-09T11:04:40Z</time>
      </trkpt>
      <trkpt lat="22.5609447" lon="113.9533654">
        <ele>8.017</ele>
        <time>2025-07-09T11:04:42Z</time>
      </trkpt>
      <trkpt lat="22.5609933" lon="113.9533658">
        <ele>7.73699</ele>
        <time>2025-07-09T11:04:44Z</time>
      </trkpt>
      <trkpt lat="22.561042" lon="113.9533657">
        <ele>7.668</ele>
        <time>2025-07-09T11:04:46Z</time>
      </trkpt>
      <trkpt lat="22.5610905" lon="113.9533659">
        <ele>7.875</ele>
        <time>2025-07-09T11:04:48Z</time>
      </trkpt>
      <trkpt lat="22.5611371" lon="113.9533663">
        <ele>7.618</ele>
        <time>2025-07-09T11:04:50Z</time>
      </trkpt>
      <trkpt lat="22.5611839" lon="113.9533672">
        <ele>7.392</ele>
        <time>2025-07-09T11:04:52Z</time>
      </trkpt>
      <trkpt lat="22.561231" lon="113.9533671">
        <ele>6.71799</ele>
        <time>2025-07-09T11:04:54Z</time>
      </trkpt>
      <trkpt lat="22.5612798" lon="113.9533664">
        <ele>7.33599</ele>
        <time>2025-07-09T11:04:56Z</time>
      </trkpt>
      <trkpt lat="22.5613306" lon="113.9533668">
        <ele>8.40799</ele>
        <time>2025-07-09T11:04:58Z</time>
      </trkpt>
      <trkpt lat="22.5613827" lon="113.9533673">
        <ele>9.35299</ele>
        <time>2025-07-09T11:05:00Z</time>
      </trkpt>
      <trkpt lat="22.5614342" lon="113.9533674">
        <ele>9.861</ele>
        <time>2025-07-09T11:05:02Z</time>
      </trkpt>
      <trkpt lat="22.5614835" lon="113.9533669">
        <ele>11.12399</ele>
        <time>2025-07-09T11:05:04Z</time>
      </trkpt>
      <trkpt lat="22.5615311" lon="113.9533657">
        <ele>10.838</ele>
        <time>2025-07-09T11:05:06Z</time>
      </trkpt>
      <trkpt lat="22.5615809" lon="113.9533647">
        <ele>11.781</ele>
        <time>2025-07-09T11:05:08Z</time>
      </trkpt>
      <trkpt lat="22.5616337" lon="113.9533658">
        <ele>12.453</ele>
        <time>2025-07-09T11:05:10Z</time>
      </trkpt>
      <trkpt lat="22.5616869" lon="113.9533681">
        <ele>12.769</ele>
        <time>2025-07-09T11:05:12Z</time>
      </trkpt>
      <trkpt lat="22.5617428" lon="113.953372">
        <ele>11.98999</ele>
        <time>2025-07-09T11:05:14Z</time>
      </trkpt>
      <trkpt lat="22.5617978" lon="113.9533761">
        <ele>10.996</ele>
        <time>2025-07-09T11:05:16Z</time>
      </trkpt>
      <trkpt lat="22.5618452" lon="113.9533767">
        <ele>10.27299</ele>
        <time>2025-07-09T11:05:18Z</time>
      </trkpt>
      <trkpt lat="22.5618859" lon="113.9533743">
        <ele>10.83699</ele>
        <time>2025-07-09T11:05:20Z</time>
      </trkpt>
      <trkpt lat="22.561926" lon="113.9533711">
        <ele>8.78999</ele>
        <time>2025-07-09T11:05:22Z</time>
      </trkpt>
      <trkpt lat="22.5619652" lon="113.9533687">
        <ele>9.586</ele>
        <time>2025-07-09T11:05:24Z</time>
      </trkpt>
      <trkpt lat="22.562005" lon="113.9533679">
        <ele>11.63199</ele>
        <time>2025-07-09T11:05:26Z</time>
      </trkpt>
      <trkpt lat="22.5620512" lon="113.9533707">
        <ele>11.38799</ele>
        <time>2025-07-09T11:05:28Z</time>
      </trkpt>
      <trkpt lat="22.5621036" lon="113.9533754">
        <ele>10.49699</ele>
        <time>2025-07-09T11:05:30Z</time>
      </trkpt>
      <trkpt lat="22.5621576" lon="113.9533802">
        <ele>10.88899</ele>
        <time>2025-07-09T11:05:32Z</time>
      </trkpt>
      <trkpt lat="22.5622133" lon="113.9533845">
        <ele>11.019</ele>
        <time>2025-07-09T11:05:34Z</time>
      </trkpt>
      <trkpt lat="22.5622711" lon="113.9533884">
        <ele>11.27499</ele>
        <time>2025-07-09T11:05:36Z</time>
      </trkpt>
      <trkpt lat="22.5623289" lon="113.9533905">
        <ele>11.53199</ele>
        <time>2025-07-09T11:05:38Z</time>
      </trkpt>
      <trkpt lat="22.5623864" lon="113.9533917">
        <ele>11.85499</ele>
        <time>2025-07-09T11:05:40Z</time>
      </trkpt>
      <trkpt lat="22.5624433" lon="113.9533909">
        <ele>12.12899</ele>
        <time>2025-07-09T11:05:42Z</time>
      </trkpt>
      <trkpt lat="22.5624994" lon="113.9533881">
        <ele>11.526</ele>
        <time>2025-07-09T11:05:44Z</time>
      </trkpt>
      <trkpt lat="22.5625546" lon="113.9533834">
        <ele>11.036</ele>
        <time>2025-07-09T11:05:46Z</time>
      </trkpt>
      <trkpt lat="22.5626071" lon="113.9533776">
        <ele>10.871</ele>
        <time>2025-07-09T11:05:48Z</time>
      </trkpt>
      <trkpt lat="22.562658" lon="113.9533711">
        <ele>10.59399</ele>
        <time>2025-07-09T11:05:50Z</time>
      </trkpt>
      <trkpt lat="22.562709" lon="113.9533653">
        <ele>10.69099</ele>
        <time>2025-07-09T11:05:52Z</time>
      </trkpt>
      <trkpt lat="22.5627595" lon="113.9533609">
        <ele>10.23999</ele>
        <time>2025-07-09T11:05:54Z</time>
      </trkpt>
      <trkpt lat="22.5627996" lon="113.9533579">
        <ele>10.16899</ele>
        <time>2025-07-09T11:05:56Z</time>
      </trkpt>
      <trkpt lat="22.5628611" lon="113.9533557">
        <ele>10.29899</ele>
        <time>2025-07-09T11:05:58Z</time>
      </trkpt>
      <trkpt lat="22.562912" lon="113.9533566">
        <ele>10.1</ele>
        <time>2025-07-09T11:06:00Z</time>
      </trkpt>
      <trkpt lat="22.5629635" lon="113.9533528">
        <ele>10.324</ele>
        <time>2025-07-09T11:06:02Z</time>
      </trkpt>
      <trkpt lat="22.563001" lon="113.9533428">
        <ele>5.776</ele>
        <time>2025-07-09T11:06:04Z</time>
      </trkpt>
      <trkpt lat="22.5630361" lon="113.9533232">
        <ele>6.20599</ele>
        <time>2025-07-09T11:06:06Z</time>
      </trkpt>
    </trkseg>
  </trk>
</gpx>