<?xml version="1.0" encoding="UTF-8"?>
<gpx xmlns="http://www.topografix.com/GPX/1/1" xmlns:gpxtpx="http://www.garmin.com/xmlschemas/TrackPointExtension/v1" xmlns:xsi="http://www.w3.org/2001/XMLSchema-instance" xsi:schemaLocation="http://www.topografix.com/GPX/1/1 http://www.topografix.com/GPX/1/1/gpx.xsd" version="1.1" creator="gpx.py -- https://github.com/tkrajina/gpxpy">
  <trk>
    <name>gpx from codoon</name>
    <type>Run</type>
    <trkseg>
      <trkpt lat="22.5745276" lon="113.9436736">
        <ele>24.14299</ele>
        <time>2025-08-01T10:38:51Z</time>
      </trkpt>
      <trkpt lat="22.5744765" lon="113.9436714">
        <ele>23.90399</ele>
        <time>2025-08-01T10:38:53Z</time>
      </trkpt>
      <trkpt lat="22.5744422" lon="113.9436687">
        <ele>23.87899</ele>
        <time>2025-08-01T10:38:55Z</time>
      </trkpt>
      <trkpt lat="22.5743979" lon="113.9436665">
        <ele>23.92499</ele>
        <time>2025-08-01T10:38:57Z</time>
      </trkpt>
      <trkpt lat="22.5743563" lon="113.9436638">
        <ele>25.547</ele>
        <time>2025-08-01T10:38:59Z</time>
      </trkpt>
      <trkpt lat="22.5743125" lon="113.9436609">
        <ele>25.229</ele>
        <time>2025-08-01T10:39:01Z</time>
      </trkpt>
      <trkpt lat="22.5742706" lon="113.9436596">
        <ele>25.79199</ele>
        <time>2025-08-01T10:39:03Z</time>
      </trkpt>
      <trkpt lat="22.5742298" lon="113.9436574">
        <ele>26.722</ele>
        <time>2025-08-01T10:39:05Z</time>
      </trkpt>
      <trkpt lat="22.5741905" lon="113.9436536">
        <ele>26.70999</ele>
        <time>2025-08-01T10:39:07Z</time>
      </trkpt>
      <trkpt lat="22.5741501" lon="113.9436486">
        <ele>27.05599</ele>
        <time>2025-08-01T10:39:09Z</time>
      </trkpt>
      <trkpt lat="22.5741122" lon="113.9436454">
        <ele>25.32799</ele>
        <time>2025-08-01T10:39:11Z</time>
      </trkpt>
      <trkpt lat="22.5740719" lon="113.9436424">
        <ele>25.349</ele>
        <time>2025-08-01T10:39:13Z</time>
      </trkpt>
      <trkpt lat="22.5740322" lon="113.9436419">
        <ele>25.82699</ele>
        <time>2025-08-01T10:39:15Z</time>
      </trkpt>
      <trkpt lat="22.5739944" lon="113.9436417">
        <ele>26.312</ele>
        <time>2025-08-01T10:39:17Z</time>
      </trkpt>
      <trkpt lat="22.5739554" lon="113.9436422">
        <ele>26.902</ele>
        <time>2025-08-01T10:39:19Z</time>
      </trkpt>
      <trkpt lat="22.5739132" lon="113.9436418">
        <ele>27.17</ele>
        <time>2025-08-01T10:39:21Z</time>
      </trkpt>
      <trkpt lat="22.5738755" lon="113.943641">
        <ele>27.98299</ele>
        <time>2025-08-01T10:39:23Z</time>
      </trkpt>
      <trkpt lat="22.5738396" lon="113.9436397">
        <ele>27.59399</ele>
        <time>2025-08-01T10:39:25Z</time>
      </trkpt>
      <trkpt lat="22.5738017" lon="113.9436428">
        <ele>27.73999</ele>
        <time>2025-08-01T10:39:27Z</time>
      </trkpt>
      <trkpt lat="22.5737637" lon="113.9436468">
        <ele>27.99799</ele>
        <time>2025-08-01T10:39:29Z</time>
      </trkpt>
      <trkpt lat="22.5737269" lon="113.9436471">
        <ele>29.28</ele>
        <time>2025-08-01T10:39:31Z</time>
      </trkpt>
      <trkpt lat="22.573686" lon="113.9436447">
        <ele>30.02099</ele>
        <time>2025-08-01T10:39:33Z</time>
      </trkpt>
      <trkpt lat="22.5736419" lon="113.9436413">
        <ele>28.863</ele>
        <time>2025-08-01T10:39:35Z</time>
      </trkpt>
      <trkpt lat="22.5735973" lon="113.9436357">
        <ele>30.408</ele>
        <time>2025-08-01T10:39:37Z</time>
      </trkpt>
      <trkpt lat="22.5735523" lon="113.9436315">
        <ele>30.80699</ele>
        <time>2025-08-01T10:39:39Z</time>
      </trkpt>
      <trkpt lat="22.5735083" lon="113.9436336">
        <ele>30.67799</ele>
        <time>2025-08-01T10:39:41Z</time>
      </trkpt>
      <trkpt lat="22.5734659" lon="113.94364">
        <ele>29.923</ele>
        <time>2025-08-01T10:39:43Z</time>
      </trkpt>
      <trkpt lat="22.5734246" lon="113.9436497">
        <ele>29.02499</ele>
        <time>2025-08-01T10:39:45Z</time>
      </trkpt>
      <trkpt lat="22.5733873" lon="113.9436567">
        <ele>29.294</ele>
        <time>2025-08-01T10:39:47Z</time>
      </trkpt>
      <trkpt lat="22.5733515" lon="113.9436594">
        <ele>28.742</ele>
        <time>2025-08-01T10:39:49Z</time>
      </trkpt>
      <trkpt lat="22.5733159" lon="113.9436579">
        <ele>29.45599</ele>
        <time>2025-08-01T10:39:51Z</time>
      </trkpt>
      <trkpt lat="22.5732788" lon="113.9436555">
        <ele>27.166</ele>
        <time>2025-08-01T10:39:53Z</time>
      </trkpt>
      <trkpt lat="22.573241" lon="113.9436516">
        <ele>26.02799</ele>
        <time>2025-08-01T10:39:55Z</time>
      </trkpt>
      <trkpt lat="22.5732006" lon="113.9436513">
        <ele>23.658</ele>
        <time>2025-08-01T10:39:57Z</time>
      </trkpt>
      <trkpt lat="22.5731601" lon="113.9436547">
        <ele>23.631</ele>
        <time>2025-08-01T10:39:59Z</time>
      </trkpt>
      <trkpt lat="22.5731208" lon="113.9436588">
        <ele>24.48399</ele>
        <time>2025-08-01T10:40:01Z</time>
      </trkpt>
      <trkpt lat="22.5730828" lon="113.943661">
        <ele>24.78599</ele>
        <time>2025-08-01T10:40:03Z</time>
      </trkpt>
      <trkpt lat="22.5730445" lon="113.9436624">
        <ele>25.47999</ele>
        <time>2025-08-01T10:40:05Z</time>
      </trkpt>
      <trkpt lat="22.5730031" lon="113.9436618">
        <ele>26.23699</ele>
        <time>2025-08-01T10:40:07Z</time>
      </trkpt>
      <trkpt lat="22.5729606" lon="113.9436603">
        <ele>26.044</ele>
        <time>2025-08-01T10:40:09Z</time>
      </trkpt>
      <trkpt lat="22.5729175" lon="113.9436594">
        <ele>26.30299</ele>
        <time>2025-08-01T10:40:11Z</time>
      </trkpt>
      <trkpt lat="22.5728751" lon="113.9436595">
        <ele>26.979</ele>
        <time>2025-08-01T10:40:13Z</time>
      </trkpt>
      <trkpt lat="22.5728363" lon="113.9436573">
        <ele>28.229</ele>
        <time>2025-08-01T10:40:15Z</time>
      </trkpt>
      <trkpt lat="22.5728034" lon="113.9436508">
        <ele>29.576</ele>
        <time>2025-08-01T10:40:17Z</time>
      </trkpt>
      <trkpt lat="22.5727744" lon="113.9436404">
        <ele>30.85099</ele>
        <time>2025-08-01T10:40:19Z</time>
      </trkpt>
      <trkpt lat="22.572746" lon="113.9436334">
        <ele>32.43299</ele>
        <time>2025-08-01T10:40:21Z</time>
      </trkpt>
      <trkpt lat="22.5727201" lon="113.9436332">
        <ele>33.80699</ele>
        <time>2025-08-01T10:40:23Z</time>
      </trkpt>
      <trkpt lat="22.5726946" lon="113.9436382">
        <ele>33.692</ele>
        <time>2025-08-01T10:40:25Z</time>
      </trkpt>
      <trkpt lat="22.5726665" lon="113.9436475">
        <ele>33.199</ele>
        <time>2025-08-01T10:40:27Z</time>
      </trkpt>
      <trkpt lat="22.5726343" lon="113.9436614">
        <ele>29.582</ele>
        <time>2025-08-01T10:40:29Z</time>
      </trkpt>
      <trkpt lat="22.5726015" lon="113.9436707">
        <ele>28.336</ele>
        <time>2025-08-01T10:40:31Z</time>
      </trkpt>
      <trkpt lat="22.5725645" lon="113.9436719">
        <ele>27.961</ele>
        <time>2025-08-01T10:40:33Z</time>
      </trkpt>
      <trkpt lat="22.5725233" lon="113.9436706">
        <ele>27.673</ele>
        <time>2025-08-01T10:40:35Z</time>
      </trkpt>
      <trkpt lat="22.572479" lon="113.943671">
        <ele>28.986</ele>
        <time>2025-08-01T10:40:37Z</time>
      </trkpt>
      <trkpt lat="22.5724359" lon="113.9436696">
        <ele>29.478</ele>
        <time>2025-08-01T10:40:39Z</time>
      </trkpt>
      <trkpt lat="22.5723932" lon="113.9436694">
        <ele>30.551</ele>
        <time>2025-08-01T10:40:41Z</time>
      </trkpt>
      <trkpt lat="22.5723499" lon="113.9436716">
        <ele>31.333</ele>
        <time>2025-08-01T10:40:43Z</time>
      </trkpt>
      <trkpt lat="22.5723078" lon="113.9436728">
        <ele>30.48399</ele>
        <time>2025-08-01T10:40:45Z</time>
      </trkpt>
      <trkpt lat="22.57227" lon="113.9436725">
        <ele>29.75699</ele>
        <time>2025-08-01T10:40:47Z</time>
      </trkpt>
      <trkpt lat="22.5722314" lon="113.9436734">
        <ele>30.56999</ele>
        <time>2025-08-01T10:40:49Z</time>
      </trkpt>
      <trkpt lat="22.5721919" lon="113.9436732">
        <ele>31.40999</ele>
        <time>2025-08-01T10:40:51Z</time>
      </trkpt>
      <trkpt lat="22.5721513" lon="113.9436729">
        <ele>32.25899</ele>
        <time>2025-08-01T10:40:53Z</time>
      </trkpt>
      <trkpt lat="22.5721089" lon="113.9436758">
        <ele>31.52499</ele>
        <time>2025-08-01T10:40:55Z</time>
      </trkpt>
      <trkpt lat="22.5720667" lon="113.9436799">
        <ele>32.108</ele>
        <time>2025-08-01T10:40:57Z</time>
      </trkpt>
      <trkpt lat="22.5720253" lon="113.943683">
        <ele>29.71599</ele>
        <time>2025-08-01T10:40:59Z</time>
      </trkpt>
      <trkpt lat="22.5719813" lon="113.9436877">
        <ele>28.701</ele>
        <time>2025-08-01T10:41:01Z</time>
      </trkpt>
      <trkpt lat="22.5719351" lon="113.9436947">
        <ele>26.76899</ele>
        <time>2025-08-01T10:41:03Z</time>
      </trkpt>
      <trkpt lat="22.5718897" lon="113.9437032">
        <ele>24.2</ele>
        <time>2025-08-01T10:41:05Z</time>
      </trkpt>
      <trkpt lat="22.5718432" lon="113.9437168">
        <ele>24.239</ele>
        <time>2025-08-01T10:41:07Z</time>
      </trkpt>
      <trkpt lat="22.5717992" lon="113.943741">
        <ele>23.55699</ele>
        <time>2025-08-01T10:41:09Z</time>
      </trkpt>
      <trkpt lat="22.5717656" lon="113.9437727">
        <ele>22.277</ele>
        <time>2025-08-01T10:41:11Z</time>
      </trkpt>
      <trkpt lat="22.5717463" lon="113.9438077">
        <ele>22.63999</ele>
        <time>2025-08-01T10:41:13Z</time>
      </trkpt>
      <trkpt lat="22.5717379" lon="113.943845">
        <ele>22.718</ele>
        <time>2025-08-01T10:41:15Z</time>
      </trkpt>
      <trkpt lat="22.5717393" lon="113.9438816">
        <ele>21.349</ele>
        <time>2025-08-01T10:41:17Z</time>
      </trkpt>
      <trkpt lat="22.5717484" lon="113.9439166">
        <ele>22.117</ele>
        <time>2025-08-01T10:41:19Z</time>
      </trkpt>
      <trkpt lat="22.5717584" lon="113.9439517">
        <ele>21.15299</ele>
        <time>2025-08-01T10:41:21Z</time>
      </trkpt>
      <trkpt lat="22.5717659" lon="113.9439868">
        <ele>20.093</ele>
        <time>2025-08-01T10:41:23Z</time>
      </trkpt>
      <trkpt lat="22.5717709" lon="113.9440236">
        <ele>19.84199</ele>
        <time>2025-08-01T10:41:25Z</time>
      </trkpt>
      <trkpt lat="22.5717737" lon="113.94406">
        <ele>21.113</ele>
        <time>2025-08-01T10:41:27Z</time>
      </trkpt>
      <trkpt lat="22.5717756" lon="113.9440972">
        <ele>21.753</ele>
        <time>2025-08-01T10:41:29Z</time>
      </trkpt>
      <trkpt lat="22.5717769" lon="113.9441334">
        <ele>22.26</ele>
        <time>2025-08-01T10:41:31Z</time>
      </trkpt>
      <trkpt lat="22.571776" lon="113.9441697">
        <ele>26.319</ele>
        <time>2025-08-01T10:41:33Z</time>
      </trkpt>
      <trkpt lat="22.5717748" lon="113.9442051">
        <ele>27.71999</ele>
        <time>2025-08-01T10:41:35Z</time>
      </trkpt>
      <trkpt lat="22.571773" lon="113.9442454">
        <ele>27.804</ele>
        <time>2025-08-01T10:41:37Z</time>
      </trkpt>
      <trkpt lat="22.5717704" lon="113.9442889">
        <ele>28.714</ele>
        <time>2025-08-01T10:41:41Z</time>
      </trkpt>
      <trkpt lat="22.5717664" lon="113.9443396">
        <ele>27.59</ele>
        <time>2025-08-01T10:41:43Z</time>
      </trkpt>
      <trkpt lat="22.5717635" lon="113.9443934">
        <ele>29.409</ele>
        <time>2025-08-01T10:41:45Z</time>
      </trkpt>
      <trkpt lat="22.5717631" lon="113.9444504">
        <ele>29.56999</ele>
        <time>2025-08-01T10:41:47Z</time>
      </trkpt>
      <trkpt lat="22.5717637" lon="113.9445067">
        <ele>28.53599</ele>
        <time>2025-08-01T10:41:49Z</time>
      </trkpt>
      <trkpt lat="22.5717653" lon="113.9445611">
        <ele>28.437</ele>
        <time>2025-08-01T10:41:51Z</time>
      </trkpt>
      <trkpt lat="22.5717704" lon="113.9446131">
        <ele>29.666</ele>
        <time>2025-08-01T10:41:53Z</time>
      </trkpt>
      <trkpt lat="22.5717778" lon="113.9446652">
        <ele>29.652</ele>
        <time>2025-08-01T10:41:55Z</time>
      </trkpt>
      <trkpt lat="22.571785" lon="113.9447156">
        <ele>20.273</ele>
        <time>2025-08-01T10:41:57Z</time>
      </trkpt>
      <trkpt lat="22.5717914" lon="113.9447664">
        <ele>18.288</ele>
        <time>2025-08-01T10:41:59Z</time>
      </trkpt>
      <trkpt lat="22.5717964" lon="113.9448186">
        <ele>16.607</ele>
        <time>2025-08-01T10:42:01Z</time>
      </trkpt>
      <trkpt lat="22.5717991" lon="113.944872">
        <ele>18.294</ele>
        <time>2025-08-01T10:42:03Z</time>
      </trkpt>
      <trkpt lat="22.5717987" lon="113.9449244">
        <ele>17.69499</ele>
        <time>2025-08-01T10:42:05Z</time>
      </trkpt>
      <trkpt lat="22.5717955" lon="113.9449749">
        <ele>15.98499</ele>
        <time>2025-08-01T10:42:07Z</time>
      </trkpt>
      <trkpt lat="22.5717914" lon="113.9450215">
        <ele>16.16799</ele>
        <time>2025-08-01T10:42:09Z</time>
      </trkpt>
      <trkpt lat="22.5717866" lon="113.9450642">
        <ele>15.463</ele>
        <time>2025-08-01T10:42:11Z</time>
      </trkpt>
      <trkpt lat="22.5717824" lon="113.9451016">
        <ele>15.595</ele>
        <time>2025-08-01T10:42:13Z</time>
      </trkpt>
      <trkpt lat="22.5717804" lon="113.9451385">
        <ele>17.051</ele>
        <time>2025-08-01T10:42:15Z</time>
      </trkpt>
      <trkpt lat="22.571782" lon="113.9451765">
        <ele>16.76399</ele>
        <time>2025-08-01T10:42:17Z</time>
      </trkpt>
      <trkpt lat="22.5717863" lon="113.9452191">
        <ele>19.847</ele>
        <time>2025-08-01T10:42:19Z</time>
      </trkpt>
      <trkpt lat="22.571791" lon="113.9452638">
        <ele>18.91099</ele>
        <time>2025-08-01T10:42:21Z</time>
      </trkpt>
      <trkpt lat="22.5717935" lon="113.9453105">
        <ele>20.72299</ele>
        <time>2025-08-01T10:42:23Z</time>
      </trkpt>
      <trkpt lat="22.5717938" lon="113.9453569">
        <ele>22.863</ele>
        <time>2025-08-01T10:42:25Z</time>
      </trkpt>
      <trkpt lat="22.571791" lon="113.9454034">
        <ele>23.853</ele>
        <time>2025-08-01T10:42:27Z</time>
      </trkpt>
      <trkpt lat="22.5717862" lon="113.9454468">
        <ele>25.371</ele>
        <time>2025-08-01T10:42:29Z</time>
      </trkpt>
      <trkpt lat="22.5717828" lon="113.9454887">
        <ele>28.065</ele>
        <time>2025-08-01T10:42:31Z</time>
      </trkpt>
      <trkpt lat="22.5717818" lon="113.9455286">
        <ele>26.91099</ele>
        <time>2025-08-01T10:42:33Z</time>
      </trkpt>
      <trkpt lat="22.5717797" lon="113.9455692">
        <ele>24.531</ele>
        <time>2025-08-01T10:42:35Z</time>
      </trkpt>
      <trkpt lat="22.5717762" lon="113.9456088">
        <ele>22.70599</ele>
        <time>2025-08-01T10:42:37Z</time>
      </trkpt>
      <trkpt lat="22.5717737" lon="113.9456479">
        <ele>19.905</ele>
        <time>2025-08-01T10:42:39Z</time>
      </trkpt>
      <trkpt lat="22.5717718" lon="113.9456878">
        <ele>19.28899</ele>
        <time>2025-08-01T10:42:41Z</time>
      </trkpt>
      <trkpt lat="22.5717716" lon="113.9457279">
        <ele>18.375</ele>
        <time>2025-08-01T10:42:43Z</time>
      </trkpt>
      <trkpt lat="22.5717746" lon="113.9457689">
        <ele>19.46999</ele>
        <time>2025-08-01T10:42:45Z</time>
      </trkpt>
      <trkpt lat="22.5717802" lon="113.9458104">
        <ele>18.933</ele>
        <time>2025-08-01T10:42:47Z</time>
      </trkpt>
      <trkpt lat="22.5717861" lon="113.9458505">
        <ele>18.36599</ele>
        <time>2025-08-01T10:42:49Z</time>
      </trkpt>
      <trkpt lat="22.5717919" lon="113.9458881">
        <ele>18.85199</ele>
        <time>2025-08-01T10:42:51Z</time>
      </trkpt>
      <trkpt lat="22.5717966" lon="113.9459275">
        <ele>18.78499</ele>
        <time>2025-08-01T10:42:53Z</time>
      </trkpt>
      <trkpt lat="22.5717999" lon="113.9459671">
        <ele>18.224</ele>
        <time>2025-08-01T10:42:55Z</time>
      </trkpt>
      <trkpt lat="22.5718033" lon="113.9460115">
        <ele>15.493</ele>
        <time>2025-08-01T10:42:57Z</time>
      </trkpt>
      <trkpt lat="22.5718047" lon="113.9460593">
        <ele>12.87699</ele>
        <time>2025-08-01T10:42:59Z</time>
      </trkpt>
      <trkpt lat="22.5718011" lon="113.9461092">
        <ele>12.371</ele>
        <time>2025-08-01T10:43:01Z</time>
      </trkpt>
      <trkpt lat="22.5717951" lon="113.9461572">
        <ele>11.383</ele>
        <time>2025-08-01T10:43:03Z</time>
      </trkpt>
      <trkpt lat="22.5717891" lon="113.9462054">
        <ele>10.298</ele>
        <time>2025-08-01T10:43:05Z</time>
      </trkpt>
      <trkpt lat="22.5717825" lon="113.9462529">
        <ele>10.45899</ele>
        <time>2025-08-01T10:43:07Z</time>
      </trkpt>
      <trkpt lat="22.5717755" lon="113.9463015">
        <ele>11.793</ele>
        <time>2025-08-01T10:43:09Z</time>
      </trkpt>
      <trkpt lat="22.5717707" lon="113.9463501">
        <ele>11.14999</ele>
        <time>2025-08-01T10:43:11Z</time>
      </trkpt>
      <trkpt lat="22.5717686" lon="113.9463999">
        <ele>12.47999</ele>
        <time>2025-08-01T10:43:13Z</time>
      </trkpt>
      <trkpt lat="22.5717689" lon="113.9464502">
        <ele>13.621</ele>
        <time>2025-08-01T10:43:15Z</time>
      </trkpt>
      <trkpt lat="22.5717708" lon="113.9465013">
        <ele>15.581</ele>
        <time>2025-08-01T10:43:17Z</time>
      </trkpt>
      <trkpt lat="22.5717744" lon="113.9465511">
        <ele>17.613</ele>
        <time>2025-08-01T10:43:19Z</time>
      </trkpt>
      <trkpt lat="22.5717788" lon="113.9466002">
        <ele>19.861</ele>
        <time>2025-08-01T10:43:21Z</time>
      </trkpt>
      <trkpt lat="22.5717825" lon="113.9466494">
        <ele>21.21199</ele>
        <time>2025-08-01T10:43:23Z</time>
      </trkpt>
      <trkpt lat="22.5717863" lon="113.9467004">
        <ele>22.892</ele>
        <time>2025-08-01T10:43:25Z</time>
      </trkpt>
      <trkpt lat="22.5717901" lon="113.9467486">
        <ele>22.333</ele>
        <time>2025-08-01T10:43:27Z</time>
      </trkpt>
      <trkpt lat="22.5717946" lon="113.9468004">
        <ele>20.49699</ele>
        <time>2025-08-01T10:43:29Z</time>
      </trkpt>
      <trkpt lat="22.5718" lon="113.9468561">
        <ele>19.308</ele>
        <time>2025-08-01T10:43:31Z</time>
      </trkpt>
      <trkpt lat="22.5718025" lon="113.9469113">
        <ele>18.916</ele>
        <time>2025-08-01T10:43:33Z</time>
      </trkpt>
      <trkpt lat="22.5717991" lon="113.9469629">
        <ele>18.613</ele>
        <time>2025-08-01T10:43:35Z</time>
      </trkpt>
      <trkpt lat="22.5717916" lon="113.9470127">
        <ele>15.6</ele>
        <time>2025-08-01T10:43:37Z</time>
      </trkpt>
      <trkpt lat="22.5717816" lon="113.9470551">
        <ele>13.94099</ele>
        <time>2025-08-01T10:43:39Z</time>
      </trkpt>
      <trkpt lat="22.5717685" lon="113.9470912">
        <ele>12.38599</ele>
        <time>2025-08-01T10:43:41Z</time>
      </trkpt>
      <trkpt lat="22.5717574" lon="113.9471254">
        <ele>11.96899</ele>
        <time>2025-08-01T10:43:43Z</time>
      </trkpt>
      <trkpt lat="22.571751" lon="113.9471581">
        <ele>12.32699</ele>
        <time>2025-08-01T10:43:45Z</time>
      </trkpt>
      <trkpt lat="22.5717483" lon="113.947189">
        <ele>11.89299</ele>
        <time>2025-08-01T10:43:47Z</time>
      </trkpt>
      <trkpt lat="22.5717478" lon="113.9472219">
        <ele>12.116</ele>
        <time>2025-08-01T10:43:49Z</time>
      </trkpt>
      <trkpt lat="22.571753" lon="113.9472629">
        <ele>12.44299</ele>
        <time>2025-08-01T10:43:51Z</time>
      </trkpt>
      <trkpt lat="22.571761" lon="113.9473097">
        <ele>11.30599</ele>
        <time>2025-08-01T10:43:53Z</time>
      </trkpt>
      <trkpt lat="22.5717695" lon="113.9473582">
        <ele>10.802</ele>
        <time>2025-08-01T10:43:55Z</time>
      </trkpt>
      <trkpt lat="22.5717772" lon="113.9474077">
        <ele>12.079</ele>
        <time>2025-08-01T10:43:57Z</time>
      </trkpt>
      <trkpt lat="22.5717832" lon="113.9474562">
        <ele>11.72</ele>
        <time>2025-08-01T10:43:59Z</time>
      </trkpt>
      <trkpt lat="22.5717864" lon="113.947501">
        <ele>11.434</ele>
        <time>2025-08-01T10:44:01Z</time>
      </trkpt>
      <trkpt lat="22.5717894" lon="113.9475447">
        <ele>11.208</ele>
        <time>2025-08-01T10:44:03Z</time>
      </trkpt>
      <trkpt lat="22.5717901" lon="113.9475911">
        <ele>10.97</ele>
        <time>2025-08-01T10:44:05Z</time>
      </trkpt>
      <trkpt lat="22.5717909" lon="113.9476428">
        <ele>13.175</ele>
        <time>2025-08-01T10:44:07Z</time>
      </trkpt>
      <trkpt lat="22.5717924" lon="113.9477015">
        <ele>18.051</ele>
        <time>2025-08-01T10:44:09Z</time>
      </trkpt>
      <trkpt lat="22.571788" lon="113.947759">
        <ele>17.368</ele>
        <time>2025-08-01T10:44:11Z</time>
      </trkpt>
      <trkpt lat="22.5717805" lon="113.9478101">
        <ele>16.531</ele>
        <time>2025-08-01T10:44:13Z</time>
      </trkpt>
      <trkpt lat="22.5717779" lon="113.9478591">
        <ele>16.68099</ele>
        <time>2025-08-01T10:44:15Z</time>
      </trkpt>
      <trkpt lat="22.5717763" lon="113.9479046">
        <ele>14.338</ele>
        <time>2025-08-01T10:44:17Z</time>
      </trkpt>
      <trkpt lat="22.5717741" lon="113.9479453">
        <ele>11.86699</ele>
        <time>2025-08-01T10:44:19Z</time>
      </trkpt>
      <trkpt lat="22.5717768" lon="113.9479828">
        <ele>10.90699</ele>
        <time>2025-08-01T10:44:21Z</time>
      </trkpt>
      <trkpt lat="22.5717805" lon="113.9480213">
        <ele>13.96599</ele>
        <time>2025-08-01T10:44:23Z</time>
      </trkpt>
      <trkpt lat="22.5717805" lon="113.9480572">
        <ele>18.156</ele>
        <time>2025-08-01T10:44:25Z</time>
      </trkpt>
      <trkpt lat="22.5717774" lon="113.9480893">
        <ele>21.263</ele>
        <time>2025-08-01T10:44:27Z</time>
      </trkpt>
      <trkpt lat="22.5717733" lon="113.9481185">
        <ele>22.82399</ele>
        <time>2025-08-01T10:44:29Z</time>
      </trkpt>
      <trkpt lat="22.5717681" lon="113.9481508">
        <ele>21.40999</ele>
        <time>2025-08-01T10:44:31Z</time>
      </trkpt>
      <trkpt lat="22.5717633" lon="113.9481849">
        <ele>22.53899</ele>
        <time>2025-08-01T10:44:33Z</time>
      </trkpt>
      <trkpt lat="22.5717606" lon="113.9482167">
        <ele>19.964</ele>
        <time>2025-08-01T10:44:35Z</time>
      </trkpt>
      <trkpt lat="22.5717614" lon="113.9482494">
        <ele>21.749</ele>
        <time>2025-08-01T10:44:37Z</time>
      </trkpt>
      <trkpt lat="22.5717655" lon="113.9482886">
        <ele>22.01099</ele>
        <time>2025-08-01T10:44:39Z</time>
      </trkpt>
      <trkpt lat="22.5717721" lon="113.9483296">
        <ele>22.187</ele>
        <time>2025-08-01T10:44:41Z</time>
      </trkpt>
      <trkpt lat="22.5717786" lon="113.9483735">
        <ele>22.29899</ele>
        <time>2025-08-01T10:44:43Z</time>
      </trkpt>
      <trkpt lat="22.5717833" lon="113.948424">
        <ele>23.121</ele>
        <time>2025-08-01T10:44:45Z</time>
      </trkpt>
      <trkpt lat="22.5717854" lon="113.9484738">
        <ele>25.15399</ele>
        <time>2025-08-01T10:44:47Z</time>
      </trkpt>
      <trkpt lat="22.5717872" lon="113.9485209">
        <ele>25.568</ele>
        <time>2025-08-01T10:44:49Z</time>
      </trkpt>
      <trkpt lat="22.5717889" lon="113.9485675">
        <ele>25.481</ele>
        <time>2025-08-01T10:44:51Z</time>
      </trkpt>
      <trkpt lat="22.5717913" lon="113.9486136">
        <ele>26.5</ele>
        <time>2025-08-01T10:44:53Z</time>
      </trkpt>
      <trkpt lat="22.5717942" lon="113.9486561">
        <ele>27.856</ele>
        <time>2025-08-01T10:44:55Z</time>
      </trkpt>
      <trkpt lat="22.5717989" lon="113.9487038">
        <ele>31.33399</ele>
        <time>2025-08-01T10:44:57Z</time>
      </trkpt>
      <trkpt lat="22.5717995" lon="113.9487503">
        <ele>29.978</ele>
        <time>2025-08-01T10:44:59Z</time>
      </trkpt>
      <trkpt lat="22.5717946" lon="113.9487948">
        <ele>30.055</ele>
        <time>2025-08-01T10:45:01Z</time>
      </trkpt>
      <trkpt lat="22.5717868" lon="113.9488361">
        <ele>23.10899</ele>
        <time>2025-08-01T10:45:03Z</time>
      </trkpt>
      <trkpt lat="22.571778" lon="113.9488788">
        <ele>19.09</ele>
        <time>2025-08-01T10:45:05Z</time>
      </trkpt>
      <trkpt lat="22.5717685" lon="113.9489187">
        <ele>17.82099</ele>
        <time>2025-08-01T10:45:07Z</time>
      </trkpt>
      <trkpt lat="22.5717633" lon="113.9489576">
        <ele>15.29699</ele>
        <time>2025-08-01T10:45:09Z</time>
      </trkpt>
      <trkpt lat="22.5717644" lon="113.9489983">
        <ele>13.80799</ele>
        <time>2025-08-01T10:45:11Z</time>
      </trkpt>
      <trkpt lat="22.5717674" lon="113.9490411">
        <ele>10.54699</ele>
        <time>2025-08-01T10:45:13Z</time>
      </trkpt>
      <trkpt lat="22.5717704" lon="113.9490802">
        <ele>8.63599</ele>
        <time>2025-08-01T10:45:15Z</time>
      </trkpt>
      <trkpt lat="22.5717722" lon="113.9491217">
        <ele>8.751</ele>
        <time>2025-08-01T10:45:17Z</time>
      </trkpt>
      <trkpt lat="22.5717724" lon="113.9491634">
        <ele>9.63</ele>
        <time>2025-08-01T10:45:19Z</time>
      </trkpt>
      <trkpt lat="22.5717707" lon="113.9492047">
        <ele>7.89599</ele>
        <time>2025-08-01T10:45:21Z</time>
      </trkpt>
      <trkpt lat="22.5717675" lon="113.9492461">
        <ele>7.308</ele>
        <time>2025-08-01T10:45:23Z</time>
      </trkpt>
      <trkpt lat="22.5717651" lon="113.9492883">
        <ele>5.993</ele>
        <time>2025-08-01T10:45:25Z</time>
      </trkpt>
      <trkpt lat="22.5717624" lon="113.9493303">
        <ele>7.905</ele>
        <time>2025-08-01T10:45:27Z</time>
      </trkpt>
      <trkpt lat="22.5717597" lon="113.9493646">
        <ele>7.867</ele>
        <time>2025-08-01T10:45:29Z</time>
      </trkpt>
      <trkpt lat="22.5717555" lon="113.9494158">
        <ele>6.63299</ele>
        <time>2025-08-01T10:45:31Z</time>
      </trkpt>
      <trkpt lat="22.571743" lon="113.9494474">
        <ele>6.18599</ele>
        <time>2025-08-01T10:45:33Z</time>
      </trkpt>
      <trkpt lat="22.5717275" lon="113.9494865">
        <ele>5.40299</ele>
        <time>2025-08-01T10:45:35Z</time>
      </trkpt>
      <trkpt lat="22.5717081" lon="113.9495118">
        <ele>4.46899</ele>
        <time>2025-08-01T10:45:37Z</time>
      </trkpt>
      <trkpt lat="22.5716875" lon="113.9495321">
        <ele>4.96199</ele>
        <time>2025-08-01T10:45:39Z</time>
      </trkpt>
      <trkpt lat="22.5716875" lon="113.9495321">
        <ele>4.96199</ele>
        <time>2025-08-01T10:45:39Z</time>
      </trkpt>
      <trkpt lat="22.5716637" lon="113.9496825">
        <ele>7.15299</ele>
        <time>2025-08-01T10:45:40Z</time>
      </trkpt>
      <trkpt lat="22.57167" lon="113.9497116">
        <ele>6.458</ele>
        <time>2025-08-01T10:45:42Z</time>
      </trkpt>
      <trkpt lat="22.5716709" lon="113.9497368">
        <ele>6.09399</ele>
        <time>2025-08-01T10:45:44Z</time>
      </trkpt>
      <trkpt lat="22.5716727" lon="113.9497689">
        <ele>6.85099</ele>
        <time>2025-08-01T10:45:46Z</time>
      </trkpt>
      <trkpt lat="22.5716718" lon="113.9498077">
        <ele>5.99399</ele>
        <time>2025-08-01T10:45:48Z</time>
      </trkpt>
      <trkpt lat="22.571669" lon="113.9498473">
        <ele>5.75</ele>
        <time>2025-08-01T10:45:50Z</time>
      </trkpt>
      <trkpt lat="22.5716658" lon="113.949885">
        <ele>5.19899</ele>
        <time>2025-08-01T10:45:52Z</time>
      </trkpt>
      <trkpt lat="22.5716655" lon="113.9499248">
        <ele>4.77099</ele>
        <time>2025-08-01T10:45:54Z</time>
      </trkpt>
      <trkpt lat="22.5716694" lon="113.9499655">
        <ele>3.84999</ele>
        <time>2025-08-01T10:45:56Z</time>
      </trkpt>
      <trkpt lat="22.5716788" lon="113.9500055">
        <ele>3.86199</ele>
        <time>2025-08-01T10:45:58Z</time>
      </trkpt>
      <trkpt lat="22.5716945" lon="113.9500453">
        <ele>3.98799</ele>
        <time>2025-08-01T10:46:00Z</time>
      </trkpt>
      <trkpt lat="22.5717099" lon="113.9500888">
        <ele>4.425</ele>
        <time>2025-08-01T10:46:02Z</time>
      </trkpt>
      <trkpt lat="22.5717165" lon="113.9501326">
        <ele>3.90199</ele>
        <time>2025-08-01T10:46:04Z</time>
      </trkpt>
      <trkpt lat="22.5717141" lon="113.9501785">
        <ele>4.616</ele>
        <time>2025-08-01T10:46:06Z</time>
      </trkpt>
      <trkpt lat="22.5717015" lon="113.9502266">
        <ele>4.793</ele>
        <time>2025-08-01T10:46:08Z</time>
      </trkpt>
      <trkpt lat="22.5716827" lon="113.9502786">
        <ele>5.86199</ele>
        <time>2025-08-01T10:46:10Z</time>
      </trkpt>
      <trkpt lat="22.5716656" lon="113.9503302">
        <ele>6.71799</ele>
        <time>2025-08-01T10:46:12Z</time>
      </trkpt>
      <trkpt lat="22.5716543" lon="113.9503818">
        <ele>7.313</ele>
        <time>2025-08-01T10:46:14Z</time>
      </trkpt>
      <trkpt lat="22.5716474" lon="113.9504325">
        <ele>7.919</ele>
        <time>2025-08-01T10:46:16Z</time>
      </trkpt>
      <trkpt lat="22.5716444" lon="113.9504822">
        <ele>7.379</ele>
        <time>2025-08-01T10:46:18Z</time>
      </trkpt>
      <trkpt lat="22.5716434" lon="113.950529">
        <ele>7.131</ele>
        <time>2025-08-01T10:46:20Z</time>
      </trkpt>
      <trkpt lat="22.5716438" lon="113.9505744">
        <ele>6.991</ele>
        <time>2025-08-01T10:46:22Z</time>
      </trkpt>
      <trkpt lat="22.5716446" lon="113.9506196">
        <ele>6.52799</ele>
        <time>2025-08-01T10:46:24Z</time>
      </trkpt>
      <trkpt lat="22.5716465" lon="113.9506641">
        <ele>6.559</ele>
        <time>2025-08-01T10:46:26Z</time>
      </trkpt>
      <trkpt lat="22.5716492" lon="113.9507093">
        <ele>6.28999</ele>
        <time>2025-08-01T10:46:28Z</time>
      </trkpt>
      <trkpt lat="22.5716519" lon="113.9507556">
        <ele>6.23299</ele>
        <time>2025-08-01T10:46:30Z</time>
      </trkpt>
      <trkpt lat="22.5716554" lon="113.9508019">
        <ele>6.388</ele>
        <time>2025-08-01T10:46:32Z</time>
      </trkpt>
      <trkpt lat="22.5716586" lon="113.9508476">
        <ele>6.86499</ele>
        <time>2025-08-01T10:46:34Z</time>
      </trkpt>
      <trkpt lat="22.5716603" lon="113.950894">
        <ele>6.27799</ele>
        <time>2025-08-01T10:46:36Z</time>
      </trkpt>
      <trkpt lat="22.5716623" lon="113.9509385">
        <ele>6.899</ele>
        <time>2025-08-01T10:46:38Z</time>
      </trkpt>
      <trkpt lat="22.5716644" lon="113.9509823">
        <ele>7.19799</ele>
        <time>2025-08-01T10:46:40Z</time>
      </trkpt>
      <trkpt lat="22.5716653" lon="113.951027">
        <ele>6.58199</ele>
        <time>2025-08-01T10:46:42Z</time>
      </trkpt>
      <trkpt lat="22.5716649" lon="113.951072">
        <ele>6.638</ele>
        <time>2025-08-01T10:46:44Z</time>
      </trkpt>
      <trkpt lat="22.5716643" lon="113.9511168">
        <ele>6.965</ele>
        <time>2025-08-01T10:46:46Z</time>
      </trkpt>
      <trkpt lat="22.5716624" lon="113.9511615">
        <ele>6.63399</ele>
        <time>2025-08-01T10:46:48Z</time>
      </trkpt>
      <trkpt lat="22.5716602" lon="113.9512057">
        <ele>6.60099</ele>
        <time>2025-08-01T10:46:50Z</time>
      </trkpt>
      <trkpt lat="22.5716583" lon="113.9512494">
        <ele>7.04699</ele>
        <time>2025-08-01T10:46:52Z</time>
      </trkpt>
      <trkpt lat="22.5716579" lon="113.9512927">
        <ele>7.347</ele>
        <time>2025-08-01T10:46:54Z</time>
      </trkpt>
      <trkpt lat="22.5716581" lon="113.9513356">
        <ele>7.56699</ele>
        <time>2025-08-01T10:46:56Z</time>
      </trkpt>
      <trkpt lat="22.5716586" lon="113.9513792">
        <ele>7.413</ele>
        <time>2025-08-01T10:46:58Z</time>
      </trkpt>
      <trkpt lat="22.5716589" lon="113.9514239">
        <ele>6.852</ele>
        <time>2025-08-01T10:47:00Z</time>
      </trkpt>
      <trkpt lat="22.5716592" lon="113.9514696">
        <ele>7.352</ele>
        <time>2025-08-01T10:47:02Z</time>
      </trkpt>
      <trkpt lat="22.5716593" lon="113.9515173">
        <ele>7.66499</ele>
        <time>2025-08-01T10:47:04Z</time>
      </trkpt>
      <trkpt lat="22.571658" lon="113.9515651">
        <ele>8.463</ele>
        <time>2025-08-01T10:47:06Z</time>
      </trkpt>
      <trkpt lat="22.5716567" lon="113.9516134">
        <ele>10.027</ele>
        <time>2025-08-01T10:47:08Z</time>
      </trkpt>
      <trkpt lat="22.5716563" lon="113.9516627">
        <ele>9.48499</ele>
        <time>2025-08-01T10:47:10Z</time>
      </trkpt>
      <trkpt lat="22.571662" lon="113.9517115">
        <ele>9.55599</ele>
        <time>2025-08-01T10:47:12Z</time>
      </trkpt>
      <trkpt lat="22.571674" lon="113.9517533">
        <ele>9.23299</ele>
        <time>2025-08-01T10:47:14Z</time>
      </trkpt>
      <trkpt lat="22.5716964" lon="113.9517844">
        <ele>10.11699</ele>
        <time>2025-08-01T10:47:16Z</time>
      </trkpt>
      <trkpt lat="22.5717268" lon="113.9518028">
        <ele>9.394</ele>
        <time>2025-08-01T10:47:18Z</time>
      </trkpt>
      <trkpt lat="22.5717619" lon="113.9518039">
        <ele>10.562</ele>
        <time>2025-08-01T10:47:20Z</time>
      </trkpt>
      <trkpt lat="22.5717942" lon="113.9517884">
        <ele>10.869</ele>
        <time>2025-08-01T10:47:22Z</time>
      </trkpt>
      <trkpt lat="22.571824" lon="113.9517628">
        <ele>11.05799</ele>
        <time>2025-08-01T10:47:24Z</time>
      </trkpt>
      <trkpt lat="22.5718496" lon="113.9517328">
        <ele>11.967</ele>
        <time>2025-08-01T10:47:26Z</time>
      </trkpt>
      <trkpt lat="22.5718704" lon="113.9516989">
        <ele>12.77099</ele>
        <time>2025-08-01T10:47:28Z</time>
      </trkpt>
      <trkpt lat="22.5718899" lon="113.9516664">
        <ele>11.09</ele>
        <time>2025-08-01T10:47:30Z</time>
      </trkpt>
      <trkpt lat="22.5719141" lon="113.9516381">
        <ele>10.63899</ele>
        <time>2025-08-01T10:47:32Z</time>
      </trkpt>
      <trkpt lat="22.571941" lon="113.9516109">
        <ele>11.57199</ele>
        <time>2025-08-01T10:47:34Z</time>
      </trkpt>
      <trkpt lat="22.5719708" lon="113.9515875">
        <ele>12.01099</ele>
        <time>2025-08-01T10:47:36Z</time>
      </trkpt>
      <trkpt lat="22.5720047" lon="113.9515687">
        <ele>12.666</ele>
        <time>2025-08-01T10:47:38Z</time>
      </trkpt>
      <trkpt lat="22.5720388" lon="113.9515502">
        <ele>10.602</ele>
        <time>2025-08-01T10:47:40Z</time>
      </trkpt>
      <trkpt lat="22.5720666" lon="113.951526">
        <ele>8.26799</ele>
        <time>2025-08-01T10:47:42Z</time>
      </trkpt>
      <trkpt lat="22.5720873" lon="113.9514995">
        <ele>8.48799</ele>
        <time>2025-08-01T10:47:44Z</time>
      </trkpt>
      <trkpt lat="22.5721007" lon="113.9514697">
        <ele>6.768</ele>
        <time>2025-08-01T10:47:46Z</time>
      </trkpt>
      <trkpt lat="22.572102" lon="113.9514338">
        <ele>6.21099</ele>
        <time>2025-08-01T10:47:48Z</time>
      </trkpt>
      <trkpt lat="22.5720962" lon="113.9513922">
        <ele>6.92899</ele>
        <time>2025-08-01T10:47:50Z</time>
      </trkpt>
      <trkpt lat="22.5720866" lon="113.9513501">
        <ele>6.90399</ele>
        <time>2025-08-01T10:47:52Z</time>
      </trkpt>
      <trkpt lat="22.5720789" lon="113.9513087">
        <ele>8.5</ele>
        <time>2025-08-01T10:47:54Z</time>
      </trkpt>
      <trkpt lat="22.5720732" lon="113.9512665">
        <ele>8.85299</ele>
        <time>2025-08-01T10:47:56Z</time>
      </trkpt>
      <trkpt lat="22.5720782" lon="113.9512255">
        <ele>6.45499</ele>
        <time>2025-08-01T10:47:58Z</time>
      </trkpt>
      <trkpt lat="22.5720909" lon="113.9511895">
        <ele>5.34299</ele>
        <time>2025-08-01T10:48:00Z</time>
      </trkpt>
      <trkpt lat="22.5721126" lon="113.9511553">
        <ele>5.26599</ele>
        <time>2025-08-01T10:48:02Z</time>
      </trkpt>
      <trkpt lat="22.5721407" lon="113.9511201">
        <ele>4.91099</ele>
        <time>2025-08-01T10:48:04Z</time>
      </trkpt>
      <trkpt lat="22.5721739" lon="113.9510851">
        <ele>6.714</ele>
        <time>2025-08-01T10:48:06Z</time>
      </trkpt>
      <trkpt lat="22.5722047" lon="113.9510486">
        <ele>9.177</ele>
        <time>2025-08-01T10:48:08Z</time>
      </trkpt>
      <trkpt lat="22.5722236" lon="113.9510126">
        <ele>10.49699</ele>
        <time>2025-08-01T10:48:10Z</time>
      </trkpt>
      <trkpt lat="22.5722249" lon="113.950983">
        <ele>11.17899</ele>
        <time>2025-08-01T10:48:12Z</time>
      </trkpt>
      <trkpt lat="22.5722056" lon="113.9509643">
        <ele>9.545</ele>
        <time>2025-08-01T10:48:14Z</time>
      </trkpt>
      <trkpt lat="22.5721669" lon="113.9509552">
        <ele>6.671</ele>
        <time>2025-08-01T10:48:16Z</time>
      </trkpt>
      <trkpt lat="22.5721146" lon="113.9509581">
        <ele>6.44299</ele>
        <time>2025-08-01T10:48:18Z</time>
      </trkpt>
      <trkpt lat="22.5720576" lon="113.9509687">
        <ele>6.35699</ele>
        <time>2025-08-01T10:48:20Z</time>
      </trkpt>
      <trkpt lat="22.5720024" lon="113.9509839">
        <ele>6.445</ele>
        <time>2025-08-01T10:48:22Z</time>
      </trkpt>
      <trkpt lat="22.5719497" lon="113.9509995">
        <ele>6.893</ele>
        <time>2025-08-01T10:48:24Z</time>
      </trkpt>
      <trkpt lat="22.5719003" lon="113.9510151">
        <ele>7.513</ele>
        <time>2025-08-01T10:48:26Z</time>
      </trkpt>
      <trkpt lat="22.571855" lon="113.9510318">
        <ele>8.479</ele>
        <time>2025-08-01T10:48:28Z</time>
      </trkpt>
      <trkpt lat="22.571815" lon="113.9510474">
        <ele>7.69099</ele>
        <time>2025-08-01T10:48:30Z</time>
      </trkpt>
      <trkpt lat="22.5717773" lon="113.9510614">
        <ele>7.59399</ele>
        <time>2025-08-01T10:48:32Z</time>
      </trkpt>
      <trkpt lat="22.5717456" lon="113.9510733">
        <ele>7.367</ele>
        <time>2025-08-01T10:48:34Z</time>
      </trkpt>
      <trkpt lat="22.5717161" lon="113.9510856">
        <ele>7.768</ele>
        <time>2025-08-01T10:48:36Z</time>
      </trkpt>
      <trkpt lat="22.5716859" lon="113.9510991">
        <ele>7.15399</ele>
        <time>2025-08-01T10:48:38Z</time>
      </trkpt>
      <trkpt lat="22.5716527" lon="113.9511189">
        <ele>6.841</ele>
        <time>2025-08-01T10:48:40Z</time>
      </trkpt>
      <trkpt lat="22.5716198" lon="113.9511431">
        <ele>5.81199</ele>
        <time>2025-08-01T10:48:42Z</time>
      </trkpt>
      <trkpt lat="22.5715824" lon="113.9511674">
        <ele>5.813</ele>
        <time>2025-08-01T10:48:44Z</time>
      </trkpt>
      <trkpt lat="22.5715414" lon="113.9511901">
        <ele>5.815</ele>
        <time>2025-08-01T10:48:46Z</time>
      </trkpt>
      <trkpt lat="22.5714979" lon="113.9512094">
        <ele>5.50099</ele>
        <time>2025-08-01T10:48:48Z</time>
      </trkpt>
      <trkpt lat="22.5714548" lon="113.9512218">
        <ele>5.681</ele>
        <time>2025-08-01T10:48:50Z</time>
      </trkpt>
      <trkpt lat="22.5714125" lon="113.9512307">
        <ele>4.794</ele>
        <time>2025-08-01T10:48:52Z</time>
      </trkpt>
      <trkpt lat="22.5713719" lon="113.9512454">
        <ele>4.42199</ele>
        <time>2025-08-01T10:48:54Z</time>
      </trkpt>
      <trkpt lat="22.5713326" lon="113.9512638">
        <ele>3.233</ele>
        <time>2025-08-01T10:48:56Z</time>
      </trkpt>
      <trkpt lat="22.5712947" lon="113.9512855">
        <ele>1.08099</ele>
        <time>2025-08-01T10:48:58Z</time>
      </trkpt>
      <trkpt lat="22.5712556" lon="113.9513152">
        <ele>-2.595</ele>
        <time>2025-08-01T10:49:00Z</time>
      </trkpt>
      <trkpt lat="22.5712169" lon="113.9513484">
        <ele>-2.368</ele>
        <time>2025-08-01T10:49:02Z</time>
      </trkpt>
      <trkpt lat="22.5711785" lon="113.9513809">
        <ele>0.614</ele>
        <time>2025-08-01T10:49:04Z</time>
      </trkpt>
      <trkpt lat="22.5711433" lon="113.9514151">
        <ele>1.15799</ele>
        <time>2025-08-01T10:49:06Z</time>
      </trkpt>
      <trkpt lat="22.5711103" lon="113.9514521">
        <ele>0.748</ele>
        <time>2025-08-01T10:49:08Z</time>
      </trkpt>
      <trkpt lat="22.5710815" lon="113.9514877">
        <ele>1.294</ele>
        <time>2025-08-01T10:49:10Z</time>
      </trkpt>
      <trkpt lat="22.5710522" lon="113.9515245">
        <ele>1.047</ele>
        <time>2025-08-01T10:49:12Z</time>
      </trkpt>
      <trkpt lat="22.5710234" lon="113.9515603">
        <ele>2.095</ele>
        <time>2025-08-01T10:49:14Z</time>
      </trkpt>
      <trkpt lat="22.5709937" lon="113.9515952">
        <ele>3.20199</ele>
        <time>2025-08-01T10:49:16Z</time>
      </trkpt>
      <trkpt lat="22.570963" lon="113.9516254">
        <ele>3.67899</ele>
        <time>2025-08-01T10:49:18Z</time>
      </trkpt>
      <trkpt lat="22.5709289" lon="113.9516499">
        <ele>4.23099</ele>
        <time>2025-08-01T10:49:20Z</time>
      </trkpt>
      <trkpt lat="22.5708923" lon="113.9516701">
        <ele>3.601</ele>
        <time>2025-08-01T10:49:22Z</time>
      </trkpt>
      <trkpt lat="22.570854" lon="113.9516896">
        <ele>3.72699</ele>
        <time>2025-08-01T10:49:24Z</time>
      </trkpt>
      <trkpt lat="22.570816" lon="113.9517076">
        <ele>5.11299</ele>
        <time>2025-08-01T10:49:26Z</time>
      </trkpt>
      <trkpt lat="22.5707777" lon="113.9517268">
        <ele>5.40299</ele>
        <time>2025-08-01T10:49:28Z</time>
      </trkpt>
      <trkpt lat="22.5707402" lon="113.9517485">
        <ele>5.22599</ele>
        <time>2025-08-01T10:49:30Z</time>
      </trkpt>
      <trkpt lat="22.5707019" lon="113.9517688">
        <ele>5.182</ele>
        <time>2025-08-01T10:49:32Z</time>
      </trkpt>
      <trkpt lat="22.5706633" lon="113.9517879">
        <ele>6.08199</ele>
        <time>2025-08-01T10:49:34Z</time>
      </trkpt>
      <trkpt lat="22.5706245" lon="113.9518069">
        <ele>6.69999</ele>
        <time>2025-08-01T10:49:36Z</time>
      </trkpt>
      <trkpt lat="22.5705844" lon="113.9518237">
        <ele>7.565</ele>
        <time>2025-08-01T10:49:38Z</time>
      </trkpt>
      <trkpt lat="22.5705459" lon="113.9518404">
        <ele>7.41499</ele>
        <time>2025-08-01T10:49:40Z</time>
      </trkpt>
      <trkpt lat="22.5705084" lon="113.9518574">
        <ele>7.23</ele>
        <time>2025-08-01T10:49:42Z</time>
      </trkpt>
      <trkpt lat="22.5704723" lon="113.9518743">
        <ele>7.181</ele>
        <time>2025-08-01T10:49:44Z</time>
      </trkpt>
      <trkpt lat="22.5704364" lon="113.9518915">
        <ele>6.684</ele>
        <time>2025-08-01T10:49:46Z</time>
      </trkpt>
      <trkpt lat="22.5704035" lon="113.951911">
        <ele>6.052</ele>
        <time>2025-08-01T10:49:48Z</time>
      </trkpt>
      <trkpt lat="22.5703698" lon="113.9519306">
        <ele>5.986</ele>
        <time>2025-08-01T10:49:50Z</time>
      </trkpt>
      <trkpt lat="22.5703399" lon="113.9519537">
        <ele>5.48699</ele>
        <time>2025-08-01T10:49:52Z</time>
      </trkpt>
      <trkpt lat="22.5703102" lon="113.9519787">
        <ele>5.413</ele>
        <time>2025-08-01T10:49:54Z</time>
      </trkpt>
      <trkpt lat="22.5702814" lon="113.952004">
        <ele>5.301</ele>
        <time>2025-08-01T10:49:56Z</time>
      </trkpt>
      <trkpt lat="22.5702505" lon="113.9520296">
        <ele>4.894</ele>
        <time>2025-08-01T10:49:58Z</time>
      </trkpt>
      <trkpt lat="22.5702211" lon="113.9520564">
        <ele>5.9</ele>
        <time>2025-08-01T10:50:00Z</time>
      </trkpt>
      <trkpt lat="22.5701902" lon="113.9520823">
        <ele>6.985</ele>
        <time>2025-08-01T10:50:02Z</time>
      </trkpt>
      <trkpt lat="22.5701584" lon="113.952107">
        <ele>6.736</ele>
        <time>2025-08-01T10:50:04Z</time>
      </trkpt>
      <trkpt lat="22.570125" lon="113.9521324">
        <ele>5.18499</ele>
        <time>2025-08-01T10:50:06Z</time>
      </trkpt>
      <trkpt lat="22.5700941" lon="113.952156">
        <ele>5.81699</ele>
        <time>2025-08-01T10:50:08Z</time>
      </trkpt>
      <trkpt lat="22.5700633" lon="113.9521777">
        <ele>6.214</ele>
        <time>2025-08-01T10:50:10Z</time>
      </trkpt>
      <trkpt lat="22.5700318" lon="113.9521986">
        <ele>5.42399</ele>
        <time>2025-08-01T10:50:12Z</time>
      </trkpt>
      <trkpt lat="22.5699996" lon="113.9522179">
        <ele>4.978</ele>
        <time>2025-08-01T10:50:14Z</time>
      </trkpt>
      <trkpt lat="22.569966" lon="113.9522351">
        <ele>4.99599</ele>
        <time>2025-08-01T10:50:16Z</time>
      </trkpt>
      <trkpt lat="22.5699295" lon="113.9522527">
        <ele>4.467</ele>
        <time>2025-08-01T10:50:18Z</time>
      </trkpt>
      <trkpt lat="22.5698933" lon="113.9522721">
        <ele>5.439</ele>
        <time>2025-08-01T10:50:20Z</time>
      </trkpt>
      <trkpt lat="22.5698562" lon="113.9522916">
        <ele>5.85699</ele>
        <time>2025-08-01T10:50:22Z</time>
      </trkpt>
      <trkpt lat="22.56982" lon="113.952312">
        <ele>6.367</ele>
        <time>2025-08-01T10:50:24Z</time>
      </trkpt>
      <trkpt lat="22.5697862" lon="113.9523328">
        <ele>7.65799</ele>
        <time>2025-08-01T10:50:26Z</time>
      </trkpt>
      <trkpt lat="22.5697539" lon="113.9523527">
        <ele>7.63999</ele>
        <time>2025-08-01T10:50:28Z</time>
      </trkpt>
      <trkpt lat="22.5697198" lon="113.9523721">
        <ele>7.53599</ele>
        <time>2025-08-01T10:50:30Z</time>
      </trkpt>
      <trkpt lat="22.569687" lon="113.9523905">
        <ele>6.86</ele>
        <time>2025-08-01T10:50:32Z</time>
      </trkpt>
      <trkpt lat="22.5696512" lon="113.9524086">
        <ele>6.54199</ele>
        <time>2025-08-01T10:50:34Z</time>
      </trkpt>
      <trkpt lat="22.5696136" lon="113.9524268">
        <ele>5.997</ele>
        <time>2025-08-01T10:50:36Z</time>
      </trkpt>
      <trkpt lat="22.5695759" lon="113.9524455">
        <ele>6.96799</ele>
        <time>2025-08-01T10:50:38Z</time>
      </trkpt>
      <trkpt lat="22.5695398" lon="113.9524645">
        <ele>7.169</ele>
        <time>2025-08-01T10:50:40Z</time>
      </trkpt>
      <trkpt lat="22.5695007" lon="113.9524836">
        <ele>6.387</ele>
        <time>2025-08-01T10:50:42Z</time>
      </trkpt>
      <trkpt lat="22.5694635" lon="113.9525015">
        <ele>6.202</ele>
        <time>2025-08-01T10:50:44Z</time>
      </trkpt>
      <trkpt lat="22.5694266" lon="113.9525187">
        <ele>7.01</ele>
        <time>2025-08-01T10:50:46Z</time>
      </trkpt>
      <trkpt lat="22.5693894" lon="113.9525375">
        <ele>7.20399</ele>
        <time>2025-08-01T10:50:48Z</time>
      </trkpt>
      <trkpt lat="22.5693518" lon="113.9525568">
        <ele>6.175</ele>
        <time>2025-08-01T10:50:50Z</time>
      </trkpt>
      <trkpt lat="22.5693176" lon="113.9525777">
        <ele>7.025</ele>
        <time>2025-08-01T10:50:52Z</time>
      </trkpt>
      <trkpt lat="22.5692849" lon="113.9526006">
        <ele>6.802</ele>
        <time>2025-08-01T10:50:54Z</time>
      </trkpt>
      <trkpt lat="22.5692526" lon="113.9526254">
        <ele>6.77799</ele>
        <time>2025-08-01T10:50:56Z</time>
      </trkpt>
      <trkpt lat="22.5692195" lon="113.9526497">
        <ele>7.578</ele>
        <time>2025-08-01T10:50:58Z</time>
      </trkpt>
      <trkpt lat="22.5691857" lon="113.9526719">
        <ele>8.453</ele>
        <time>2025-08-01T10:51:00Z</time>
      </trkpt>
      <trkpt lat="22.5691518" lon="113.9526922">
        <ele>7.54899</ele>
        <time>2025-08-01T10:51:02Z</time>
      </trkpt>
      <trkpt lat="22.5691169" lon="113.9527128">
        <ele>7.66599</ele>
        <time>2025-08-01T10:51:04Z</time>
      </trkpt>
      <trkpt lat="22.5690813" lon="113.9527326">
        <ele>5.354</ele>
        <time>2025-08-01T10:51:06Z</time>
      </trkpt>
      <trkpt lat="22.5690452" lon="113.9527505">
        <ele>5.875</ele>
        <time>2025-08-01T10:51:08Z</time>
      </trkpt>
      <trkpt lat="22.5690104" lon="113.9527681">
        <ele>6.623</ele>
        <time>2025-08-01T10:51:10Z</time>
      </trkpt>
      <trkpt lat="22.5689744" lon="113.952786">
        <ele>6.88299</ele>
        <time>2025-08-01T10:51:12Z</time>
      </trkpt>
      <trkpt lat="22.5689377" lon="113.9528031">
        <ele>6.90399</ele>
        <time>2025-08-01T10:51:14Z</time>
      </trkpt>
      <trkpt lat="22.5689015" lon="113.9528191">
        <ele>7.35599</ele>
        <time>2025-08-01T10:51:16Z</time>
      </trkpt>
      <trkpt lat="22.5688664" lon="113.9528373">
        <ele>8.029</ele>
        <time>2025-08-01T10:51:18Z</time>
      </trkpt>
      <trkpt lat="22.56883" lon="113.9528581">
        <ele>8.241</ele>
        <time>2025-08-01T10:51:20Z</time>
      </trkpt>
      <trkpt lat="22.5687945" lon="113.9528799">
        <ele>8.081</ele>
        <time>2025-08-01T10:51:22Z</time>
      </trkpt>
      <trkpt lat="22.5687591" lon="113.9529017">
        <ele>7.717</ele>
        <time>2025-08-01T10:51:24Z</time>
      </trkpt>
      <trkpt lat="22.568724" lon="113.9529238">
        <ele>7.15399</ele>
        <time>2025-08-01T10:51:26Z</time>
      </trkpt>
      <trkpt lat="22.5686895" lon="113.9529461">
        <ele>8.42599</ele>
        <time>2025-08-01T10:51:28Z</time>
      </trkpt>
      <trkpt lat="22.5686547" lon="113.9529661">
        <ele>7.25</ele>
        <time>2025-08-01T10:51:30Z</time>
      </trkpt>
      <trkpt lat="22.5686182" lon="113.952984">
        <ele>6.519</ele>
        <time>2025-08-01T10:51:32Z</time>
      </trkpt>
      <trkpt lat="22.5685811" lon="113.9530003">
        <ele>7.22399</ele>
        <time>2025-08-01T10:51:34Z</time>
      </trkpt>
      <trkpt lat="22.5685448" lon="113.9530165">
        <ele>6.58199</ele>
        <time>2025-08-01T10:51:36Z</time>
      </trkpt>
      <trkpt lat="22.5685084" lon="113.9530332">
        <ele>6.67899</ele>
        <time>2025-08-01T10:51:38Z</time>
      </trkpt>
      <trkpt lat="22.5684734" lon="113.9530527">
        <ele>5.94199</ele>
        <time>2025-08-01T10:51:40Z</time>
      </trkpt>
      <trkpt lat="22.5684417" lon="113.9530722">
        <ele>6.945</ele>
        <time>2025-08-01T10:51:42Z</time>
      </trkpt>
      <trkpt lat="22.5684109" lon="113.9530934">
        <ele>7.98099</ele>
        <time>2025-08-01T10:51:44Z</time>
      </trkpt>
      <trkpt lat="22.5683778" lon="113.9531163">
        <ele>8.498</ele>
        <time>2025-08-01T10:51:46Z</time>
      </trkpt>
      <trkpt lat="22.5683405" lon="113.9531399">
        <ele>9.81299</ele>
        <time>2025-08-01T10:51:48Z</time>
      </trkpt>
      <trkpt lat="22.568303" lon="113.9531609">
        <ele>11.31099</ele>
        <time>2025-08-01T10:51:50Z</time>
      </trkpt>
      <trkpt lat="22.5682631" lon="113.9531832">
        <ele>10.74499</ele>
        <time>2025-08-01T10:51:52Z</time>
      </trkpt>
      <trkpt lat="22.5682232" lon="113.9532027">
        <ele>9.206</ele>
        <time>2025-08-01T10:51:54Z</time>
      </trkpt>
      <trkpt lat="22.5681856" lon="113.9532206">
        <ele>8.545</ele>
        <time>2025-08-01T10:51:56Z</time>
      </trkpt>
      <trkpt lat="22.5681525" lon="113.9532382">
        <ele>7.61399</ele>
        <time>2025-08-01T10:51:58Z</time>
      </trkpt>
      <trkpt lat="22.5681185" lon="113.9532577">
        <ele>7.19099</ele>
        <time>2025-08-01T10:52:00Z</time>
      </trkpt>
      <trkpt lat="22.5680847" lon="113.953279">
        <ele>6.361</ele>
        <time>2025-08-01T10:52:02Z</time>
      </trkpt>
      <trkpt lat="22.5680522" lon="113.9533037">
        <ele>6.13399</ele>
        <time>2025-08-01T10:52:04Z</time>
      </trkpt>
      <trkpt lat="22.5680188" lon="113.9533294">
        <ele>6.234</ele>
        <time>2025-08-01T10:52:06Z</time>
      </trkpt>
      <trkpt lat="22.5679859" lon="113.9533535">
        <ele>5.99399</ele>
        <time>2025-08-01T10:52:08Z</time>
      </trkpt>
      <trkpt lat="22.5679535" lon="113.9533756">
        <ele>6.81799</ele>
        <time>2025-08-01T10:52:10Z</time>
      </trkpt>
      <trkpt lat="22.567922" lon="113.9533935">
        <ele>6.83099</ele>
        <time>2025-08-01T10:52:12Z</time>
      </trkpt>
      <trkpt lat="22.56789" lon="113.9534101">
        <ele>8.15799</ele>
        <time>2025-08-01T10:52:14Z</time>
      </trkpt>
      <trkpt lat="22.5678578" lon="113.9534267">
        <ele>8.71199</ele>
        <time>2025-08-01T10:52:16Z</time>
      </trkpt>
      <trkpt lat="22.5678206" lon="113.9534441">
        <ele>10.11999</ele>
        <time>2025-08-01T10:52:18Z</time>
      </trkpt>
      <trkpt lat="22.5677818" lon="113.9534616">
        <ele>8.503</ele>
        <time>2025-08-01T10:52:20Z</time>
      </trkpt>
      <trkpt lat="22.5677437" lon="113.9534807">
        <ele>9.835</ele>
        <time>2025-08-01T10:52:22Z</time>
      </trkpt>
      <trkpt lat="22.5677054" lon="113.9535004">
        <ele>11.682</ele>
        <time>2025-08-01T10:52:24Z</time>
      </trkpt>
      <trkpt lat="22.5676671" lon="113.9535196">
        <ele>10.72599</ele>
        <time>2025-08-01T10:52:26Z</time>
      </trkpt>
      <trkpt lat="22.5676323" lon="113.9535384">
        <ele>10.203</ele>
        <time>2025-08-01T10:52:28Z</time>
      </trkpt>
      <trkpt lat="22.5676008" lon="113.9535561">
        <ele>10.32499</ele>
        <time>2025-08-01T10:52:30Z</time>
      </trkpt>
      <trkpt lat="22.5675683" lon="113.9535745">
        <ele>10.213</ele>
        <time>2025-08-01T10:52:32Z</time>
      </trkpt>
      <trkpt lat="22.5675358" lon="113.953593">
        <ele>8.97099</ele>
        <time>2025-08-01T10:52:34Z</time>
      </trkpt>
      <trkpt lat="22.5675021" lon="113.9536098">
        <ele>3.61199</ele>
        <time>2025-08-01T10:52:36Z</time>
      </trkpt>
      <trkpt lat="22.5674672" lon="113.9536261">
        <ele>2.732</ele>
        <time>2025-08-01T10:52:38Z</time>
      </trkpt>
      <trkpt lat="22.5674311" lon="113.9536447">
        <ele>3.045</ele>
        <time>2025-08-01T10:52:40Z</time>
      </trkpt>
      <trkpt lat="22.567393" lon="113.9536638">
        <ele>4.381</ele>
        <time>2025-08-01T10:52:42Z</time>
      </trkpt>
      <trkpt lat="22.5673529" lon="113.9536831">
        <ele>4.709</ele>
        <time>2025-08-01T10:52:44Z</time>
      </trkpt>
      <trkpt lat="22.5673143" lon="113.9537017">
        <ele>5.32399</ele>
        <time>2025-08-01T10:52:46Z</time>
      </trkpt>
      <trkpt lat="22.5672757" lon="113.953717">
        <ele>7.155</ele>
        <time>2025-08-01T10:52:48Z</time>
      </trkpt>
      <trkpt lat="22.5672341" lon="113.9537304">
        <ele>6.22499</ele>
        <time>2025-08-01T10:52:50Z</time>
      </trkpt>
      <trkpt lat="22.5671915" lon="113.9537413">
        <ele>5.33799</ele>
        <time>2025-08-01T10:52:52Z</time>
      </trkpt>
      <trkpt lat="22.5671502" lon="113.9537505">
        <ele>4.821</ele>
        <time>2025-08-01T10:52:54Z</time>
      </trkpt>
      <trkpt lat="22.5671075" lon="113.9537599">
        <ele>4.393</ele>
        <time>2025-08-01T10:52:56Z</time>
      </trkpt>
      <trkpt lat="22.5670656" lon="113.9537697">
        <ele>4.02699</ele>
        <time>2025-08-01T10:52:58Z</time>
      </trkpt>
      <trkpt lat="22.5670248" lon="113.9537748">
        <ele>3.548</ele>
        <time>2025-08-01T10:53:00Z</time>
      </trkpt>
      <trkpt lat="22.5669847" lon="113.9537767">
        <ele>3.69899</ele>
        <time>2025-08-01T10:53:02Z</time>
      </trkpt>
      <trkpt lat="22.5669458" lon="113.9537763">
        <ele>3.278</ele>
        <time>2025-08-01T10:53:04Z</time>
      </trkpt>
      <trkpt lat="22.5669081" lon="113.9537742">
        <ele>3.28399</ele>
        <time>2025-08-01T10:53:06Z</time>
      </trkpt>
      <trkpt lat="22.5668715" lon="113.9537728">
        <ele>3.55299</ele>
        <time>2025-08-01T10:53:08Z</time>
      </trkpt>
      <trkpt lat="22.5668366" lon="113.9537763">
        <ele>3.973</ele>
        <time>2025-08-01T10:53:10Z</time>
      </trkpt>
      <trkpt lat="22.5668034" lon="113.9537826">
        <ele>5.348</ele>
        <time>2025-08-01T10:53:12Z</time>
      </trkpt>
      <trkpt lat="22.5667675" lon="113.9537895">
        <ele>5.741</ele>
        <time>2025-08-01T10:53:14Z</time>
      </trkpt>
      <trkpt lat="22.5667285" lon="113.953797">
        <ele>4.73999</ele>
        <time>2025-08-01T10:53:16Z</time>
      </trkpt>
      <trkpt lat="22.5666893" lon="113.9538043">
        <ele>3.88199</ele>
        <time>2025-08-01T10:53:18Z</time>
      </trkpt>
      <trkpt lat="22.5666461" lon="113.9538084">
        <ele>3.70499</ele>
        <time>2025-08-01T10:53:20Z</time>
      </trkpt>
      <trkpt lat="22.5666013" lon="113.953814">
        <ele>4.07</ele>
        <time>2025-08-01T10:53:22Z</time>
      </trkpt>
      <trkpt lat="22.5665579" lon="113.9538212">
        <ele>5.27899</ele>
        <time>2025-08-01T10:53:24Z</time>
      </trkpt>
      <trkpt lat="22.5665151" lon="113.9538276">
        <ele>6.65</ele>
        <time>2025-08-01T10:53:26Z</time>
      </trkpt>
      <trkpt lat="22.5664717" lon="113.9538308">
        <ele>8.61699</ele>
        <time>2025-08-01T10:53:28Z</time>
      </trkpt>
      <trkpt lat="22.5664291" lon="113.9538342">
        <ele>11.324</ele>
        <time>2025-08-01T10:53:30Z</time>
      </trkpt>
      <trkpt lat="22.566386" lon="113.9538342">
        <ele>12.41899</ele>
        <time>2025-08-01T10:53:32Z</time>
      </trkpt>
      <trkpt lat="22.5663413" lon="113.953831">
        <ele>11.661</ele>
        <time>2025-08-01T10:53:34Z</time>
      </trkpt>
      <trkpt lat="22.5662993" lon="113.9538287">
        <ele>10.89599</ele>
        <time>2025-08-01T10:53:36Z</time>
      </trkpt>
      <trkpt lat="22.5662586" lon="113.953828">
        <ele>9.835</ele>
        <time>2025-08-01T10:53:38Z</time>
      </trkpt>
      <trkpt lat="22.5662202" lon="113.9538277">
        <ele>7.98999</ele>
        <time>2025-08-01T10:53:40Z</time>
      </trkpt>
      <trkpt lat="22.5661826" lon="113.9538252">
        <ele>7.81099</ele>
        <time>2025-08-01T10:53:42Z</time>
      </trkpt>
      <trkpt lat="22.5661471" lon="113.9538234">
        <ele>7.23099</ele>
        <time>2025-08-01T10:53:44Z</time>
      </trkpt>
      <trkpt lat="22.5661102" lon="113.9538209">
        <ele>7.155</ele>
        <time>2025-08-01T10:53:46Z</time>
      </trkpt>
      <trkpt lat="22.5660732" lon="113.9538191">
        <ele>6.63299</ele>
        <time>2025-08-01T10:53:48Z</time>
      </trkpt>
      <trkpt lat="22.5660362" lon="113.9538172">
        <ele>6.616</ele>
        <time>2025-08-01T10:53:50Z</time>
      </trkpt>
      <trkpt lat="22.5659984" lon="113.9538174">
        <ele>6.86499</ele>
        <time>2025-08-01T10:53:52Z</time>
      </trkpt>
      <trkpt lat="22.5659571" lon="113.9538226">
        <ele>7.004</ele>
        <time>2025-08-01T10:53:54Z</time>
      </trkpt>
      <trkpt lat="22.5659148" lon="113.9538295">
        <ele>7.71899</ele>
        <time>2025-08-01T10:53:56Z</time>
      </trkpt>
      <trkpt lat="22.5658715" lon="113.9538346">
        <ele>8.20499</ele>
        <time>2025-08-01T10:53:58Z</time>
      </trkpt>
      <trkpt lat="22.5658283" lon="113.9538418">
        <ele>9.147</ele>
        <time>2025-08-01T10:54:00Z</time>
      </trkpt>
      <trkpt lat="22.5657872" lon="113.9538516">
        <ele>9.49899</ele>
        <time>2025-08-01T10:54:02Z</time>
      </trkpt>
      <trkpt lat="22.565748" lon="113.9538586">
        <ele>13.078</ele>
        <time>2025-08-01T10:54:04Z</time>
      </trkpt>
      <trkpt lat="22.5657144" lon="113.9538638">
        <ele>12.19499</ele>
        <time>2025-08-01T10:54:06Z</time>
      </trkpt>
      <trkpt lat="22.5656822" lon="113.9538675">
        <ele>12.33699</ele>
        <time>2025-08-01T10:54:08Z</time>
      </trkpt>
      <trkpt lat="22.5656479" lon="113.9538698">
        <ele>13.10599</ele>
        <time>2025-08-01T10:54:10Z</time>
      </trkpt>
      <trkpt lat="22.5656132" lon="113.9538697">
        <ele>13.32699</ele>
        <time>2025-08-01T10:54:12Z</time>
      </trkpt>
      <trkpt lat="22.5655762" lon="113.9538686">
        <ele>14.60599</ele>
        <time>2025-08-01T10:54:14Z</time>
      </trkpt>
      <trkpt lat="22.5655341" lon="113.9538688">
        <ele>14.454</ele>
        <time>2025-08-01T10:54:16Z</time>
      </trkpt>
      <trkpt lat="22.5654887" lon="113.9538743">
        <ele>14.26299</ele>
        <time>2025-08-01T10:54:18Z</time>
      </trkpt>
      <trkpt lat="22.5654427" lon="113.9538832">
        <ele>15.302</ele>
        <time>2025-08-01T10:54:20Z</time>
      </trkpt>
      <trkpt lat="22.5653959" lon="113.9538924">
        <ele>9.77999</ele>
        <time>2025-08-01T10:54:22Z</time>
      </trkpt>
      <trkpt lat="22.5653502" lon="113.9539007">
        <ele>11.034</ele>
        <time>2025-08-01T10:54:24Z</time>
      </trkpt>
      <trkpt lat="22.5653061" lon="113.9539074">
        <ele>8.98799</ele>
        <time>2025-08-01T10:54:26Z</time>
      </trkpt>
      <trkpt lat="22.5652621" lon="113.9539114">
        <ele>10.11499</ele>
        <time>2025-08-01T10:54:28Z</time>
      </trkpt>
      <trkpt lat="22.5652158" lon="113.953911">
        <ele>9.864</ele>
        <time>2025-08-01T10:54:30Z</time>
      </trkpt>
      <trkpt lat="22.5651664" lon="113.9539093">
        <ele>11.11999</ele>
        <time>2025-08-01T10:54:32Z</time>
      </trkpt>
      <trkpt lat="22.5651164" lon="113.9539035">
        <ele>13.449</ele>
        <time>2025-08-01T10:54:34Z</time>
      </trkpt>
      <trkpt lat="22.5650668" lon="113.9538977">
        <ele>13.24699</ele>
        <time>2025-08-01T10:54:36Z</time>
      </trkpt>
      <trkpt lat="22.5650196" lon="113.9538942">
        <ele>10.51</ele>
        <time>2025-08-01T10:54:38Z</time>
      </trkpt>
      <trkpt lat="22.5649784" lon="113.9538918">
        <ele>9.838</ele>
        <time>2025-08-01T10:54:40Z</time>
      </trkpt>
      <trkpt lat="22.5649403" lon="113.9538883">
        <ele>7.67399</ele>
        <time>2025-08-01T10:54:42Z</time>
      </trkpt>
      <trkpt lat="22.5649049" lon="113.9538892">
        <ele>8.82699</ele>
        <time>2025-08-01T10:54:44Z</time>
      </trkpt>
      <trkpt lat="22.5648702" lon="113.9538908">
        <ele>10.70699</ele>
        <time>2025-08-01T10:54:46Z</time>
      </trkpt>
      <trkpt lat="22.5648347" lon="113.9538932">
        <ele>10.531</ele>
        <time>2025-08-01T10:54:48Z</time>
      </trkpt>
      <trkpt lat="22.564798" lon="113.9538951">
        <ele>11.09799</ele>
        <time>2025-08-01T10:54:50Z</time>
      </trkpt>
      <trkpt lat="22.5647618" lon="113.9538996">
        <ele>11.923</ele>
        <time>2025-08-01T10:54:52Z</time>
      </trkpt>
      <trkpt lat="22.5647269" lon="113.9539035">
        <ele>12.88599</ele>
        <time>2025-08-01T10:54:54Z</time>
      </trkpt>
      <trkpt lat="22.5646891" lon="113.9539061">
        <ele>14.656</ele>
        <time>2025-08-01T10:54:56Z</time>
      </trkpt>
      <trkpt lat="22.564651" lon="113.9539066">
        <ele>14.769</ele>
        <time>2025-08-01T10:54:58Z</time>
      </trkpt>
      <trkpt lat="22.5646159" lon="113.9539059">
        <ele>13.64</ele>
        <time>2025-08-01T10:55:00Z</time>
      </trkpt>
      <trkpt lat="22.5645851" lon="113.9539044">
        <ele>14.159</ele>
        <time>2025-08-01T10:55:02Z</time>
      </trkpt>
      <trkpt lat="22.5645547" lon="113.9539052">
        <ele>11.80399</ele>
        <time>2025-08-01T10:55:04Z</time>
      </trkpt>
      <trkpt lat="22.5645287" lon="113.9539117">
        <ele>11.08199</ele>
        <time>2025-08-01T10:55:07Z</time>
      </trkpt>
      <trkpt lat="22.5645038" lon="113.9539202">
        <ele>10.229</ele>
        <time>2025-08-01T10:55:09Z</time>
      </trkpt>
      <trkpt lat="22.564474" lon="113.953927">
        <ele>10.361</ele>
        <time>2025-08-01T10:55:11Z</time>
      </trkpt>
      <trkpt lat="22.564439" lon="113.9539341">
        <ele>11.564</ele>
        <time>2025-08-01T10:55:13Z</time>
      </trkpt>
      <trkpt lat="22.5644009" lon="113.9539398">
        <ele>7.68599</ele>
        <time>2025-08-01T10:55:15Z</time>
      </trkpt>
      <trkpt lat="22.5643571" lon="113.9539433">
        <ele>2.489</ele>
        <time>2025-08-01T10:55:17Z</time>
      </trkpt>
      <trkpt lat="22.5643136" lon="113.9539445">
        <ele>-0.38499</ele>
        <time>2025-08-01T10:55:19Z</time>
      </trkpt>
      <trkpt lat="22.5642746" lon="113.9539451">
        <ele>0.479</ele>
        <time>2025-08-01T10:55:21Z</time>
      </trkpt>
      <trkpt lat="22.5642397" lon="113.9539435">
        <ele>4.129</ele>
        <time>2025-08-01T10:55:23Z</time>
      </trkpt>
      <trkpt lat="22.5642006" lon="113.9539403">
        <ele>4.34299</ele>
        <time>2025-08-01T10:55:25Z</time>
      </trkpt>
      <trkpt lat="22.5641563" lon="113.9539373">
        <ele>4.873</ele>
        <time>2025-08-01T10:55:27Z</time>
      </trkpt>
      <trkpt lat="22.5641076" lon="113.9539357">
        <ele>7.78</ele>
        <time>2025-08-01T10:55:29Z</time>
      </trkpt>
      <trkpt lat="22.5640531" lon="113.9539392">
        <ele>10.772</ele>
        <time>2025-08-01T10:55:31Z</time>
      </trkpt>
      <trkpt lat="22.563994" lon="113.9539461">
        <ele>11.57999</ele>
        <time>2025-08-01T10:55:33Z</time>
      </trkpt>
      <trkpt lat="22.5639304" lon="113.9539558">
        <ele>10.05099</ele>
        <time>2025-08-01T10:55:35Z</time>
      </trkpt>
      <trkpt lat="22.563865" lon="113.9539626">
        <ele>7.787</ele>
        <time>2025-08-01T10:55:37Z</time>
      </trkpt>
      <trkpt lat="22.5637942" lon="113.953966">
        <ele>6.00799</ele>
        <time>2025-08-01T10:55:39Z</time>
      </trkpt>
      <trkpt lat="22.5637194" lon="113.9539658">
        <ele>5.69899</ele>
        <time>2025-08-01T10:55:41Z</time>
      </trkpt>
      <trkpt lat="22.5636403" lon="113.9539592">
        <ele>2.812</ele>
        <time>2025-08-01T10:55:45Z</time>
      </trkpt>
      <trkpt lat="22.5635753" lon="113.9539504">
        <ele>5.29099</ele>
        <time>2025-08-01T10:55:47Z</time>
      </trkpt>
      <trkpt lat="22.5635228" lon="113.9539414">
        <ele>5.879</ele>
        <time>2025-08-01T10:55:49Z</time>
      </trkpt>
      <trkpt lat="22.5634792" lon="113.9539363">
        <ele>6.77799</ele>
        <time>2025-08-01T10:55:51Z</time>
      </trkpt>
      <trkpt lat="22.5634433" lon="113.9539367">
        <ele>6.592</ele>
        <time>2025-08-01T10:55:53Z</time>
      </trkpt>
      <trkpt lat="22.5634141" lon="113.9539435">
        <ele>6.188</ele>
        <time>2025-08-01T10:55:55Z</time>
      </trkpt>
      <trkpt lat="22.5633806" lon="113.9539523">
        <ele>5.453</ele>
        <time>2025-08-01T10:55:57Z</time>
      </trkpt>
      <trkpt lat="22.5633427" lon="113.9539627">
        <ele>5.498</ele>
        <time>2025-08-01T10:55:59Z</time>
      </trkpt>
      <trkpt lat="22.5633036" lon="113.9539711">
        <ele>6.26999</ele>
        <time>2025-08-01T10:56:01Z</time>
      </trkpt>
      <trkpt lat="22.5632632" lon="113.9539767">
        <ele>5.66099</ele>
        <time>2025-08-01T10:56:03Z</time>
      </trkpt>
      <trkpt lat="22.5632213" lon="113.9539808">
        <ele>5.96299</ele>
        <time>2025-08-01T10:56:05Z</time>
      </trkpt>
      <trkpt lat="22.5631802" lon="113.9539849">
        <ele>5.42199</ele>
        <time>2025-08-01T10:56:07Z</time>
      </trkpt>
      <trkpt lat="22.5631403" lon="113.9539876">
        <ele>5.479</ele>
        <time>2025-08-01T10:56:09Z</time>
      </trkpt>
      <trkpt lat="22.5630985" lon="113.9539907">
        <ele>4.675</ele>
        <time>2025-08-01T10:56:11Z</time>
      </trkpt>
      <trkpt lat="22.5630556" lon="113.9539936">
        <ele>3.80399</ele>
        <time>2025-08-01T10:56:13Z</time>
      </trkpt>
      <trkpt lat="22.5630114" lon="113.9539969">
        <ele>4.21199</ele>
        <time>2025-08-01T10:56:15Z</time>
      </trkpt>
      <trkpt lat="22.5629637" lon="113.9539991">
        <ele>4.31199</ele>
        <time>2025-08-01T10:56:17Z</time>
      </trkpt>
      <trkpt lat="22.5629147" lon="113.9540029">
        <ele>5.401</ele>
        <time>2025-08-01T10:56:19Z</time>
      </trkpt>
      <trkpt lat="22.5628677" lon="113.9540061">
        <ele>5.907</ele>
        <time>2025-08-01T10:56:21Z</time>
      </trkpt>
      <trkpt lat="22.5628228" lon="113.9540105">
        <ele>6.94099</ele>
        <time>2025-08-01T10:56:23Z</time>
      </trkpt>
      <trkpt lat="22.5627798" lon="113.9540156">
        <ele>6.75899</ele>
        <time>2025-08-01T10:56:25Z</time>
      </trkpt>
      <trkpt lat="22.5627398" lon="113.9540213">
        <ele>6.717</ele>
        <time>2025-08-01T10:56:27Z</time>
      </trkpt>
      <trkpt lat="22.562702" lon="113.9540271">
        <ele>7.70599</ele>
        <time>2025-08-01T10:56:29Z</time>
      </trkpt>
      <trkpt lat="22.5626641" lon="113.9540337">
        <ele>7.12699</ele>
        <time>2025-08-01T10:56:31Z</time>
      </trkpt>
      <trkpt lat="22.5626265" lon="113.9540389">
        <ele>7.063</ele>
        <time>2025-08-01T10:56:33Z</time>
      </trkpt>
      <trkpt lat="22.56259" lon="113.9540436">
        <ele>7.834</ele>
        <time>2025-08-01T10:56:35Z</time>
      </trkpt>
      <trkpt lat="22.5625531" lon="113.9540464">
        <ele>8.17599</ele>
        <time>2025-08-01T10:56:37Z</time>
      </trkpt>
      <trkpt lat="22.5625128" lon="113.9540467">
        <ele>7.88299</ele>
        <time>2025-08-01T10:56:39Z</time>
      </trkpt>
      <trkpt lat="22.5624731" lon="113.9540443">
        <ele>6.834</ele>
        <time>2025-08-01T10:56:41Z</time>
      </trkpt>
      <trkpt lat="22.5624314" lon="113.9540391">
        <ele>6.563</ele>
        <time>2025-08-01T10:56:43Z</time>
      </trkpt>
      <trkpt lat="22.5623872" lon="113.9540315">
        <ele>5.815</ele>
        <time>2025-08-01T10:56:45Z</time>
      </trkpt>
      <trkpt lat="22.5623442" lon="113.9540251">
        <ele>6.40399</ele>
        <time>2025-08-01T10:56:47Z</time>
      </trkpt>
      <trkpt lat="22.5623043" lon="113.9540221">
        <ele>6.471</ele>
        <time>2025-08-01T10:56:49Z</time>
      </trkpt>
      <trkpt lat="22.5622632" lon="113.9540184">
        <ele>6.81899</ele>
        <time>2025-08-01T10:56:51Z</time>
      </trkpt>
      <trkpt lat="22.5622225" lon="113.9540166">
        <ele>6.064</ele>
        <time>2025-08-01T10:56:53Z</time>
      </trkpt>
      <trkpt lat="22.5621845" lon="113.9540171">
        <ele>7.47599</ele>
        <time>2025-08-01T10:56:55Z</time>
      </trkpt>
      <trkpt lat="22.5621462" lon="113.9540188">
        <ele>7.051</ele>
        <time>2025-08-01T10:56:57Z</time>
      </trkpt>
      <trkpt lat="22.5621069" lon="113.9540183">
        <ele>5.938</ele>
        <time>2025-08-01T10:56:59Z</time>
      </trkpt>
      <trkpt lat="22.5620669" lon="113.9540193">
        <ele>5.83099</ele>
        <time>2025-08-01T10:57:01Z</time>
      </trkpt>
      <trkpt lat="22.5620238" lon="113.9540209">
        <ele>5.807</ele>
        <time>2025-08-01T10:57:03Z</time>
      </trkpt>
      <trkpt lat="22.5619776" lon="113.9540254">
        <ele>6.19799</ele>
        <time>2025-08-01T10:57:05Z</time>
      </trkpt>
      <trkpt lat="22.5619316" lon="113.954029">
        <ele>6.243</ele>
        <time>2025-08-01T10:57:07Z</time>
      </trkpt>
      <trkpt lat="22.5618854" lon="113.9540319">
        <ele>6.3</ele>
        <time>2025-08-01T10:57:09Z</time>
      </trkpt>
      <trkpt lat="22.5618401" lon="113.9540343">
        <ele>4.73799</ele>
        <time>2025-08-01T10:57:11Z</time>
      </trkpt>
      <trkpt lat="22.5617985" lon="113.9540356">
        <ele>4.43499</ele>
        <time>2025-08-01T10:57:13Z</time>
      </trkpt>
      <trkpt lat="22.5617573" lon="113.9540346">
        <ele>6.29799</ele>
        <time>2025-08-01T10:57:15Z</time>
      </trkpt>
      <trkpt lat="22.5617166" lon="113.9540317">
        <ele>6.01999</ele>
        <time>2025-08-01T10:57:17Z</time>
      </trkpt>
      <trkpt lat="22.5616785" lon="113.9540274">
        <ele>6.17299</ele>
        <time>2025-08-01T10:57:19Z</time>
      </trkpt>
      <trkpt lat="22.5616416" lon="113.9540242">
        <ele>6.25899</ele>
        <time>2025-08-01T10:57:21Z</time>
      </trkpt>
      <trkpt lat="22.5616047" lon="113.9540223">
        <ele>6.12699</ele>
        <time>2025-08-01T10:57:23Z</time>
      </trkpt>
      <trkpt lat="22.5615677" lon="113.9540187">
        <ele>5.959</ele>
        <time>2025-08-01T10:57:25Z</time>
      </trkpt>
      <trkpt lat="22.5615283" lon="113.9540163">
        <ele>5.76599</ele>
        <time>2025-08-01T10:57:27Z</time>
      </trkpt>
      <trkpt lat="22.5614868" lon="113.9540151">
        <ele>5.76499</ele>
        <time>2025-08-01T10:57:29Z</time>
      </trkpt>
      <trkpt lat="22.5614438" lon="113.9540141">
        <ele>5.918</ele>
        <time>2025-08-01T10:57:31Z</time>
      </trkpt>
      <trkpt lat="22.5613995" lon="113.9540126">
        <ele>5.662</ele>
        <time>2025-08-01T10:57:33Z</time>
      </trkpt>
      <trkpt lat="22.5613554" lon="113.9540115">
        <ele>6.399</ele>
        <time>2025-08-01T10:57:35Z</time>
      </trkpt>
      <trkpt lat="22.561312" lon="113.9540106">
        <ele>7.631</ele>
        <time>2025-08-01T10:57:37Z</time>
      </trkpt>
      <trkpt lat="22.5612693" lon="113.9540091">
        <ele>7.874</ele>
        <time>2025-08-01T10:57:39Z</time>
      </trkpt>
      <trkpt lat="22.561227" lon="113.954007">
        <ele>8.88</ele>
        <time>2025-08-01T10:57:41Z</time>
      </trkpt>
      <trkpt lat="22.5611862" lon="113.9540045">
        <ele>8.40499</ele>
        <time>2025-08-01T10:57:43Z</time>
      </trkpt>
      <trkpt lat="22.5611466" lon="113.9540014">
        <ele>7.67299</ele>
        <time>2025-08-01T10:57:45Z</time>
      </trkpt>
      <trkpt lat="22.561107" lon="113.9539982">
        <ele>6.899</ele>
        <time>2025-08-01T10:57:47Z</time>
      </trkpt>
      <trkpt lat="22.5610667" lon="113.9539949">
        <ele>6.203</ele>
        <time>2025-08-01T10:57:49Z</time>
      </trkpt>
      <trkpt lat="22.5610263" lon="113.9539921">
        <ele>6.012</ele>
        <time>2025-08-01T10:57:51Z</time>
      </trkpt>
      <trkpt lat="22.5609857" lon="113.9539905">
        <ele>6.17</ele>
        <time>2025-08-01T10:57:53Z</time>
      </trkpt>
      <trkpt lat="22.5609436" lon="113.9539904">
        <ele>6.26599</ele>
        <time>2025-08-01T10:57:55Z</time>
      </trkpt>
      <trkpt lat="22.5609037" lon="113.9539903">
        <ele>6.14499</ele>
        <time>2025-08-01T10:57:57Z</time>
      </trkpt>
      <trkpt lat="22.5608649" lon="113.9539914">
        <ele>5.91699</ele>
        <time>2025-08-01T10:57:59Z</time>
      </trkpt>
      <trkpt lat="22.5608261" lon="113.9539946">
        <ele>5.15999</ele>
        <time>2025-08-01T10:58:01Z</time>
      </trkpt>
      <trkpt lat="22.5607875" lon="113.9539962">
        <ele>5.401</ele>
        <time>2025-08-01T10:58:03Z</time>
      </trkpt>
      <trkpt lat="22.5607506" lon="113.9539936">
        <ele>5.651</ele>
        <time>2025-08-01T10:58:05Z</time>
      </trkpt>
      <trkpt lat="22.5607137" lon="113.9539895">
        <ele>5.913</ele>
        <time>2025-08-01T10:58:07Z</time>
      </trkpt>
      <trkpt lat="22.5606746" lon="113.9539848">
        <ele>7.11499</ele>
        <time>2025-08-01T10:58:09Z</time>
      </trkpt>
      <trkpt lat="22.5606354" lon="113.953979">
        <ele>6.49399</ele>
        <time>2025-08-01T10:58:11Z</time>
      </trkpt>
      <trkpt lat="22.5605961" lon="113.9539737">
        <ele>6.65399</ele>
        <time>2025-08-01T10:58:13Z</time>
      </trkpt>
      <trkpt lat="22.5605585" lon="113.9539722">
        <ele>5.40799</ele>
        <time>2025-08-01T10:58:15Z</time>
      </trkpt>
      <trkpt lat="22.5605199" lon="113.9539748">
        <ele>4.93699</ele>
        <time>2025-08-01T10:58:17Z</time>
      </trkpt>
      <trkpt lat="22.5604807" lon="113.9539774">
        <ele>3.65799</ele>
        <time>2025-08-01T10:58:19Z</time>
      </trkpt>
      <trkpt lat="22.5604413" lon="113.9539801">
        <ele>3.831</ele>
        <time>2025-08-01T10:58:21Z</time>
      </trkpt>
      <trkpt lat="22.5604011" lon="113.9539822">
        <ele>4.531</ele>
        <time>2025-08-01T10:58:23Z</time>
      </trkpt>
      <trkpt lat="22.5603566" lon="113.9539836">
        <ele>4.439</ele>
        <time>2025-08-01T10:58:25Z</time>
      </trkpt>
      <trkpt lat="22.5603115" lon="113.9539823">
        <ele>5.274</ele>
        <time>2025-08-01T10:58:27Z</time>
      </trkpt>
      <trkpt lat="22.560268" lon="113.9539812">
        <ele>5.958</ele>
        <time>2025-08-01T10:58:29Z</time>
      </trkpt>
      <trkpt lat="22.5602246" lon="113.9539793">
        <ele>6.12099</ele>
        <time>2025-08-01T10:58:31Z</time>
      </trkpt>
      <trkpt lat="22.5601828" lon="113.9539769">
        <ele>6.94799</ele>
        <time>2025-08-01T10:58:33Z</time>
      </trkpt>
      <trkpt lat="22.5601421" lon="113.9539741">
        <ele>7.17799</ele>
        <time>2025-08-01T10:58:35Z</time>
      </trkpt>
      <trkpt lat="22.5600998" lon="113.953972">
        <ele>6.597</ele>
        <time>2025-08-01T10:58:37Z</time>
      </trkpt>
      <trkpt lat="22.5600545" lon="113.9539708">
        <ele>6.82899</ele>
        <time>2025-08-01T10:58:39Z</time>
      </trkpt>
      <trkpt lat="22.5600082" lon="113.9539713">
        <ele>7.151</ele>
        <time>2025-08-01T10:58:41Z</time>
      </trkpt>
      <trkpt lat="22.5599611" lon="113.953972">
        <ele>7.52699</ele>
        <time>2025-08-01T10:58:43Z</time>
      </trkpt>
      <trkpt lat="22.559913" lon="113.9539721">
        <ele>7.67399</ele>
        <time>2025-08-01T10:58:45Z</time>
      </trkpt>
      <trkpt lat="22.559866" lon="113.9539707">
        <ele>7.926</ele>
        <time>2025-08-01T10:58:47Z</time>
      </trkpt>
      <trkpt lat="22.5598199" lon="113.9539674">
        <ele>7.664</ele>
        <time>2025-08-01T10:58:49Z</time>
      </trkpt>
      <trkpt lat="22.5597738" lon="113.9539623">
        <ele>7.23299</ele>
        <time>2025-08-01T10:58:51Z</time>
      </trkpt>
      <trkpt lat="22.5597271" lon="113.9539575">
        <ele>7.287</ele>
        <time>2025-08-01T10:58:53Z</time>
      </trkpt>
      <trkpt lat="22.5596814" lon="113.9539545">
        <ele>8.26299</ele>
        <time>2025-08-01T10:58:55Z</time>
      </trkpt>
      <trkpt lat="22.5596365" lon="113.953953">
        <ele>7.53499</ele>
        <time>2025-08-01T10:58:57Z</time>
      </trkpt>
      <trkpt lat="22.5595938" lon="113.9539527">
        <ele>7.44399</ele>
        <time>2025-08-01T10:58:59Z</time>
      </trkpt>
      <trkpt lat="22.5595528" lon="113.9539513">
        <ele>6.65999</ele>
        <time>2025-08-01T10:59:01Z</time>
      </trkpt>
      <trkpt lat="22.5595133" lon="113.9539505">
        <ele>6.802</ele>
        <time>2025-08-01T10:59:03Z</time>
      </trkpt>
      <trkpt lat="22.5594735" lon="113.9539467">
        <ele>8.373</ele>
        <time>2025-08-01T10:59:05Z</time>
      </trkpt>
      <trkpt lat="22.5594354" lon="113.9539424">
        <ele>9.364</ele>
        <time>2025-08-01T10:59:07Z</time>
      </trkpt>
      <trkpt lat="22.5593983" lon="113.9539374">
        <ele>11.182</ele>
        <time>2025-08-01T10:59:09Z</time>
      </trkpt>
      <trkpt lat="22.5593597" lon="113.9539329">
        <ele>9.064</ele>
        <time>2025-08-01T10:59:11Z</time>
      </trkpt>
      <trkpt lat="22.5593204" lon="113.9539296">
        <ele>9.494</ele>
        <time>2025-08-01T10:59:13Z</time>
      </trkpt>
      <trkpt lat="22.5592815" lon="113.9539272">
        <ele>10.706</ele>
        <time>2025-08-01T10:59:15Z</time>
      </trkpt>
      <trkpt lat="22.5592406" lon="113.9539264">
        <ele>9.708</ele>
        <time>2025-08-01T10:59:17Z</time>
      </trkpt>
      <trkpt lat="22.5591975" lon="113.9539259">
        <ele>10.597</ele>
        <time>2025-08-01T10:59:19Z</time>
      </trkpt>
      <trkpt lat="22.5591571" lon="113.9539248">
        <ele>11.097</ele>
        <time>2025-08-01T10:59:21Z</time>
      </trkpt>
      <trkpt lat="22.5591165" lon="113.9539219">
        <ele>10.05</ele>
        <time>2025-08-01T10:59:23Z</time>
      </trkpt>
      <trkpt lat="22.5590752" lon="113.9539213">
        <ele>9.08699</ele>
        <time>2025-08-01T10:59:25Z</time>
      </trkpt>
      <trkpt lat="22.559033" lon="113.9539219">
        <ele>9.17099</ele>
        <time>2025-08-01T10:59:27Z</time>
      </trkpt>
      <trkpt lat="22.5589911" lon="113.9539228">
        <ele>7.79799</ele>
        <time>2025-08-01T10:59:29Z</time>
      </trkpt>
      <trkpt lat="22.5589474" lon="113.9539237">
        <ele>6.459</ele>
        <time>2025-08-01T10:59:31Z</time>
      </trkpt>
      <trkpt lat="22.5589025" lon="113.9539234">
        <ele>8.34</ele>
        <time>2025-08-01T10:59:33Z</time>
      </trkpt>
      <trkpt lat="22.5588583" lon="113.9539239">
        <ele>9.324</ele>
        <time>2025-08-01T10:59:35Z</time>
      </trkpt>
      <trkpt lat="22.5588171" lon="113.9539211">
        <ele>10.314</ele>
        <time>2025-08-01T10:59:37Z</time>
      </trkpt>
      <trkpt lat="22.558776" lon="113.9539162">
        <ele>9.76799</ele>
        <time>2025-08-01T10:59:39Z</time>
      </trkpt>
      <trkpt lat="22.5587338" lon="113.953911">
        <ele>10.015</ele>
        <time>2025-08-01T10:59:41Z</time>
      </trkpt>
      <trkpt lat="22.5586932" lon="113.9539077">
        <ele>11.76299</ele>
        <time>2025-08-01T10:59:43Z</time>
      </trkpt>
      <trkpt lat="22.5586559" lon="113.9539031">
        <ele>13.432</ele>
        <time>2025-08-01T10:59:45Z</time>
      </trkpt>
      <trkpt lat="22.5586187" lon="113.9539007">
        <ele>13.265</ele>
        <time>2025-08-01T10:59:47Z</time>
      </trkpt>
      <trkpt lat="22.5585821" lon="113.9539007">
        <ele>13.168</ele>
        <time>2025-08-01T10:59:49Z</time>
      </trkpt>
      <trkpt lat="22.5585506" lon="113.9539028">
        <ele>13.72999</ele>
        <time>2025-08-01T10:59:51Z</time>
      </trkpt>
      <trkpt lat="22.5585185" lon="113.9539024">
        <ele>15.557</ele>
        <time>2025-08-01T10:59:53Z</time>
      </trkpt>
      <trkpt lat="22.5584853" lon="113.9539004">
        <ele>15.241</ele>
        <time>2025-08-01T10:59:55Z</time>
      </trkpt>
      <trkpt lat="22.5584485" lon="113.9538964">
        <ele>13.616</ele>
        <time>2025-08-01T10:59:57Z</time>
      </trkpt>
      <trkpt lat="22.5584078" lon="113.9538929">
        <ele>13.928</ele>
        <time>2025-08-01T10:59:59Z</time>
      </trkpt>
      <trkpt lat="22.5583609" lon="113.9538876">
        <ele>14.60499</ele>
        <time>2025-08-01T11:00:01Z</time>
      </trkpt>
      <trkpt lat="22.5583129" lon="113.9538852">
        <ele>14.218</ele>
        <time>2025-08-01T11:00:03Z</time>
      </trkpt>
      <trkpt lat="22.5582636" lon="113.9538838">
        <ele>14.51399</ele>
        <time>2025-08-01T11:00:05Z</time>
      </trkpt>
      <trkpt lat="22.5582146" lon="113.953881">
        <ele>15.26</ele>
        <time>2025-08-01T11:00:07Z</time>
      </trkpt>
      <trkpt lat="22.5581701" lon="113.9538764">
        <ele>12.58399</ele>
        <time>2025-08-01T11:00:09Z</time>
      </trkpt>
      <trkpt lat="22.5581288" lon="113.9538701">
        <ele>12.67</ele>
        <time>2025-08-01T11:00:11Z</time>
      </trkpt>
      <trkpt lat="22.5580876" lon="113.9538625">
        <ele>11.743</ele>
        <time>2025-08-01T11:00:13Z</time>
      </trkpt>
      <trkpt lat="22.5580463" lon="113.953855">
        <ele>11.578</ele>
        <time>2025-08-01T11:00:15Z</time>
      </trkpt>
      <trkpt lat="22.558008" lon="113.9538473">
        <ele>11.64599</ele>
        <time>2025-08-01T11:00:17Z</time>
      </trkpt>
      <trkpt lat="22.557969" lon="113.9538398">
        <ele>10.42</ele>
        <time>2025-08-01T11:00:19Z</time>
      </trkpt>
      <trkpt lat="22.5579281" lon="113.9538323">
        <ele>10.11699</ele>
        <time>2025-08-01T11:00:21Z</time>
      </trkpt>
      <trkpt lat="22.5578888" lon="113.9538229">
        <ele>8.776</ele>
        <time>2025-08-01T11:00:23Z</time>
      </trkpt>
      <trkpt lat="22.5578516" lon="113.9538119">
        <ele>8.78699</ele>
        <time>2025-08-01T11:00:25Z</time>
      </trkpt>
      <trkpt lat="22.5578132" lon="113.9538048">
        <ele>8.68099</ele>
        <time>2025-08-01T11:00:27Z</time>
      </trkpt>
      <trkpt lat="22.5577752" lon="113.9537997">
        <ele>7.88299</ele>
        <time>2025-08-01T11:00:29Z</time>
      </trkpt>
      <trkpt lat="22.557739" lon="113.9537953">
        <ele>6.412</ele>
        <time>2025-08-01T11:00:31Z</time>
      </trkpt>
      <trkpt lat="22.557702" lon="113.9537923">
        <ele>6.28299</ele>
        <time>2025-08-01T11:00:33Z</time>
      </trkpt>
      <trkpt lat="22.5576596" lon="113.9537909">
        <ele>6.42399</ele>
        <time>2025-08-01T11:00:35Z</time>
      </trkpt>
      <trkpt lat="22.5576151" lon="113.9537895">
        <ele>6.651</ele>
        <time>2025-08-01T11:00:37Z</time>
      </trkpt>
      <trkpt lat="22.5575709" lon="113.9537868">
        <ele>6.17199</ele>
        <time>2025-08-01T11:00:39Z</time>
      </trkpt>
      <trkpt lat="22.5575274" lon="113.9537848">
        <ele>6.20399</ele>
        <time>2025-08-01T11:00:41Z</time>
      </trkpt>
      <trkpt lat="22.5574844" lon="113.9537824">
        <ele>7.97599</ele>
        <time>2025-08-01T11:00:43Z</time>
      </trkpt>
      <trkpt lat="22.5574442" lon="113.9537804">
        <ele>9.67199</ele>
        <time>2025-08-01T11:00:46Z</time>
      </trkpt>
      <trkpt lat="22.5574096" lon="113.9537762">
        <ele>7.99399</ele>
        <time>2025-08-01T11:00:48Z</time>
      </trkpt>
      <trkpt lat="22.5573765" lon="113.953771">
        <ele>7.163</ele>
        <time>2025-08-01T11:00:50Z</time>
      </trkpt>
      <trkpt lat="22.5573455" lon="113.9537682">
        <ele>4.27899</ele>
        <time>2025-08-01T11:00:52Z</time>
      </trkpt>
      <trkpt lat="22.5573149" lon="113.9537695">
        <ele>2.41499</ele>
        <time>2025-08-01T11:00:54Z</time>
      </trkpt>
      <trkpt lat="22.557277" lon="113.9537779">
        <ele>3.944</ele>
        <time>2025-08-01T11:00:56Z</time>
      </trkpt>
      <trkpt lat="22.5572294" lon="113.9537886">
        <ele>5.01399</ele>
        <time>2025-08-01T11:00:58Z</time>
      </trkpt>
      <trkpt lat="22.5571759" lon="113.9537973">
        <ele>6.52899</ele>
        <time>2025-08-01T11:01:00Z</time>
      </trkpt>
      <trkpt lat="22.5571184" lon="113.9538031">
        <ele>7.473</ele>
        <time>2025-08-01T11:01:02Z</time>
      </trkpt>
      <trkpt lat="22.5570596" lon="113.9538047">
        <ele>9.78199</ele>
        <time>2025-08-01T11:01:04Z</time>
      </trkpt>
      <trkpt lat="22.5570074" lon="113.9537989">
        <ele>10.88899</ele>
        <time>2025-08-01T11:01:06Z</time>
      </trkpt>
      <trkpt lat="22.5569649" lon="113.9537923">
        <ele>10.75599</ele>
        <time>2025-08-01T11:01:08Z</time>
      </trkpt>
      <trkpt lat="22.5569296" lon="113.9537909">
        <ele>10.94799</ele>
        <time>2025-08-01T11:01:10Z</time>
      </trkpt>
      <trkpt lat="22.5568991" lon="113.9537942">
        <ele>10.255</ele>
        <time>2025-08-01T11:01:12Z</time>
      </trkpt>
      <trkpt lat="22.5568694" lon="113.9537991">
        <ele>12.217</ele>
        <time>2025-08-01T11:01:14Z</time>
      </trkpt>
      <trkpt lat="22.5568398" lon="113.9538016">
        <ele>11.642</ele>
        <time>2025-08-01T11:01:16Z</time>
      </trkpt>
      <trkpt lat="22.5568046" lon="113.9538048">
        <ele>13.534</ele>
        <time>2025-08-01T11:01:18Z</time>
      </trkpt>
      <trkpt lat="22.5567715" lon="113.9538065">
        <ele>13.288</ele>
        <time>2025-08-01T11:01:20Z</time>
      </trkpt>
      <trkpt lat="22.5567375" lon="113.953808">
        <ele>12.975</ele>
        <time>2025-08-01T11:01:22Z</time>
      </trkpt>
      <trkpt lat="22.5567053" lon="113.9538138">
        <ele>12.734</ele>
        <time>2025-08-01T11:01:30Z</time>
      </trkpt>
      <trkpt lat="22.5566733" lon="113.9538219">
        <ele>11.064</ele>
        <time>2025-08-01T11:01:32Z</time>
      </trkpt>
      <trkpt lat="22.5566401" lon="113.9538347">
        <ele>9.63</ele>
        <time>2025-08-01T11:01:34Z</time>
      </trkpt>
      <trkpt lat="22.5566002" lon="113.9538493">
        <ele>7.66099</ele>
        <time>2025-08-01T11:01:36Z</time>
      </trkpt>
      <trkpt lat="22.556554" lon="113.9538583">
        <ele>6.53</ele>
        <time>2025-08-01T11:01:38Z</time>
      </trkpt>
      <trkpt lat="22.5565007" lon="113.9538617">
        <ele>6.41499</ele>
        <time>2025-08-01T11:01:40Z</time>
      </trkpt>
      <trkpt lat="22.5564382" lon="113.9538668">
        <ele>5.39099</ele>
        <time>2025-08-01T11:01:42Z</time>
      </trkpt>
      <trkpt lat="22.5563766" lon="113.9538697">
        <ele>2.167</ele>
        <time>2025-08-01T11:01:44Z</time>
      </trkpt>
      <trkpt lat="22.5563151" lon="113.9538716">
        <ele>-2.815</ele>
        <time>2025-08-01T11:01:46Z</time>
      </trkpt>
      <trkpt lat="22.5562548" lon="113.9538743">
        <ele>-5.04099</ele>
        <time>2025-08-01T11:01:48Z</time>
      </trkpt>
      <trkpt lat="22.5561968" lon="113.9538722">
        <ele>-4.57899</ele>
        <time>2025-08-01T11:01:50Z</time>
      </trkpt>
      <trkpt lat="22.5561427" lon="113.9538693">
        <ele>-0.999</ele>
        <time>2025-08-01T11:01:52Z</time>
      </trkpt>
      <trkpt lat="22.5560861" lon="113.9538632">
        <ele>1.273</ele>
        <time>2025-08-01T11:01:54Z</time>
      </trkpt>
      <trkpt lat="22.5560249" lon="113.9538561">
        <ele>3.23</ele>
        <time>2025-08-01T11:01:56Z</time>
      </trkpt>
      <trkpt lat="22.5559621" lon="113.9538516">
        <ele>4.02899</ele>
        <time>2025-08-01T11:01:58Z</time>
      </trkpt>
      <trkpt lat="22.5558996" lon="113.9538531">
        <ele>3.91599</ele>
        <time>2025-08-01T11:02:00Z</time>
      </trkpt>
      <trkpt lat="22.5558414" lon="113.9538558">
        <ele>4.085</ele>
        <time>2025-08-01T11:02:02Z</time>
      </trkpt>
      <trkpt lat="22.5557888" lon="113.9538612">
        <ele>4.642</ele>
        <time>2025-08-01T11:02:04Z</time>
      </trkpt>
      <trkpt lat="22.5557424" lon="113.9538713">
        <ele>5.78999</ele>
        <time>2025-08-01T11:02:06Z</time>
      </trkpt>
      <trkpt lat="22.5557001" lon="113.9538855">
        <ele>5.966</ele>
        <time>2025-08-01T11:02:08Z</time>
      </trkpt>
      <trkpt lat="22.5556634" lon="113.9539069">
        <ele>7.24399</ele>
        <time>2025-08-01T11:02:10Z</time>
      </trkpt>
      <trkpt lat="22.555634" lon="113.9539323">
        <ele>8.06299</ele>
        <time>2025-08-01T11:02:12Z</time>
      </trkpt>
      <trkpt lat="22.5556095" lon="113.9539628">
        <ele>9.63399</ele>
        <time>2025-08-01T11:02:14Z</time>
      </trkpt>
      <trkpt lat="22.5555889" lon="113.9539955">
        <ele>8.72</ele>
        <time>2025-08-01T11:02:16Z</time>
      </trkpt>
      <trkpt lat="22.5555707" lon="113.954032">
        <ele>6.399</ele>
        <time>2025-08-01T11:02:18Z</time>
      </trkpt>
      <trkpt lat="22.5555536" lon="113.9540691">
        <ele>7.743</ele>
        <time>2025-08-01T11:02:20Z</time>
      </trkpt>
      <trkpt lat="22.5555364" lon="113.9541074">
        <ele>7.149</ele>
        <time>2025-08-01T11:02:22Z</time>
      </trkpt>
      <trkpt lat="22.5555176" lon="113.9541454">
        <ele>8.97299</ele>
        <time>2025-08-01T11:02:24Z</time>
      </trkpt>
      <trkpt lat="22.5554986" lon="113.9541806">
        <ele>8.23999</ele>
        <time>2025-08-01T11:02:26Z</time>
      </trkpt>
      <trkpt lat="22.5554796" lon="113.9542147">
        <ele>7.84299</ele>
        <time>2025-08-01T11:02:28Z</time>
      </trkpt>
      <trkpt lat="22.5554585" lon="113.9542495">
        <ele>7.979</ele>
        <time>2025-08-01T11:02:30Z</time>
      </trkpt>
      <trkpt lat="22.555436" lon="113.9542759">
        <ele>9.288</ele>
        <time>2025-08-01T11:02:32Z</time>
      </trkpt>
      <trkpt lat="22.5554095" lon="113.9542916">
        <ele>10.09899</ele>
        <time>2025-08-01T11:02:34Z</time>
      </trkpt>
      <trkpt lat="22.5553769" lon="113.9543072">
        <ele>9.98299</ele>
        <time>2025-08-01T11:02:37Z</time>
      </trkpt>
      <trkpt lat="22.5553384" lon="113.954321">
        <ele>8.66399</ele>
        <time>2025-08-01T11:02:39Z</time>
      </trkpt>
      <trkpt lat="22.555291" lon="113.9543325">
        <ele>6.977</ele>
        <time>2025-08-01T11:02:41Z</time>
      </trkpt>
      <trkpt lat="22.555237" lon="113.9543475">
        <ele>6.32399</ele>
        <time>2025-08-01T11:02:43Z</time>
      </trkpt>
      <trkpt lat="22.5551839" lon="113.9543674">
        <ele>6.61299</ele>
        <time>2025-08-01T11:02:45Z</time>
      </trkpt>
      <trkpt lat="22.5551341" lon="113.9543811">
        <ele>10.51299</ele>
        <time>2025-08-01T11:02:47Z</time>
      </trkpt>
      <trkpt lat="22.555089" lon="113.9543904">
        <ele>11.65299</ele>
        <time>2025-08-01T11:02:49Z</time>
      </trkpt>
      <trkpt lat="22.5550528" lon="113.9543938">
        <ele>10.949</ele>
        <time>2025-08-01T11:02:51Z</time>
      </trkpt>
      <trkpt lat="22.5550214" lon="113.9543957">
        <ele>9.026</ele>
        <time>2025-08-01T11:02:53Z</time>
      </trkpt>
      <trkpt lat="22.5549898" lon="113.954395">
        <ele>6.32899</ele>
        <time>2025-08-01T11:02:55Z</time>
      </trkpt>
      <trkpt lat="22.5549528" lon="113.9543937">
        <ele>4.788</ele>
        <time>2025-08-01T11:02:57Z</time>
      </trkpt>
      <trkpt lat="22.5549093" lon="113.9543928">
        <ele>4.571</ele>
        <time>2025-08-01T11:02:59Z</time>
      </trkpt>
      <trkpt lat="22.5548638" lon="113.9543951">
        <ele>3.618</ele>
        <time>2025-08-01T11:03:01Z</time>
      </trkpt>
      <trkpt lat="22.554815" lon="113.9544044">
        <ele>4.366</ele>
        <time>2025-08-01T11:03:03Z</time>
      </trkpt>
      <trkpt lat="22.5547662" lon="113.9544219">
        <ele>3.348</ele>
        <time>2025-08-01T11:03:05Z</time>
      </trkpt>
      <trkpt lat="22.5547224" lon="113.954447">
        <ele>3.92799</ele>
        <time>2025-08-01T11:03:07Z</time>
      </trkpt>
      <trkpt lat="22.5546845" lon="113.9544746">
        <ele>3.41599</ele>
        <time>2025-08-01T11:03:09Z</time>
      </trkpt>
      <trkpt lat="22.5546491" lon="113.9545068">
        <ele>3.614</ele>
        <time>2025-08-01T11:03:11Z</time>
      </trkpt>
      <trkpt lat="22.5546186" lon="113.9545358">
        <ele>4.54799</ele>
        <time>2025-08-01T11:03:13Z</time>
      </trkpt>
      <trkpt lat="22.554587" lon="113.9545618">
        <ele>5.491</ele>
        <time>2025-08-01T11:03:15Z</time>
      </trkpt>
      <trkpt lat="22.5545575" lon="113.9545907">
        <ele>4.235</ele>
        <time>2025-08-01T11:03:17Z</time>
      </trkpt>
      <trkpt lat="22.5545259" lon="113.9546226">
        <ele>3.26099</ele>
        <time>2025-08-01T11:03:19Z</time>
      </trkpt>
      <trkpt lat="22.5544913" lon="113.9546515">
        <ele>4.63999</ele>
        <time>2025-08-01T11:03:21Z</time>
      </trkpt>
      <trkpt lat="22.554455" lon="113.9546804">
        <ele>6.394</ele>
        <time>2025-08-01T11:03:23Z</time>
      </trkpt>
      <trkpt lat="22.5544201" lon="113.9547081">
        <ele>6.032</ele>
        <time>2025-08-01T11:03:25Z</time>
      </trkpt>
      <trkpt lat="22.5543796" lon="113.9547359">
        <ele>4.00699</ele>
        <time>2025-08-01T11:03:27Z</time>
      </trkpt>
      <trkpt lat="22.5543403" lon="113.9547634">
        <ele>3.792</ele>
        <time>2025-08-01T11:03:30Z</time>
      </trkpt>
      <trkpt lat="22.5543032" lon="113.9547918">
        <ele>4.776</ele>
        <time>2025-08-01T11:03:32Z</time>
      </trkpt>
      <trkpt lat="22.5542637" lon="113.9548211">
        <ele>5.67999</ele>
        <time>2025-08-01T11:03:34Z</time>
      </trkpt>
      <trkpt lat="22.5542213" lon="113.9548519">
        <ele>5.466</ele>
        <time>2025-08-01T11:03:36Z</time>
      </trkpt>
      <trkpt lat="22.5541818" lon="113.9548773">
        <ele>6.926</ele>
        <time>2025-08-01T11:03:38Z</time>
      </trkpt>
      <trkpt lat="22.5541417" lon="113.9549007">
        <ele>7.21199</ele>
        <time>2025-08-01T11:03:40Z</time>
      </trkpt>
      <trkpt lat="22.5540986" lon="113.9549253">
        <ele>5.794</ele>
        <time>2025-08-01T11:03:42Z</time>
      </trkpt>
      <trkpt lat="22.5540533" lon="113.9549505">
        <ele>5.326</ele>
        <time>2025-08-01T11:03:44Z</time>
      </trkpt>
      <trkpt lat="22.5540131" lon="113.9549777">
        <ele>6.62699</ele>
        <time>2025-08-01T11:03:46Z</time>
      </trkpt>
      <trkpt lat="22.5539781" lon="113.9550061">
        <ele>7.03</ele>
        <time>2025-08-01T11:03:48Z</time>
      </trkpt>
      <trkpt lat="22.5539459" lon="113.955036">
        <ele>7.16099</ele>
        <time>2025-08-01T11:03:50Z</time>
      </trkpt>
      <trkpt lat="22.5539181" lon="113.9550649">
        <ele>9.14999</ele>
        <time>2025-08-01T11:03:52Z</time>
      </trkpt>
      <trkpt lat="22.5538958" lon="113.9550925">
        <ele>8.994</ele>
        <time>2025-08-01T11:03:54Z</time>
      </trkpt>
      <trkpt lat="22.5538729" lon="113.9551168">
        <ele>9</ele>
        <time>2025-08-01T11:03:56Z</time>
      </trkpt>
      <trkpt lat="22.5538454" lon="113.9551376">
        <ele>8.79599</ele>
        <time>2025-08-01T11:03:58Z</time>
      </trkpt>
      <trkpt lat="22.5538173" lon="113.9551546">
        <ele>9.84099</ele>
        <time>2025-08-01T11:04:00Z</time>
      </trkpt>
      <trkpt lat="22.5537887" lon="113.9551733">
        <ele>6.25699</ele>
        <time>2025-08-01T11:04:02Z</time>
      </trkpt>
      <trkpt lat="22.5537579" lon="113.9551937">
        <ele>3.437</ele>
        <time>2025-08-01T11:04:04Z</time>
      </trkpt>
      <trkpt lat="22.5537259" lon="113.9552185">
        <ele>2.38</ele>
        <time>2025-08-01T11:04:06Z</time>
      </trkpt>
      <trkpt lat="22.5536955" lon="113.9552486">
        <ele>2.075</ele>
        <time>2025-08-01T11:04:08Z</time>
      </trkpt>
      <trkpt lat="22.5536634" lon="113.9552805">
        <ele>2.545</ele>
        <time>2025-08-01T11:04:10Z</time>
      </trkpt>
      <trkpt lat="22.5536282" lon="113.9553032">
        <ele>2.06699</ele>
        <time>2025-08-01T11:04:12Z</time>
      </trkpt>
      <trkpt lat="22.5535926" lon="113.9553217">
        <ele>0.805</ele>
        <time>2025-08-01T11:04:14Z</time>
      </trkpt>
      <trkpt lat="22.5535567" lon="113.9553334">
        <ele>0.26899</ele>
        <time>2025-08-01T11:04:16Z</time>
      </trkpt>
      <trkpt lat="22.553519" lon="113.955341">
        <ele>-0.119</ele>
        <time>2025-08-01T11:04:18Z</time>
      </trkpt>
      <trkpt lat="22.55348" lon="113.9553508">
        <ele>0.59399</ele>
        <time>2025-08-01T11:04:20Z</time>
      </trkpt>
      <trkpt lat="22.5534386" lon="113.9553694">
        <ele>1.07</ele>
        <time>2025-08-01T11:04:22Z</time>
      </trkpt>
      <trkpt lat="22.5533956" lon="113.9553883">
        <ele>3.068</ele>
        <time>2025-08-01T11:04:24Z</time>
      </trkpt>
      <trkpt lat="22.5533521" lon="113.9554071">
        <ele>4.67899</ele>
        <time>2025-08-01T11:04:26Z</time>
      </trkpt>
      <trkpt lat="22.5533089" lon="113.9554256">
        <ele>3.51699</ele>
        <time>2025-08-01T11:04:28Z</time>
      </trkpt>
      <trkpt lat="22.5532677" lon="113.9554401">
        <ele>3.85899</ele>
        <time>2025-08-01T11:04:30Z</time>
      </trkpt>
      <trkpt lat="22.5532282" lon="113.9554511">
        <ele>3.535</ele>
        <time>2025-08-01T11:04:32Z</time>
      </trkpt>
      <trkpt lat="22.5531902" lon="113.9554648">
        <ele>3.299</ele>
        <time>2025-08-01T11:04:34Z</time>
      </trkpt>
      <trkpt lat="22.5531529" lon="113.9554824">
        <ele>3.015</ele>
        <time>2025-08-01T11:04:36Z</time>
      </trkpt>
      <trkpt lat="22.5531172" lon="113.9555021">
        <ele>3.301</ele>
        <time>2025-08-01T11:04:38Z</time>
      </trkpt>
      <trkpt lat="22.5530833" lon="113.9555253">
        <ele>4.11499</ele>
        <time>2025-08-01T11:04:40Z</time>
      </trkpt>
      <trkpt lat="22.5530537" lon="113.9555499">
        <ele>4.44899</ele>
        <time>2025-08-01T11:04:42Z</time>
      </trkpt>
      <trkpt lat="22.5530261" lon="113.9555754">
        <ele>3.194</ele>
        <time>2025-08-01T11:04:44Z</time>
      </trkpt>
      <trkpt lat="22.5529986" lon="113.9555996">
        <ele>2.312</ele>
        <time>2025-08-01T11:04:46Z</time>
      </trkpt>
      <trkpt lat="22.5529683" lon="113.955624">
        <ele>1.34599</ele>
        <time>2025-08-01T11:04:48Z</time>
      </trkpt>
      <trkpt lat="22.552935" lon="113.9556483">
        <ele>1.28299</ele>
        <time>2025-08-01T11:04:50Z</time>
      </trkpt>
      <trkpt lat="22.552899" lon="113.9556728">
        <ele>1.197</ele>
        <time>2025-08-01T11:04:52Z</time>
      </trkpt>
      <trkpt lat="22.5528614" lon="113.9556953">
        <ele>1.53699</ele>
        <time>2025-08-01T11:04:54Z</time>
      </trkpt>
      <trkpt lat="22.5528243" lon="113.9557186">
        <ele>2.403</ele>
        <time>2025-08-01T11:04:56Z</time>
      </trkpt>
      <trkpt lat="22.5527894" lon="113.955743">
        <ele>3.19</ele>
        <time>2025-08-01T11:04:58Z</time>
      </trkpt>
      <trkpt lat="22.5527571" lon="113.9557671">
        <ele>3.81699</ele>
        <time>2025-08-01T11:05:00Z</time>
      </trkpt>
      <trkpt lat="22.5527237" lon="113.9557908">
        <ele>5.135</ele>
        <time>2025-08-01T11:05:02Z</time>
      </trkpt>
      <trkpt lat="22.5526886" lon="113.955815">
        <ele>5.913</ele>
        <time>2025-08-01T11:05:04Z</time>
      </trkpt>
      <trkpt lat="22.552651" lon="113.955837">
        <ele>6.97499</ele>
        <time>2025-08-01T11:05:06Z</time>
      </trkpt>
      <trkpt lat="22.5526125" lon="113.9558563">
        <ele>7.589</ele>
        <time>2025-08-01T11:05:08Z</time>
      </trkpt>
      <trkpt lat="22.5525741" lon="113.955874">
        <ele>7.005</ele>
        <time>2025-08-01T11:05:10Z</time>
      </trkpt>
      <trkpt lat="22.5525375" lon="113.9558904">
        <ele>7.23199</ele>
        <time>2025-08-01T11:05:12Z</time>
      </trkpt>
      <trkpt lat="22.5525038" lon="113.9559047">
        <ele>7.642</ele>
        <time>2025-08-01T11:05:14Z</time>
      </trkpt>
      <trkpt lat="22.552471" lon="113.9559209">
        <ele>7.866</ele>
        <time>2025-08-01T11:05:16Z</time>
      </trkpt>
      <trkpt lat="22.5524385" lon="113.9559388">
        <ele>7.071</ele>
        <time>2025-08-01T11:05:18Z</time>
      </trkpt>
      <trkpt lat="22.5524056" lon="113.9559559">
        <ele>7.938</ele>
        <time>2025-08-01T11:05:20Z</time>
      </trkpt>
      <trkpt lat="22.552372" lon="113.9559731">
        <ele>7.56599</ele>
        <time>2025-08-01T11:05:22Z</time>
      </trkpt>
      <trkpt lat="22.5523382" lon="113.9559936">
        <ele>5.839</ele>
        <time>2025-08-01T11:05:24Z</time>
      </trkpt>
      <trkpt lat="22.5523066" lon="113.9560152">
        <ele>5.96099</ele>
        <time>2025-08-01T11:05:26Z</time>
      </trkpt>
      <trkpt lat="22.5522739" lon="113.9560351">
        <ele>5.806</ele>
        <time>2025-08-01T11:05:28Z</time>
      </trkpt>
      <trkpt lat="22.5522403" lon="113.9560548">
        <ele>5.971</ele>
        <time>2025-08-01T11:05:30Z</time>
      </trkpt>
      <trkpt lat="22.5522077" lon="113.9560737">
        <ele>5.10099</ele>
        <time>2025-08-01T11:05:32Z</time>
      </trkpt>
      <trkpt lat="22.5521743" lon="113.9560905">
        <ele>4.906</ele>
        <time>2025-08-01T11:05:34Z</time>
      </trkpt>
      <trkpt lat="22.5521373" lon="113.9561049">
        <ele>4.28999</ele>
        <time>2025-08-01T11:05:36Z</time>
      </trkpt>
      <trkpt lat="22.5521001" lon="113.9561195">
        <ele>4.822</ele>
        <time>2025-08-01T11:05:38Z</time>
      </trkpt>
      <trkpt lat="22.552063" lon="113.956135">
        <ele>4.42399</ele>
        <time>2025-08-01T11:05:40Z</time>
      </trkpt>
      <trkpt lat="22.5520253" lon="113.9561511">
        <ele>4.427</ele>
        <time>2025-08-01T11:05:42Z</time>
      </trkpt>
      <trkpt lat="22.5519882" lon="113.9561666">
        <ele>5.22399</ele>
        <time>2025-08-01T11:05:44Z</time>
      </trkpt>
      <trkpt lat="22.5519539" lon="113.9561819">
        <ele>4.89599</ele>
        <time>2025-08-01T11:05:46Z</time>
      </trkpt>
      <trkpt lat="22.5519217" lon="113.9561974">
        <ele>4.76</ele>
        <time>2025-08-01T11:05:48Z</time>
      </trkpt>
      <trkpt lat="22.5518896" lon="113.9562123">
        <ele>4.65199</ele>
        <time>2025-08-01T11:05:50Z</time>
      </trkpt>
      <trkpt lat="22.5518581" lon="113.9562263">
        <ele>4.584</ele>
        <time>2025-08-01T11:05:52Z</time>
      </trkpt>
      <trkpt lat="22.5518257" lon="113.9562409">
        <ele>5.025</ele>
        <time>2025-08-01T11:05:54Z</time>
      </trkpt>
      <trkpt lat="22.5517908" lon="113.9562551">
        <ele>4.56899</ele>
        <time>2025-08-01T11:05:56Z</time>
      </trkpt>
      <trkpt lat="22.551755" lon="113.9562687">
        <ele>5.202</ele>
        <time>2025-08-01T11:05:58Z</time>
      </trkpt>
      <trkpt lat="22.5517181" lon="113.9562811">
        <ele>4.644</ele>
        <time>2025-08-01T11:06:00Z</time>
      </trkpt>
      <trkpt lat="22.5516796" lon="113.9562933">
        <ele>3.772</ele>
        <time>2025-08-01T11:06:02Z</time>
      </trkpt>
      <trkpt lat="22.5516403" lon="113.9563068">
        <ele>3.065</ele>
        <time>2025-08-01T11:06:04Z</time>
      </trkpt>
      <trkpt lat="22.5516016" lon="113.9563205">
        <ele>2.82399</ele>
        <time>2025-08-01T11:06:06Z</time>
      </trkpt>
      <trkpt lat="22.5515616" lon="113.9563342">
        <ele>1.225</ele>
        <time>2025-08-01T11:06:08Z</time>
      </trkpt>
      <trkpt lat="22.5515222" lon="113.9563492">
        <ele>1.98599</ele>
        <time>2025-08-01T11:06:10Z</time>
      </trkpt>
      <trkpt lat="22.551485" lon="113.9563637">
        <ele>2.614</ele>
        <time>2025-08-01T11:06:12Z</time>
      </trkpt>
      <trkpt lat="22.5514505" lon="113.9563767">
        <ele>3.15899</ele>
        <time>2025-08-01T11:06:14Z</time>
      </trkpt>
      <trkpt lat="22.5514161" lon="113.9563903">
        <ele>2.25099</ele>
        <time>2025-08-01T11:06:16Z</time>
      </trkpt>
      <trkpt lat="22.5513801" lon="113.9564032">
        <ele>1.05299</ele>
        <time>2025-08-01T11:06:18Z</time>
      </trkpt>
      <trkpt lat="22.5513411" lon="113.956415">
        <ele>2.104</ele>
        <time>2025-08-01T11:06:20Z</time>
      </trkpt>
      <trkpt lat="22.5512996" lon="113.9564272">
        <ele>2.37299</ele>
        <time>2025-08-01T11:06:22Z</time>
      </trkpt>
      <trkpt lat="22.5512559" lon="113.9564384">
        <ele>3.361</ele>
        <time>2025-08-01T11:06:24Z</time>
      </trkpt>
      <trkpt lat="22.5512111" lon="113.9564464">
        <ele>4.385</ele>
        <time>2025-08-01T11:06:26Z</time>
      </trkpt>
      <trkpt lat="22.5511673" lon="113.9564535">
        <ele>3.322</ele>
        <time>2025-08-01T11:06:28Z</time>
      </trkpt>
      <trkpt lat="22.5511262" lon="113.9564591">
        <ele>3.41599</ele>
        <time>2025-08-01T11:06:30Z</time>
      </trkpt>
      <trkpt lat="22.5510873" lon="113.9564648">
        <ele>2.98399</ele>
        <time>2025-08-01T11:06:32Z</time>
      </trkpt>
      <trkpt lat="22.5510476" lon="113.956468">
        <ele>1.45099</ele>
        <time>2025-08-01T11:06:34Z</time>
      </trkpt>
      <trkpt lat="22.5510098" lon="113.9564719">
        <ele>1.95799</ele>
        <time>2025-08-01T11:06:36Z</time>
      </trkpt>
      <trkpt lat="22.5509717" lon="113.9564755">
        <ele>0.53399</ele>
        <time>2025-08-01T11:06:38Z</time>
      </trkpt>
      <trkpt lat="22.5509326" lon="113.9564809">
        <ele>-0.83399</ele>
        <time>2025-08-01T11:06:40Z</time>
      </trkpt>
      <trkpt lat="22.5508905" lon="113.9564845">
        <ele>-0.231</ele>
        <time>2025-08-01T11:06:42Z</time>
      </trkpt>
      <trkpt lat="22.5508485" lon="113.9564895">
        <ele>-0.80599</ele>
        <time>2025-08-01T11:06:44Z</time>
      </trkpt>
      <trkpt lat="22.5508047" lon="113.9564945">
        <ele>-1.248</ele>
        <time>2025-08-01T11:06:46Z</time>
      </trkpt>
      <trkpt lat="22.5507592" lon="113.9564985">
        <ele>-1.94299</ele>
        <time>2025-08-01T11:06:48Z</time>
      </trkpt>
      <trkpt lat="22.5507129" lon="113.9565051">
        <ele>-1.73099</ele>
        <time>2025-08-01T11:06:50Z</time>
      </trkpt>
      <trkpt lat="22.5506658" lon="113.956514">
        <ele>-0.34099</ele>
        <time>2025-08-01T11:06:52Z</time>
      </trkpt>
      <trkpt lat="22.5506168" lon="113.9565228">
        <ele>0.442</ele>
        <time>2025-08-01T11:06:54Z</time>
      </trkpt>
      <trkpt lat="22.5505693" lon="113.9565303">
        <ele>1.559</ele>
        <time>2025-08-01T11:06:56Z</time>
      </trkpt>
      <trkpt lat="22.5505246" lon="113.9565379">
        <ele>3.039</ele>
        <time>2025-08-01T11:06:58Z</time>
      </trkpt>
      <trkpt lat="22.5504812" lon="113.9565423">
        <ele>2.726</ele>
        <time>2025-08-01T11:07:00Z</time>
      </trkpt>
      <trkpt lat="22.5504396" lon="113.9565452">
        <ele>3.18199</ele>
        <time>2025-08-01T11:07:02Z</time>
      </trkpt>
      <trkpt lat="22.5503997" lon="113.956548">
        <ele>3.23</ele>
        <time>2025-08-01T11:07:04Z</time>
      </trkpt>
      <trkpt lat="22.5503589" lon="113.9565515">
        <ele>3.694</ele>
        <time>2025-08-01T11:07:06Z</time>
      </trkpt>
      <trkpt lat="22.5503185" lon="113.9565546">
        <ele>2.49</ele>
        <time>2025-08-01T11:07:08Z</time>
      </trkpt>
      <trkpt lat="22.550279" lon="113.9565563">
        <ele>2.38199</ele>
        <time>2025-08-01T11:07:10Z</time>
      </trkpt>
      <trkpt lat="22.5502396" lon="113.9565541">
        <ele>1.286</ele>
        <time>2025-08-01T11:07:12Z</time>
      </trkpt>
      <trkpt lat="22.5501999" lon="113.9565479">
        <ele>1.643</ele>
        <time>2025-08-01T11:07:14Z</time>
      </trkpt>
      <trkpt lat="22.5501606" lon="113.9565444">
        <ele>1.00999</ele>
        <time>2025-08-01T11:07:16Z</time>
      </trkpt>
      <trkpt lat="22.5501216" lon="113.9565431">
        <ele>0.17599</ele>
        <time>2025-08-01T11:07:18Z</time>
      </trkpt>
      <trkpt lat="22.550083" lon="113.9565418">
        <ele>-0.21899</ele>
        <time>2025-08-01T11:07:20Z</time>
      </trkpt>
      <trkpt lat="22.550044" lon="113.9565438">
        <ele>-0.841</ele>
        <time>2025-08-01T11:07:22Z</time>
      </trkpt>
      <trkpt lat="22.5500057" lon="113.9565512">
        <ele>-1.001</ele>
        <time>2025-08-01T11:07:24Z</time>
      </trkpt>
      <trkpt lat="22.5499674" lon="113.9565536">
        <ele>-0.23999</ele>
        <time>2025-08-01T11:07:26Z</time>
      </trkpt>
      <trkpt lat="22.5499265" lon="113.956553">
        <ele>-0.11599</ele>
        <time>2025-08-01T11:07:28Z</time>
      </trkpt>
      <trkpt lat="22.5498843" lon="113.956552">
        <ele>1.48399</ele>
        <time>2025-08-01T11:07:30Z</time>
      </trkpt>
      <trkpt lat="22.5498437" lon="113.9565494">
        <ele>1.64499</ele>
        <time>2025-08-01T11:07:32Z</time>
      </trkpt>
      <trkpt lat="22.5498031" lon="113.9565463">
        <ele>2.15499</ele>
        <time>2025-08-01T11:07:34Z</time>
      </trkpt>
      <trkpt lat="22.5497629" lon="113.9565445">
        <ele>1.669</ele>
        <time>2025-08-01T11:07:36Z</time>
      </trkpt>
      <trkpt lat="22.5497255" lon="113.9565424">
        <ele>0.54199</ele>
        <time>2025-08-01T11:07:38Z</time>
      </trkpt>
      <trkpt lat="22.5496881" lon="113.9565383">
        <ele>1.718</ele>
        <time>2025-08-01T11:07:40Z</time>
      </trkpt>
      <trkpt lat="22.5496499" lon="113.9565351">
        <ele>2.99</ele>
        <time>2025-08-01T11:07:42Z</time>
      </trkpt>
      <trkpt lat="22.5496133" lon="113.956531">
        <ele>4.51</ele>
        <time>2025-08-01T11:07:44Z</time>
      </trkpt>
      <trkpt lat="22.5495759" lon="113.9565266">
        <ele>5.51</ele>
        <time>2025-08-01T11:07:46Z</time>
      </trkpt>
      <trkpt lat="22.5495366" lon="113.9565241">
        <ele>5.032</ele>
        <time>2025-08-01T11:07:48Z</time>
      </trkpt>
      <trkpt lat="22.5494969" lon="113.9565232">
        <ele>5.86399</ele>
        <time>2025-08-01T11:07:50Z</time>
      </trkpt>
      <trkpt lat="22.5494569" lon="113.9565209">
        <ele>7.50699</ele>
        <time>2025-08-01T11:07:52Z</time>
      </trkpt>
      <trkpt lat="22.5494158" lon="113.956517">
        <ele>8.583</ele>
        <time>2025-08-01T11:07:54Z</time>
      </trkpt>
      <trkpt lat="22.5493744" lon="113.9565102">
        <ele>6.643</ele>
        <time>2025-08-01T11:07:56Z</time>
      </trkpt>
      <trkpt lat="22.5493338" lon="113.9565036">
        <ele>5.335</ele>
        <time>2025-08-01T11:07:58Z</time>
      </trkpt>
      <trkpt lat="22.549292" lon="113.9564961">
        <ele>5.861</ele>
        <time>2025-08-01T11:08:00Z</time>
      </trkpt>
      <trkpt lat="22.5492508" lon="113.9564861">
        <ele>5.43499</ele>
        <time>2025-08-01T11:08:02Z</time>
      </trkpt>
      <trkpt lat="22.5492077" lon="113.9564749">
        <ele>5.13399</ele>
        <time>2025-08-01T11:08:04Z</time>
      </trkpt>
      <trkpt lat="22.5491647" lon="113.9564629">
        <ele>5.577</ele>
        <time>2025-08-01T11:08:06Z</time>
      </trkpt>
      <trkpt lat="22.5491202" lon="113.9564456">
        <ele>6.926</ele>
        <time>2025-08-01T11:08:08Z</time>
      </trkpt>
      <trkpt lat="22.5490766" lon="113.9564259">
        <ele>6.48899</ele>
        <time>2025-08-01T11:08:10Z</time>
      </trkpt>
      <trkpt lat="22.5490317" lon="113.9564075">
        <ele>5.31899</ele>
        <time>2025-08-01T11:08:12Z</time>
      </trkpt>
      <trkpt lat="22.5489883" lon="113.95639">
        <ele>5.413</ele>
        <time>2025-08-01T11:08:14Z</time>
      </trkpt>
      <trkpt lat="22.5489455" lon="113.9563762">
        <ele>6.40799</ele>
        <time>2025-08-01T11:08:16Z</time>
      </trkpt>
      <trkpt lat="22.5489051" lon="113.9563659">
        <ele>6.96</ele>
        <time>2025-08-01T11:08:18Z</time>
      </trkpt>
      <trkpt lat="22.5488658" lon="113.9563592">
        <ele>7.17799</ele>
        <time>2025-08-01T11:08:20Z</time>
      </trkpt>
      <trkpt lat="22.5488325" lon="113.9563546">
        <ele>6.93599</ele>
        <time>2025-08-01T11:08:22Z</time>
      </trkpt>
      <trkpt lat="22.5488003" lon="113.956349">
        <ele>6.70599</ele>
        <time>2025-08-01T11:08:24Z</time>
      </trkpt>
      <trkpt lat="22.5487693" lon="113.9563411">
        <ele>6.907</ele>
        <time>2025-08-01T11:08:26Z</time>
      </trkpt>
      <trkpt lat="22.5487382" lon="113.9563339">
        <ele>6.03299</ele>
        <time>2025-08-01T11:08:28Z</time>
      </trkpt>
      <trkpt lat="22.548708" lon="113.9563261">
        <ele>3.051</ele>
        <time>2025-08-01T11:08:30Z</time>
      </trkpt>
      <trkpt lat="22.5486728" lon="113.9563173">
        <ele>3.98699</ele>
        <time>2025-08-01T11:08:32Z</time>
      </trkpt>
      <trkpt lat="22.5486366" lon="113.9563088">
        <ele>3.048</ele>
        <time>2025-08-01T11:08:34Z</time>
      </trkpt>
      <trkpt lat="22.5485969" lon="113.9562996">
        <ele>2.02999</ele>
        <time>2025-08-01T11:08:36Z</time>
      </trkpt>
      <trkpt lat="22.5485568" lon="113.9562876">
        <ele>1.93099</ele>
        <time>2025-08-01T11:08:38Z</time>
      </trkpt>
      <trkpt lat="22.5485169" lon="113.9562739">
        <ele>2.89299</ele>
        <time>2025-08-01T11:08:40Z</time>
      </trkpt>
      <trkpt lat="22.5484758" lon="113.9562583">
        <ele>2.775</ele>
        <time>2025-08-01T11:08:42Z</time>
      </trkpt>
      <trkpt lat="22.5484352" lon="113.9562421">
        <ele>3.11199</ele>
        <time>2025-08-01T11:08:44Z</time>
      </trkpt>
      <trkpt lat="22.5483978" lon="113.9562262">
        <ele>3.76699</ele>
        <time>2025-08-01T11:08:46Z</time>
      </trkpt>
      <trkpt lat="22.5483617" lon="113.9562129">
        <ele>2.79299</ele>
        <time>2025-08-01T11:08:48Z</time>
      </trkpt>
      <trkpt lat="22.5483273" lon="113.9562021">
        <ele>3.697</ele>
        <time>2025-08-01T11:08:50Z</time>
      </trkpt>
      <trkpt lat="22.5482968" lon="113.9561928">
        <ele>3.25799</ele>
        <time>2025-08-01T11:08:52Z</time>
      </trkpt>
      <trkpt lat="22.5482681" lon="113.9561856">
        <ele>1.95099</ele>
        <time>2025-08-01T11:08:54Z</time>
      </trkpt>
      <trkpt lat="22.5482376" lon="113.9561792">
        <ele>2.81299</ele>
        <time>2025-08-01T11:08:56Z</time>
      </trkpt>
      <trkpt lat="22.5482049" lon="113.956173">
        <ele>1.347</ele>
        <time>2025-08-01T11:08:58Z</time>
      </trkpt>
      <trkpt lat="22.5481687" lon="113.9561655">
        <ele>2.94899</ele>
        <time>2025-08-01T11:09:00Z</time>
      </trkpt>
      <trkpt lat="22.5481302" lon="113.9561584">
        <ele>3.812</ele>
        <time>2025-08-01T11:09:02Z</time>
      </trkpt>
      <trkpt lat="22.5480887" lon="113.9561498">
        <ele>5.09899</ele>
        <time>2025-08-01T11:09:04Z</time>
      </trkpt>
      <trkpt lat="22.5480461" lon="113.956142">
        <ele>7.62699</ele>
        <time>2025-08-01T11:09:06Z</time>
      </trkpt>
      <trkpt lat="22.5480039" lon="113.9561351">
        <ele>8.616</ele>
        <time>2025-08-01T11:09:08Z</time>
      </trkpt>
      <trkpt lat="22.5479625" lon="113.9561307">
        <ele>6.019</ele>
        <time>2025-08-01T11:09:10Z</time>
      </trkpt>
      <trkpt lat="22.5479222" lon="113.956123">
        <ele>6.71799</ele>
        <time>2025-08-01T11:09:12Z</time>
      </trkpt>
      <trkpt lat="22.5478825" lon="113.9561129">
        <ele>7.151</ele>
        <time>2025-08-01T11:09:14Z</time>
      </trkpt>
      <trkpt lat="22.5478438" lon="113.9561015">
        <ele>6.91599</ele>
        <time>2025-08-01T11:09:16Z</time>
      </trkpt>
      <trkpt lat="22.5478044" lon="113.956087">
        <ele>5.525</ele>
        <time>2025-08-01T11:09:18Z</time>
      </trkpt>
      <trkpt lat="22.5477618" lon="113.9560701">
        <ele>4.662</ele>
        <time>2025-08-01T11:09:20Z</time>
      </trkpt>
      <trkpt lat="22.5477138" lon="113.9560573">
        <ele>3.91799</ele>
        <time>2025-08-01T11:09:22Z</time>
      </trkpt>
      <trkpt lat="22.5476653" lon="113.9560451">
        <ele>4.043</ele>
        <time>2025-08-01T11:09:24Z</time>
      </trkpt>
      <trkpt lat="22.5476175" lon="113.9560332">
        <ele>3.42</ele>
        <time>2025-08-01T11:09:26Z</time>
      </trkpt>
      <trkpt lat="22.5475701" lon="113.9560212">
        <ele>3.24099</ele>
        <time>2025-08-01T11:09:28Z</time>
      </trkpt>
      <trkpt lat="22.5475238" lon="113.9560082">
        <ele>5.125</ele>
        <time>2025-08-01T11:09:30Z</time>
      </trkpt>
      <trkpt lat="22.5474806" lon="113.9559919">
        <ele>5.36999</ele>
        <time>2025-08-01T11:09:32Z</time>
      </trkpt>
      <trkpt lat="22.5474378" lon="113.9559754">
        <ele>6.182</ele>
        <time>2025-08-01T11:09:34Z</time>
      </trkpt>
      <trkpt lat="22.5473934" lon="113.95596">
        <ele>6.79099</ele>
        <time>2025-08-01T11:09:36Z</time>
      </trkpt>
      <trkpt lat="22.5473478" lon="113.9559466">
        <ele>5.625</ele>
        <time>2025-08-01T11:09:38Z</time>
      </trkpt>
      <trkpt lat="22.5472992" lon="113.9559326">
        <ele>5.09499</ele>
        <time>2025-08-01T11:09:40Z</time>
      </trkpt>
      <trkpt lat="22.5472505" lon="113.9559196">
        <ele>4.919</ele>
        <time>2025-08-01T11:09:42Z</time>
      </trkpt>
      <trkpt lat="22.5472032" lon="113.955908">
        <ele>5.10699</ele>
        <time>2025-08-01T11:09:44Z</time>
      </trkpt>
      <trkpt lat="22.5471594" lon="113.9558955">
        <ele>5.65799</ele>
        <time>2025-08-01T11:09:46Z</time>
      </trkpt>
      <trkpt lat="22.5471211" lon="113.9558837">
        <ele>4.985</ele>
        <time>2025-08-01T11:09:48Z</time>
      </trkpt>
      <trkpt lat="22.547087" lon="113.9558724">
        <ele>3.944</ele>
        <time>2025-08-01T11:09:50Z</time>
      </trkpt>
      <trkpt lat="22.5470515" lon="113.9558602">
        <ele>4.227</ele>
        <time>2025-08-01T11:09:52Z</time>
      </trkpt>
      <trkpt lat="22.5470148" lon="113.9558476">
        <ele>5.03599</ele>
        <time>2025-08-01T11:09:54Z</time>
      </trkpt>
      <trkpt lat="22.546975" lon="113.9558356">
        <ele>4.69799</ele>
        <time>2025-08-01T11:09:56Z</time>
      </trkpt>
      <trkpt lat="22.546931" lon="113.9558219">
        <ele>4.61399</ele>
        <time>2025-08-01T11:09:58Z</time>
      </trkpt>
      <trkpt lat="22.5468875" lon="113.9558073">
        <ele>4.12799</ele>
        <time>2025-08-01T11:10:00Z</time>
      </trkpt>
      <trkpt lat="22.5468463" lon="113.9557954">
        <ele>4.254</ele>
        <time>2025-08-01T11:10:02Z</time>
      </trkpt>
      <trkpt lat="22.5468073" lon="113.9557839">
        <ele>4.997</ele>
        <time>2025-08-01T11:10:04Z</time>
      </trkpt>
      <trkpt lat="22.5467692" lon="113.9557727">
        <ele>3.713</ele>
        <time>2025-08-01T11:10:06Z</time>
      </trkpt>
      <trkpt lat="22.5467357" lon="113.9557618">
        <ele>3.716</ele>
        <time>2025-08-01T11:10:08Z</time>
      </trkpt>
      <trkpt lat="22.5466983" lon="113.9557509">
        <ele>4.52799</ele>
        <time>2025-08-01T11:10:10Z</time>
      </trkpt>
      <trkpt lat="22.5466573" lon="113.9557402">
        <ele>4.81099</ele>
        <time>2025-08-01T11:10:12Z</time>
      </trkpt>
      <trkpt lat="22.5466121" lon="113.9557314">
        <ele>5.38299</ele>
        <time>2025-08-01T11:10:14Z</time>
      </trkpt>
      <trkpt lat="22.5465673" lon="113.9557201">
        <ele>4.025</ele>
        <time>2025-08-01T11:10:16Z</time>
      </trkpt>
      <trkpt lat="22.5465164" lon="113.9557059">
        <ele>5.41499</ele>
        <time>2025-08-01T11:10:18Z</time>
      </trkpt>
      <trkpt lat="22.5464682" lon="113.9556916">
        <ele>5.21</ele>
        <time>2025-08-01T11:10:20Z</time>
      </trkpt>
      <trkpt lat="22.5464238" lon="113.9556755">
        <ele>6.50099</ele>
        <time>2025-08-01T11:10:22Z</time>
      </trkpt>
      <trkpt lat="22.5463834" lon="113.9556581">
        <ele>8.08899</ele>
        <time>2025-08-01T11:10:24Z</time>
      </trkpt>
      <trkpt lat="22.5463433" lon="113.9556444">
        <ele>6.67299</ele>
        <time>2025-08-01T11:10:26Z</time>
      </trkpt>
      <trkpt lat="22.5463034" lon="113.9556353">
        <ele>6.37099</ele>
        <time>2025-08-01T11:10:28Z</time>
      </trkpt>
      <trkpt lat="22.5462641" lon="113.9556279">
        <ele>6.296</ele>
        <time>2025-08-01T11:10:30Z</time>
      </trkpt>
      <trkpt lat="22.5462233" lon="113.9556191">
        <ele>5.64799</ele>
        <time>2025-08-01T11:10:32Z</time>
      </trkpt>
      <trkpt lat="22.5461811" lon="113.9556087">
        <ele>6.93699</ele>
        <time>2025-08-01T11:10:34Z</time>
      </trkpt>
      <trkpt lat="22.5461396" lon="113.9555962">
        <ele>6.433</ele>
        <time>2025-08-01T11:10:36Z</time>
      </trkpt>
      <trkpt lat="22.5460994" lon="113.9555801">
        <ele>7.10599</ele>
        <time>2025-08-01T11:10:38Z</time>
      </trkpt>
      <trkpt lat="22.5460594" lon="113.9555643">
        <ele>5.643</ele>
        <time>2025-08-01T11:10:40Z</time>
      </trkpt>
      <trkpt lat="22.5460186" lon="113.9555516">
        <ele>5.538</ele>
        <time>2025-08-01T11:10:42Z</time>
      </trkpt>
      <trkpt lat="22.5459781" lon="113.95554">
        <ele>6.02199</ele>
        <time>2025-08-01T11:10:44Z</time>
      </trkpt>
      <trkpt lat="22.545938" lon="113.9555268">
        <ele>7.65</ele>
        <time>2025-08-01T11:10:46Z</time>
      </trkpt>
      <trkpt lat="22.5458965" lon="113.9555126">
        <ele>6.92899</ele>
        <time>2025-08-01T11:10:48Z</time>
      </trkpt>
      <trkpt lat="22.5458555" lon="113.9554951">
        <ele>7.288</ele>
        <time>2025-08-01T11:10:50Z</time>
      </trkpt>
      <trkpt lat="22.5458143" lon="113.9554783">
        <ele>5.078</ele>
        <time>2025-08-01T11:10:52Z</time>
      </trkpt>
      <trkpt lat="22.5457736" lon="113.955465">
        <ele>5.848</ele>
        <time>2025-08-01T11:10:54Z</time>
      </trkpt>
      <trkpt lat="22.5457333" lon="113.9554554">
        <ele>7.28399</ele>
        <time>2025-08-01T11:10:56Z</time>
      </trkpt>
      <trkpt lat="22.545694" lon="113.9554483">
        <ele>7.19099</ele>
        <time>2025-08-01T11:10:58Z</time>
      </trkpt>
      <trkpt lat="22.5456562" lon="113.9554447">
        <ele>8.13099</ele>
        <time>2025-08-01T11:11:00Z</time>
      </trkpt>
      <trkpt lat="22.5456212" lon="113.955438">
        <ele>8.456</ele>
        <time>2025-08-01T11:11:02Z</time>
      </trkpt>
      <trkpt lat="22.5455871" lon="113.9554297">
        <ele>7.10799</ele>
        <time>2025-08-01T11:11:04Z</time>
      </trkpt>
      <trkpt lat="22.5455527" lon="113.9554208">
        <ele>6.92399</ele>
        <time>2025-08-01T11:11:06Z</time>
      </trkpt>
      <trkpt lat="22.5455178" lon="113.9554119">
        <ele>6.56599</ele>
        <time>2025-08-01T11:11:08Z</time>
      </trkpt>
      <trkpt lat="22.5454814" lon="113.9554037">
        <ele>6.85599</ele>
        <time>2025-08-01T11:11:10Z</time>
      </trkpt>
      <trkpt lat="22.5454434" lon="113.955395">
        <ele>7.446</ele>
        <time>2025-08-01T11:11:12Z</time>
      </trkpt>
      <trkpt lat="22.5454017" lon="113.9553848">
        <ele>8.37199</ele>
        <time>2025-08-01T11:11:14Z</time>
      </trkpt>
      <trkpt lat="22.5453524" lon="113.9553738">
        <ele>10.524</ele>
        <time>2025-08-01T11:11:16Z</time>
      </trkpt>
      <trkpt lat="22.5453019" lon="113.9553652">
        <ele>10.97999</ele>
        <time>2025-08-01T11:11:18Z</time>
      </trkpt>
      <trkpt lat="22.5452503" lon="113.9553563">
        <ele>10.75</ele>
        <time>2025-08-01T11:11:21Z</time>
      </trkpt>
      <trkpt lat="22.545196" lon="113.9553483">
        <ele>8.82699</ele>
        <time>2025-08-01T11:11:23Z</time>
      </trkpt>
      <trkpt lat="22.5451438" lon="113.9553421">
        <ele>7.85699</ele>
        <time>2025-08-01T11:11:26Z</time>
      </trkpt>
      <trkpt lat="22.5450979" lon="113.955336">
        <ele>6.01999</ele>
        <time>2025-08-01T11:11:28Z</time>
      </trkpt>
      <trkpt lat="22.5450552" lon="113.9553314">
        <ele>5.931</ele>
        <time>2025-08-01T11:11:30Z</time>
      </trkpt>
      <trkpt lat="22.5450137" lon="113.9553287">
        <ele>6.63299</ele>
        <time>2025-08-01T11:11:32Z</time>
      </trkpt>
      <trkpt lat="22.5449767" lon="113.9553266">
        <ele>7.091</ele>
        <time>2025-08-01T11:11:34Z</time>
      </trkpt>
      <trkpt lat="22.5449361" lon="113.9553247">
        <ele>8.371</ele>
        <time>2025-08-01T11:11:36Z</time>
      </trkpt>
      <trkpt lat="22.5448956" lon="113.9553248">
        <ele>8.579</ele>
        <time>2025-08-01T11:11:38Z</time>
      </trkpt>
      <trkpt lat="22.5448538" lon="113.9553266">
        <ele>10.154</ele>
        <time>2025-08-01T11:11:40Z</time>
      </trkpt>
      <trkpt lat="22.5448119" lon="113.9553296">
        <ele>10.454</ele>
        <time>2025-08-01T11:11:42Z</time>
      </trkpt>
      <trkpt lat="22.5447667" lon="113.9553315">
        <ele>9.54199</ele>
        <time>2025-08-01T11:11:44Z</time>
      </trkpt>
      <trkpt lat="22.5447248" lon="113.9553321">
        <ele>8.404</ele>
        <time>2025-08-01T11:11:46Z</time>
      </trkpt>
      <trkpt lat="22.5446837" lon="113.9553285">
        <ele>8.642</ele>
        <time>2025-08-01T11:11:48Z</time>
      </trkpt>
      <trkpt lat="22.5446424" lon="113.9553199">
        <ele>9.192</ele>
        <time>2025-08-01T11:11:50Z</time>
      </trkpt>
      <trkpt lat="22.5446011" lon="113.9553077">
        <ele>8.074</ele>
        <time>2025-08-01T11:11:52Z</time>
      </trkpt>
      <trkpt lat="22.5445627" lon="113.9552978">
        <ele>8.446</ele>
        <time>2025-08-01T11:11:54Z</time>
      </trkpt>
      <trkpt lat="22.5445238" lon="113.9552875">
        <ele>6.61299</ele>
        <time>2025-08-01T11:11:56Z</time>
      </trkpt>
      <trkpt lat="22.5444821" lon="113.9552802">
        <ele>6.23899</ele>
        <time>2025-08-01T11:11:58Z</time>
      </trkpt>
      <trkpt lat="22.5444391" lon="113.9552775">
        <ele>5.58699</ele>
        <time>2025-08-01T11:12:00Z</time>
      </trkpt>
      <trkpt lat="22.5443953" lon="113.9552788">
        <ele>4.78499</ele>
        <time>2025-08-01T11:12:02Z</time>
      </trkpt>
      <trkpt lat="22.5443487" lon="113.9552816">
        <ele>3.706</ele>
        <time>2025-08-01T11:12:04Z</time>
      </trkpt>
      <trkpt lat="22.5443008" lon="113.9552857">
        <ele>3.03999</ele>
        <time>2025-08-01T11:12:06Z</time>
      </trkpt>
      <trkpt lat="22.5442538" lon="113.9552908">
        <ele>3.95199</ele>
        <time>2025-08-01T11:12:08Z</time>
      </trkpt>
      <trkpt lat="22.5442079" lon="113.9552919">
        <ele>3.512</ele>
        <time>2025-08-01T11:12:10Z</time>
      </trkpt>
      <trkpt lat="22.5441614" lon="113.9552893">
        <ele>3.608</ele>
        <time>2025-08-01T11:12:12Z</time>
      </trkpt>
      <trkpt lat="22.5441148" lon="113.9552836">
        <ele>5.57399</ele>
        <time>2025-08-01T11:12:14Z</time>
      </trkpt>
      <trkpt lat="22.5440692" lon="113.9552796">
        <ele>7.368</ele>
        <time>2025-08-01T11:12:16Z</time>
      </trkpt>
      <trkpt lat="22.5440244" lon="113.9552753">
        <ele>8.13599</ele>
        <time>2025-08-01T11:12:18Z</time>
      </trkpt>
      <trkpt lat="22.5439823" lon="113.9552704">
        <ele>7.019</ele>
        <time>2025-08-01T11:12:20Z</time>
      </trkpt>
      <trkpt lat="22.543947" lon="113.9552646">
        <ele>6.73999</ele>
        <time>2025-08-01T11:12:22Z</time>
      </trkpt>
      <trkpt lat="22.5439165" lon="113.9552594">
        <ele>6.63</ele>
        <time>2025-08-01T11:12:24Z</time>
      </trkpt>
      <trkpt lat="22.5438894" lon="113.9552476">
        <ele>8.11699</ele>
        <time>2025-08-01T11:12:26Z</time>
      </trkpt>
      <trkpt lat="22.5438647" lon="113.9552339">
        <ele>9.22299</ele>
        <time>2025-08-01T11:12:28Z</time>
      </trkpt>
      <trkpt lat="22.5438408" lon="113.9552217">
        <ele>10.66199</ele>
        <time>2025-08-01T11:12:30Z</time>
      </trkpt>
      <trkpt lat="22.5438124" lon="113.955212">
        <ele>10.64299</ele>
        <time>2025-08-01T11:12:32Z</time>
      </trkpt>
      <trkpt lat="22.5437788" lon="113.955201">
        <ele>7.465</ele>
        <time>2025-08-01T11:12:35Z</time>
      </trkpt>
      <trkpt lat="22.5437398" lon="113.9551935">
        <ele>8.53499</ele>
        <time>2025-08-01T11:12:37Z</time>
      </trkpt>
      <trkpt lat="22.5437006" lon="113.9551878">
        <ele>9.612</ele>
        <time>2025-08-01T11:12:39Z</time>
      </trkpt>
      <trkpt lat="22.5436604" lon="113.955184">
        <ele>7.73199</ele>
        <time>2025-08-01T11:12:41Z</time>
      </trkpt>
      <trkpt lat="22.5436168" lon="113.9551827">
        <ele>4.065</ele>
        <time>2025-08-01T11:12:43Z</time>
      </trkpt>
      <trkpt lat="22.5435688" lon="113.9551797">
        <ele>5.538</ele>
        <time>2025-08-01T11:12:45Z</time>
      </trkpt>
      <trkpt lat="22.543521" lon="113.9551763">
        <ele>7.072</ele>
        <time>2025-08-01T11:12:47Z</time>
      </trkpt>
      <trkpt lat="22.543476" lon="113.9551712">
        <ele>5.47599</ele>
        <time>2025-08-01T11:12:49Z</time>
      </trkpt>
      <trkpt lat="22.5434338" lon="113.9551617">
        <ele>7.802</ele>
        <time>2025-08-01T11:12:51Z</time>
      </trkpt>
      <trkpt lat="22.543391" lon="113.9551528">
        <ele>6.852</ele>
        <time>2025-08-01T11:12:53Z</time>
      </trkpt>
      <trkpt lat="22.5433515" lon="113.9551493">
        <ele>5.90899</ele>
        <time>2025-08-01T11:12:55Z</time>
      </trkpt>
      <trkpt lat="22.5433127" lon="113.9551478">
        <ele>6.50899</ele>
        <time>2025-08-01T11:12:57Z</time>
      </trkpt>
      <trkpt lat="22.5432666" lon="113.9551499">
        <ele>4.452</ele>
        <time>2025-08-01T11:12:59Z</time>
      </trkpt>
      <trkpt lat="22.5432132" lon="113.9551592">
        <ele>3.06999</ele>
        <time>2025-08-01T11:13:01Z</time>
      </trkpt>
      <trkpt lat="22.5431563" lon="113.9551673">
        <ele>1.705</ele>
        <time>2025-08-01T11:13:03Z</time>
      </trkpt>
      <trkpt lat="22.5430998" lon="113.9551772">
        <ele>1.73099</ele>
        <time>2025-08-01T11:13:05Z</time>
      </trkpt>
      <trkpt lat="22.543044" lon="113.9551873">
        <ele>4.144</ele>
        <time>2025-08-01T11:13:07Z</time>
      </trkpt>
      <trkpt lat="22.5429908" lon="113.9551941">
        <ele>6.38299</ele>
        <time>2025-08-01T11:13:09Z</time>
      </trkpt>
      <trkpt lat="22.5429407" lon="113.9551911">
        <ele>5.61199</ele>
        <time>2025-08-01T11:13:11Z</time>
      </trkpt>
      <trkpt lat="22.5428985" lon="113.9551824">
        <ele>6.046</ele>
        <time>2025-08-01T11:13:13Z</time>
      </trkpt>
      <trkpt lat="22.542859" lon="113.9551686">
        <ele>6.058</ele>
        <time>2025-08-01T11:13:15Z</time>
      </trkpt>
      <trkpt lat="22.5428196" lon="113.9551524">
        <ele>4.4</ele>
        <time>2025-08-01T11:13:17Z</time>
      </trkpt>
      <trkpt lat="22.54278" lon="113.9551354">
        <ele>4.22599</ele>
        <time>2025-08-01T11:13:19Z</time>
      </trkpt>
      <trkpt lat="22.5427392" lon="113.9551218">
        <ele>3.33699</ele>
        <time>2025-08-01T11:13:21Z</time>
      </trkpt>
      <trkpt lat="22.5426967" lon="113.9551114">
        <ele>3.10199</ele>
        <time>2025-08-01T11:13:23Z</time>
      </trkpt>
      <trkpt lat="22.5426536" lon="113.9551027">
        <ele>2.78299</ele>
        <time>2025-08-01T11:13:25Z</time>
      </trkpt>
      <trkpt lat="22.5426119" lon="113.9550958">
        <ele>2.16599</ele>
        <time>2025-08-01T11:13:27Z</time>
      </trkpt>
      <trkpt lat="22.5425701" lon="113.9550909">
        <ele>3.176</ele>
        <time>2025-08-01T11:13:29Z</time>
      </trkpt>
      <trkpt lat="22.5425286" lon="113.9550882">
        <ele>2.89899</ele>
        <time>2025-08-01T11:13:31Z</time>
      </trkpt>
      <trkpt lat="22.5424873" lon="113.9550845">
        <ele>1.855</ele>
        <time>2025-08-01T11:13:33Z</time>
      </trkpt>
      <trkpt lat="22.542447" lon="113.9550813">
        <ele>1.75699</ele>
        <time>2025-08-01T11:13:35Z</time>
      </trkpt>
      <trkpt lat="22.5424061" lon="113.9550789">
        <ele>1.90999</ele>
        <time>2025-08-01T11:13:37Z</time>
      </trkpt>
      <trkpt lat="22.542365" lon="113.9550763">
        <ele>1.1</ele>
        <time>2025-08-01T11:13:39Z</time>
      </trkpt>
      <trkpt lat="22.5423237" lon="113.9550727">
        <ele>0.31099</ele>
        <time>2025-08-01T11:13:41Z</time>
      </trkpt>
      <trkpt lat="22.5422821" lon="113.955068">
        <ele>0.45899</ele>
        <time>2025-08-01T11:13:43Z</time>
      </trkpt>
      <trkpt lat="22.5422394" lon="113.9550605">
        <ele>0.11699</ele>
        <time>2025-08-01T11:13:45Z</time>
      </trkpt>
      <trkpt lat="22.5421968" lon="113.9550493">
        <ele>0.51099</ele>
        <time>2025-08-01T11:13:47Z</time>
      </trkpt>
      <trkpt lat="22.5421547" lon="113.9550395">
        <ele>1.516</ele>
        <time>2025-08-01T11:13:49Z</time>
      </trkpt>
      <trkpt lat="22.542114" lon="113.9550254">
        <ele>1.213</ele>
        <time>2025-08-01T11:13:51Z</time>
      </trkpt>
      <trkpt lat="22.5420749" lon="113.9550149">
        <ele>1.148</ele>
        <time>2025-08-01T11:13:53Z</time>
      </trkpt>
      <trkpt lat="22.5420376" lon="113.955007">
        <ele>1.608</ele>
        <time>2025-08-01T11:13:55Z</time>
      </trkpt>
      <trkpt lat="22.542001" lon="113.955002">
        <ele>2.11999</ele>
        <time>2025-08-01T11:13:57Z</time>
      </trkpt>
      <trkpt lat="22.5419636" lon="113.9549943">
        <ele>2.57299</ele>
        <time>2025-08-01T11:13:59Z</time>
      </trkpt>
      <trkpt lat="22.5419255" lon="113.9549895">
        <ele>1.893</ele>
        <time>2025-08-01T11:14:01Z</time>
      </trkpt>
      <trkpt lat="22.5418872" lon="113.954982">
        <ele>3.34299</ele>
        <time>2025-08-01T11:14:03Z</time>
      </trkpt>
      <trkpt lat="22.5418496" lon="113.9549741">
        <ele>4.35099</ele>
        <time>2025-08-01T11:14:05Z</time>
      </trkpt>
      <trkpt lat="22.5418117" lon="113.9549671">
        <ele>4.328</ele>
        <time>2025-08-01T11:14:07Z</time>
      </trkpt>
      <trkpt lat="22.5417749" lon="113.9549613">
        <ele>4.53</ele>
        <time>2025-08-01T11:14:09Z</time>
      </trkpt>
      <trkpt lat="22.5417365" lon="113.9549541">
        <ele>4.64799</ele>
        <time>2025-08-01T11:14:11Z</time>
      </trkpt>
      <trkpt lat="22.5416979" lon="113.9549443">
        <ele>4.56899</ele>
        <time>2025-08-01T11:14:13Z</time>
      </trkpt>
      <trkpt lat="22.541658" lon="113.9549334">
        <ele>4.75099</ele>
        <time>2025-08-01T11:14:15Z</time>
      </trkpt>
      <trkpt lat="22.5416184" lon="113.9549206">
        <ele>5.44899</ele>
        <time>2025-08-01T11:14:17Z</time>
      </trkpt>
      <trkpt lat="22.5415775" lon="113.9549035">
        <ele>6.65999</ele>
        <time>2025-08-01T11:14:19Z</time>
      </trkpt>
      <trkpt lat="22.5415376" lon="113.9548864">
        <ele>6.261</ele>
        <time>2025-08-01T11:14:21Z</time>
      </trkpt>
      <trkpt lat="22.5414979" lon="113.9548709">
        <ele>6.21</ele>
        <time>2025-08-01T11:14:23Z</time>
      </trkpt>
      <trkpt lat="22.54146" lon="113.9548562">
        <ele>6.34399</ele>
        <time>2025-08-01T11:14:25Z</time>
      </trkpt>
      <trkpt lat="22.5414222" lon="113.9548412">
        <ele>6.37099</ele>
        <time>2025-08-01T11:14:27Z</time>
      </trkpt>
      <trkpt lat="22.5413856" lon="113.9548291">
        <ele>5.721</ele>
        <time>2025-08-01T11:14:29Z</time>
      </trkpt>
      <trkpt lat="22.5413497" lon="113.9548169">
        <ele>5.709</ele>
        <time>2025-08-01T11:14:31Z</time>
      </trkpt>
      <trkpt lat="22.5413142" lon="113.9548033">
        <ele>4.36399</ele>
        <time>2025-08-01T11:14:33Z</time>
      </trkpt>
      <trkpt lat="22.5412778" lon="113.9547881">
        <ele>4.36199</ele>
        <time>2025-08-01T11:14:35Z</time>
      </trkpt>
      <trkpt lat="22.5412413" lon="113.9547711">
        <ele>3.93499</ele>
        <time>2025-08-01T11:14:37Z</time>
      </trkpt>
      <trkpt lat="22.5412045" lon="113.9547542">
        <ele>3.707</ele>
        <time>2025-08-01T11:14:39Z</time>
      </trkpt>
      <trkpt lat="22.541168" lon="113.9547382">
        <ele>3.27399</ele>
        <time>2025-08-01T11:14:41Z</time>
      </trkpt>
      <trkpt lat="22.5411312" lon="113.9547227">
        <ele>3.69</ele>
        <time>2025-08-01T11:14:43Z</time>
      </trkpt>
      <trkpt lat="22.5410946" lon="113.9547064">
        <ele>4.00799</ele>
        <time>2025-08-01T11:14:45Z</time>
      </trkpt>
      <trkpt lat="22.541058" lon="113.9546904">
        <ele>4.24399</ele>
        <time>2025-08-01T11:14:47Z</time>
      </trkpt>
      <trkpt lat="22.541022" lon="113.9546727">
        <ele>4.63199</ele>
        <time>2025-08-01T11:14:49Z</time>
      </trkpt>
      <trkpt lat="22.5409863" lon="113.9546545">
        <ele>5.19299</ele>
        <time>2025-08-01T11:14:51Z</time>
      </trkpt>
      <trkpt lat="22.5409516" lon="113.9546372">
        <ele>4.886</ele>
        <time>2025-08-01T11:14:53Z</time>
      </trkpt>
      <trkpt lat="22.5409168" lon="113.9546209">
        <ele>4.089</ele>
        <time>2025-08-01T11:14:55Z</time>
      </trkpt>
      <trkpt lat="22.5408826" lon="113.9546044">
        <ele>3.549</ele>
        <time>2025-08-01T11:14:57Z</time>
      </trkpt>
      <trkpt lat="22.5408487" lon="113.9545891">
        <ele>3.96199</ele>
        <time>2025-08-01T11:14:59Z</time>
      </trkpt>
      <trkpt lat="22.5408152" lon="113.9545742">
        <ele>5.18499</ele>
        <time>2025-08-01T11:15:01Z</time>
      </trkpt>
      <trkpt lat="22.540782" lon="113.9545579">
        <ele>5.11499</ele>
        <time>2025-08-01T11:15:03Z</time>
      </trkpt>
      <trkpt lat="22.5407491" lon="113.9545403">
        <ele>5.254</ele>
        <time>2025-08-01T11:15:05Z</time>
      </trkpt>
      <trkpt lat="22.5407163" lon="113.9545228">
        <ele>5.497</ele>
        <time>2025-08-01T11:15:07Z</time>
      </trkpt>
      <trkpt lat="22.5406835" lon="113.9545048">
        <ele>5.67299</ele>
        <time>2025-08-01T11:15:09Z</time>
      </trkpt>
      <trkpt lat="22.5406507" lon="113.9544868">
        <ele>5.62799</ele>
        <time>2025-08-01T11:15:11Z</time>
      </trkpt>
      <trkpt lat="22.5406168" lon="113.9544704">
        <ele>5.36199</ele>
        <time>2025-08-01T11:15:13Z</time>
      </trkpt>
      <trkpt lat="22.540583" lon="113.954454">
        <ele>5.274</ele>
        <time>2025-08-01T11:15:15Z</time>
      </trkpt>
      <trkpt lat="22.540549" lon="113.9544381">
        <ele>4.95599</ele>
        <time>2025-08-01T11:15:17Z</time>
      </trkpt>
      <trkpt lat="22.5405143" lon="113.9544205">
        <ele>4.45399</ele>
        <time>2025-08-01T11:15:19Z</time>
      </trkpt>
      <trkpt lat="22.5404792" lon="113.9544003">
        <ele>4.296</ele>
        <time>2025-08-01T11:15:21Z</time>
      </trkpt>
      <trkpt lat="22.5404445" lon="113.9543768">
        <ele>4.98</ele>
        <time>2025-08-01T11:15:23Z</time>
      </trkpt>
      <trkpt lat="22.5404093" lon="113.9543544">
        <ele>4.813</ele>
        <time>2025-08-01T11:15:25Z</time>
      </trkpt>
      <trkpt lat="22.5403732" lon="113.9543324">
        <ele>5.10799</ele>
        <time>2025-08-01T11:15:27Z</time>
      </trkpt>
      <trkpt lat="22.5403372" lon="113.9543129">
        <ele>5.08699</ele>
        <time>2025-08-01T11:15:29Z</time>
      </trkpt>
      <trkpt lat="22.540301" lon="113.9542964">
        <ele>4.065</ele>
        <time>2025-08-01T11:15:31Z</time>
      </trkpt>
      <trkpt lat="22.5402637" lon="113.9542771">
        <ele>3.47099</ele>
        <time>2025-08-01T11:15:33Z</time>
      </trkpt>
      <trkpt lat="22.5402268" lon="113.954254">
        <ele>3.546</ele>
        <time>2025-08-01T11:15:35Z</time>
      </trkpt>
      <trkpt lat="22.5401901" lon="113.9542295">
        <ele>5.60699</ele>
        <time>2025-08-01T11:15:37Z</time>
      </trkpt>
      <trkpt lat="22.5401523" lon="113.9542044">
        <ele>5.11299</ele>
        <time>2025-08-01T11:15:39Z</time>
      </trkpt>
      <trkpt lat="22.5401122" lon="113.9541787">
        <ele>4.684</ele>
        <time>2025-08-01T11:15:41Z</time>
      </trkpt>
      <trkpt lat="22.5400715" lon="113.9541569">
        <ele>4.169</ele>
        <time>2025-08-01T11:15:43Z</time>
      </trkpt>
      <trkpt lat="22.5400305" lon="113.9541374">
        <ele>5.12599</ele>
        <time>2025-08-01T11:15:45Z</time>
      </trkpt>
      <trkpt lat="22.5399896" lon="113.9541173">
        <ele>5.102</ele>
        <time>2025-08-01T11:15:47Z</time>
      </trkpt>
      <trkpt lat="22.5399502" lon="113.9540951">
        <ele>4.618</ele>
        <time>2025-08-01T11:15:49Z</time>
      </trkpt>
      <trkpt lat="22.5399126" lon="113.9540705">
        <ele>4.47499</ele>
        <time>2025-08-01T11:15:51Z</time>
      </trkpt>
      <trkpt lat="22.539876" lon="113.9540455">
        <ele>4.32</ele>
        <time>2025-08-01T11:15:53Z</time>
      </trkpt>
      <trkpt lat="22.5398387" lon="113.9540204">
        <ele>4.631</ele>
        <time>2025-08-01T11:15:55Z</time>
      </trkpt>
      <trkpt lat="22.5398006" lon="113.9539973">
        <ele>4.932</ele>
        <time>2025-08-01T11:15:57Z</time>
      </trkpt>
      <trkpt lat="22.5397614" lon="113.9539825">
        <ele>5.11</ele>
        <time>2025-08-01T11:15:59Z</time>
      </trkpt>
      <trkpt lat="22.5397311" lon="113.9539813">
        <ele>4.78</ele>
        <time>2025-08-01T11:16:01Z</time>
      </trkpt>
      <trkpt lat="22.5397205" lon="113.9539885">
        <ele>5.287</ele>
        <time>2025-08-01T11:16:03Z</time>
      </trkpt>
      <trkpt lat="22.5397287" lon="113.9540017">
        <ele>2.92799</ele>
        <time>2025-08-01T11:16:05Z</time>
      </trkpt>
      <trkpt lat="22.539754" lon="113.9540207">
        <ele>3.07599</ele>
        <time>2025-08-01T11:16:07Z</time>
      </trkpt>
      <trkpt lat="22.5397957" lon="113.954036">
        <ele>3.66499</ele>
        <time>2025-08-01T11:16:09Z</time>
      </trkpt>
      <trkpt lat="22.5398434" lon="113.9540473">
        <ele>4.156</ele>
        <time>2025-08-01T11:16:11Z</time>
      </trkpt>
      <trkpt lat="22.5398854" lon="113.9540632">
        <ele>4.98799</ele>
        <time>2025-08-01T11:16:13Z</time>
      </trkpt>
      <trkpt lat="22.5399232" lon="113.9540849">
        <ele>7.38899</ele>
        <time>2025-08-01T11:16:15Z</time>
      </trkpt>
      <trkpt lat="22.5399579" lon="113.9541124">
        <ele>6.776</ele>
        <time>2025-08-01T11:16:17Z</time>
      </trkpt>
      <trkpt lat="22.5399945" lon="113.9541437">
        <ele>6.236</ele>
        <time>2025-08-01T11:16:19Z</time>
      </trkpt>
      <trkpt lat="22.5400341" lon="113.9541738">
        <ele>6.872</ele>
        <time>2025-08-01T11:16:21Z</time>
      </trkpt>
      <trkpt lat="22.5400742" lon="113.9541982">
        <ele>9.062</ele>
        <time>2025-08-01T11:16:23Z</time>
      </trkpt>
      <trkpt lat="22.5401136" lon="113.9542153">
        <ele>9.79899</ele>
        <time>2025-08-01T11:16:25Z</time>
      </trkpt>
      <trkpt lat="22.5401543" lon="113.9542264">
        <ele>10.211</ele>
        <time>2025-08-01T11:16:27Z</time>
      </trkpt>
      <trkpt lat="22.5401907" lon="113.954236">
        <ele>9.87899</ele>
        <time>2025-08-01T11:16:29Z</time>
      </trkpt>
      <trkpt lat="22.5402206" lon="113.9542469">
        <ele>8.64599</ele>
        <time>2025-08-01T11:16:31Z</time>
      </trkpt>
      <trkpt lat="22.5402482" lon="113.9542587">
        <ele>7.29799</ele>
        <time>2025-08-01T11:16:33Z</time>
      </trkpt>
      <trkpt lat="22.540276" lon="113.9542734">
        <ele>5.76999</ele>
        <time>2025-08-01T11:16:35Z</time>
      </trkpt>
      <trkpt lat="22.5403026" lon="113.9542902">
        <ele>4.822</ele>
        <time>2025-08-01T11:16:37Z</time>
      </trkpt>
      <trkpt lat="22.5403292" lon="113.9543088">
        <ele>4.263</ele>
        <time>2025-08-01T11:16:39Z</time>
      </trkpt>
      <trkpt lat="22.5403609" lon="113.954328">
        <ele>3.913</ele>
        <time>2025-08-01T11:16:41Z</time>
      </trkpt>
      <trkpt lat="22.5403971" lon="113.9543503">
        <ele>2.66799</ele>
        <time>2025-08-01T11:16:43Z</time>
      </trkpt>
      <trkpt lat="22.5404359" lon="113.9543753">
        <ele>2.44899</ele>
        <time>2025-08-01T11:16:45Z</time>
      </trkpt>
      <trkpt lat="22.5404768" lon="113.9544">
        <ele>3.71099</ele>
        <time>2025-08-01T11:16:47Z</time>
      </trkpt>
      <trkpt lat="22.5405188" lon="113.954424">
        <ele>4.85799</ele>
        <time>2025-08-01T11:16:49Z</time>
      </trkpt>
      <trkpt lat="22.5405579" lon="113.9544458">
        <ele>5.841</ele>
        <time>2025-08-01T11:16:52Z</time>
      </trkpt>
      <trkpt lat="22.540595" lon="113.9544653">
        <ele>6.214</ele>
        <time>2025-08-01T11:16:54Z</time>
      </trkpt>
      <trkpt lat="22.5406307" lon="113.9544822">
        <ele>7.41499</ele>
        <time>2025-08-01T11:16:56Z</time>
      </trkpt>
      <trkpt lat="22.5406653" lon="113.9545003">
        <ele>8.989</ele>
        <time>2025-08-01T11:16:58Z</time>
      </trkpt>
      <trkpt lat="22.5407001" lon="113.9545195">
        <ele>8.034</ele>
        <time>2025-08-01T11:17:00Z</time>
      </trkpt>
      <trkpt lat="22.540734" lon="113.9545395">
        <ele>7.13999</ele>
        <time>2025-08-01T11:17:02Z</time>
      </trkpt>
      <trkpt lat="22.5407679" lon="113.95456">
        <ele>7.3</ele>
        <time>2025-08-01T11:17:04Z</time>
      </trkpt>
      <trkpt lat="22.5408026" lon="113.9545824">
        <ele>6.392</ele>
        <time>2025-08-01T11:17:06Z</time>
      </trkpt>
      <trkpt lat="22.5408375" lon="113.9546048">
        <ele>5.616</ele>
        <time>2025-08-01T11:17:08Z</time>
      </trkpt>
      <trkpt lat="22.5408721" lon="113.9546285">
        <ele>5.95699</ele>
        <time>2025-08-01T11:17:10Z</time>
      </trkpt>
      <trkpt lat="22.5409111" lon="113.9546517">
        <ele>4.835</ele>
        <time>2025-08-01T11:17:12Z</time>
      </trkpt>
      <trkpt lat="22.5409461" lon="113.9546724">
        <ele>5.644</ele>
        <time>2025-08-01T11:17:14Z</time>
      </trkpt>
      <trkpt lat="22.5409794" lon="113.9546903">
        <ele>6.04099</ele>
        <time>2025-08-01T11:17:16Z</time>
      </trkpt>
      <trkpt lat="22.5410128" lon="113.9547074">
        <ele>4.86299</ele>
        <time>2025-08-01T11:17:18Z</time>
      </trkpt>
      <trkpt lat="22.5410497" lon="113.9547244">
        <ele>4.236</ele>
        <time>2025-08-01T11:17:20Z</time>
      </trkpt>
      <trkpt lat="22.5410835" lon="113.9547421">
        <ele>3.584</ele>
        <time>2025-08-01T11:17:22Z</time>
      </trkpt>
      <trkpt lat="22.5411218" lon="113.9547603">
        <ele>3.878</ele>
        <time>2025-08-01T11:17:24Z</time>
      </trkpt>
      <trkpt lat="22.5411618" lon="113.95478">
        <ele>3.91799</ele>
        <time>2025-08-01T11:17:26Z</time>
      </trkpt>
      <trkpt lat="22.5412053" lon="113.9547997">
        <ele>3.83699</ele>
        <time>2025-08-01T11:17:28Z</time>
      </trkpt>
      <trkpt lat="22.5412466" lon="113.9548146">
        <ele>3.223</ele>
        <time>2025-08-01T11:17:30Z</time>
      </trkpt>
      <trkpt lat="22.5412896" lon="113.9548277">
        <ele>3.98</ele>
        <time>2025-08-01T11:17:32Z</time>
      </trkpt>
      <trkpt lat="22.5413334" lon="113.9548405">
        <ele>5.29699</ele>
        <time>2025-08-01T11:17:34Z</time>
      </trkpt>
      <trkpt lat="22.5413729" lon="113.954852">
        <ele>3.378</ele>
        <time>2025-08-01T11:17:36Z</time>
      </trkpt>
      <trkpt lat="22.5414164" lon="113.9548649">
        <ele>3.25699</ele>
        <time>2025-08-01T11:17:38Z</time>
      </trkpt>
      <trkpt lat="22.5414566" lon="113.9548806">
        <ele>3.96</ele>
        <time>2025-08-01T11:17:40Z</time>
      </trkpt>
      <trkpt lat="22.5414946" lon="113.9548963">
        <ele>4.997</ele>
        <time>2025-08-01T11:17:42Z</time>
      </trkpt>
      <trkpt lat="22.5415328" lon="113.9549119">
        <ele>5.177</ele>
        <time>2025-08-01T11:17:44Z</time>
      </trkpt>
      <trkpt lat="22.5415725" lon="113.9549269">
        <ele>5.99399</ele>
        <time>2025-08-01T11:17:46Z</time>
      </trkpt>
      <trkpt lat="22.5416058" lon="113.9549368">
        <ele>5.754</ele>
        <time>2025-08-01T11:17:48Z</time>
      </trkpt>
      <trkpt lat="22.5416445" lon="113.9549457">
        <ele>7.274</ele>
        <time>2025-08-01T11:17:50Z</time>
      </trkpt>
      <trkpt lat="22.5416858" lon="113.954955">
        <ele>7.67899</ele>
        <time>2025-08-01T11:17:52Z</time>
      </trkpt>
      <trkpt lat="22.5417263" lon="113.9549654">
        <ele>7.636</ele>
        <time>2025-08-01T11:17:54Z</time>
      </trkpt>
      <trkpt lat="22.5417667" lon="113.9549783">
        <ele>8.446</ele>
        <time>2025-08-01T11:17:56Z</time>
      </trkpt>
      <trkpt lat="22.5418056" lon="113.9549921">
        <ele>8.6</ele>
        <time>2025-08-01T11:17:58Z</time>
      </trkpt>
      <trkpt lat="22.5418424" lon="113.9550042">
        <ele>6.91599</ele>
        <time>2025-08-01T11:18:00Z</time>
      </trkpt>
      <trkpt lat="22.5418772" lon="113.9550145">
        <ele>8.26099</ele>
        <time>2025-08-01T11:18:02Z</time>
      </trkpt>
      <trkpt lat="22.5419148" lon="113.9550213">
        <ele>7.584</ele>
        <time>2025-08-01T11:18:04Z</time>
      </trkpt>
      <trkpt lat="22.5419548" lon="113.9550249">
        <ele>6.675</ele>
        <time>2025-08-01T11:18:06Z</time>
      </trkpt>
      <trkpt lat="22.541996" lon="113.9550305">
        <ele>6.302</ele>
        <time>2025-08-01T11:18:08Z</time>
      </trkpt>
      <trkpt lat="22.5420444" lon="113.9550405">
        <ele>5.556</ele>
        <time>2025-08-01T11:18:10Z</time>
      </trkpt>
      <trkpt lat="22.542095" lon="113.9550525">
        <ele>6.977</ele>
        <time>2025-08-01T11:18:12Z</time>
      </trkpt>
      <trkpt lat="22.5421446" lon="113.9550653">
        <ele>8.208</ele>
        <time>2025-08-01T11:18:15Z</time>
      </trkpt>
      <trkpt lat="22.5421935" lon="113.9550768">
        <ele>8.30399</ele>
        <time>2025-08-01T11:18:17Z</time>
      </trkpt>
      <trkpt lat="22.5422407" lon="113.9550866">
        <ele>9.38399</ele>
        <time>2025-08-01T11:18:19Z</time>
      </trkpt>
      <trkpt lat="22.5422799" lon="113.9550925">
        <ele>11.692</ele>
        <time>2025-08-01T11:18:21Z</time>
      </trkpt>
      <trkpt lat="22.5423184" lon="113.9550982">
        <ele>11.232</ele>
        <time>2025-08-01T11:18:23Z</time>
      </trkpt>
      <trkpt lat="22.5423556" lon="113.9551041">
        <ele>12.133</ele>
        <time>2025-08-01T11:18:25Z</time>
      </trkpt>
      <trkpt lat="22.5423946" lon="113.9551103">
        <ele>10.774</ele>
        <time>2025-08-01T11:18:27Z</time>
      </trkpt>
      <trkpt lat="22.5424364" lon="113.9551149">
        <ele>9.637</ele>
        <time>2025-08-01T11:18:29Z</time>
      </trkpt>
      <trkpt lat="22.5424772" lon="113.9551187">
        <ele>9.097</ele>
        <time>2025-08-01T11:18:31Z</time>
      </trkpt>
      <trkpt lat="22.5425157" lon="113.9551205">
        <ele>9.416</ele>
        <time>2025-08-01T11:18:33Z</time>
      </trkpt>
      <trkpt lat="22.5425544" lon="113.9551229">
        <ele>8.36999</ele>
        <time>2025-08-01T11:18:35Z</time>
      </trkpt>
      <trkpt lat="22.5425923" lon="113.9551258">
        <ele>8.86999</ele>
        <time>2025-08-01T11:18:37Z</time>
      </trkpt>
      <trkpt lat="22.5426293" lon="113.9551294">
        <ele>8.144</ele>
        <time>2025-08-01T11:18:39Z</time>
      </trkpt>
      <trkpt lat="22.5426673" lon="113.9551324">
        <ele>6.66499</ele>
        <time>2025-08-01T11:18:41Z</time>
      </trkpt>
      <trkpt lat="22.5427065" lon="113.9551367">
        <ele>6.42399</ele>
        <time>2025-08-01T11:18:43Z</time>
      </trkpt>
      <trkpt lat="22.5427447" lon="113.9551426">
        <ele>6.38299</ele>
        <time>2025-08-01T11:18:45Z</time>
      </trkpt>
      <trkpt lat="22.5427842" lon="113.9551512">
        <ele>5.103</ele>
        <time>2025-08-01T11:18:47Z</time>
      </trkpt>
      <trkpt lat="22.5428256" lon="113.9551618">
        <ele>3.67799</ele>
        <time>2025-08-01T11:18:49Z</time>
      </trkpt>
      <trkpt lat="22.5428665" lon="113.9551765">
        <ele>2.29299</ele>
        <time>2025-08-01T11:18:51Z</time>
      </trkpt>
      <trkpt lat="22.5429098" lon="113.9551941">
        <ele>2.522</ele>
        <time>2025-08-01T11:18:53Z</time>
      </trkpt>
      <trkpt lat="22.5429566" lon="113.9552076">
        <ele>2.976</ele>
        <time>2025-08-01T11:18:55Z</time>
      </trkpt>
      <trkpt lat="22.5430038" lon="113.9552146">
        <ele>4.846</ele>
        <time>2025-08-01T11:18:57Z</time>
      </trkpt>
      <trkpt lat="22.5430488" lon="113.9552179">
        <ele>6.433</ele>
        <time>2025-08-01T11:18:59Z</time>
      </trkpt>
      <trkpt lat="22.5430891" lon="113.9552126">
        <ele>6.99599</ele>
        <time>2025-08-01T11:19:01Z</time>
      </trkpt>
      <trkpt lat="22.5431266" lon="113.9552003">
        <ele>7.36299</ele>
        <time>2025-08-01T11:19:03Z</time>
      </trkpt>
      <trkpt lat="22.5431609" lon="113.9551882">
        <ele>6.479</ele>
        <time>2025-08-01T11:19:05Z</time>
      </trkpt>
      <trkpt lat="22.5431931" lon="113.9551772">
        <ele>6.02699</ele>
        <time>2025-08-01T11:19:07Z</time>
      </trkpt>
      <trkpt lat="22.5432261" lon="113.9551647">
        <ele>4.57999</ele>
        <time>2025-08-01T11:19:09Z</time>
      </trkpt>
      <trkpt lat="22.5432649" lon="113.9551569">
        <ele>3.571</ele>
        <time>2025-08-01T11:19:11Z</time>
      </trkpt>
      <trkpt lat="22.543301" lon="113.9551511">
        <ele>2.755</ele>
        <time>2025-08-01T11:19:13Z</time>
      </trkpt>
      <trkpt lat="22.5433364" lon="113.9551443">
        <ele>1.53999</ele>
        <time>2025-08-01T11:19:15Z</time>
      </trkpt>
      <trkpt lat="22.543374" lon="113.9551427">
        <ele>3.66599</ele>
        <time>2025-08-01T11:19:17Z</time>
      </trkpt>
      <trkpt lat="22.5434096" lon="113.9551446">
        <ele>3.43099</ele>
        <time>2025-08-01T11:19:19Z</time>
      </trkpt>
      <trkpt lat="22.543447" lon="113.955145">
        <ele>5.065</ele>
        <time>2025-08-01T11:19:21Z</time>
      </trkpt>
      <trkpt lat="22.5434907" lon="113.9551448">
        <ele>5.58799</ele>
        <time>2025-08-01T11:19:23Z</time>
      </trkpt>
      <trkpt lat="22.5435366" lon="113.9551459">
        <ele>5.96099</ele>
        <time>2025-08-01T11:19:25Z</time>
      </trkpt>
      <trkpt lat="22.5435818" lon="113.9551433">
        <ele>6.58699</ele>
        <time>2025-08-01T11:19:27Z</time>
      </trkpt>
      <trkpt lat="22.5436294" lon="113.9551398">
        <ele>6.123</ele>
        <time>2025-08-01T11:19:29Z</time>
      </trkpt>
      <trkpt lat="22.5436724" lon="113.9551421">
        <ele>4.76399</ele>
        <time>2025-08-01T11:19:31Z</time>
      </trkpt>
      <trkpt lat="22.5437124" lon="113.9551493">
        <ele>4.51</ele>
        <time>2025-08-01T11:19:33Z</time>
      </trkpt>
      <trkpt lat="22.5437533" lon="113.9551577">
        <ele>4.70399</ele>
        <time>2025-08-01T11:19:35Z</time>
      </trkpt>
      <trkpt lat="22.5437941" lon="113.9551691">
        <ele>4.715</ele>
        <time>2025-08-01T11:19:37Z</time>
      </trkpt>
      <trkpt lat="22.5438345" lon="113.9551846">
        <ele>6.512</ele>
        <time>2025-08-01T11:19:39Z</time>
      </trkpt>
      <trkpt lat="22.5438804" lon="113.9552003">
        <ele>6.61899</ele>
        <time>2025-08-01T11:19:41Z</time>
      </trkpt>
      <trkpt lat="22.5439312" lon="113.9552163">
        <ele>7.19999</ele>
        <time>2025-08-01T11:19:43Z</time>
      </trkpt>
      <trkpt lat="22.5439831" lon="113.9552341">
        <ele>5.69999</ele>
        <time>2025-08-01T11:19:45Z</time>
      </trkpt>
      <trkpt lat="22.5440359" lon="113.9552508">
        <ele>7.689</ele>
        <time>2025-08-01T11:19:47Z</time>
      </trkpt>
      <trkpt lat="22.5440876" lon="113.9552627">
        <ele>8.118</ele>
        <time>2025-08-01T11:19:49Z</time>
      </trkpt>
      <trkpt lat="22.5441404" lon="113.9552768">
        <ele>8.618</ele>
        <time>2025-08-01T11:19:51Z</time>
      </trkpt>
      <trkpt lat="22.5441896" lon="113.955288">
        <ele>7.524</ele>
        <time>2025-08-01T11:19:53Z</time>
      </trkpt>
      <trkpt lat="22.5442345" lon="113.9552942">
        <ele>9.60999</ele>
        <time>2025-08-01T11:19:55Z</time>
      </trkpt>
      <trkpt lat="22.5442757" lon="113.9552986">
        <ele>9.663</ele>
        <time>2025-08-01T11:19:57Z</time>
      </trkpt>
      <trkpt lat="22.5443178" lon="113.9552991">
        <ele>10.536</ele>
        <time>2025-08-01T11:19:59Z</time>
      </trkpt>
      <trkpt lat="22.5443573" lon="113.9552912">
        <ele>9.58899</ele>
        <time>2025-08-01T11:20:01Z</time>
      </trkpt>
      <trkpt lat="22.5443978" lon="113.9552851">
        <ele>7.498</ele>
        <time>2025-08-01T11:20:03Z</time>
      </trkpt>
      <trkpt lat="22.5444427" lon="113.9552837">
        <ele>6.61899</ele>
        <time>2025-08-01T11:20:05Z</time>
      </trkpt>
      <trkpt lat="22.5444879" lon="113.9552832">
        <ele>6.87099</ele>
        <time>2025-08-01T11:20:07Z</time>
      </trkpt>
      <trkpt lat="22.5445329" lon="113.9552895">
        <ele>7.12699</ele>
        <time>2025-08-01T11:20:09Z</time>
      </trkpt>
      <trkpt lat="22.5445745" lon="113.9552979">
        <ele>7.29799</ele>
        <time>2025-08-01T11:20:11Z</time>
      </trkpt>
      <trkpt lat="22.5446156" lon="113.9553029">
        <ele>7.11999</ele>
        <time>2025-08-01T11:20:13Z</time>
      </trkpt>
      <trkpt lat="22.5446539" lon="113.9553054">
        <ele>6.888</ele>
        <time>2025-08-01T11:20:15Z</time>
      </trkpt>
      <trkpt lat="22.5446934" lon="113.9553089">
        <ele>6.868</ele>
        <time>2025-08-01T11:20:17Z</time>
      </trkpt>
      <trkpt lat="22.54473" lon="113.9553107">
        <ele>6.93599</ele>
        <time>2025-08-01T11:20:19Z</time>
      </trkpt>
      <trkpt lat="22.5447681" lon="113.9553163">
        <ele>6.67999</ele>
        <time>2025-08-01T11:20:21Z</time>
      </trkpt>
      <trkpt lat="22.5448073" lon="113.9553209">
        <ele>6.978</ele>
        <time>2025-08-01T11:20:23Z</time>
      </trkpt>
      <trkpt lat="22.5448476" lon="113.9553265">
        <ele>7.85699</ele>
        <time>2025-08-01T11:20:25Z</time>
      </trkpt>
      <trkpt lat="22.5448865" lon="113.9553304">
        <ele>10.99199</ele>
        <time>2025-08-01T11:20:27Z</time>
      </trkpt>
      <trkpt lat="22.5449257" lon="113.9553328">
        <ele>10.784</ele>
        <time>2025-08-01T11:20:29Z</time>
      </trkpt>
      <trkpt lat="22.5449667" lon="113.9553338">
        <ele>11.491</ele>
        <time>2025-08-01T11:20:31Z</time>
      </trkpt>
      <trkpt lat="22.5450023" lon="113.9553369">
        <ele>11.119</ele>
        <time>2025-08-01T11:20:33Z</time>
      </trkpt>
      <trkpt lat="22.5450364" lon="113.9553395">
        <ele>12.02099</ele>
        <time>2025-08-01T11:20:35Z</time>
      </trkpt>
      <trkpt lat="22.5450711" lon="113.9553435">
        <ele>8.22</ele>
        <time>2025-08-01T11:20:37Z</time>
      </trkpt>
      <trkpt lat="22.5451096" lon="113.9553485">
        <ele>6.814</ele>
        <time>2025-08-01T11:20:39Z</time>
      </trkpt>
      <trkpt lat="22.5451488" lon="113.9553483">
        <ele>5.445</ele>
        <time>2025-08-01T11:20:41Z</time>
      </trkpt>
      <trkpt lat="22.5451876" lon="113.9553483">
        <ele>6.17199</ele>
        <time>2025-08-01T11:20:43Z</time>
      </trkpt>
      <trkpt lat="22.5452269" lon="113.9553479">
        <ele>5.67799</ele>
        <time>2025-08-01T11:20:45Z</time>
      </trkpt>
      <trkpt lat="22.5452684" lon="113.9553473">
        <ele>5.54699</ele>
        <time>2025-08-01T11:20:47Z</time>
      </trkpt>
      <trkpt lat="22.5453086" lon="113.9553519">
        <ele>5.88999</ele>
        <time>2025-08-01T11:20:49Z</time>
      </trkpt>
      <trkpt lat="22.5453478" lon="113.9553643">
        <ele>6.32399</ele>
        <time>2025-08-01T11:20:51Z</time>
      </trkpt>
      <trkpt lat="22.54539" lon="113.9553798">
        <ele>6.072</ele>
        <time>2025-08-01T11:20:53Z</time>
      </trkpt>
      <trkpt lat="22.5454323" lon="113.9553971">
        <ele>7.08099</ele>
        <time>2025-08-01T11:20:55Z</time>
      </trkpt>
      <trkpt lat="22.5454733" lon="113.9554156">
        <ele>7.425</ele>
        <time>2025-08-01T11:20:57Z</time>
      </trkpt>
      <trkpt lat="22.5455152" lon="113.9554301">
        <ele>7.60699</ele>
        <time>2025-08-01T11:20:59Z</time>
      </trkpt>
      <trkpt lat="22.5455546" lon="113.9554423">
        <ele>7.643</ele>
        <time>2025-08-01T11:21:01Z</time>
      </trkpt>
      <trkpt lat="22.5455903" lon="113.9554557">
        <ele>7.125</ele>
        <time>2025-08-01T11:21:03Z</time>
      </trkpt>
      <trkpt lat="22.5456272" lon="113.9554695">
        <ele>6.39599</ele>
        <time>2025-08-01T11:21:05Z</time>
      </trkpt>
      <trkpt lat="22.5456643" lon="113.9554827">
        <ele>5.026</ele>
        <time>2025-08-01T11:21:07Z</time>
      </trkpt>
      <trkpt lat="22.5456994" lon="113.9554943">
        <ele>3.84599</ele>
        <time>2025-08-01T11:21:09Z</time>
      </trkpt>
      <trkpt lat="22.5457349" lon="113.9555026">
        <ele>3.88299</ele>
        <time>2025-08-01T11:21:11Z</time>
      </trkpt>
      <trkpt lat="22.5457761" lon="113.9555092">
        <ele>4.302</ele>
        <time>2025-08-01T11:21:13Z</time>
      </trkpt>
      <trkpt lat="22.5458188" lon="113.9555167">
        <ele>5.617</ele>
        <time>2025-08-01T11:21:15Z</time>
      </trkpt>
      <trkpt lat="22.5458671" lon="113.955528">
        <ele>6.11899</ele>
        <time>2025-08-01T11:21:17Z</time>
      </trkpt>
      <trkpt lat="22.5459192" lon="113.9555425">
        <ele>8.56299</ele>
        <time>2025-08-01T11:21:19Z</time>
      </trkpt>
      <trkpt lat="22.545972" lon="113.9555596">
        <ele>8.14299</ele>
        <time>2025-08-01T11:21:22Z</time>
      </trkpt>
      <trkpt lat="22.546021" lon="113.9555762">
        <ele>7.545</ele>
        <time>2025-08-01T11:21:24Z</time>
      </trkpt>
      <trkpt lat="22.5460656" lon="113.9555911">
        <ele>7.788</ele>
        <time>2025-08-01T11:21:26Z</time>
      </trkpt>
      <trkpt lat="22.5461032" lon="113.955603">
        <ele>6.28399</ele>
        <time>2025-08-01T11:21:28Z</time>
      </trkpt>
      <trkpt lat="22.5461383" lon="113.9556153">
        <ele>6.031</ele>
        <time>2025-08-01T11:21:30Z</time>
      </trkpt>
      <trkpt lat="22.5461714" lon="113.9556262">
        <ele>4.55299</ele>
        <time>2025-08-01T11:21:32Z</time>
      </trkpt>
      <trkpt lat="22.5462071" lon="113.9556351">
        <ele>4.617</ele>
        <time>2025-08-01T11:21:34Z</time>
      </trkpt>
      <trkpt lat="22.5462427" lon="113.9556447">
        <ele>3.94199</ele>
        <time>2025-08-01T11:21:36Z</time>
      </trkpt>
      <trkpt lat="22.546278" lon="113.9556552">
        <ele>3.506</ele>
        <time>2025-08-01T11:21:38Z</time>
      </trkpt>
      <trkpt lat="22.5463115" lon="113.9556638">
        <ele>2.14899</ele>
        <time>2025-08-01T11:21:40Z</time>
      </trkpt>
      <trkpt lat="22.5463418" lon="113.9556724">
        <ele>1.674</ele>
        <time>2025-08-01T11:21:42Z</time>
      </trkpt>
      <trkpt lat="22.5463728" lon="113.9556834">
        <ele>2.27399</ele>
        <time>2025-08-01T11:21:44Z</time>
      </trkpt>
      <trkpt lat="22.5464075" lon="113.9556959">
        <ele>2.664</ele>
        <time>2025-08-01T11:21:46Z</time>
      </trkpt>
      <trkpt lat="22.5464434" lon="113.9557086">
        <ele>3.91899</ele>
        <time>2025-08-01T11:21:48Z</time>
      </trkpt>
      <trkpt lat="22.5464817" lon="113.955721">
        <ele>1.659</ele>
        <time>2025-08-01T11:21:50Z</time>
      </trkpt>
      <trkpt lat="22.5465264" lon="113.955735">
        <ele>1.83299</ele>
        <time>2025-08-01T11:21:52Z</time>
      </trkpt>
      <trkpt lat="22.546572" lon="113.9557485">
        <ele>0.698</ele>
        <time>2025-08-01T11:21:54Z</time>
      </trkpt>
      <trkpt lat="22.5466181" lon="113.955762">
        <ele>1.264</ele>
        <time>2025-08-01T11:21:56Z</time>
      </trkpt>
      <trkpt lat="22.5466668" lon="113.9557745">
        <ele>2.32299</ele>
        <time>2025-08-01T11:21:58Z</time>
      </trkpt>
      <trkpt lat="22.5467133" lon="113.9557864">
        <ele>4.175</ele>
        <time>2025-08-01T11:22:00Z</time>
      </trkpt>
      <trkpt lat="22.5467572" lon="113.9557964">
        <ele>6.52699</ele>
        <time>2025-08-01T11:22:02Z</time>
      </trkpt>
      <trkpt lat="22.5467996" lon="113.9558074">
        <ele>6.497</ele>
        <time>2025-08-01T11:22:04Z</time>
      </trkpt>
      <trkpt lat="22.5468423" lon="113.9558188">
        <ele>5.71299</ele>
        <time>2025-08-01T11:22:06Z</time>
      </trkpt>
      <trkpt lat="22.5468824" lon="113.9558308">
        <ele>5.36399</ele>
        <time>2025-08-01T11:22:08Z</time>
      </trkpt>
      <trkpt lat="22.5469237" lon="113.9558437">
        <ele>6.979</ele>
        <time>2025-08-01T11:22:10Z</time>
      </trkpt>
      <trkpt lat="22.5469661" lon="113.9558565">
        <ele>6.33599</ele>
        <time>2025-08-01T11:22:12Z</time>
      </trkpt>
      <trkpt lat="22.5470099" lon="113.9558687">
        <ele>5.59</ele>
        <time>2025-08-01T11:22:14Z</time>
      </trkpt>
      <trkpt lat="22.5470536" lon="113.955882">
        <ele>4.076</ele>
        <time>2025-08-01T11:22:16Z</time>
      </trkpt>
      <trkpt lat="22.5470967" lon="113.9558949">
        <ele>3.423</ele>
        <time>2025-08-01T11:22:18Z</time>
      </trkpt>
      <trkpt lat="22.5471402" lon="113.9559078">
        <ele>4.592</ele>
        <time>2025-08-01T11:22:20Z</time>
      </trkpt>
      <trkpt lat="22.5471844" lon="113.9559218">
        <ele>5.183</ele>
        <time>2025-08-01T11:22:22Z</time>
      </trkpt>
      <trkpt lat="22.547226" lon="113.9559348">
        <ele>5.64799</ele>
        <time>2025-08-01T11:22:24Z</time>
      </trkpt>
      <trkpt lat="22.5472669" lon="113.9559449">
        <ele>5.394</ele>
        <time>2025-08-01T11:22:26Z</time>
      </trkpt>
      <trkpt lat="22.5473088" lon="113.9559547">
        <ele>5.25699</ele>
        <time>2025-08-01T11:22:28Z</time>
      </trkpt>
      <trkpt lat="22.5473515" lon="113.9559672">
        <ele>4.887</ele>
        <time>2025-08-01T11:22:30Z</time>
      </trkpt>
      <trkpt lat="22.5473924" lon="113.9559811">
        <ele>4.84899</ele>
        <time>2025-08-01T11:22:32Z</time>
      </trkpt>
      <trkpt lat="22.5474322" lon="113.9559965">
        <ele>4.64099</ele>
        <time>2025-08-01T11:22:34Z</time>
      </trkpt>
      <trkpt lat="22.5474719" lon="113.956013">
        <ele>4.589</ele>
        <time>2025-08-01T11:22:36Z</time>
      </trkpt>
      <trkpt lat="22.5475105" lon="113.9560322">
        <ele>5.43599</ele>
        <time>2025-08-01T11:22:38Z</time>
      </trkpt>
      <trkpt lat="22.5475479" lon="113.956046">
        <ele>7.17999</ele>
        <time>2025-08-01T11:22:40Z</time>
      </trkpt>
      <trkpt lat="22.5475862" lon="113.956059">
        <ele>7.044</ele>
        <time>2025-08-01T11:22:42Z</time>
      </trkpt>
      <trkpt lat="22.5476255" lon="113.9560705">
        <ele>6.74399</ele>
        <time>2025-08-01T11:22:44Z</time>
      </trkpt>
      <trkpt lat="22.5476596" lon="113.9560797">
        <ele>6.412</ele>
        <time>2025-08-01T11:22:46Z</time>
      </trkpt>
      <trkpt lat="22.5476949" lon="113.9560861">
        <ele>6.248</ele>
        <time>2025-08-01T11:22:48Z</time>
      </trkpt>
      <trkpt lat="22.5477297" lon="113.9560969">
        <ele>5.05299</ele>
        <time>2025-08-01T11:22:50Z</time>
      </trkpt>
      <trkpt lat="22.5477639" lon="113.9561068">
        <ele>5.341</ele>
        <time>2025-08-01T11:22:52Z</time>
      </trkpt>
      <trkpt lat="22.5477966" lon="113.9561155">
        <ele>4.39799</ele>
        <time>2025-08-01T11:22:54Z</time>
      </trkpt>
      <trkpt lat="22.5478378" lon="113.9561227">
        <ele>4.203</ele>
        <time>2025-08-01T11:22:56Z</time>
      </trkpt>
      <trkpt lat="22.5478763" lon="113.9561296">
        <ele>3.618</ele>
        <time>2025-08-01T11:22:58Z</time>
      </trkpt>
      <trkpt lat="22.5479156" lon="113.9561359">
        <ele>3.51999</ele>
        <time>2025-08-01T11:23:00Z</time>
      </trkpt>
      <trkpt lat="22.547958" lon="113.9561436">
        <ele>3.176</ele>
        <time>2025-08-01T11:23:02Z</time>
      </trkpt>
      <trkpt lat="22.5480038" lon="113.9561538">
        <ele>2.53999</ele>
        <time>2025-08-01T11:23:04Z</time>
      </trkpt>
      <trkpt lat="22.5480446" lon="113.9561672">
        <ele>2.60899</ele>
        <time>2025-08-01T11:23:06Z</time>
      </trkpt>
      <trkpt lat="22.5480854" lon="113.9561822">
        <ele>3.493</ele>
        <time>2025-08-01T11:23:08Z</time>
      </trkpt>
      <trkpt lat="22.5481238" lon="113.9561972">
        <ele>3.68799</ele>
        <time>2025-08-01T11:23:10Z</time>
      </trkpt>
      <trkpt lat="22.5481615" lon="113.9562106">
        <ele>4.374</ele>
        <time>2025-08-01T11:23:12Z</time>
      </trkpt>
      <trkpt lat="22.5481992" lon="113.9562241">
        <ele>2.21799</ele>
        <time>2025-08-01T11:23:14Z</time>
      </trkpt>
      <trkpt lat="22.5482381" lon="113.9562349">
        <ele>3.21099</ele>
        <time>2025-08-01T11:23:16Z</time>
      </trkpt>
      <trkpt lat="22.5482797" lon="113.9562446">
        <ele>2.69199</ele>
        <time>2025-08-01T11:23:18Z</time>
      </trkpt>
      <trkpt lat="22.5483249" lon="113.9562546">
        <ele>3.28299</ele>
        <time>2025-08-01T11:23:20Z</time>
      </trkpt>
      <trkpt lat="22.5483731" lon="113.9562672">
        <ele>2.25999</ele>
        <time>2025-08-01T11:23:22Z</time>
      </trkpt>
      <trkpt lat="22.5484211" lon="113.956281">
        <ele>2.40599</ele>
        <time>2025-08-01T11:23:24Z</time>
      </trkpt>
      <trkpt lat="22.548463" lon="113.9562939">
        <ele>2.75099</ele>
        <time>2025-08-01T11:23:26Z</time>
      </trkpt>
      <trkpt lat="22.5485023" lon="113.9563031">
        <ele>3.604</ele>
        <time>2025-08-01T11:23:28Z</time>
      </trkpt>
      <trkpt lat="22.5485416" lon="113.9563117">
        <ele>2.89199</ele>
        <time>2025-08-01T11:23:30Z</time>
      </trkpt>
      <trkpt lat="22.5485771" lon="113.9563195">
        <ele>3.32599</ele>
        <time>2025-08-01T11:23:32Z</time>
      </trkpt>
      <trkpt lat="22.548612" lon="113.9563242">
        <ele>4.125</ele>
        <time>2025-08-01T11:23:34Z</time>
      </trkpt>
      <trkpt lat="22.5486546" lon="113.9563338">
        <ele>3.299</ele>
        <time>2025-08-01T11:23:36Z</time>
      </trkpt>
      <trkpt lat="22.5487004" lon="113.9563492">
        <ele>5.262</ele>
        <time>2025-08-01T11:23:38Z</time>
      </trkpt>
      <trkpt lat="22.5487476" lon="113.9563652">
        <ele>4.95699</ele>
        <time>2025-08-01T11:23:40Z</time>
      </trkpt>
      <trkpt lat="22.5487942" lon="113.9563802">
        <ele>3.99699</ele>
        <time>2025-08-01T11:23:42Z</time>
      </trkpt>
      <trkpt lat="22.5488405" lon="113.956397">
        <ele>3.66199</ele>
        <time>2025-08-01T11:23:44Z</time>
      </trkpt>
      <trkpt lat="22.5488839" lon="113.956412">
        <ele>3.16599</ele>
        <time>2025-08-01T11:23:46Z</time>
      </trkpt>
      <trkpt lat="22.5489254" lon="113.9564237">
        <ele>2.95399</ele>
        <time>2025-08-01T11:23:48Z</time>
      </trkpt>
      <trkpt lat="22.5489699" lon="113.9564356">
        <ele>4.04699</ele>
        <time>2025-08-01T11:23:50Z</time>
      </trkpt>
      <trkpt lat="22.5490196" lon="113.9564478">
        <ele>3.848</ele>
        <time>2025-08-01T11:23:52Z</time>
      </trkpt>
      <trkpt lat="22.5490686" lon="113.95646">
        <ele>4.65399</ele>
        <time>2025-08-01T11:23:55Z</time>
      </trkpt>
      <trkpt lat="22.5491216" lon="113.9564743">
        <ele>4.735</ele>
        <time>2025-08-01T11:23:58Z</time>
      </trkpt>
      <trkpt lat="22.5491746" lon="113.9564895">
        <ele>4.94099</ele>
        <time>2025-08-01T11:24:00Z</time>
      </trkpt>
      <trkpt lat="22.5492212" lon="113.956503">
        <ele>4.544</ele>
        <time>2025-08-01T11:24:03Z</time>
      </trkpt>
      <trkpt lat="22.5492651" lon="113.9565139">
        <ele>4.02699</ele>
        <time>2025-08-01T11:24:05Z</time>
      </trkpt>
      <trkpt lat="22.549309" lon="113.9565208">
        <ele>4.467</ele>
        <time>2025-08-01T11:24:07Z</time>
      </trkpt>
      <trkpt lat="22.5493488" lon="113.9565243">
        <ele>5.40799</ele>
        <time>2025-08-01T11:24:09Z</time>
      </trkpt>
      <trkpt lat="22.5493902" lon="113.9565271">
        <ele>5.546</ele>
        <time>2025-08-01T11:24:11Z</time>
      </trkpt>
      <trkpt lat="22.5494338" lon="113.9565292">
        <ele>4.999</ele>
        <time>2025-08-01T11:24:13Z</time>
      </trkpt>
      <trkpt lat="22.5494766" lon="113.956532">
        <ele>5.38899</ele>
        <time>2025-08-01T11:24:15Z</time>
      </trkpt>
      <trkpt lat="22.5495203" lon="113.9565379">
        <ele>6.00799</ele>
        <time>2025-08-01T11:24:17Z</time>
      </trkpt>
      <trkpt lat="22.549565" lon="113.9565452">
        <ele>6.54799</ele>
        <time>2025-08-01T11:24:19Z</time>
      </trkpt>
      <trkpt lat="22.5496088" lon="113.9565525">
        <ele>6.70599</ele>
        <time>2025-08-01T11:24:21Z</time>
      </trkpt>
      <trkpt lat="22.5496518" lon="113.9565598">
        <ele>7.21199</ele>
        <time>2025-08-01T11:24:23Z</time>
      </trkpt>
      <trkpt lat="22.5496942" lon="113.9565668">
        <ele>7.446</ele>
        <time>2025-08-01T11:24:25Z</time>
      </trkpt>
      <trkpt lat="22.5497364" lon="113.9565722">
        <ele>7.36299</ele>
        <time>2025-08-01T11:24:27Z</time>
      </trkpt>
      <trkpt lat="22.5497781" lon="113.9565767">
        <ele>7.497</ele>
        <time>2025-08-01T11:24:29Z</time>
      </trkpt>
      <trkpt lat="22.5498198" lon="113.9565799">
        <ele>7.223</ele>
        <time>2025-08-01T11:24:31Z</time>
      </trkpt>
      <trkpt lat="22.5498609" lon="113.9565826">
        <ele>7.39099</ele>
        <time>2025-08-01T11:24:33Z</time>
      </trkpt>
      <trkpt lat="22.5499017" lon="113.9565851">
        <ele>7.44899</ele>
        <time>2025-08-01T11:24:35Z</time>
      </trkpt>
      <trkpt lat="22.5499423" lon="113.9565874">
        <ele>6.977</ele>
        <time>2025-08-01T11:24:37Z</time>
      </trkpt>
      <trkpt lat="22.5499826" lon="113.9565886">
        <ele>6.69299</ele>
        <time>2025-08-01T11:24:39Z</time>
      </trkpt>
      <trkpt lat="22.5500236" lon="113.9565898">
        <ele>6.406</ele>
        <time>2025-08-01T11:24:41Z</time>
      </trkpt>
      <trkpt lat="22.5500648" lon="113.9565902">
        <ele>6.406</ele>
        <time>2025-08-01T11:24:43Z</time>
      </trkpt>
      <trkpt lat="22.550107" lon="113.9565899">
        <ele>6.472</ele>
        <time>2025-08-01T11:24:45Z</time>
      </trkpt>
      <trkpt lat="22.5501502" lon="113.9565897">
        <ele>6.905</ele>
        <time>2025-08-01T11:24:47Z</time>
      </trkpt>
      <trkpt lat="22.5501924" lon="113.9565902">
        <ele>7.15999</ele>
        <time>2025-08-01T11:24:49Z</time>
      </trkpt>
      <trkpt lat="22.5502319" lon="113.9565906">
        <ele>7.40299</ele>
        <time>2025-08-01T11:24:51Z</time>
      </trkpt>
      <trkpt lat="22.5502699" lon="113.9565911">
        <ele>7.352</ele>
        <time>2025-08-01T11:24:53Z</time>
      </trkpt>
      <trkpt lat="22.5503059" lon="113.9565914">
        <ele>6.63399</ele>
        <time>2025-08-01T11:24:55Z</time>
      </trkpt>
      <trkpt lat="22.5503425" lon="113.9565896">
        <ele>6.51499</ele>
        <time>2025-08-01T11:24:57Z</time>
      </trkpt>
      <trkpt lat="22.5503803" lon="113.9565856">
        <ele>5.537</ele>
        <time>2025-08-01T11:24:59Z</time>
      </trkpt>
      <trkpt lat="22.550422" lon="113.9565791">
        <ele>7.11299</ele>
        <time>2025-08-01T11:25:01Z</time>
      </trkpt>
      <trkpt lat="22.5504662" lon="113.9565696">
        <ele>6.71099</ele>
        <time>2025-08-01T11:25:03Z</time>
      </trkpt>
      <trkpt lat="22.5505131" lon="113.9565612">
        <ele>5.775</ele>
        <time>2025-08-01T11:25:05Z</time>
      </trkpt>
      <trkpt lat="22.5505606" lon="113.9565555">
        <ele>7.557</ele>
        <time>2025-08-01T11:25:07Z</time>
      </trkpt>
      <trkpt lat="22.5506093" lon="113.9565518">
        <ele>7.248</ele>
        <time>2025-08-01T11:25:09Z</time>
      </trkpt>
      <trkpt lat="22.5506556" lon="113.9565493">
        <ele>7.15899</ele>
        <time>2025-08-01T11:25:11Z</time>
      </trkpt>
      <trkpt lat="22.5507002" lon="113.956549">
        <ele>7.052</ele>
        <time>2025-08-01T11:25:13Z</time>
      </trkpt>
      <trkpt lat="22.5507437" lon="113.9565464">
        <ele>6.63299</ele>
        <time>2025-08-01T11:25:15Z</time>
      </trkpt>
      <trkpt lat="22.5507834" lon="113.956542">
        <ele>6.17799</ele>
        <time>2025-08-01T11:25:17Z</time>
      </trkpt>
      <trkpt lat="22.5508234" lon="113.9565371">
        <ele>6.565</ele>
        <time>2025-08-01T11:25:19Z</time>
      </trkpt>
      <trkpt lat="22.5508638" lon="113.9565324">
        <ele>4.54099</ele>
        <time>2025-08-01T11:25:21Z</time>
      </trkpt>
      <trkpt lat="22.5509061" lon="113.9565267">
        <ele>5.48699</ele>
        <time>2025-08-01T11:25:23Z</time>
      </trkpt>
      <trkpt lat="22.5509468" lon="113.9565223">
        <ele>6.635</ele>
        <time>2025-08-01T11:25:25Z</time>
      </trkpt>
      <trkpt lat="22.5509901" lon="113.956517">
        <ele>8.326</ele>
        <time>2025-08-01T11:25:27Z</time>
      </trkpt>
      <trkpt lat="22.5510329" lon="113.9565095">
        <ele>8.80599</ele>
        <time>2025-08-01T11:25:29Z</time>
      </trkpt>
      <trkpt lat="22.5510775" lon="113.9565005">
        <ele>8.77799</ele>
        <time>2025-08-01T11:25:31Z</time>
      </trkpt>
      <trkpt lat="22.5511215" lon="113.9564935">
        <ele>8.277</ele>
        <time>2025-08-01T11:25:33Z</time>
      </trkpt>
      <trkpt lat="22.551168" lon="113.9564841">
        <ele>8.01299</ele>
        <time>2025-08-01T11:25:35Z</time>
      </trkpt>
      <trkpt lat="22.5512165" lon="113.9564757">
        <ele>8.20499</ele>
        <time>2025-08-01T11:25:37Z</time>
      </trkpt>
      <trkpt lat="22.5512638" lon="113.9564683">
        <ele>7.67399</ele>
        <time>2025-08-01T11:25:39Z</time>
      </trkpt>
      <trkpt lat="22.5513069" lon="113.9564609">
        <ele>7.88199</ele>
        <time>2025-08-01T11:25:41Z</time>
      </trkpt>
      <trkpt lat="22.5513476" lon="113.9564514">
        <ele>6.62099</ele>
        <time>2025-08-01T11:25:43Z</time>
      </trkpt>
      <trkpt lat="22.5513882" lon="113.9564428">
        <ele>6.249</ele>
        <time>2025-08-01T11:25:45Z</time>
      </trkpt>
      <trkpt lat="22.5514258" lon="113.9564322">
        <ele>5.571</ele>
        <time>2025-08-01T11:25:47Z</time>
      </trkpt>
      <trkpt lat="22.5514625" lon="113.9564202">
        <ele>6.84899</ele>
        <time>2025-08-01T11:25:49Z</time>
      </trkpt>
      <trkpt lat="22.551501" lon="113.9564099">
        <ele>6.52699</ele>
        <time>2025-08-01T11:25:51Z</time>
      </trkpt>
      <trkpt lat="22.5515406" lon="113.9564003">
        <ele>5.893</ele>
        <time>2025-08-01T11:25:53Z</time>
      </trkpt>
      <trkpt lat="22.5515814" lon="113.9563896">
        <ele>5.78299</ele>
        <time>2025-08-01T11:25:55Z</time>
      </trkpt>
      <trkpt lat="22.5516224" lon="113.9563791">
        <ele>6.872</ele>
        <time>2025-08-01T11:25:57Z</time>
      </trkpt>
      <trkpt lat="22.5516656" lon="113.9563663">
        <ele>6.63</ele>
        <time>2025-08-01T11:25:59Z</time>
      </trkpt>
      <trkpt lat="22.5517099" lon="113.9563501">
        <ele>6.71799</ele>
        <time>2025-08-01T11:26:01Z</time>
      </trkpt>
      <trkpt lat="22.551755" lon="113.9563324">
        <ele>6.97499</ele>
        <time>2025-08-01T11:26:03Z</time>
      </trkpt>
      <trkpt lat="22.5517976" lon="113.9563148">
        <ele>6.677</ele>
        <time>2025-08-01T11:26:05Z</time>
      </trkpt>
      <trkpt lat="22.5518414" lon="113.9562969">
        <ele>7.26599</ele>
        <time>2025-08-01T11:26:07Z</time>
      </trkpt>
      <trkpt lat="22.5518845" lon="113.9562809">
        <ele>6.34399</ele>
        <time>2025-08-01T11:26:09Z</time>
      </trkpt>
      <trkpt lat="22.5519247" lon="113.9562665">
        <ele>6.959</ele>
        <time>2025-08-01T11:26:11Z</time>
      </trkpt>
      <trkpt lat="22.5519636" lon="113.9562524">
        <ele>6.313</ele>
        <time>2025-08-01T11:26:13Z</time>
      </trkpt>
      <trkpt lat="22.5519986" lon="113.9562379">
        <ele>5.281</ele>
        <time>2025-08-01T11:26:15Z</time>
      </trkpt>
      <trkpt lat="22.552029" lon="113.9562228">
        <ele>6.46299</ele>
        <time>2025-08-01T11:26:17Z</time>
      </trkpt>
      <trkpt lat="22.5520571" lon="113.9562086">
        <ele>2.845</ele>
        <time>2025-08-01T11:26:19Z</time>
      </trkpt>
      <trkpt lat="22.5520874" lon="113.956193">
        <ele>1.223</ele>
        <time>2025-08-01T11:26:21Z</time>
      </trkpt>
      <trkpt lat="22.5521185" lon="113.9561762">
        <ele>0.88899</ele>
        <time>2025-08-01T11:26:23Z</time>
      </trkpt>
      <trkpt lat="22.5521527" lon="113.9561595">
        <ele>0.32699</ele>
        <time>2025-08-01T11:26:25Z</time>
      </trkpt>
      <trkpt lat="22.5521897" lon="113.9561414">
        <ele>0.87099</ele>
        <time>2025-08-01T11:26:27Z</time>
      </trkpt>
      <trkpt lat="22.5522277" lon="113.9561204">
        <ele>1.286</ele>
        <time>2025-08-01T11:26:29Z</time>
      </trkpt>
      <trkpt lat="22.5522665" lon="113.9560981">
        <ele>0.717</ele>
        <time>2025-08-01T11:26:31Z</time>
      </trkpt>
      <trkpt lat="22.5523065" lon="113.9560775">
        <ele>2.104</ele>
        <time>2025-08-01T11:26:33Z</time>
      </trkpt>
      <trkpt lat="22.5523465" lon="113.9560596">
        <ele>1.944</ele>
        <time>2025-08-01T11:26:35Z</time>
      </trkpt>
      <trkpt lat="22.5523857" lon="113.9560438">
        <ele>3.888</ele>
        <time>2025-08-01T11:26:37Z</time>
      </trkpt>
      <trkpt lat="22.5524285" lon="113.95603">
        <ele>5.182</ele>
        <time>2025-08-01T11:26:39Z</time>
      </trkpt>
      <trkpt lat="22.5524692" lon="113.9560167">
        <ele>4.90199</ele>
        <time>2025-08-01T11:26:41Z</time>
      </trkpt>
      <trkpt lat="22.5525073" lon="113.9560011">
        <ele>5.551</ele>
        <time>2025-08-01T11:26:43Z</time>
      </trkpt>
      <trkpt lat="22.5525462" lon="113.9559801">
        <ele>7.39799</ele>
        <time>2025-08-01T11:26:45Z</time>
      </trkpt>
      <trkpt lat="22.5525842" lon="113.9559558">
        <ele>5.79799</ele>
        <time>2025-08-01T11:26:47Z</time>
      </trkpt>
      <trkpt lat="22.5526174" lon="113.955931">
        <ele>3.936</ele>
        <time>2025-08-01T11:26:49Z</time>
      </trkpt>
      <trkpt lat="22.5526508" lon="113.9559035">
        <ele>3.792</ele>
        <time>2025-08-01T11:26:51Z</time>
      </trkpt>
      <trkpt lat="22.5526833" lon="113.9558749">
        <ele>3.479</ele>
        <time>2025-08-01T11:26:53Z</time>
      </trkpt>
      <trkpt lat="22.5527143" lon="113.9558474">
        <ele>2.796</ele>
        <time>2025-08-01T11:26:55Z</time>
      </trkpt>
      <trkpt lat="22.5527471" lon="113.9558222">
        <ele>1.78199</ele>
        <time>2025-08-01T11:26:57Z</time>
      </trkpt>
      <trkpt lat="22.5527822" lon="113.9557952">
        <ele>0.744</ele>
        <time>2025-08-01T11:26:59Z</time>
      </trkpt>
      <trkpt lat="22.5528194" lon="113.9557695">
        <ele>0.57599</ele>
        <time>2025-08-01T11:27:01Z</time>
      </trkpt>
      <trkpt lat="22.5528588" lon="113.9557463">
        <ele>0.916</ele>
        <time>2025-08-01T11:27:03Z</time>
      </trkpt>
      <trkpt lat="22.5528994" lon="113.9557244">
        <ele>0.90799</ele>
        <time>2025-08-01T11:27:05Z</time>
      </trkpt>
      <trkpt lat="22.5529395" lon="113.9557028">
        <ele>0.93099</ele>
        <time>2025-08-01T11:27:07Z</time>
      </trkpt>
      <trkpt lat="22.5529775" lon="113.9556799">
        <ele>2.83299</ele>
        <time>2025-08-01T11:27:09Z</time>
      </trkpt>
      <trkpt lat="22.5530158" lon="113.9556574">
        <ele>2.391</ele>
        <time>2025-08-01T11:27:11Z</time>
      </trkpt>
      <trkpt lat="22.5530542" lon="113.9556316">
        <ele>0.83999</ele>
        <time>2025-08-01T11:27:13Z</time>
      </trkpt>
      <trkpt lat="22.553091" lon="113.9555996">
        <ele>-0.068</ele>
        <time>2025-08-01T11:27:15Z</time>
      </trkpt>
      <trkpt lat="22.5531261" lon="113.9555649">
        <ele>1.24199</ele>
        <time>2025-08-01T11:27:17Z</time>
      </trkpt>
      <trkpt lat="22.5531632" lon="113.9555313">
        <ele>2.082</ele>
        <time>2025-08-01T11:27:19Z</time>
      </trkpt>
      <trkpt lat="22.553202" lon="113.9555001">
        <ele>2.713</ele>
        <time>2025-08-01T11:27:21Z</time>
      </trkpt>
      <trkpt lat="22.5532414" lon="113.9554737">
        <ele>3.272</ele>
        <time>2025-08-01T11:27:23Z</time>
      </trkpt>
      <trkpt lat="22.5532808" lon="113.9554547">
        <ele>4.012</ele>
        <time>2025-08-01T11:27:25Z</time>
      </trkpt>
      <trkpt lat="22.5533223" lon="113.9554399">
        <ele>4.08099</ele>
        <time>2025-08-01T11:27:27Z</time>
      </trkpt>
      <trkpt lat="22.5533646" lon="113.9554275">
        <ele>4.056</ele>
        <time>2025-08-01T11:27:29Z</time>
      </trkpt>
      <trkpt lat="22.5534041" lon="113.9554132">
        <ele>4.374</ele>
        <time>2025-08-01T11:27:31Z</time>
      </trkpt>
      <trkpt lat="22.5534405" lon="113.955397">
        <ele>5.181</ele>
        <time>2025-08-01T11:27:33Z</time>
      </trkpt>
      <trkpt lat="22.5534785" lon="113.9553799">
        <ele>5.39799</ele>
        <time>2025-08-01T11:27:35Z</time>
      </trkpt>
      <trkpt lat="22.5535146" lon="113.9553624">
        <ele>5.084</ele>
        <time>2025-08-01T11:27:37Z</time>
      </trkpt>
      <trkpt lat="22.553549" lon="113.9553467">
        <ele>4.464</ele>
        <time>2025-08-01T11:27:39Z</time>
      </trkpt>
      <trkpt lat="22.5535841" lon="113.9553332">
        <ele>3.64299</ele>
        <time>2025-08-01T11:27:41Z</time>
      </trkpt>
      <trkpt lat="22.5536216" lon="113.9553198">
        <ele>1.807</ele>
        <time>2025-08-01T11:27:43Z</time>
      </trkpt>
      <trkpt lat="22.5536601" lon="113.9553051">
        <ele>2.91599</ele>
        <time>2025-08-01T11:27:45Z</time>
      </trkpt>
      <trkpt lat="22.5537023" lon="113.9552879">
        <ele>3.236</ele>
        <time>2025-08-01T11:27:47Z</time>
      </trkpt>
      <trkpt lat="22.5537436" lon="113.9552654">
        <ele>4.005</ele>
        <time>2025-08-01T11:27:49Z</time>
      </trkpt>
      <trkpt lat="22.5537819" lon="113.9552383">
        <ele>5.12699</ele>
        <time>2025-08-01T11:27:51Z</time>
      </trkpt>
      <trkpt lat="22.5538182" lon="113.9552088">
        <ele>4.591</ele>
        <time>2025-08-01T11:27:53Z</time>
      </trkpt>
      <trkpt lat="22.5538516" lon="113.9551792">
        <ele>5.162</ele>
        <time>2025-08-01T11:27:55Z</time>
      </trkpt>
      <trkpt lat="22.5538833" lon="113.9551506">
        <ele>5.519</ele>
        <time>2025-08-01T11:27:57Z</time>
      </trkpt>
      <trkpt lat="22.55392" lon="113.9551249">
        <ele>4.657</ele>
        <time>2025-08-01T11:27:59Z</time>
      </trkpt>
      <trkpt lat="22.5539583" lon="113.955104">
        <ele>4.34999</ele>
        <time>2025-08-01T11:28:01Z</time>
      </trkpt>
      <trkpt lat="22.5539964" lon="113.9550825">
        <ele>5.39599</ele>
        <time>2025-08-01T11:28:03Z</time>
      </trkpt>
      <trkpt lat="22.5540352" lon="113.9550594">
        <ele>6.59999</ele>
        <time>2025-08-01T11:28:05Z</time>
      </trkpt>
      <trkpt lat="22.554074" lon="113.9550362">
        <ele>6.36199</ele>
        <time>2025-08-01T11:28:07Z</time>
      </trkpt>
      <trkpt lat="22.5541075" lon="113.9550091">
        <ele>6.30299</ele>
        <time>2025-08-01T11:28:09Z</time>
      </trkpt>
      <trkpt lat="22.5541407" lon="113.9549787">
        <ele>4.92899</ele>
        <time>2025-08-01T11:28:11Z</time>
      </trkpt>
      <trkpt lat="22.5541755" lon="113.9549471">
        <ele>5.032</ele>
        <time>2025-08-01T11:28:13Z</time>
      </trkpt>
      <trkpt lat="22.5542093" lon="113.9549196">
        <ele>5.01999</ele>
        <time>2025-08-01T11:28:15Z</time>
      </trkpt>
      <trkpt lat="22.5542425" lon="113.9548908">
        <ele>6.19999</ele>
        <time>2025-08-01T11:28:17Z</time>
      </trkpt>
      <trkpt lat="22.5542776" lon="113.9548627">
        <ele>6.93499</ele>
        <time>2025-08-01T11:28:19Z</time>
      </trkpt>
      <trkpt lat="22.5543136" lon="113.9548362">
        <ele>7.03999</ele>
        <time>2025-08-01T11:28:21Z</time>
      </trkpt>
      <trkpt lat="22.5543483" lon="113.9548132">
        <ele>7.80299</ele>
        <time>2025-08-01T11:28:23Z</time>
      </trkpt>
      <trkpt lat="22.554382" lon="113.954786">
        <ele>7.012</ele>
        <time>2025-08-01T11:28:25Z</time>
      </trkpt>
      <trkpt lat="22.5544125" lon="113.9547584">
        <ele>7.046</ele>
        <time>2025-08-01T11:28:27Z</time>
      </trkpt>
      <trkpt lat="22.5544402" lon="113.9547335">
        <ele>7.3</ele>
        <time>2025-08-01T11:28:29Z</time>
      </trkpt>
      <trkpt lat="22.5544663" lon="113.9547085">
        <ele>5.95699</ele>
        <time>2025-08-01T11:28:31Z</time>
      </trkpt>
      <trkpt lat="22.5544915" lon="113.9546806">
        <ele>10.166</ele>
        <time>2025-08-01T11:28:33Z</time>
      </trkpt>
      <trkpt lat="22.5545171" lon="113.954653">
        <ele>10.35</ele>
        <time>2025-08-01T11:28:35Z</time>
      </trkpt>
      <trkpt lat="22.5545438" lon="113.9546273">
        <ele>10.31099</ele>
        <time>2025-08-01T11:28:37Z</time>
      </trkpt>
      <trkpt lat="22.5545723" lon="113.9545996">
        <ele>10.272</ele>
        <time>2025-08-01T11:28:39Z</time>
      </trkpt>
      <trkpt lat="22.5546006" lon="113.9545737">
        <ele>10.96399</ele>
        <time>2025-08-01T11:28:41Z</time>
      </trkpt>
      <trkpt lat="22.5546306" lon="113.9545484">
        <ele>9.465</ele>
        <time>2025-08-01T11:28:43Z</time>
      </trkpt>
      <trkpt lat="22.5546628" lon="113.9545271">
        <ele>9.972</ele>
        <time>2025-08-01T11:28:45Z</time>
      </trkpt>
      <trkpt lat="22.554696" lon="113.9545058">
        <ele>7.965</ele>
        <time>2025-08-01T11:28:47Z</time>
      </trkpt>
      <trkpt lat="22.5547291" lon="113.9544856">
        <ele>7.464</ele>
        <time>2025-08-01T11:28:49Z</time>
      </trkpt>
      <trkpt lat="22.5547655" lon="113.9544664">
        <ele>7.657</ele>
        <time>2025-08-01T11:28:51Z</time>
      </trkpt>
      <trkpt lat="22.5548044" lon="113.9544506">
        <ele>7.208</ele>
        <time>2025-08-01T11:28:53Z</time>
      </trkpt>
      <trkpt lat="22.5548428" lon="113.9544356">
        <ele>6.38899</ele>
        <time>2025-08-01T11:28:55Z</time>
      </trkpt>
      <trkpt lat="22.5548835" lon="113.9544228">
        <ele>6.28399</ele>
        <time>2025-08-01T11:28:57Z</time>
      </trkpt>
      <trkpt lat="22.5549231" lon="113.9544126">
        <ele>6.25199</ele>
        <time>2025-08-01T11:28:59Z</time>
      </trkpt>
      <trkpt lat="22.5549623" lon="113.9544049">
        <ele>5.17399</ele>
        <time>2025-08-01T11:29:01Z</time>
      </trkpt>
      <trkpt lat="22.5550043" lon="113.9544005">
        <ele>5.53399</ele>
        <time>2025-08-01T11:29:03Z</time>
      </trkpt>
      <trkpt lat="22.5550521" lon="113.9543967">
        <ele>5.64699</ele>
        <time>2025-08-01T11:29:05Z</time>
      </trkpt>
      <trkpt lat="22.5550991" lon="113.9543961">
        <ele>5.05299</ele>
        <time>2025-08-01T11:29:07Z</time>
      </trkpt>
      <trkpt lat="22.5551512" lon="113.9543952">
        <ele>5.46</ele>
        <time>2025-08-01T11:29:09Z</time>
      </trkpt>
      <trkpt lat="22.5552041" lon="113.9543893">
        <ele>7.21299</ele>
        <time>2025-08-01T11:29:11Z</time>
      </trkpt>
      <trkpt lat="22.5552558" lon="113.9543763">
        <ele>6.531</ele>
        <time>2025-08-01T11:29:13Z</time>
      </trkpt>
      <trkpt lat="22.5553011" lon="113.9543598">
        <ele>5.76999</ele>
        <time>2025-08-01T11:29:15Z</time>
      </trkpt>
      <trkpt lat="22.5553497" lon="113.9543381">
        <ele>4.934</ele>
        <time>2025-08-01T11:29:17Z</time>
      </trkpt>
      <trkpt lat="22.5553983" lon="113.9543126">
        <ele>4.993</ele>
        <time>2025-08-01T11:29:19Z</time>
      </trkpt>
      <trkpt lat="22.55544" lon="113.9542853">
        <ele>6.57899</ele>
        <time>2025-08-01T11:29:21Z</time>
      </trkpt>
      <trkpt lat="22.5554761" lon="113.9542594">
        <ele>6.98899</ele>
        <time>2025-08-01T11:29:23Z</time>
      </trkpt>
      <trkpt lat="22.555512" lon="113.9542309">
        <ele>6.794</ele>
        <time>2025-08-01T11:29:25Z</time>
      </trkpt>
      <trkpt lat="22.5555405" lon="113.9541986">
        <ele>6.48299</ele>
        <time>2025-08-01T11:29:27Z</time>
      </trkpt>
      <trkpt lat="22.5555617" lon="113.954165">
        <ele>6.54799</ele>
        <time>2025-08-01T11:29:29Z</time>
      </trkpt>
      <trkpt lat="22.555585" lon="113.9541311">
        <ele>8.22</ele>
        <time>2025-08-01T11:29:31Z</time>
      </trkpt>
      <trkpt lat="22.5556084" lon="113.9540951">
        <ele>10.199</ele>
        <time>2025-08-01T11:29:33Z</time>
      </trkpt>
      <trkpt lat="22.555629" lon="113.9540566">
        <ele>9.77499</ele>
        <time>2025-08-01T11:29:35Z</time>
      </trkpt>
      <trkpt lat="22.5556507" lon="113.9540165">
        <ele>10.078</ele>
        <time>2025-08-01T11:29:37Z</time>
      </trkpt>
      <trkpt lat="22.5556749" lon="113.9539792">
        <ele>10.788</ele>
        <time>2025-08-01T11:29:39Z</time>
      </trkpt>
      <trkpt lat="22.5557029" lon="113.9539467">
        <ele>9.73099</ele>
        <time>2025-08-01T11:29:41Z</time>
      </trkpt>
      <trkpt lat="22.5557328" lon="113.9539182">
        <ele>7.919</ele>
        <time>2025-08-01T11:29:43Z</time>
      </trkpt>
      <trkpt lat="22.5557668" lon="113.9538973">
        <ele>8.425</ele>
        <time>2025-08-01T11:29:45Z</time>
      </trkpt>
      <trkpt lat="22.5558042" lon="113.9538838">
        <ele>7.261</ele>
        <time>2025-08-01T11:29:47Z</time>
      </trkpt>
      <trkpt lat="22.5558425" lon="113.9538745">
        <ele>7.01399</ele>
        <time>2025-08-01T11:29:49Z</time>
      </trkpt>
      <trkpt lat="22.5558781" lon="113.9538662">
        <ele>7.08199</ele>
        <time>2025-08-01T11:29:51Z</time>
      </trkpt>
      <trkpt lat="22.555911" lon="113.9538612">
        <ele>8.16499</ele>
        <time>2025-08-01T11:29:53Z</time>
      </trkpt>
      <trkpt lat="22.5559418" lon="113.9538591">
        <ele>8.701</ele>
        <time>2025-08-01T11:29:55Z</time>
      </trkpt>
      <trkpt lat="22.5559685" lon="113.9538588">
        <ele>9.97799</ele>
        <time>2025-08-01T11:29:57Z</time>
      </trkpt>
      <trkpt lat="22.5559923" lon="113.9538564">
        <ele>12.38399</ele>
        <time>2025-08-01T11:29:59Z</time>
      </trkpt>
      <trkpt lat="22.5560187" lon="113.9538533">
        <ele>12.28999</ele>
        <time>2025-08-01T11:30:01Z</time>
      </trkpt>
      <trkpt lat="22.5560466" lon="113.9538504">
        <ele>12.99699</ele>
        <time>2025-08-01T11:30:03Z</time>
      </trkpt>
      <trkpt lat="22.5560733" lon="113.9538464">
        <ele>13.335</ele>
        <time>2025-08-01T11:30:05Z</time>
      </trkpt>
      <trkpt lat="22.5560935" lon="113.9538448">
        <ele>13.128</ele>
        <time>2025-08-01T11:30:07Z</time>
      </trkpt>
      <trkpt lat="22.5561067" lon="113.9538434">
        <ele>13.05599</ele>
        <time>2025-08-01T11:30:09Z</time>
      </trkpt>
      <trkpt lat="22.5561105" lon="113.9538383">
        <ele>13.16399</ele>
        <time>2025-08-01T11:30:12Z</time>
      </trkpt>
      <trkpt lat="22.556112" lon="113.9538269">
        <ele>11.878</ele>
        <time>2025-08-01T11:30:15Z</time>
      </trkpt>
      <trkpt lat="22.5561207" lon="113.9538219">
        <ele>11.53499</ele>
        <time>2025-08-01T11:30:17Z</time>
      </trkpt>
      <trkpt lat="22.5561454" lon="113.9538131">
        <ele>9.62199</ele>
        <time>2025-08-01T11:30:19Z</time>
      </trkpt>
      <trkpt lat="22.5561961" lon="113.9538051">
        <ele>7.70599</ele>
        <time>2025-08-01T11:30:21Z</time>
      </trkpt>
      <trkpt lat="22.556273" lon="113.9538015">
        <ele>4.78999</ele>
        <time>2025-08-01T11:30:23Z</time>
      </trkpt>
      <trkpt lat="22.5563715" lon="113.9538037">
        <ele>3.49399</ele>
        <time>2025-08-01T11:30:25Z</time>
      </trkpt>
      <trkpt lat="22.556484" lon="113.9537998">
        <ele>1.51999</ele>
        <time>2025-08-01T11:30:27Z</time>
      </trkpt>
      <trkpt lat="22.5566102" lon="113.9537987">
        <ele>3.70799</ele>
        <time>2025-08-01T11:30:33Z</time>
      </trkpt>
      <trkpt lat="22.5567251" lon="113.9538004">
        <ele>4.46099</ele>
        <time>2025-08-01T11:30:35Z</time>
      </trkpt>
      <trkpt lat="22.5568238" lon="113.9538001">
        <ele>5.602</ele>
        <time>2025-08-01T11:30:37Z</time>
      </trkpt>
      <trkpt lat="22.556906" lon="113.9538006">
        <ele>6.821</ele>
        <time>2025-08-01T11:30:39Z</time>
      </trkpt>
      <trkpt lat="22.5569732" lon="113.9537998">
        <ele>6.151</ele>
        <time>2025-08-01T11:30:41Z</time>
      </trkpt>
      <trkpt lat="22.557025" lon="113.9537978">
        <ele>5.19399</ele>
        <time>2025-08-01T11:30:43Z</time>
      </trkpt>
      <trkpt lat="22.5570715" lon="113.953796">
        <ele>5.479</ele>
        <time>2025-08-01T11:30:45Z</time>
      </trkpt>
      <trkpt lat="22.5571166" lon="113.9537967">
        <ele>5.947</ele>
        <time>2025-08-01T11:30:47Z</time>
      </trkpt>
      <trkpt lat="22.5571607" lon="113.9537958">
        <ele>8.87399</ele>
        <time>2025-08-01T11:30:49Z</time>
      </trkpt>
      <trkpt lat="22.5571976" lon="113.9537955">
        <ele>8.13599</ele>
        <time>2025-08-01T11:30:51Z</time>
      </trkpt>
      <trkpt lat="22.5572259" lon="113.9537958">
        <ele>7.26399</ele>
        <time>2025-08-01T11:30:53Z</time>
      </trkpt>
      <trkpt lat="22.5572607" lon="113.9537953">
        <ele>3.637</ele>
        <time>2025-08-01T11:30:55Z</time>
      </trkpt>
      <trkpt lat="22.5573044" lon="113.9537959">
        <ele>4.004</ele>
        <time>2025-08-01T11:30:57Z</time>
      </trkpt>
      <trkpt lat="22.5573541" lon="113.9537956">
        <ele>3.157</ele>
        <time>2025-08-01T11:30:59Z</time>
      </trkpt>
      <trkpt lat="22.5574091" lon="113.9537944">
        <ele>2.937</ele>
        <time>2025-08-01T11:31:01Z</time>
      </trkpt>
      <trkpt lat="22.5574698" lon="113.9537918">
        <ele>3.707</ele>
        <time>2025-08-01T11:31:03Z</time>
      </trkpt>
      <trkpt lat="22.5575293" lon="113.9537897">
        <ele>4.00899</ele>
        <time>2025-08-01T11:31:05Z</time>
      </trkpt>
      <trkpt lat="22.557583" lon="113.9537845">
        <ele>4.262</ele>
        <time>2025-08-01T11:31:07Z</time>
      </trkpt>
      <trkpt lat="22.5576316" lon="113.9537808">
        <ele>5.077</ele>
        <time>2025-08-01T11:31:09Z</time>
      </trkpt>
      <trkpt lat="22.5576811" lon="113.9537803">
        <ele>5.978</ele>
        <time>2025-08-01T11:31:11Z</time>
      </trkpt>
      <trkpt lat="22.557731" lon="113.9537853">
        <ele>5.977</ele>
        <time>2025-08-01T11:31:13Z</time>
      </trkpt>
      <trkpt lat="22.5577793" lon="113.9537937">
        <ele>5.57899</ele>
        <time>2025-08-01T11:31:15Z</time>
      </trkpt>
      <trkpt lat="22.5578254" lon="113.9538066">
        <ele>4.96</ele>
        <time>2025-08-01T11:31:17Z</time>
      </trkpt>
      <trkpt lat="22.5578695" lon="113.9538229">
        <ele>5.95399</ele>
        <time>2025-08-01T11:31:19Z</time>
      </trkpt>
      <trkpt lat="22.5579121" lon="113.9538384">
        <ele>4.62599</ele>
        <time>2025-08-01T11:31:21Z</time>
      </trkpt>
      <trkpt lat="22.5579549" lon="113.9538516">
        <ele>4.163</ele>
        <time>2025-08-01T11:31:23Z</time>
      </trkpt>
      <trkpt lat="22.5579972" lon="113.9538621">
        <ele>5.24399</ele>
        <time>2025-08-01T11:31:25Z</time>
      </trkpt>
      <trkpt lat="22.5580377" lon="113.9538714">
        <ele>6.249</ele>
        <time>2025-08-01T11:31:27Z</time>
      </trkpt>
      <trkpt lat="22.5580805" lon="113.9538789">
        <ele>5.263</ele>
        <time>2025-08-01T11:31:29Z</time>
      </trkpt>
      <trkpt lat="22.5581234" lon="113.9538869">
        <ele>6.13299</ele>
        <time>2025-08-01T11:31:31Z</time>
      </trkpt>
      <trkpt lat="22.558167" lon="113.9538939">
        <ele>6.977</ele>
        <time>2025-08-01T11:31:33Z</time>
      </trkpt>
      <trkpt lat="22.5582092" lon="113.9539025">
        <ele>7.40199</ele>
        <time>2025-08-01T11:31:35Z</time>
      </trkpt>
      <trkpt lat="22.5582525" lon="113.9539115">
        <ele>7.157</ele>
        <time>2025-08-01T11:31:37Z</time>
      </trkpt>
      <trkpt lat="22.5582942" lon="113.9539179">
        <ele>7.604</ele>
        <time>2025-08-01T11:31:39Z</time>
      </trkpt>
      <trkpt lat="22.5583372" lon="113.9539208">
        <ele>9.149</ele>
        <time>2025-08-01T11:31:41Z</time>
      </trkpt>
      <trkpt lat="22.558378" lon="113.9539229">
        <ele>8.111</ele>
        <time>2025-08-01T11:31:43Z</time>
      </trkpt>
      <trkpt lat="22.5584178" lon="113.9539242">
        <ele>5.729</ele>
        <time>2025-08-01T11:31:45Z</time>
      </trkpt>
      <trkpt lat="22.5584593" lon="113.953924">
        <ele>5.421</ele>
        <time>2025-08-01T11:31:47Z</time>
      </trkpt>
      <trkpt lat="22.5585027" lon="113.9539246">
        <ele>5.091</ele>
        <time>2025-08-01T11:31:49Z</time>
      </trkpt>
      <trkpt lat="22.5585446" lon="113.9539265">
        <ele>5.445</ele>
        <time>2025-08-01T11:31:51Z</time>
      </trkpt>
      <trkpt lat="22.5585855" lon="113.9539289">
        <ele>5.38299</ele>
        <time>2025-08-01T11:31:53Z</time>
      </trkpt>
      <trkpt lat="22.5586305" lon="113.9539292">
        <ele>6.281</ele>
        <time>2025-08-01T11:31:55Z</time>
      </trkpt>
      <trkpt lat="22.558671" lon="113.953931">
        <ele>7.46799</ele>
        <time>2025-08-01T11:31:57Z</time>
      </trkpt>
      <trkpt lat="22.558713" lon="113.9539355">
        <ele>8.00699</ele>
        <time>2025-08-01T11:31:59Z</time>
      </trkpt>
      <trkpt lat="22.5587563" lon="113.9539412">
        <ele>6.558</ele>
        <time>2025-08-01T11:32:01Z</time>
      </trkpt>
      <trkpt lat="22.5588052" lon="113.9539476">
        <ele>6.40399</ele>
        <time>2025-08-01T11:32:03Z</time>
      </trkpt>
      <trkpt lat="22.5588544" lon="113.953955">
        <ele>5.96799</ele>
        <time>2025-08-01T11:32:05Z</time>
      </trkpt>
      <trkpt lat="22.558911" lon="113.95396">
        <ele>6.65299</ele>
        <time>2025-08-01T11:32:07Z</time>
      </trkpt>
      <trkpt lat="22.5589686" lon="113.9539616">
        <ele>6.86199</ele>
        <time>2025-08-01T11:32:09Z</time>
      </trkpt>
      <trkpt lat="22.5590278" lon="113.9539635">
        <ele>7.11499</ele>
        <time>2025-08-01T11:32:11Z</time>
      </trkpt>
      <trkpt lat="22.559085" lon="113.9539648">
        <ele>7.526</ele>
        <time>2025-08-01T11:32:13Z</time>
      </trkpt>
      <trkpt lat="22.5591403" lon="113.953967">
        <ele>7.23199</ele>
        <time>2025-08-01T11:32:15Z</time>
      </trkpt>
      <trkpt lat="22.5591906" lon="113.9539697">
        <ele>6.38199</ele>
        <time>2025-08-01T11:32:17Z</time>
      </trkpt>
      <trkpt lat="22.5592361" lon="113.9539744">
        <ele>7.576</ele>
        <time>2025-08-01T11:32:19Z</time>
      </trkpt>
      <trkpt lat="22.5592779" lon="113.9539789">
        <ele>6.94399</ele>
        <time>2025-08-01T11:32:21Z</time>
      </trkpt>
      <trkpt lat="22.5593182" lon="113.9539813">
        <ele>6.44</ele>
        <time>2025-08-01T11:32:23Z</time>
      </trkpt>
      <trkpt lat="22.5593571" lon="113.9539803">
        <ele>8.98299</ele>
        <time>2025-08-01T11:32:25Z</time>
      </trkpt>
      <trkpt lat="22.5593987" lon="113.9539796">
        <ele>7.59899</ele>
        <time>2025-08-01T11:32:27Z</time>
      </trkpt>
      <trkpt lat="22.5594412" lon="113.9539777">
        <ele>7.69299</ele>
        <time>2025-08-01T11:32:29Z</time>
      </trkpt>
      <trkpt lat="22.5594854" lon="113.9539754">
        <ele>6.27099</ele>
        <time>2025-08-01T11:32:31Z</time>
      </trkpt>
      <trkpt lat="22.559529" lon="113.9539742">
        <ele>6.47499</ele>
        <time>2025-08-01T11:32:33Z</time>
      </trkpt>
      <trkpt lat="22.5595721" lon="113.9539741">
        <ele>6.037</ele>
        <time>2025-08-01T11:32:35Z</time>
      </trkpt>
      <trkpt lat="22.5596129" lon="113.953974">
        <ele>6.386</ele>
        <time>2025-08-01T11:32:37Z</time>
      </trkpt>
      <trkpt lat="22.5596556" lon="113.9539771">
        <ele>6.06699</ele>
        <time>2025-08-01T11:32:39Z</time>
      </trkpt>
      <trkpt lat="22.5596994" lon="113.953982">
        <ele>6.91499</ele>
        <time>2025-08-01T11:32:41Z</time>
      </trkpt>
      <trkpt lat="22.5597444" lon="113.9539851">
        <ele>7.69899</ele>
        <time>2025-08-01T11:32:43Z</time>
      </trkpt>
      <trkpt lat="22.5597882" lon="113.9539878">
        <ele>8.39799</ele>
        <time>2025-08-01T11:32:45Z</time>
      </trkpt>
      <trkpt lat="22.5598336" lon="113.9539902">
        <ele>6.90799</ele>
        <time>2025-08-01T11:32:47Z</time>
      </trkpt>
      <trkpt lat="22.5598779" lon="113.9539898">
        <ele>5.249</ele>
        <time>2025-08-01T11:32:49Z</time>
      </trkpt>
      <trkpt lat="22.5599214" lon="113.9539873">
        <ele>5.493</ele>
        <time>2025-08-01T11:32:51Z</time>
      </trkpt>
      <trkpt lat="22.5599648" lon="113.9539859">
        <ele>5.50099</ele>
        <time>2025-08-01T11:32:53Z</time>
      </trkpt>
      <trkpt lat="22.5600112" lon="113.9539852">
        <ele>5.861</ele>
        <time>2025-08-01T11:32:55Z</time>
      </trkpt>
      <trkpt lat="22.5600573" lon="113.9539855">
        <ele>5.875</ele>
        <time>2025-08-01T11:32:57Z</time>
      </trkpt>
      <trkpt lat="22.5601031" lon="113.9539854">
        <ele>5.841</ele>
        <time>2025-08-01T11:32:59Z</time>
      </trkpt>
      <trkpt lat="22.5601481" lon="113.953985">
        <ele>5.38</ele>
        <time>2025-08-01T11:33:01Z</time>
      </trkpt>
      <trkpt lat="22.5601927" lon="113.953985">
        <ele>4.24499</ele>
        <time>2025-08-01T11:33:03Z</time>
      </trkpt>
      <trkpt lat="22.5602362" lon="113.9539841">
        <ele>3.693</ele>
        <time>2025-08-01T11:33:05Z</time>
      </trkpt>
      <trkpt lat="22.5602785" lon="113.9539822">
        <ele>3.70399</ele>
        <time>2025-08-01T11:33:07Z</time>
      </trkpt>
      <trkpt lat="22.5603186" lon="113.9539809">
        <ele>3.308</ele>
        <time>2025-08-01T11:33:09Z</time>
      </trkpt>
      <trkpt lat="22.5603599" lon="113.9539818">
        <ele>2.34899</ele>
        <time>2025-08-01T11:33:11Z</time>
      </trkpt>
      <trkpt lat="22.5604021" lon="113.9539829">
        <ele>2.671</ele>
        <time>2025-08-01T11:33:13Z</time>
      </trkpt>
      <trkpt lat="22.5604453" lon="113.9539859">
        <ele>2.76399</ele>
        <time>2025-08-01T11:33:15Z</time>
      </trkpt>
      <trkpt lat="22.5604875" lon="113.9539891">
        <ele>3.33699</ele>
        <time>2025-08-01T11:33:17Z</time>
      </trkpt>
      <trkpt lat="22.5605346" lon="113.9539944">
        <ele>3.93899</ele>
        <time>2025-08-01T11:33:19Z</time>
      </trkpt>
      <trkpt lat="22.5605833" lon="113.9540005">
        <ele>5.223</ele>
        <time>2025-08-01T11:33:21Z</time>
      </trkpt>
      <trkpt lat="22.5606317" lon="113.9540067">
        <ele>5.82299</ele>
        <time>2025-08-01T11:33:23Z</time>
      </trkpt>
      <trkpt lat="22.5606789" lon="113.9540109">
        <ele>5.83699</ele>
        <time>2025-08-01T11:33:25Z</time>
      </trkpt>
      <trkpt lat="22.5607292" lon="113.954016">
        <ele>5.3</ele>
        <time>2025-08-01T11:33:27Z</time>
      </trkpt>
      <trkpt lat="22.5607774" lon="113.9540188">
        <ele>6.076</ele>
        <time>2025-08-01T11:33:29Z</time>
      </trkpt>
      <trkpt lat="22.5608232" lon="113.9540196">
        <ele>7.31799</ele>
        <time>2025-08-01T11:33:31Z</time>
      </trkpt>
      <trkpt lat="22.5608717" lon="113.9540206">
        <ele>7.234</ele>
        <time>2025-08-01T11:33:33Z</time>
      </trkpt>
      <trkpt lat="22.5609191" lon="113.9540214">
        <ele>6.76399</ele>
        <time>2025-08-01T11:33:35Z</time>
      </trkpt>
      <trkpt lat="22.5609657" lon="113.9540217">
        <ele>6.14799</ele>
        <time>2025-08-01T11:33:37Z</time>
      </trkpt>
      <trkpt lat="22.5610107" lon="113.9540207">
        <ele>5.31599</ele>
        <time>2025-08-01T11:33:39Z</time>
      </trkpt>
      <trkpt lat="22.5610547" lon="113.9540179">
        <ele>6.223</ele>
        <time>2025-08-01T11:33:41Z</time>
      </trkpt>
      <trkpt lat="22.5610946" lon="113.9540157">
        <ele>4.31099</ele>
        <time>2025-08-01T11:33:43Z</time>
      </trkpt>
      <trkpt lat="22.5611352" lon="113.954016">
        <ele>3.637</ele>
        <time>2025-08-01T11:33:45Z</time>
      </trkpt>
      <trkpt lat="22.5611742" lon="113.9540177">
        <ele>3.828</ele>
        <time>2025-08-01T11:33:47Z</time>
      </trkpt>
      <trkpt lat="22.5612161" lon="113.9540215">
        <ele>3.49099</ele>
        <time>2025-08-01T11:33:49Z</time>
      </trkpt>
      <trkpt lat="22.5612575" lon="113.9540279">
        <ele>4.08599</ele>
        <time>2025-08-01T11:33:51Z</time>
      </trkpt>
      <trkpt lat="22.5612998" lon="113.9540327">
        <ele>6.47599</ele>
        <time>2025-08-01T11:33:53Z</time>
      </trkpt>
      <trkpt lat="22.5613433" lon="113.9540328">
        <ele>6.342</ele>
        <time>2025-08-01T11:33:55Z</time>
      </trkpt>
      <trkpt lat="22.5613874" lon="113.95403">
        <ele>7.918</ele>
        <time>2025-08-01T11:33:57Z</time>
      </trkpt>
      <trkpt lat="22.5614279" lon="113.9540265">
        <ele>7.583</ele>
        <time>2025-08-01T11:33:59Z</time>
      </trkpt>
      <trkpt lat="22.5614685" lon="113.9540195">
        <ele>7.065</ele>
        <time>2025-08-01T11:34:01Z</time>
      </trkpt>
      <trkpt lat="22.5615076" lon="113.9540131">
        <ele>7.84999</ele>
        <time>2025-08-01T11:34:03Z</time>
      </trkpt>
      <trkpt lat="22.5615466" lon="113.9540085">
        <ele>7.8</ele>
        <time>2025-08-01T11:34:05Z</time>
      </trkpt>
      <trkpt lat="22.5615895" lon="113.9540072">
        <ele>7.98199</ele>
        <time>2025-08-01T11:34:07Z</time>
      </trkpt>
      <trkpt lat="22.5616368" lon="113.9540073">
        <ele>7.603</ele>
        <time>2025-08-01T11:34:09Z</time>
      </trkpt>
      <trkpt lat="22.5616869" lon="113.9540113">
        <ele>7.681</ele>
        <time>2025-08-01T11:34:11Z</time>
      </trkpt>
      <trkpt lat="22.5617399" lon="113.9540183">
        <ele>7.966</ele>
        <time>2025-08-01T11:34:13Z</time>
      </trkpt>
      <trkpt lat="22.561793" lon="113.9540291">
        <ele>8.20899</ele>
        <time>2025-08-01T11:34:15Z</time>
      </trkpt>
      <trkpt lat="22.5618404" lon="113.9540396">
        <ele>9.21</ele>
        <time>2025-08-01T11:34:17Z</time>
      </trkpt>
      <trkpt lat="22.5618854" lon="113.9540471">
        <ele>9.44299</ele>
        <time>2025-08-01T11:34:19Z</time>
      </trkpt>
      <trkpt lat="22.5619353" lon="113.9540546">
        <ele>8.60999</ele>
        <time>2025-08-01T11:34:21Z</time>
      </trkpt>
      <trkpt lat="22.561987" lon="113.9540616">
        <ele>8.09099</ele>
        <time>2025-08-01T11:34:23Z</time>
      </trkpt>
      <trkpt lat="22.5620371" lon="113.9540644">
        <ele>8.55799</ele>
        <time>2025-08-01T11:34:25Z</time>
      </trkpt>
      <trkpt lat="22.5620869" lon="113.9540629">
        <ele>7.091</ele>
        <time>2025-08-01T11:34:27Z</time>
      </trkpt>
      <trkpt lat="22.5621361" lon="113.9540611">
        <ele>8.23299</ele>
        <time>2025-08-01T11:34:29Z</time>
      </trkpt>
      <trkpt lat="22.5621775" lon="113.9540555">
        <ele>9.145</ele>
        <time>2025-08-01T11:34:31Z</time>
      </trkpt>
      <trkpt lat="22.5622154" lon="113.9540473">
        <ele>8.89599</ele>
        <time>2025-08-01T11:34:33Z</time>
      </trkpt>
      <trkpt lat="22.5622553" lon="113.9540413">
        <ele>8.76299</ele>
        <time>2025-08-01T11:34:35Z</time>
      </trkpt>
      <trkpt lat="22.5622952" lon="113.9540369">
        <ele>9.439</ele>
        <time>2025-08-01T11:34:37Z</time>
      </trkpt>
      <trkpt lat="22.5623319" lon="113.9540329">
        <ele>7.50899</ele>
        <time>2025-08-01T11:34:39Z</time>
      </trkpt>
      <trkpt lat="22.5623691" lon="113.9540329">
        <ele>6.841</ele>
        <time>2025-08-01T11:34:41Z</time>
      </trkpt>
      <trkpt lat="22.5624086" lon="113.9540359">
        <ele>6.927</ele>
        <time>2025-08-01T11:34:43Z</time>
      </trkpt>
      <trkpt lat="22.5624511" lon="113.9540416">
        <ele>6.477</ele>
        <time>2025-08-01T11:34:45Z</time>
      </trkpt>
      <trkpt lat="22.5625003" lon="113.9540481">
        <ele>7.651</ele>
        <time>2025-08-01T11:34:47Z</time>
      </trkpt>
      <trkpt lat="22.5625579" lon="113.9540557">
        <ele>7.5</ele>
        <time>2025-08-01T11:34:49Z</time>
      </trkpt>
      <trkpt lat="22.5626172" lon="113.9540619">
        <ele>8.40999</ele>
        <time>2025-08-01T11:34:51Z</time>
      </trkpt>
      <trkpt lat="22.5626754" lon="113.9540645">
        <ele>8.85499</ele>
        <time>2025-08-01T11:34:53Z</time>
      </trkpt>
      <trkpt lat="22.562729" lon="113.9540608">
        <ele>9.48499</ele>
        <time>2025-08-01T11:34:55Z</time>
      </trkpt>
      <trkpt lat="22.5627763" lon="113.9540541">
        <ele>9.64099</ele>
        <time>2025-08-01T11:34:57Z</time>
      </trkpt>
      <trkpt lat="22.5628197" lon="113.9540467">
        <ele>10.109</ele>
        <time>2025-08-01T11:34:59Z</time>
      </trkpt>
      <trkpt lat="22.5628634" lon="113.9540394">
        <ele>9.32299</ele>
        <time>2025-08-01T11:35:01Z</time>
      </trkpt>
      <trkpt lat="22.5629065" lon="113.9540333">
        <ele>9.41499</ele>
        <time>2025-08-01T11:35:03Z</time>
      </trkpt>
      <trkpt lat="22.5629488" lon="113.9540288">
        <ele>9.621</ele>
        <time>2025-08-01T11:35:05Z</time>
      </trkpt>
      <trkpt lat="22.562992" lon="113.954027">
        <ele>9.27499</ele>
        <time>2025-08-01T11:35:07Z</time>
      </trkpt>
      <trkpt lat="22.5630339" lon="113.9540259">
        <ele>8.852</ele>
        <time>2025-08-01T11:35:09Z</time>
      </trkpt>
      <trkpt lat="22.5630744" lon="113.9540233">
        <ele>8.17199</ele>
        <time>2025-08-01T11:35:11Z</time>
      </trkpt>
      <trkpt lat="22.5631145" lon="113.9540189">
        <ele>6.55499</ele>
        <time>2025-08-01T11:35:13Z</time>
      </trkpt>
      <trkpt lat="22.5631565" lon="113.9540158">
        <ele>5.83699</ele>
        <time>2025-08-01T11:35:15Z</time>
      </trkpt>
      <trkpt lat="22.5631984" lon="113.9540138">
        <ele>5.932</ele>
        <time>2025-08-01T11:35:17Z</time>
      </trkpt>
      <trkpt lat="22.5632407" lon="113.954011">
        <ele>7.28399</ele>
        <time>2025-08-01T11:35:19Z</time>
      </trkpt>
      <trkpt lat="22.5632825" lon="113.9540079">
        <ele>7.64699</ele>
        <time>2025-08-01T11:35:21Z</time>
      </trkpt>
      <trkpt lat="22.5633218" lon="113.9540029">
        <ele>7.471</ele>
        <time>2025-08-01T11:35:23Z</time>
      </trkpt>
      <trkpt lat="22.5633632" lon="113.9539952">
        <ele>6.813</ele>
        <time>2025-08-01T11:35:25Z</time>
      </trkpt>
      <trkpt lat="22.5634074" lon="113.953988">
        <ele>7.73299</ele>
        <time>2025-08-01T11:35:27Z</time>
      </trkpt>
      <trkpt lat="22.5634501" lon="113.9539802">
        <ele>8.65499</ele>
        <time>2025-08-01T11:35:29Z</time>
      </trkpt>
      <trkpt lat="22.5634901" lon="113.953977">
        <ele>10.03199</ele>
        <time>2025-08-01T11:35:31Z</time>
      </trkpt>
      <trkpt lat="22.5635266" lon="113.953975">
        <ele>10.144</ele>
        <time>2025-08-01T11:35:33Z</time>
      </trkpt>
      <trkpt lat="22.5635591" lon="113.953975">
        <ele>13.19299</ele>
        <time>2025-08-01T11:35:35Z</time>
      </trkpt>
      <trkpt lat="22.5635898" lon="113.9539744">
        <ele>13.58399</ele>
        <time>2025-08-01T11:35:39Z</time>
      </trkpt>
      <trkpt lat="22.5636224" lon="113.9539705">
        <ele>13.668</ele>
        <time>2025-08-01T11:35:41Z</time>
      </trkpt>
      <trkpt lat="22.5636608" lon="113.95396">
        <ele>12.45899</ele>
        <time>2025-08-01T11:35:43Z</time>
      </trkpt>
      <trkpt lat="22.5637105" lon="113.9539548">
        <ele>10.17199</ele>
        <time>2025-08-01T11:35:45Z</time>
      </trkpt>
      <trkpt lat="22.5637722" lon="113.9539511">
        <ele>10.29699</ele>
        <time>2025-08-01T11:35:47Z</time>
      </trkpt>
      <trkpt lat="22.5638392" lon="113.9539487">
        <ele>8.204</ele>
        <time>2025-08-01T11:35:49Z</time>
      </trkpt>
      <trkpt lat="22.5639095" lon="113.9539509">
        <ele>8.274</ele>
        <time>2025-08-01T11:35:51Z</time>
      </trkpt>
      <trkpt lat="22.5639786" lon="113.9539569">
        <ele>9.177</ele>
        <time>2025-08-01T11:35:53Z</time>
      </trkpt>
      <trkpt lat="22.5640379" lon="113.9539574">
        <ele>11.503</ele>
        <time>2025-08-01T11:35:55Z</time>
      </trkpt>
      <trkpt lat="22.5640811" lon="113.9539524">
        <ele>11.694</ele>
        <time>2025-08-01T11:35:57Z</time>
      </trkpt>
      <trkpt lat="22.5641188" lon="113.953948">
        <ele>12.019</ele>
        <time>2025-08-01T11:35:59Z</time>
      </trkpt>
      <trkpt lat="22.5641545" lon="113.9539417">
        <ele>13.47999</ele>
        <time>2025-08-01T11:36:01Z</time>
      </trkpt>
      <trkpt lat="22.564187" lon="113.9539342">
        <ele>13.32699</ele>
        <time>2025-08-01T11:36:03Z</time>
      </trkpt>
      <trkpt lat="22.5642215" lon="113.9539273">
        <ele>14.048</ele>
        <time>2025-08-01T11:36:05Z</time>
      </trkpt>
      <trkpt lat="22.5642591" lon="113.9539238">
        <ele>14.701</ele>
        <time>2025-08-01T11:36:07Z</time>
      </trkpt>
      <trkpt lat="22.5642948" lon="113.9539165">
        <ele>10.79399</ele>
        <time>2025-08-01T11:36:09Z</time>
      </trkpt>
      <trkpt lat="22.5643261" lon="113.9539113">
        <ele>6.60599</ele>
        <time>2025-08-01T11:36:11Z</time>
      </trkpt>
      <trkpt lat="22.5643606" lon="113.9539065">
        <ele>1.42799</ele>
        <time>2025-08-01T11:36:13Z</time>
      </trkpt>
      <trkpt lat="22.5644039" lon="113.9539028">
        <ele>2.54399</ele>
        <time>2025-08-01T11:36:15Z</time>
      </trkpt>
      <trkpt lat="22.5644541" lon="113.9539005">
        <ele>1.19599</ele>
        <time>2025-08-01T11:36:17Z</time>
      </trkpt>
      <trkpt lat="22.5645117" lon="113.953902">
        <ele>3.87599</ele>
        <time>2025-08-01T11:36:19Z</time>
      </trkpt>
      <trkpt lat="22.5645791" lon="113.953906">
        <ele>3.292</ele>
        <time>2025-08-01T11:36:21Z</time>
      </trkpt>
      <trkpt lat="22.5646519" lon="113.9539101">
        <ele>4.24599</ele>
        <time>2025-08-01T11:36:23Z</time>
      </trkpt>
      <trkpt lat="22.5647238" lon="113.9539173">
        <ele>6.90999</ele>
        <time>2025-08-01T11:36:25Z</time>
      </trkpt>
      <trkpt lat="22.5647961" lon="113.9539247">
        <ele>6.794</ele>
        <time>2025-08-01T11:36:27Z</time>
      </trkpt>
      <trkpt lat="22.5648682" lon="113.9539299">
        <ele>9.40799</ele>
        <time>2025-08-01T11:36:29Z</time>
      </trkpt>
      <trkpt lat="22.5649382" lon="113.9539317">
        <ele>9.616</ele>
        <time>2025-08-01T11:36:31Z</time>
      </trkpt>
      <trkpt lat="22.5650012" lon="113.953932">
        <ele>9.817</ele>
        <time>2025-08-01T11:36:33Z</time>
      </trkpt>
      <trkpt lat="22.5650569" lon="113.953929">
        <ele>9.411</ele>
        <time>2025-08-01T11:36:35Z</time>
      </trkpt>
      <trkpt lat="22.5651048" lon="113.9539245">
        <ele>9.062</ele>
        <time>2025-08-01T11:36:37Z</time>
      </trkpt>
      <trkpt lat="22.5651449" lon="113.9539202">
        <ele>7.78</ele>
        <time>2025-08-01T11:36:39Z</time>
      </trkpt>
      <trkpt lat="22.5651796" lon="113.953918">
        <ele>7.82</ele>
        <time>2025-08-01T11:36:41Z</time>
      </trkpt>
      <trkpt lat="22.5652132" lon="113.9539182">
        <ele>8.14999</ele>
        <time>2025-08-01T11:36:43Z</time>
      </trkpt>
      <trkpt lat="22.5652477" lon="113.9539176">
        <ele>7.477</ele>
        <time>2025-08-01T11:36:45Z</time>
      </trkpt>
      <trkpt lat="22.5652832" lon="113.9539174">
        <ele>7.68499</ele>
        <time>2025-08-01T11:36:47Z</time>
      </trkpt>
      <trkpt lat="22.565322" lon="113.9539159">
        <ele>7.881</ele>
        <time>2025-08-01T11:36:49Z</time>
      </trkpt>
      <trkpt lat="22.5653625" lon="113.953914">
        <ele>9.60299</ele>
        <time>2025-08-01T11:36:51Z</time>
      </trkpt>
      <trkpt lat="22.565407" lon="113.9539122">
        <ele>8.27999</ele>
        <time>2025-08-01T11:36:53Z</time>
      </trkpt>
      <trkpt lat="22.5654531" lon="113.9539117">
        <ele>8.286</ele>
        <time>2025-08-01T11:36:55Z</time>
      </trkpt>
      <trkpt lat="22.5655008" lon="113.9539121">
        <ele>8.154</ele>
        <time>2025-08-01T11:36:57Z</time>
      </trkpt>
      <trkpt lat="22.5655485" lon="113.953916">
        <ele>7.412</ele>
        <time>2025-08-01T11:36:59Z</time>
      </trkpt>
      <trkpt lat="22.565597" lon="113.9539199">
        <ele>5.45599</ele>
        <time>2025-08-01T11:37:01Z</time>
      </trkpt>
      <trkpt lat="22.5656441" lon="113.9539215">
        <ele>4.91099</ele>
        <time>2025-08-01T11:37:03Z</time>
      </trkpt>
      <trkpt lat="22.565689" lon="113.9539213">
        <ele>4.93499</ele>
        <time>2025-08-01T11:37:05Z</time>
      </trkpt>
      <trkpt lat="22.5657318" lon="113.9539206">
        <ele>4.62799</ele>
        <time>2025-08-01T11:37:07Z</time>
      </trkpt>
      <trkpt lat="22.5657748" lon="113.9539155">
        <ele>4.21999</ele>
        <time>2025-08-01T11:37:09Z</time>
      </trkpt>
      <trkpt lat="22.5658181" lon="113.9539094">
        <ele>4.56199</ele>
        <time>2025-08-01T11:37:11Z</time>
      </trkpt>
      <trkpt lat="22.5658603" lon="113.9539042">
        <ele>5.98899</ele>
        <time>2025-08-01T11:37:13Z</time>
      </trkpt>
      <trkpt lat="22.5659031" lon="113.9538999">
        <ele>6.48099</ele>
        <time>2025-08-01T11:37:15Z</time>
      </trkpt>
      <trkpt lat="22.5659457" lon="113.9538945">
        <ele>6.84999</ele>
        <time>2025-08-01T11:37:17Z</time>
      </trkpt>
      <trkpt lat="22.5659887" lon="113.9538918">
        <ele>5.926</ele>
        <time>2025-08-01T11:37:19Z</time>
      </trkpt>
      <trkpt lat="22.566032" lon="113.953889">
        <ele>5.37699</ele>
        <time>2025-08-01T11:37:21Z</time>
      </trkpt>
      <trkpt lat="22.5660784" lon="113.9538867">
        <ele>6.60699</ele>
        <time>2025-08-01T11:37:23Z</time>
      </trkpt>
      <trkpt lat="22.5661252" lon="113.9538852">
        <ele>7.919</ele>
        <time>2025-08-01T11:37:25Z</time>
      </trkpt>
      <trkpt lat="22.5661741" lon="113.9538837">
        <ele>8.302</ele>
        <time>2025-08-01T11:37:27Z</time>
      </trkpt>
      <trkpt lat="22.5662226" lon="113.9538811">
        <ele>7.953</ele>
        <time>2025-08-01T11:37:29Z</time>
      </trkpt>
      <trkpt lat="22.5662706" lon="113.9538787">
        <ele>8.34</ele>
        <time>2025-08-01T11:37:31Z</time>
      </trkpt>
      <trkpt lat="22.5663161" lon="113.9538757">
        <ele>6.26</ele>
        <time>2025-08-01T11:37:33Z</time>
      </trkpt>
      <trkpt lat="22.5663636" lon="113.9538727">
        <ele>6.51499</ele>
        <time>2025-08-01T11:37:35Z</time>
      </trkpt>
      <trkpt lat="22.566412" lon="113.9538701">
        <ele>7.33099</ele>
        <time>2025-08-01T11:37:37Z</time>
      </trkpt>
      <trkpt lat="22.5664607" lon="113.9538676">
        <ele>7.15299</ele>
        <time>2025-08-01T11:37:39Z</time>
      </trkpt>
      <trkpt lat="22.5665057" lon="113.9538651">
        <ele>6.993</ele>
        <time>2025-08-01T11:37:41Z</time>
      </trkpt>
      <trkpt lat="22.566549" lon="113.9538636">
        <ele>7.057</ele>
        <time>2025-08-01T11:37:43Z</time>
      </trkpt>
      <trkpt lat="22.5665818" lon="113.9538623">
        <ele>9.15699</ele>
        <time>2025-08-01T11:37:45Z</time>
      </trkpt>
      <trkpt lat="22.5666267" lon="113.9538629">
        <ele>9.411</ele>
        <time>2025-08-01T11:37:47Z</time>
      </trkpt>
      <trkpt lat="22.5666804" lon="113.9538622">
        <ele>8.12399</ele>
        <time>2025-08-01T11:37:49Z</time>
      </trkpt>
      <trkpt lat="22.5667319" lon="113.9538631">
        <ele>7.8</ele>
        <time>2025-08-01T11:37:51Z</time>
      </trkpt>
      <trkpt lat="22.5667863" lon="113.9538637">
        <ele>7.50699</ele>
        <time>2025-08-01T11:37:53Z</time>
      </trkpt>
    </trkseg>
  </trk>
</gpx>