<?xml version="1.0" encoding="UTF-8"?>
<gpx xmlns="http://www.topografix.com/GPX/1/1" xmlns:gpxtpx="http://www.garmin.com/xmlschemas/TrackPointExtension/v1" xmlns:xsi="http://www.w3.org/2001/XMLSchema-instance" xsi:schemaLocation="http://www.topografix.com/GPX/1/1 http://www.topografix.com/GPX/1/1/gpx.xsd" version="1.1" creator="gpx.py -- https://github.com/tkrajina/gpxpy">
  <trk>
    <name>gpx from codoon</name>
    <type>Run</type>
    <trkseg>
      <trkpt lat="22.5746979" lon="113.9435943">
        <ele>29.93</ele>
        <time>2025-08-06T10:11:53Z</time>
      </trkpt>
      <trkpt lat="22.5746759" lon="113.9436434">
        <ele>28.28</ele>
        <time>2025-08-06T10:11:55Z</time>
      </trkpt>
      <trkpt lat="22.5746543" lon="113.9436679">
        <ele>27.38999</ele>
        <time>2025-08-06T10:11:57Z</time>
      </trkpt>
      <trkpt lat="22.5746252" lon="113.9436914">
        <ele>28.68499</ele>
        <time>2025-08-06T10:11:59Z</time>
      </trkpt>
      <trkpt lat="22.5745906" lon="113.9437059">
        <ele>29.558</ele>
        <time>2025-08-06T10:12:01Z</time>
      </trkpt>
      <trkpt lat="22.5745501" lon="113.9437099">
        <ele>29.666</ele>
        <time>2025-08-06T10:12:03Z</time>
      </trkpt>
      <trkpt lat="22.5745074" lon="113.9437088">
        <ele>30.40999</ele>
        <time>2025-08-06T10:12:05Z</time>
      </trkpt>
      <trkpt lat="22.5744638" lon="113.9437064">
        <ele>29.611</ele>
        <time>2025-08-06T10:12:07Z</time>
      </trkpt>
      <trkpt lat="22.5744205" lon="113.9437044">
        <ele>30.513</ele>
        <time>2025-08-06T10:12:09Z</time>
      </trkpt>
      <trkpt lat="22.5743794" lon="113.9436991">
        <ele>30.895</ele>
        <time>2025-08-06T10:12:11Z</time>
      </trkpt>
      <trkpt lat="22.5743371" lon="113.9436893">
        <ele>30.41399</ele>
        <time>2025-08-06T10:12:13Z</time>
      </trkpt>
      <trkpt lat="22.5742945" lon="113.9436812">
        <ele>30.61899</ele>
        <time>2025-08-06T10:12:15Z</time>
      </trkpt>
      <trkpt lat="22.5742499" lon="113.9436752">
        <ele>31.49099</ele>
        <time>2025-08-06T10:12:17Z</time>
      </trkpt>
      <trkpt lat="22.5742018" lon="113.9436702">
        <ele>30.502</ele>
        <time>2025-08-06T10:12:19Z</time>
      </trkpt>
      <trkpt lat="22.5741497" lon="113.9436696">
        <ele>30.86499</ele>
        <time>2025-08-06T10:12:21Z</time>
      </trkpt>
      <trkpt lat="22.574099" lon="113.943674">
        <ele>28.75799</ele>
        <time>2025-08-06T10:12:23Z</time>
      </trkpt>
      <trkpt lat="22.5740509" lon="113.9436763">
        <ele>28.599</ele>
        <time>2025-08-06T10:12:25Z</time>
      </trkpt>
      <trkpt lat="22.5740064" lon="113.9436757">
        <ele>27.93899</ele>
        <time>2025-08-06T10:12:27Z</time>
      </trkpt>
      <trkpt lat="22.5739661" lon="113.9436744">
        <ele>28.54599</ele>
        <time>2025-08-06T10:12:29Z</time>
      </trkpt>
      <trkpt lat="22.5739275" lon="113.9436719">
        <ele>30.097</ele>
        <time>2025-08-06T10:12:31Z</time>
      </trkpt>
      <trkpt lat="22.5738885" lon="113.9436697">
        <ele>31.052</ele>
        <time>2025-08-06T10:12:33Z</time>
      </trkpt>
      <trkpt lat="22.5738478" lon="113.9436691">
        <ele>31.259</ele>
        <time>2025-08-06T10:12:35Z</time>
      </trkpt>
      <trkpt lat="22.5738052" lon="113.9436688">
        <ele>31.11</ele>
        <time>2025-08-06T10:12:37Z</time>
      </trkpt>
      <trkpt lat="22.5737591" lon="113.9436685">
        <ele>30.13699</ele>
        <time>2025-08-06T10:12:39Z</time>
      </trkpt>
      <trkpt lat="22.5737124" lon="113.9436703">
        <ele>31.099</ele>
        <time>2025-08-06T10:12:41Z</time>
      </trkpt>
      <trkpt lat="22.5736675" lon="113.9436732">
        <ele>31.468</ele>
        <time>2025-08-06T10:12:43Z</time>
      </trkpt>
      <trkpt lat="22.5736235" lon="113.9436766">
        <ele>29.707</ele>
        <time>2025-08-06T10:12:45Z</time>
      </trkpt>
      <trkpt lat="22.5735819" lon="113.9436831">
        <ele>28.708</ele>
        <time>2025-08-06T10:12:47Z</time>
      </trkpt>
      <trkpt lat="22.5735443" lon="113.9436914">
        <ele>28.086</ele>
        <time>2025-08-06T10:12:49Z</time>
      </trkpt>
      <trkpt lat="22.5735073" lon="113.9436972">
        <ele>27.929</ele>
        <time>2025-08-06T10:12:51Z</time>
      </trkpt>
      <trkpt lat="22.5734701" lon="113.9436997">
        <ele>30.117</ele>
        <time>2025-08-06T10:12:53Z</time>
      </trkpt>
      <trkpt lat="22.5734341" lon="113.9437">
        <ele>29.804</ele>
        <time>2025-08-06T10:12:55Z</time>
      </trkpt>
      <trkpt lat="22.5733977" lon="113.9436987">
        <ele>28.225</ele>
        <time>2025-08-06T10:12:57Z</time>
      </trkpt>
      <trkpt lat="22.57336" lon="113.943697">
        <ele>28.15099</ele>
        <time>2025-08-06T10:12:59Z</time>
      </trkpt>
      <trkpt lat="22.5733221" lon="113.9436966">
        <ele>28.66099</ele>
        <time>2025-08-06T10:13:01Z</time>
      </trkpt>
      <trkpt lat="22.5732841" lon="113.9436972">
        <ele>29.34199</ele>
        <time>2025-08-06T10:13:03Z</time>
      </trkpt>
      <trkpt lat="22.5732452" lon="113.9436983">
        <ele>29.87199</ele>
        <time>2025-08-06T10:13:05Z</time>
      </trkpt>
      <trkpt lat="22.573205" lon="113.9436995">
        <ele>29.56699</ele>
        <time>2025-08-06T10:13:07Z</time>
      </trkpt>
      <trkpt lat="22.5731607" lon="113.9436996">
        <ele>28.635</ele>
        <time>2025-08-06T10:13:09Z</time>
      </trkpt>
      <trkpt lat="22.5731144" lon="113.9436988">
        <ele>28.76099</ele>
        <time>2025-08-06T10:13:11Z</time>
      </trkpt>
      <trkpt lat="22.5730657" lon="113.9436992">
        <ele>29.50099</ele>
        <time>2025-08-06T10:13:13Z</time>
      </trkpt>
      <trkpt lat="22.5730156" lon="113.9437011">
        <ele>28.958</ele>
        <time>2025-08-06T10:13:15Z</time>
      </trkpt>
      <trkpt lat="22.5729659" lon="113.9437034">
        <ele>29.974</ele>
        <time>2025-08-06T10:13:17Z</time>
      </trkpt>
      <trkpt lat="22.5729207" lon="113.9437063">
        <ele>30.43099</ele>
        <time>2025-08-06T10:13:19Z</time>
      </trkpt>
      <trkpt lat="22.5728804" lon="113.9437111">
        <ele>30.13899</ele>
        <time>2025-08-06T10:13:21Z</time>
      </trkpt>
      <trkpt lat="22.5728422" lon="113.9437179">
        <ele>30.79599</ele>
        <time>2025-08-06T10:13:23Z</time>
      </trkpt>
      <trkpt lat="22.5728047" lon="113.9437226">
        <ele>30.03199</ele>
        <time>2025-08-06T10:13:25Z</time>
      </trkpt>
      <trkpt lat="22.5727703" lon="113.9437243">
        <ele>30.319</ele>
        <time>2025-08-06T10:13:27Z</time>
      </trkpt>
      <trkpt lat="22.572738" lon="113.9437264">
        <ele>30.291</ele>
        <time>2025-08-06T10:13:29Z</time>
      </trkpt>
      <trkpt lat="22.5727038" lon="113.9437284">
        <ele>31.01099</ele>
        <time>2025-08-06T10:13:31Z</time>
      </trkpt>
      <trkpt lat="22.5726662" lon="113.9437288">
        <ele>30.402</ele>
        <time>2025-08-06T10:13:33Z</time>
      </trkpt>
      <trkpt lat="22.572626" lon="113.9437305">
        <ele>29.95499</ele>
        <time>2025-08-06T10:13:35Z</time>
      </trkpt>
      <trkpt lat="22.5725828" lon="113.9437329">
        <ele>30.009</ele>
        <time>2025-08-06T10:13:37Z</time>
      </trkpt>
      <trkpt lat="22.5725388" lon="113.9437333">
        <ele>30.454</ele>
        <time>2025-08-06T10:13:39Z</time>
      </trkpt>
      <trkpt lat="22.572497" lon="113.9437312">
        <ele>31.05599</ele>
        <time>2025-08-06T10:13:41Z</time>
      </trkpt>
      <trkpt lat="22.5724572" lon="113.9437277">
        <ele>30.81699</ele>
        <time>2025-08-06T10:13:43Z</time>
      </trkpt>
      <trkpt lat="22.5724191" lon="113.943722">
        <ele>30.059</ele>
        <time>2025-08-06T10:13:45Z</time>
      </trkpt>
      <trkpt lat="22.5723815" lon="113.9437168">
        <ele>29.75799</ele>
        <time>2025-08-06T10:13:47Z</time>
      </trkpt>
      <trkpt lat="22.5723403" lon="113.9437158">
        <ele>30.57799</ele>
        <time>2025-08-06T10:13:49Z</time>
      </trkpt>
      <trkpt lat="22.5722932" lon="113.9437204">
        <ele>31.51799</ele>
        <time>2025-08-06T10:13:51Z</time>
      </trkpt>
      <trkpt lat="22.5722469" lon="113.9437269">
        <ele>31.96899</ele>
        <time>2025-08-06T10:13:53Z</time>
      </trkpt>
      <trkpt lat="22.572203" lon="113.9437337">
        <ele>31.686</ele>
        <time>2025-08-06T10:13:55Z</time>
      </trkpt>
      <trkpt lat="22.5721591" lon="113.9437398">
        <ele>30.39399</ele>
        <time>2025-08-06T10:13:57Z</time>
      </trkpt>
      <trkpt lat="22.5721138" lon="113.9437421">
        <ele>30.534</ele>
        <time>2025-08-06T10:13:59Z</time>
      </trkpt>
      <trkpt lat="22.5720688" lon="113.9437402">
        <ele>30.68</ele>
        <time>2025-08-06T10:14:01Z</time>
      </trkpt>
      <trkpt lat="22.5720232" lon="113.943739">
        <ele>30.89699</ele>
        <time>2025-08-06T10:14:03Z</time>
      </trkpt>
      <trkpt lat="22.5719757" lon="113.9437409">
        <ele>31.899</ele>
        <time>2025-08-06T10:14:05Z</time>
      </trkpt>
      <trkpt lat="22.5719265" lon="113.9437454">
        <ele>30.56299</ele>
        <time>2025-08-06T10:14:07Z</time>
      </trkpt>
      <trkpt lat="22.5718799" lon="113.9437524">
        <ele>28.85</ele>
        <time>2025-08-06T10:14:09Z</time>
      </trkpt>
      <trkpt lat="22.5718371" lon="113.9437613">
        <ele>29.28</ele>
        <time>2025-08-06T10:14:11Z</time>
      </trkpt>
      <trkpt lat="22.5717969" lon="113.9437741">
        <ele>28.926</ele>
        <time>2025-08-06T10:14:13Z</time>
      </trkpt>
      <trkpt lat="22.5717635" lon="113.9437924">
        <ele>28.59399</ele>
        <time>2025-08-06T10:14:15Z</time>
      </trkpt>
      <trkpt lat="22.5717413" lon="113.9438171">
        <ele>27.77099</ele>
        <time>2025-08-06T10:14:17Z</time>
      </trkpt>
      <trkpt lat="22.5717298" lon="113.9438464">
        <ele>25.43</ele>
        <time>2025-08-06T10:14:19Z</time>
      </trkpt>
      <trkpt lat="22.5717278" lon="113.9438792">
        <ele>25.274</ele>
        <time>2025-08-06T10:14:21Z</time>
      </trkpt>
      <trkpt lat="22.5717335" lon="113.943914">
        <ele>23.416</ele>
        <time>2025-08-06T10:14:23Z</time>
      </trkpt>
      <trkpt lat="22.5717428" lon="113.9439472">
        <ele>22.659</ele>
        <time>2025-08-06T10:14:25Z</time>
      </trkpt>
      <trkpt lat="22.5717534" lon="113.9439794">
        <ele>22.538</ele>
        <time>2025-08-06T10:14:27Z</time>
      </trkpt>
      <trkpt lat="22.571763" lon="113.9440173">
        <ele>22.677</ele>
        <time>2025-08-06T10:14:29Z</time>
      </trkpt>
      <trkpt lat="22.5717702" lon="113.9440602">
        <ele>21.75399</ele>
        <time>2025-08-06T10:14:31Z</time>
      </trkpt>
      <trkpt lat="22.5717754" lon="113.9441028">
        <ele>21.94</ele>
        <time>2025-08-06T10:14:33Z</time>
      </trkpt>
      <trkpt lat="22.5717797" lon="113.9441475">
        <ele>21.78599</ele>
        <time>2025-08-06T10:14:35Z</time>
      </trkpt>
      <trkpt lat="22.57178" lon="113.9441936">
        <ele>23.964</ele>
        <time>2025-08-06T10:14:37Z</time>
      </trkpt>
      <trkpt lat="22.5717778" lon="113.9442351">
        <ele>23.874</ele>
        <time>2025-08-06T10:14:39Z</time>
      </trkpt>
      <trkpt lat="22.5717741" lon="113.9442713">
        <ele>27.03</ele>
        <time>2025-08-06T10:14:41Z</time>
      </trkpt>
      <trkpt lat="22.5717691" lon="113.9443071">
        <ele>29.12999</ele>
        <time>2025-08-06T10:14:43Z</time>
      </trkpt>
      <trkpt lat="22.5717627" lon="113.9443402">
        <ele>31.62999</ele>
        <time>2025-08-06T10:14:45Z</time>
      </trkpt>
      <trkpt lat="22.5717571" lon="113.9443722">
        <ele>31.32799</ele>
        <time>2025-08-06T10:14:47Z</time>
      </trkpt>
      <trkpt lat="22.5717539" lon="113.9444055">
        <ele>31.999</ele>
        <time>2025-08-06T10:14:49Z</time>
      </trkpt>
      <trkpt lat="22.5717541" lon="113.9444429">
        <ele>31.589</ele>
        <time>2025-08-06T10:14:51Z</time>
      </trkpt>
      <trkpt lat="22.5717556" lon="113.9444835">
        <ele>32.03599</ele>
        <time>2025-08-06T10:14:53Z</time>
      </trkpt>
      <trkpt lat="22.5717574" lon="113.9445276">
        <ele>31.669</ele>
        <time>2025-08-06T10:14:55Z</time>
      </trkpt>
      <trkpt lat="22.5717594" lon="113.9445725">
        <ele>32.698</ele>
        <time>2025-08-06T10:14:57Z</time>
      </trkpt>
      <trkpt lat="22.5717591" lon="113.944617">
        <ele>33.97299</ele>
        <time>2025-08-06T10:14:59Z</time>
      </trkpt>
      <trkpt lat="22.5717568" lon="113.9446634">
        <ele>32.50199</ele>
        <time>2025-08-06T10:15:01Z</time>
      </trkpt>
      <trkpt lat="22.5717559" lon="113.9447095">
        <ele>31.07099</ele>
        <time>2025-08-06T10:15:03Z</time>
      </trkpt>
      <trkpt lat="22.571756" lon="113.944757">
        <ele>26.915</ele>
        <time>2025-08-06T10:15:05Z</time>
      </trkpt>
      <trkpt lat="22.5717562" lon="113.9448061">
        <ele>23.25399</ele>
        <time>2025-08-06T10:15:07Z</time>
      </trkpt>
      <trkpt lat="22.5717579" lon="113.9448556">
        <ele>21.082</ele>
        <time>2025-08-06T10:15:09Z</time>
      </trkpt>
      <trkpt lat="22.57176" lon="113.9449023">
        <ele>22.36499</ele>
        <time>2025-08-06T10:15:11Z</time>
      </trkpt>
      <trkpt lat="22.5717605" lon="113.944948">
        <ele>21.05999</ele>
        <time>2025-08-06T10:15:13Z</time>
      </trkpt>
      <trkpt lat="22.5717587" lon="113.9449909">
        <ele>19.65999</ele>
        <time>2025-08-06T10:15:15Z</time>
      </trkpt>
      <trkpt lat="22.5717544" lon="113.9450322">
        <ele>19.78899</ele>
        <time>2025-08-06T10:15:17Z</time>
      </trkpt>
      <trkpt lat="22.571749" lon="113.9450739">
        <ele>19.381</ele>
        <time>2025-08-06T10:15:19Z</time>
      </trkpt>
      <trkpt lat="22.5717431" lon="113.9451142">
        <ele>21.391</ele>
        <time>2025-08-06T10:15:21Z</time>
      </trkpt>
      <trkpt lat="22.5717381" lon="113.9451521">
        <ele>22.29599</ele>
        <time>2025-08-06T10:15:23Z</time>
      </trkpt>
      <trkpt lat="22.5717344" lon="113.9451906">
        <ele>23.684</ele>
        <time>2025-08-06T10:15:25Z</time>
      </trkpt>
      <trkpt lat="22.5717326" lon="113.945229">
        <ele>24.88699</ele>
        <time>2025-08-06T10:15:27Z</time>
      </trkpt>
      <trkpt lat="22.5717314" lon="113.9452664">
        <ele>27.811</ele>
        <time>2025-08-06T10:15:29Z</time>
      </trkpt>
      <trkpt lat="22.5717314" lon="113.9453049">
        <ele>28.597</ele>
        <time>2025-08-06T10:15:31Z</time>
      </trkpt>
      <trkpt lat="22.5717314" lon="113.9453474">
        <ele>30.711</ele>
        <time>2025-08-06T10:15:33Z</time>
      </trkpt>
      <trkpt lat="22.5717312" lon="113.9453909">
        <ele>32.22399</ele>
        <time>2025-08-06T10:15:35Z</time>
      </trkpt>
      <trkpt lat="22.5717309" lon="113.9454362">
        <ele>31.429</ele>
        <time>2025-08-06T10:15:37Z</time>
      </trkpt>
      <trkpt lat="22.5717314" lon="113.9454836">
        <ele>35.51499</ele>
        <time>2025-08-06T10:15:39Z</time>
      </trkpt>
      <trkpt lat="22.5717336" lon="113.9455358">
        <ele>37.23799</ele>
        <time>2025-08-06T10:15:41Z</time>
      </trkpt>
      <trkpt lat="22.5717379" lon="113.9455904">
        <ele>36.226</ele>
        <time>2025-08-06T10:15:43Z</time>
      </trkpt>
      <trkpt lat="22.5717456" lon="113.9456448">
        <ele>35.644</ele>
        <time>2025-08-06T10:15:45Z</time>
      </trkpt>
      <trkpt lat="22.5717557" lon="113.9456983">
        <ele>33.865</ele>
        <time>2025-08-06T10:15:47Z</time>
      </trkpt>
      <trkpt lat="22.5717644" lon="113.9457513">
        <ele>33.539</ele>
        <time>2025-08-06T10:15:49Z</time>
      </trkpt>
      <trkpt lat="22.5717706" lon="113.9458004">
        <ele>31.71199</ele>
        <time>2025-08-06T10:15:51Z</time>
      </trkpt>
      <trkpt lat="22.571776" lon="113.9458463">
        <ele>29.26499</ele>
        <time>2025-08-06T10:15:53Z</time>
      </trkpt>
      <trkpt lat="22.571781" lon="113.9458942">
        <ele>26.149</ele>
        <time>2025-08-06T10:15:55Z</time>
      </trkpt>
      <trkpt lat="22.5717861" lon="113.9459361">
        <ele>26.63599</ele>
        <time>2025-08-06T10:15:57Z</time>
      </trkpt>
      <trkpt lat="22.5717937" lon="113.945972">
        <ele>25.40399</ele>
        <time>2025-08-06T10:15:59Z</time>
      </trkpt>
      <trkpt lat="22.5718007" lon="113.9460062">
        <ele>24.621</ele>
        <time>2025-08-06T10:16:01Z</time>
      </trkpt>
      <trkpt lat="22.5718052" lon="113.9460386">
        <ele>24.38299</ele>
        <time>2025-08-06T10:16:03Z</time>
      </trkpt>
      <trkpt lat="22.5718073" lon="113.9460667">
        <ele>25.29999</ele>
        <time>2025-08-06T10:16:05Z</time>
      </trkpt>
      <trkpt lat="22.5718057" lon="113.9460983">
        <ele>26.312</ele>
        <time>2025-08-06T10:16:07Z</time>
      </trkpt>
      <trkpt lat="22.5718009" lon="113.9461337">
        <ele>26.131</ele>
        <time>2025-08-06T10:16:09Z</time>
      </trkpt>
      <trkpt lat="22.5717958" lon="113.9461709">
        <ele>25.06399</ele>
        <time>2025-08-06T10:16:11Z</time>
      </trkpt>
      <trkpt lat="22.5717902" lon="113.9462094">
        <ele>23.27599</ele>
        <time>2025-08-06T10:16:13Z</time>
      </trkpt>
      <trkpt lat="22.5717822" lon="113.9462496">
        <ele>23.73999</ele>
        <time>2025-08-06T10:16:15Z</time>
      </trkpt>
      <trkpt lat="22.571774" lon="113.9462904">
        <ele>24.221</ele>
        <time>2025-08-06T10:16:17Z</time>
      </trkpt>
      <trkpt lat="22.5717658" lon="113.946332">
        <ele>23.679</ele>
        <time>2025-08-06T10:16:19Z</time>
      </trkpt>
      <trkpt lat="22.5717566" lon="113.9463734">
        <ele>23.815</ele>
        <time>2025-08-06T10:16:21Z</time>
      </trkpt>
      <trkpt lat="22.5717495" lon="113.9464155">
        <ele>25.01199</ele>
        <time>2025-08-06T10:16:23Z</time>
      </trkpt>
      <trkpt lat="22.5717487" lon="113.9464604">
        <ele>26.01</ele>
        <time>2025-08-06T10:16:25Z</time>
      </trkpt>
      <trkpt lat="22.5717517" lon="113.946509">
        <ele>28.08799</ele>
        <time>2025-08-06T10:16:27Z</time>
      </trkpt>
      <trkpt lat="22.571756" lon="113.9465601">
        <ele>29.67099</ele>
        <time>2025-08-06T10:16:29Z</time>
      </trkpt>
      <trkpt lat="22.5717621" lon="113.9466121">
        <ele>29.79299</ele>
        <time>2025-08-06T10:16:31Z</time>
      </trkpt>
      <trkpt lat="22.5717676" lon="113.9466628">
        <ele>29.273</ele>
        <time>2025-08-06T10:16:33Z</time>
      </trkpt>
      <trkpt lat="22.5717684" lon="113.9467104">
        <ele>31.39699</ele>
        <time>2025-08-06T10:16:35Z</time>
      </trkpt>
      <trkpt lat="22.5717645" lon="113.9467549">
        <ele>32.249</ele>
        <time>2025-08-06T10:16:37Z</time>
      </trkpt>
      <trkpt lat="22.5717579" lon="113.9467963">
        <ele>27.992</ele>
        <time>2025-08-06T10:16:39Z</time>
      </trkpt>
      <trkpt lat="22.5717509" lon="113.9468331">
        <ele>26.63999</ele>
        <time>2025-08-06T10:16:41Z</time>
      </trkpt>
      <trkpt lat="22.5717436" lon="113.9468717">
        <ele>24.891</ele>
        <time>2025-08-06T10:16:43Z</time>
      </trkpt>
      <trkpt lat="22.5717358" lon="113.9469139">
        <ele>23.493</ele>
        <time>2025-08-06T10:16:45Z</time>
      </trkpt>
      <trkpt lat="22.571729" lon="113.9469596">
        <ele>22.875</ele>
        <time>2025-08-06T10:16:47Z</time>
      </trkpt>
      <trkpt lat="22.5717229" lon="113.9470097">
        <ele>22.288</ele>
        <time>2025-08-06T10:16:49Z</time>
      </trkpt>
      <trkpt lat="22.5717159" lon="113.9470637">
        <ele>21.78899</ele>
        <time>2025-08-06T10:16:51Z</time>
      </trkpt>
      <trkpt lat="22.5717086" lon="113.9471156">
        <ele>21.31699</ele>
        <time>2025-08-06T10:16:53Z</time>
      </trkpt>
      <trkpt lat="22.5717041" lon="113.9471664">
        <ele>20.451</ele>
        <time>2025-08-06T10:16:55Z</time>
      </trkpt>
      <trkpt lat="22.5717019" lon="113.9472133">
        <ele>19.263</ele>
        <time>2025-08-06T10:16:57Z</time>
      </trkpt>
      <trkpt lat="22.5717024" lon="113.9472558">
        <ele>20.52899</ele>
        <time>2025-08-06T10:16:59Z</time>
      </trkpt>
      <trkpt lat="22.5717061" lon="113.9472952">
        <ele>22.482</ele>
        <time>2025-08-06T10:17:01Z</time>
      </trkpt>
      <trkpt lat="22.571713" lon="113.9473355">
        <ele>22.85899</ele>
        <time>2025-08-06T10:17:03Z</time>
      </trkpt>
      <trkpt lat="22.5717216" lon="113.9473722">
        <ele>22.60199</ele>
        <time>2025-08-06T10:17:05Z</time>
      </trkpt>
      <trkpt lat="22.5717315" lon="113.9474087">
        <ele>23.822</ele>
        <time>2025-08-06T10:17:07Z</time>
      </trkpt>
      <trkpt lat="22.5717421" lon="113.9474441">
        <ele>22.55699</ele>
        <time>2025-08-06T10:17:09Z</time>
      </trkpt>
      <trkpt lat="22.5717526" lon="113.9474816">
        <ele>24.774</ele>
        <time>2025-08-06T10:17:11Z</time>
      </trkpt>
      <trkpt lat="22.5717639" lon="113.9475188">
        <ele>23.61599</ele>
        <time>2025-08-06T10:17:13Z</time>
      </trkpt>
      <trkpt lat="22.5717787" lon="113.9475586">
        <ele>23.99799</ele>
        <time>2025-08-06T10:17:15Z</time>
      </trkpt>
      <trkpt lat="22.5717955" lon="113.9475993">
        <ele>22.763</ele>
        <time>2025-08-06T10:17:17Z</time>
      </trkpt>
      <trkpt lat="22.5718073" lon="113.9476424">
        <ele>22.447</ele>
        <time>2025-08-06T10:17:19Z</time>
      </trkpt>
      <trkpt lat="22.5718153" lon="113.9476875">
        <ele>23.597</ele>
        <time>2025-08-06T10:17:21Z</time>
      </trkpt>
      <trkpt lat="22.5718181" lon="113.9477346">
        <ele>26.027</ele>
        <time>2025-08-06T10:17:23Z</time>
      </trkpt>
      <trkpt lat="22.5718105" lon="113.947783">
        <ele>26.92399</ele>
        <time>2025-08-06T10:17:25Z</time>
      </trkpt>
      <trkpt lat="22.5717954" lon="113.9478354">
        <ele>24.972</ele>
        <time>2025-08-06T10:17:27Z</time>
      </trkpt>
      <trkpt lat="22.5717831" lon="113.9478901">
        <ele>23.62</ele>
        <time>2025-08-06T10:17:29Z</time>
      </trkpt>
      <trkpt lat="22.5717721" lon="113.9479432">
        <ele>22.24799</ele>
        <time>2025-08-06T10:17:31Z</time>
      </trkpt>
      <trkpt lat="22.5717642" lon="113.9479918">
        <ele>21.333</ele>
        <time>2025-08-06T10:17:33Z</time>
      </trkpt>
      <trkpt lat="22.5717605" lon="113.9480357">
        <ele>24.06999</ele>
        <time>2025-08-06T10:17:35Z</time>
      </trkpt>
      <trkpt lat="22.5717615" lon="113.9480751">
        <ele>24.19099</ele>
        <time>2025-08-06T10:17:37Z</time>
      </trkpt>
      <trkpt lat="22.5717636" lon="113.9481105">
        <ele>27.797</ele>
        <time>2025-08-06T10:17:39Z</time>
      </trkpt>
      <trkpt lat="22.5717638" lon="113.9481458">
        <ele>27.23999</ele>
        <time>2025-08-06T10:17:41Z</time>
      </trkpt>
      <trkpt lat="22.571762" lon="113.948182">
        <ele>27.42399</ele>
        <time>2025-08-06T10:17:43Z</time>
      </trkpt>
      <trkpt lat="22.57176" lon="113.9482173">
        <ele>27.56599</ele>
        <time>2025-08-06T10:17:45Z</time>
      </trkpt>
      <trkpt lat="22.5717579" lon="113.9482516">
        <ele>28.40399</ele>
        <time>2025-08-06T10:17:47Z</time>
      </trkpt>
      <trkpt lat="22.5717584" lon="113.9482852">
        <ele>29.14999</ele>
        <time>2025-08-06T10:17:49Z</time>
      </trkpt>
      <trkpt lat="22.5717629" lon="113.9483141">
        <ele>30.56599</ele>
        <time>2025-08-06T10:17:51Z</time>
      </trkpt>
      <trkpt lat="22.5717714" lon="113.9483415">
        <ele>30.88899</ele>
        <time>2025-08-06T10:17:53Z</time>
      </trkpt>
      <trkpt lat="22.5717779" lon="113.9483747">
        <ele>30.07999</ele>
        <time>2025-08-06T10:17:55Z</time>
      </trkpt>
      <trkpt lat="22.5717814" lon="113.9484124">
        <ele>29.75</ele>
        <time>2025-08-06T10:17:57Z</time>
      </trkpt>
      <trkpt lat="22.5717837" lon="113.9484499">
        <ele>29.28899</ele>
        <time>2025-08-06T10:17:59Z</time>
      </trkpt>
      <trkpt lat="22.5717869" lon="113.9484876">
        <ele>28.454</ele>
        <time>2025-08-06T10:18:01Z</time>
      </trkpt>
      <trkpt lat="22.5717883" lon="113.9485248">
        <ele>26.72999</ele>
        <time>2025-08-06T10:18:03Z</time>
      </trkpt>
      <trkpt lat="22.5717916" lon="113.948558">
        <ele>26.905</ele>
        <time>2025-08-06T10:18:05Z</time>
      </trkpt>
      <trkpt lat="22.5717979" lon="113.9485887">
        <ele>27.52899</ele>
        <time>2025-08-06T10:18:07Z</time>
      </trkpt>
      <trkpt lat="22.571805" lon="113.9486218">
        <ele>26.69099</ele>
        <time>2025-08-06T10:18:09Z</time>
      </trkpt>
      <trkpt lat="22.5718117" lon="113.9486612">
        <ele>26.36599</ele>
        <time>2025-08-06T10:18:11Z</time>
      </trkpt>
      <trkpt lat="22.5718166" lon="113.9487038">
        <ele>25.242</ele>
        <time>2025-08-06T10:18:13Z</time>
      </trkpt>
      <trkpt lat="22.5718197" lon="113.948749">
        <ele>24.343</ele>
        <time>2025-08-06T10:18:15Z</time>
      </trkpt>
      <trkpt lat="22.5718201" lon="113.9487948">
        <ele>22.76799</ele>
        <time>2025-08-06T10:18:17Z</time>
      </trkpt>
      <trkpt lat="22.5718163" lon="113.9488365">
        <ele>21.235</ele>
        <time>2025-08-06T10:18:19Z</time>
      </trkpt>
      <trkpt lat="22.5718085" lon="113.9488718">
        <ele>19.36599</ele>
        <time>2025-08-06T10:18:21Z</time>
      </trkpt>
      <trkpt lat="22.5717995" lon="113.9489065">
        <ele>17.125</ele>
        <time>2025-08-06T10:18:23Z</time>
      </trkpt>
      <trkpt lat="22.5717909" lon="113.9489403">
        <ele>16.472</ele>
        <time>2025-08-06T10:18:25Z</time>
      </trkpt>
      <trkpt lat="22.571784" lon="113.9489754">
        <ele>16.05699</ele>
        <time>2025-08-06T10:18:27Z</time>
      </trkpt>
      <trkpt lat="22.5717788" lon="113.9490169">
        <ele>14.621</ele>
        <time>2025-08-06T10:18:29Z</time>
      </trkpt>
      <trkpt lat="22.5717761" lon="113.9490649">
        <ele>14.406</ele>
        <time>2025-08-06T10:18:31Z</time>
      </trkpt>
      <trkpt lat="22.5717759" lon="113.9491149">
        <ele>13.21199</ele>
        <time>2025-08-06T10:18:33Z</time>
      </trkpt>
      <trkpt lat="22.5717776" lon="113.9491635">
        <ele>13.272</ele>
        <time>2025-08-06T10:18:35Z</time>
      </trkpt>
      <trkpt lat="22.5717797" lon="113.9492092">
        <ele>11.84099</ele>
        <time>2025-08-06T10:18:37Z</time>
      </trkpt>
      <trkpt lat="22.5717812" lon="113.9492543">
        <ele>11.163</ele>
        <time>2025-08-06T10:18:39Z</time>
      </trkpt>
      <trkpt lat="22.5717821" lon="113.9492998">
        <ele>11.63899</ele>
        <time>2025-08-06T10:18:41Z</time>
      </trkpt>
      <trkpt lat="22.5717794" lon="113.9493461">
        <ele>11.487</ele>
        <time>2025-08-06T10:18:43Z</time>
      </trkpt>
      <trkpt lat="22.5717706" lon="113.9493956">
        <ele>12.73799</ele>
        <time>2025-08-06T10:18:45Z</time>
      </trkpt>
      <trkpt lat="22.5717561" lon="113.9494456">
        <ele>14.677</ele>
        <time>2025-08-06T10:18:47Z</time>
      </trkpt>
      <trkpt lat="22.571742" lon="113.9494855">
        <ele>15.925</ele>
        <time>2025-08-06T10:18:49Z</time>
      </trkpt>
      <trkpt lat="22.5717115" lon="113.9495414">
        <ele>14.31</ele>
        <time>2025-08-06T10:18:51Z</time>
      </trkpt>
      <trkpt lat="22.5716821" lon="113.9495776">
        <ele>12.61999</ele>
        <time>2025-08-06T10:18:53Z</time>
      </trkpt>
      <trkpt lat="22.571658" lon="113.9496083">
        <ele>12.09799</ele>
        <time>2025-08-06T10:18:55Z</time>
      </trkpt>
      <trkpt lat="22.5716395" lon="113.9496427">
        <ele>12.753</ele>
        <time>2025-08-06T10:18:57Z</time>
      </trkpt>
      <trkpt lat="22.5716303" lon="113.9496775">
        <ele>12.93299</ele>
        <time>2025-08-06T10:18:59Z</time>
      </trkpt>
      <trkpt lat="22.5716303" lon="113.9496775">
        <ele>12.93299</ele>
        <time>2025-08-06T10:19:00Z</time>
      </trkpt>
      <trkpt lat="22.5716561" lon="113.9497106">
        <ele>17.082</ele>
        <time>2025-08-06T10:19:00Z</time>
      </trkpt>
      <trkpt lat="22.5716595" lon="113.9497479">
        <ele>16.22299</ele>
        <time>2025-08-06T10:19:03Z</time>
      </trkpt>
      <trkpt lat="22.5716571" lon="113.9497799">
        <ele>16.416</ele>
        <time>2025-08-06T10:19:05Z</time>
      </trkpt>
      <trkpt lat="22.5716538" lon="113.9498193">
        <ele>16.259</ele>
        <time>2025-08-06T10:19:07Z</time>
      </trkpt>
      <trkpt lat="22.5716523" lon="113.9498637">
        <ele>15.284</ele>
        <time>2025-08-06T10:19:09Z</time>
      </trkpt>
      <trkpt lat="22.5716604" lon="113.9499041">
        <ele>14.23299</ele>
        <time>2025-08-06T10:19:11Z</time>
      </trkpt>
      <trkpt lat="22.5716789" lon="113.9499362">
        <ele>13.66699</ele>
        <time>2025-08-06T10:19:13Z</time>
      </trkpt>
      <trkpt lat="22.5717096" lon="113.9499607">
        <ele>13.251</ele>
        <time>2025-08-06T10:19:15Z</time>
      </trkpt>
      <trkpt lat="22.5717502" lon="113.949979">
        <ele>13.01799</ele>
        <time>2025-08-06T10:19:17Z</time>
      </trkpt>
      <trkpt lat="22.5717952" lon="113.9499902">
        <ele>12.91399</ele>
        <time>2025-08-06T10:19:19Z</time>
      </trkpt>
      <trkpt lat="22.5718386" lon="113.9499962">
        <ele>13.32299</ele>
        <time>2025-08-06T10:19:21Z</time>
      </trkpt>
      <trkpt lat="22.5718809" lon="113.9500004">
        <ele>13.119</ele>
        <time>2025-08-06T10:19:23Z</time>
      </trkpt>
      <trkpt lat="22.571923" lon="113.9500022">
        <ele>13.60099</ele>
        <time>2025-08-06T10:19:25Z</time>
      </trkpt>
      <trkpt lat="22.5719669" lon="113.9500004">
        <ele>17.604</ele>
        <time>2025-08-06T10:19:27Z</time>
      </trkpt>
      <trkpt lat="22.5720125" lon="113.9499996">
        <ele>18.34499</ele>
        <time>2025-08-06T10:19:29Z</time>
      </trkpt>
      <trkpt lat="22.5720571" lon="113.9499996">
        <ele>19.44599</ele>
        <time>2025-08-06T10:19:31Z</time>
      </trkpt>
      <trkpt lat="22.5720967" lon="113.9500027">
        <ele>21.184</ele>
        <time>2025-08-06T10:19:33Z</time>
      </trkpt>
      <trkpt lat="22.5721276" lon="113.9500152">
        <ele>21.305</ele>
        <time>2025-08-06T10:19:35Z</time>
      </trkpt>
      <trkpt lat="22.5721489" lon="113.9500388">
        <ele>19.551</ele>
        <time>2025-08-06T10:19:37Z</time>
      </trkpt>
      <trkpt lat="22.5721586" lon="113.9500704">
        <ele>16.759</ele>
        <time>2025-08-06T10:19:39Z</time>
      </trkpt>
      <trkpt lat="22.5721567" lon="113.9501099">
        <ele>17.38199</ele>
        <time>2025-08-06T10:19:41Z</time>
      </trkpt>
      <trkpt lat="22.5721441" lon="113.9501525">
        <ele>17.00399</ele>
        <time>2025-08-06T10:19:43Z</time>
      </trkpt>
      <trkpt lat="22.5721242" lon="113.950194">
        <ele>17.47599</ele>
        <time>2025-08-06T10:19:45Z</time>
      </trkpt>
      <trkpt lat="22.5720957" lon="113.950232">
        <ele>17.645</ele>
        <time>2025-08-06T10:19:47Z</time>
      </trkpt>
      <trkpt lat="22.572061" lon="113.9502655">
        <ele>17.162</ele>
        <time>2025-08-06T10:19:49Z</time>
      </trkpt>
      <trkpt lat="22.5720239" lon="113.9502949">
        <ele>15.85499</ele>
        <time>2025-08-06T10:19:51Z</time>
      </trkpt>
      <trkpt lat="22.5719874" lon="113.9503232">
        <ele>13.975</ele>
        <time>2025-08-06T10:19:53Z</time>
      </trkpt>
      <trkpt lat="22.5719496" lon="113.9503513">
        <ele>13.128</ele>
        <time>2025-08-06T10:19:55Z</time>
      </trkpt>
      <trkpt lat="22.571913" lon="113.95038">
        <ele>13.97099</ele>
        <time>2025-08-06T10:19:57Z</time>
      </trkpt>
      <trkpt lat="22.5718793" lon="113.9504093">
        <ele>13.60499</ele>
        <time>2025-08-06T10:19:59Z</time>
      </trkpt>
      <trkpt lat="22.571848" lon="113.9504401">
        <ele>12.88799</ele>
        <time>2025-08-06T10:20:01Z</time>
      </trkpt>
      <trkpt lat="22.5718177" lon="113.9504715">
        <ele>13.04899</ele>
        <time>2025-08-06T10:20:03Z</time>
      </trkpt>
      <trkpt lat="22.571789" lon="113.9505026">
        <ele>13.552</ele>
        <time>2025-08-06T10:20:05Z</time>
      </trkpt>
      <trkpt lat="22.571761" lon="113.9505343">
        <ele>13.696</ele>
        <time>2025-08-06T10:20:07Z</time>
      </trkpt>
      <trkpt lat="22.571735" lon="113.9505645">
        <ele>14.715</ele>
        <time>2025-08-06T10:20:09Z</time>
      </trkpt>
      <trkpt lat="22.5717097" lon="113.9505906">
        <ele>13.734</ele>
        <time>2025-08-06T10:20:11Z</time>
      </trkpt>
      <trkpt lat="22.5716827" lon="113.9506133">
        <ele>13.08699</ele>
        <time>2025-08-06T10:20:13Z</time>
      </trkpt>
      <trkpt lat="22.5716559" lon="113.9506329">
        <ele>13.53699</ele>
        <time>2025-08-06T10:20:15Z</time>
      </trkpt>
      <trkpt lat="22.5716237" lon="113.9506518">
        <ele>13.31799</ele>
        <time>2025-08-06T10:20:17Z</time>
      </trkpt>
      <trkpt lat="22.5715813" lon="113.9506778">
        <ele>13.335</ele>
        <time>2025-08-06T10:20:19Z</time>
      </trkpt>
      <trkpt lat="22.5715324" lon="113.9507113">
        <ele>12.956</ele>
        <time>2025-08-06T10:20:21Z</time>
      </trkpt>
      <trkpt lat="22.5714797" lon="113.9507524">
        <ele>12.357</ele>
        <time>2025-08-06T10:20:23Z</time>
      </trkpt>
      <trkpt lat="22.5714223" lon="113.9507994">
        <ele>11.97099</ele>
        <time>2025-08-06T10:20:25Z</time>
      </trkpt>
      <trkpt lat="22.5713633" lon="113.9508419">
        <ele>11.781</ele>
        <time>2025-08-06T10:20:27Z</time>
      </trkpt>
      <trkpt lat="22.5713037" lon="113.9508595">
        <ele>11.602</ele>
        <time>2025-08-06T10:20:29Z</time>
      </trkpt>
      <trkpt lat="22.5712416" lon="113.9508695">
        <ele>11.354</ele>
        <time>2025-08-06T10:20:31Z</time>
      </trkpt>
      <trkpt lat="22.5711858" lon="113.9508745">
        <ele>11.02299</ele>
        <time>2025-08-06T10:20:33Z</time>
      </trkpt>
      <trkpt lat="22.5711386" lon="113.9508767">
        <ele>12.269</ele>
        <time>2025-08-06T10:20:35Z</time>
      </trkpt>
      <trkpt lat="22.5711026" lon="113.9508825">
        <ele>13.79199</ele>
        <time>2025-08-06T10:20:37Z</time>
      </trkpt>
      <trkpt lat="22.5710769" lon="113.9509067">
        <ele>12.66199</ele>
        <time>2025-08-06T10:20:39Z</time>
      </trkpt>
      <trkpt lat="22.5710602" lon="113.9509329">
        <ele>10.22999</ele>
        <time>2025-08-06T10:20:41Z</time>
      </trkpt>
      <trkpt lat="22.5710437" lon="113.9509563">
        <ele>10.10499</ele>
        <time>2025-08-06T10:20:43Z</time>
      </trkpt>
      <trkpt lat="22.5710218" lon="113.9509733">
        <ele>9.76299</ele>
        <time>2025-08-06T10:20:45Z</time>
      </trkpt>
      <trkpt lat="22.5709925" lon="113.9509857">
        <ele>10.151</ele>
        <time>2025-08-06T10:20:47Z</time>
      </trkpt>
      <trkpt lat="22.5709578" lon="113.950997">
        <ele>10.913</ele>
        <time>2025-08-06T10:20:49Z</time>
      </trkpt>
      <trkpt lat="22.5709196" lon="113.9510079">
        <ele>11.03299</ele>
        <time>2025-08-06T10:20:51Z</time>
      </trkpt>
      <trkpt lat="22.5708806" lon="113.9510185">
        <ele>11.39099</ele>
        <time>2025-08-06T10:20:53Z</time>
      </trkpt>
      <trkpt lat="22.5708423" lon="113.9510319">
        <ele>11.767</ele>
        <time>2025-08-06T10:20:55Z</time>
      </trkpt>
      <trkpt lat="22.5708048" lon="113.9510476">
        <ele>11.10299</ele>
        <time>2025-08-06T10:20:57Z</time>
      </trkpt>
      <trkpt lat="22.5707686" lon="113.9510638">
        <ele>11.68599</ele>
        <time>2025-08-06T10:20:59Z</time>
      </trkpt>
      <trkpt lat="22.5707334" lon="113.9510807">
        <ele>11.77099</ele>
        <time>2025-08-06T10:21:01Z</time>
      </trkpt>
      <trkpt lat="22.5706968" lon="113.9510985">
        <ele>12.125</ele>
        <time>2025-08-06T10:21:03Z</time>
      </trkpt>
      <trkpt lat="22.5706594" lon="113.9511163">
        <ele>11.83899</ele>
        <time>2025-08-06T10:21:05Z</time>
      </trkpt>
      <trkpt lat="22.5706227" lon="113.9511355">
        <ele>11.55</ele>
        <time>2025-08-06T10:21:07Z</time>
      </trkpt>
      <trkpt lat="22.5705863" lon="113.9511543">
        <ele>11.809</ele>
        <time>2025-08-06T10:21:09Z</time>
      </trkpt>
      <trkpt lat="22.5705488" lon="113.9511723">
        <ele>11.706</ele>
        <time>2025-08-06T10:21:11Z</time>
      </trkpt>
      <trkpt lat="22.5705115" lon="113.95119">
        <ele>12.35599</ele>
        <time>2025-08-06T10:21:13Z</time>
      </trkpt>
      <trkpt lat="22.5704741" lon="113.9512089">
        <ele>12.555</ele>
        <time>2025-08-06T10:21:15Z</time>
      </trkpt>
      <trkpt lat="22.5704354" lon="113.9512283">
        <ele>12.397</ele>
        <time>2025-08-06T10:21:17Z</time>
      </trkpt>
      <trkpt lat="22.5703971" lon="113.9512476">
        <ele>12.519</ele>
        <time>2025-08-06T10:21:19Z</time>
      </trkpt>
      <trkpt lat="22.570361" lon="113.9512685">
        <ele>13.01299</ele>
        <time>2025-08-06T10:21:21Z</time>
      </trkpt>
      <trkpt lat="22.5703257" lon="113.9512906">
        <ele>13.37699</ele>
        <time>2025-08-06T10:21:23Z</time>
      </trkpt>
      <trkpt lat="22.5702917" lon="113.951313">
        <ele>13.55599</ele>
        <time>2025-08-06T10:21:25Z</time>
      </trkpt>
      <trkpt lat="22.570259" lon="113.9513355">
        <ele>13.12699</ele>
        <time>2025-08-06T10:21:27Z</time>
      </trkpt>
      <trkpt lat="22.5702257" lon="113.9513597">
        <ele>12.118</ele>
        <time>2025-08-06T10:21:29Z</time>
      </trkpt>
      <trkpt lat="22.5701913" lon="113.9513832">
        <ele>12.73499</ele>
        <time>2025-08-06T10:21:31Z</time>
      </trkpt>
      <trkpt lat="22.5701556" lon="113.9514047">
        <ele>12.26099</ele>
        <time>2025-08-06T10:21:33Z</time>
      </trkpt>
      <trkpt lat="22.5701186" lon="113.9514245">
        <ele>13.07199</ele>
        <time>2025-08-06T10:21:35Z</time>
      </trkpt>
      <trkpt lat="22.57008" lon="113.9514435">
        <ele>12.286</ele>
        <time>2025-08-06T10:21:37Z</time>
      </trkpt>
      <trkpt lat="22.5700434" lon="113.9514599">
        <ele>12.444</ele>
        <time>2025-08-06T10:21:39Z</time>
      </trkpt>
      <trkpt lat="22.5700083" lon="113.9514759">
        <ele>13.22799</ele>
        <time>2025-08-06T10:21:41Z</time>
      </trkpt>
      <trkpt lat="22.5699742" lon="113.9514932">
        <ele>12.541</ele>
        <time>2025-08-06T10:21:43Z</time>
      </trkpt>
      <trkpt lat="22.5699397" lon="113.9515102">
        <ele>10.861</ele>
        <time>2025-08-06T10:21:45Z</time>
      </trkpt>
      <trkpt lat="22.5699061" lon="113.951529">
        <ele>10.94499</ele>
        <time>2025-08-06T10:21:47Z</time>
      </trkpt>
      <trkpt lat="22.5698684" lon="113.9515492">
        <ele>10.543</ele>
        <time>2025-08-06T10:21:49Z</time>
      </trkpt>
      <trkpt lat="22.5698276" lon="113.951568">
        <ele>9.968</ele>
        <time>2025-08-06T10:21:51Z</time>
      </trkpt>
      <trkpt lat="22.5697871" lon="113.951587">
        <ele>11.09</ele>
        <time>2025-08-06T10:21:53Z</time>
      </trkpt>
      <trkpt lat="22.5697493" lon="113.951608">
        <ele>11.192</ele>
        <time>2025-08-06T10:21:55Z</time>
      </trkpt>
      <trkpt lat="22.5697127" lon="113.9516273">
        <ele>11.578</ele>
        <time>2025-08-06T10:21:57Z</time>
      </trkpt>
      <trkpt lat="22.5696781" lon="113.9516478">
        <ele>11.47399</ele>
        <time>2025-08-06T10:21:59Z</time>
      </trkpt>
      <trkpt lat="22.5696453" lon="113.9516708">
        <ele>11.102</ele>
        <time>2025-08-06T10:22:01Z</time>
      </trkpt>
      <trkpt lat="22.5696108" lon="113.9516932">
        <ele>11.144</ele>
        <time>2025-08-06T10:22:03Z</time>
      </trkpt>
      <trkpt lat="22.5695747" lon="113.9517134">
        <ele>11.07699</ele>
        <time>2025-08-06T10:22:05Z</time>
      </trkpt>
      <trkpt lat="22.569537" lon="113.9517334">
        <ele>11.19999</ele>
        <time>2025-08-06T10:22:07Z</time>
      </trkpt>
      <trkpt lat="22.5694995" lon="113.9517538">
        <ele>10.48999</ele>
        <time>2025-08-06T10:22:09Z</time>
      </trkpt>
      <trkpt lat="22.5694603" lon="113.9517745">
        <ele>9.873</ele>
        <time>2025-08-06T10:22:11Z</time>
      </trkpt>
      <trkpt lat="22.569421" lon="113.9517964">
        <ele>10.484</ele>
        <time>2025-08-06T10:22:13Z</time>
      </trkpt>
      <trkpt lat="22.5693811" lon="113.9518205">
        <ele>11.06799</ele>
        <time>2025-08-06T10:22:15Z</time>
      </trkpt>
      <trkpt lat="22.5693409" lon="113.9518439">
        <ele>11.807</ele>
        <time>2025-08-06T10:22:17Z</time>
      </trkpt>
      <trkpt lat="22.5692992" lon="113.9518661">
        <ele>12.20899</ele>
        <time>2025-08-06T10:22:19Z</time>
      </trkpt>
      <trkpt lat="22.5692587" lon="113.9518867">
        <ele>13.25399</ele>
        <time>2025-08-06T10:22:21Z</time>
      </trkpt>
      <trkpt lat="22.5692194" lon="113.9519073">
        <ele>12.684</ele>
        <time>2025-08-06T10:22:23Z</time>
      </trkpt>
      <trkpt lat="22.5691794" lon="113.9519289">
        <ele>12.861</ele>
        <time>2025-08-06T10:22:25Z</time>
      </trkpt>
      <trkpt lat="22.569141" lon="113.9519532">
        <ele>12.833</ele>
        <time>2025-08-06T10:22:27Z</time>
      </trkpt>
      <trkpt lat="22.5691039" lon="113.9519791">
        <ele>12.041</ele>
        <time>2025-08-06T10:22:29Z</time>
      </trkpt>
      <trkpt lat="22.5690677" lon="113.9520054">
        <ele>11.685</ele>
        <time>2025-08-06T10:22:31Z</time>
      </trkpt>
      <trkpt lat="22.5690313" lon="113.9520322">
        <ele>10.628</ele>
        <time>2025-08-06T10:22:33Z</time>
      </trkpt>
      <trkpt lat="22.5689959" lon="113.9520584">
        <ele>9.767</ele>
        <time>2025-08-06T10:22:35Z</time>
      </trkpt>
      <trkpt lat="22.5689599" lon="113.9520806">
        <ele>9.77099</ele>
        <time>2025-08-06T10:22:37Z</time>
      </trkpt>
      <trkpt lat="22.568923" lon="113.9521004">
        <ele>10.442</ele>
        <time>2025-08-06T10:22:39Z</time>
      </trkpt>
      <trkpt lat="22.5688856" lon="113.95212">
        <ele>10.89599</ele>
        <time>2025-08-06T10:22:41Z</time>
      </trkpt>
      <trkpt lat="22.5688478" lon="113.9521384">
        <ele>10.781</ele>
        <time>2025-08-06T10:22:43Z</time>
      </trkpt>
      <trkpt lat="22.5688097" lon="113.9521546">
        <ele>10.901</ele>
        <time>2025-08-06T10:22:45Z</time>
      </trkpt>
      <trkpt lat="22.5687728" lon="113.952173">
        <ele>11.239</ele>
        <time>2025-08-06T10:22:47Z</time>
      </trkpt>
      <trkpt lat="22.5687374" lon="113.9521929">
        <ele>11.61499</ele>
        <time>2025-08-06T10:22:49Z</time>
      </trkpt>
      <trkpt lat="22.5687022" lon="113.9522128">
        <ele>11.55799</ele>
        <time>2025-08-06T10:22:51Z</time>
      </trkpt>
      <trkpt lat="22.5686669" lon="113.9522334">
        <ele>10.911</ele>
        <time>2025-08-06T10:22:53Z</time>
      </trkpt>
      <trkpt lat="22.5686294" lon="113.9522557">
        <ele>10.97299</ele>
        <time>2025-08-06T10:22:55Z</time>
      </trkpt>
      <trkpt lat="22.5685909" lon="113.9522764">
        <ele>11.022</ele>
        <time>2025-08-06T10:22:57Z</time>
      </trkpt>
      <trkpt lat="22.5685539" lon="113.9522954">
        <ele>12.31299</ele>
        <time>2025-08-06T10:22:59Z</time>
      </trkpt>
      <trkpt lat="22.5685181" lon="113.9523123">
        <ele>12.23099</ele>
        <time>2025-08-06T10:23:01Z</time>
      </trkpt>
      <trkpt lat="22.5684833" lon="113.9523295">
        <ele>12.39799</ele>
        <time>2025-08-06T10:23:03Z</time>
      </trkpt>
      <trkpt lat="22.5684517" lon="113.9523468">
        <ele>12.84399</ele>
        <time>2025-08-06T10:23:05Z</time>
      </trkpt>
      <trkpt lat="22.5684199" lon="113.9523669">
        <ele>13.751</ele>
        <time>2025-08-06T10:23:07Z</time>
      </trkpt>
      <trkpt lat="22.5683865" lon="113.9523884">
        <ele>14.96199</ele>
        <time>2025-08-06T10:23:09Z</time>
      </trkpt>
      <trkpt lat="22.5683496" lon="113.9524114">
        <ele>14.71</ele>
        <time>2025-08-06T10:23:11Z</time>
      </trkpt>
      <trkpt lat="22.5683103" lon="113.9524334">
        <ele>14.63</ele>
        <time>2025-08-06T10:23:13Z</time>
      </trkpt>
      <trkpt lat="22.5682724" lon="113.9524534">
        <ele>14.873</ele>
        <time>2025-08-06T10:23:15Z</time>
      </trkpt>
      <trkpt lat="22.5682337" lon="113.9524737">
        <ele>15.94699</ele>
        <time>2025-08-06T10:23:17Z</time>
      </trkpt>
      <trkpt lat="22.5681938" lon="113.952494">
        <ele>15.362</ele>
        <time>2025-08-06T10:23:19Z</time>
      </trkpt>
      <trkpt lat="22.5681547" lon="113.9525137">
        <ele>13.574</ele>
        <time>2025-08-06T10:23:21Z</time>
      </trkpt>
      <trkpt lat="22.5681162" lon="113.9525335">
        <ele>13.284</ele>
        <time>2025-08-06T10:23:23Z</time>
      </trkpt>
      <trkpt lat="22.5680761" lon="113.9525558">
        <ele>12.878</ele>
        <time>2025-08-06T10:23:25Z</time>
      </trkpt>
      <trkpt lat="22.5680354" lon="113.9525764">
        <ele>13.81499</ele>
        <time>2025-08-06T10:23:27Z</time>
      </trkpt>
      <trkpt lat="22.5679945" lon="113.9525968">
        <ele>13.30799</ele>
        <time>2025-08-06T10:23:29Z</time>
      </trkpt>
      <trkpt lat="22.5679551" lon="113.9526178">
        <ele>13.276</ele>
        <time>2025-08-06T10:23:31Z</time>
      </trkpt>
      <trkpt lat="22.5679182" lon="113.9526376">
        <ele>13.692</ele>
        <time>2025-08-06T10:23:33Z</time>
      </trkpt>
      <trkpt lat="22.5678809" lon="113.952656">
        <ele>12.805</ele>
        <time>2025-08-06T10:23:35Z</time>
      </trkpt>
      <trkpt lat="22.5678449" lon="113.9526751">
        <ele>12.05599</ele>
        <time>2025-08-06T10:23:37Z</time>
      </trkpt>
      <trkpt lat="22.5678098" lon="113.9526944">
        <ele>11.836</ele>
        <time>2025-08-06T10:23:39Z</time>
      </trkpt>
      <trkpt lat="22.5677743" lon="113.9527135">
        <ele>12.085</ele>
        <time>2025-08-06T10:23:41Z</time>
      </trkpt>
      <trkpt lat="22.5677383" lon="113.9527333">
        <ele>12.821</ele>
        <time>2025-08-06T10:23:43Z</time>
      </trkpt>
      <trkpt lat="22.567702" lon="113.9527524">
        <ele>14.39999</ele>
        <time>2025-08-06T10:23:45Z</time>
      </trkpt>
      <trkpt lat="22.5676666" lon="113.9527704">
        <ele>14.128</ele>
        <time>2025-08-06T10:23:47Z</time>
      </trkpt>
      <trkpt lat="22.5676306" lon="113.9527873">
        <ele>14.31599</ele>
        <time>2025-08-06T10:23:49Z</time>
      </trkpt>
      <trkpt lat="22.5675944" lon="113.9528044">
        <ele>14.192</ele>
        <time>2025-08-06T10:23:51Z</time>
      </trkpt>
      <trkpt lat="22.567557" lon="113.952821">
        <ele>13.91499</ele>
        <time>2025-08-06T10:23:53Z</time>
      </trkpt>
      <trkpt lat="22.567519" lon="113.9528385">
        <ele>14.84799</ele>
        <time>2025-08-06T10:23:55Z</time>
      </trkpt>
      <trkpt lat="22.5674796" lon="113.9528559">
        <ele>14.717</ele>
        <time>2025-08-06T10:23:57Z</time>
      </trkpt>
      <trkpt lat="22.5674407" lon="113.9528742">
        <ele>14.053</ele>
        <time>2025-08-06T10:23:59Z</time>
      </trkpt>
      <trkpt lat="22.5674012" lon="113.9528925">
        <ele>15.08199</ele>
        <time>2025-08-06T10:24:01Z</time>
      </trkpt>
      <trkpt lat="22.5673624" lon="113.9529107">
        <ele>15.409</ele>
        <time>2025-08-06T10:24:03Z</time>
      </trkpt>
      <trkpt lat="22.5673251" lon="113.9529263">
        <ele>15.43099</ele>
        <time>2025-08-06T10:24:05Z</time>
      </trkpt>
      <trkpt lat="22.567289" lon="113.9529408">
        <ele>14.86699</ele>
        <time>2025-08-06T10:24:07Z</time>
      </trkpt>
      <trkpt lat="22.5672529" lon="113.9529545">
        <ele>14.65699</ele>
        <time>2025-08-06T10:24:09Z</time>
      </trkpt>
      <trkpt lat="22.5672177" lon="113.9529669">
        <ele>13.744</ele>
        <time>2025-08-06T10:24:11Z</time>
      </trkpt>
      <trkpt lat="22.5671837" lon="113.952979">
        <ele>14.071</ele>
        <time>2025-08-06T10:24:13Z</time>
      </trkpt>
      <trkpt lat="22.5671502" lon="113.9529923">
        <ele>13.32999</ele>
        <time>2025-08-06T10:24:15Z</time>
      </trkpt>
      <trkpt lat="22.567115" lon="113.9530073">
        <ele>13.47799</ele>
        <time>2025-08-06T10:24:17Z</time>
      </trkpt>
      <trkpt lat="22.5670791" lon="113.9530226">
        <ele>14.15699</ele>
        <time>2025-08-06T10:24:19Z</time>
      </trkpt>
      <trkpt lat="22.5670413" lon="113.9530365">
        <ele>14.97799</ele>
        <time>2025-08-06T10:24:21Z</time>
      </trkpt>
      <trkpt lat="22.5670038" lon="113.9530489">
        <ele>14.20199</ele>
        <time>2025-08-06T10:24:23Z</time>
      </trkpt>
      <trkpt lat="22.5669645" lon="113.9530635">
        <ele>11.85299</ele>
        <time>2025-08-06T10:24:25Z</time>
      </trkpt>
      <trkpt lat="22.566926" lon="113.9530767">
        <ele>12.739</ele>
        <time>2025-08-06T10:24:27Z</time>
      </trkpt>
      <trkpt lat="22.5668911" lon="113.953088">
        <ele>13.77499</ele>
        <time>2025-08-06T10:24:29Z</time>
      </trkpt>
      <trkpt lat="22.5668573" lon="113.9530996">
        <ele>14.72599</ele>
        <time>2025-08-06T10:24:31Z</time>
      </trkpt>
      <trkpt lat="22.5668172" lon="113.9531123">
        <ele>14.503</ele>
        <time>2025-08-06T10:24:33Z</time>
      </trkpt>
      <trkpt lat="22.5667737" lon="113.9531231">
        <ele>12.98499</ele>
        <time>2025-08-06T10:24:35Z</time>
      </trkpt>
      <trkpt lat="22.5667274" lon="113.9531325">
        <ele>13.861</ele>
        <time>2025-08-06T10:24:37Z</time>
      </trkpt>
      <trkpt lat="22.566677" lon="113.9531427">
        <ele>13.505</ele>
        <time>2025-08-06T10:24:39Z</time>
      </trkpt>
      <trkpt lat="22.5666253" lon="113.9531539">
        <ele>12.72999</ele>
        <time>2025-08-06T10:24:41Z</time>
      </trkpt>
      <trkpt lat="22.5665766" lon="113.9531647">
        <ele>12.585</ele>
        <time>2025-08-06T10:24:43Z</time>
      </trkpt>
      <trkpt lat="22.5665312" lon="113.9531733">
        <ele>13.43799</ele>
        <time>2025-08-06T10:24:45Z</time>
      </trkpt>
      <trkpt lat="22.5664894" lon="113.9531809">
        <ele>13.92199</ele>
        <time>2025-08-06T10:24:47Z</time>
      </trkpt>
      <trkpt lat="22.5664473" lon="113.9531874">
        <ele>13.682</ele>
        <time>2025-08-06T10:24:49Z</time>
      </trkpt>
      <trkpt lat="22.566406" lon="113.9531929">
        <ele>14.24199</ele>
        <time>2025-08-06T10:24:51Z</time>
      </trkpt>
      <trkpt lat="22.5663659" lon="113.9531973">
        <ele>14.555</ele>
        <time>2025-08-06T10:24:53Z</time>
      </trkpt>
      <trkpt lat="22.5663261" lon="113.9532029">
        <ele>14.692</ele>
        <time>2025-08-06T10:24:55Z</time>
      </trkpt>
      <trkpt lat="22.566286" lon="113.9532095">
        <ele>15.79699</ele>
        <time>2025-08-06T10:24:57Z</time>
      </trkpt>
      <trkpt lat="22.5662459" lon="113.9532142">
        <ele>16.48399</ele>
        <time>2025-08-06T10:24:59Z</time>
      </trkpt>
      <trkpt lat="22.5662066" lon="113.9532168">
        <ele>17.427</ele>
        <time>2025-08-06T10:25:01Z</time>
      </trkpt>
      <trkpt lat="22.5661679" lon="113.9532188">
        <ele>16.94799</ele>
        <time>2025-08-06T10:25:03Z</time>
      </trkpt>
      <trkpt lat="22.5661293" lon="113.9532189">
        <ele>17.03599</ele>
        <time>2025-08-06T10:25:05Z</time>
      </trkpt>
      <trkpt lat="22.5660906" lon="113.9532197">
        <ele>16.55299</ele>
        <time>2025-08-06T10:25:07Z</time>
      </trkpt>
      <trkpt lat="22.5660528" lon="113.9532228">
        <ele>17.457</ele>
        <time>2025-08-06T10:25:09Z</time>
      </trkpt>
      <trkpt lat="22.5660115" lon="113.9532265">
        <ele>17.46899</ele>
        <time>2025-08-06T10:25:11Z</time>
      </trkpt>
      <trkpt lat="22.565968" lon="113.953231">
        <ele>16.913</ele>
        <time>2025-08-06T10:25:13Z</time>
      </trkpt>
      <trkpt lat="22.5659237" lon="113.9532366">
        <ele>16.017</ele>
        <time>2025-08-06T10:25:15Z</time>
      </trkpt>
      <trkpt lat="22.5658795" lon="113.9532394">
        <ele>14.942</ele>
        <time>2025-08-06T10:25:17Z</time>
      </trkpt>
      <trkpt lat="22.5658348" lon="113.95324">
        <ele>13.38</ele>
        <time>2025-08-06T10:25:19Z</time>
      </trkpt>
      <trkpt lat="22.565791" lon="113.9532401">
        <ele>12.41399</ele>
        <time>2025-08-06T10:25:21Z</time>
      </trkpt>
      <trkpt lat="22.5657467" lon="113.9532393">
        <ele>14.18099</ele>
        <time>2025-08-06T10:25:23Z</time>
      </trkpt>
      <trkpt lat="22.5657021" lon="113.9532382">
        <ele>15.399</ele>
        <time>2025-08-06T10:25:25Z</time>
      </trkpt>
      <trkpt lat="22.5656578" lon="113.9532367">
        <ele>14.99899</ele>
        <time>2025-08-06T10:25:27Z</time>
      </trkpt>
      <trkpt lat="22.5656156" lon="113.9532352">
        <ele>14.734</ele>
        <time>2025-08-06T10:25:29Z</time>
      </trkpt>
      <trkpt lat="22.5655767" lon="113.9532346">
        <ele>16.413</ele>
        <time>2025-08-06T10:25:31Z</time>
      </trkpt>
      <trkpt lat="22.5655399" lon="113.9532341">
        <ele>16.30599</ele>
        <time>2025-08-06T10:25:33Z</time>
      </trkpt>
      <trkpt lat="22.565503" lon="113.953233">
        <ele>17.17499</ele>
        <time>2025-08-06T10:25:35Z</time>
      </trkpt>
      <trkpt lat="22.5654652" lon="113.9532336">
        <ele>17.725</ele>
        <time>2025-08-06T10:25:37Z</time>
      </trkpt>
      <trkpt lat="22.5654263" lon="113.9532351">
        <ele>18.32099</ele>
        <time>2025-08-06T10:25:39Z</time>
      </trkpt>
      <trkpt lat="22.5653853" lon="113.9532375">
        <ele>18.833</ele>
        <time>2025-08-06T10:25:41Z</time>
      </trkpt>
      <trkpt lat="22.565343" lon="113.95324">
        <ele>16.88699</ele>
        <time>2025-08-06T10:25:43Z</time>
      </trkpt>
      <trkpt lat="22.5653001" lon="113.9532426">
        <ele>14.79699</ele>
        <time>2025-08-06T10:25:45Z</time>
      </trkpt>
      <trkpt lat="22.5652572" lon="113.9532452">
        <ele>13.954</ele>
        <time>2025-08-06T10:25:47Z</time>
      </trkpt>
      <trkpt lat="22.5652126" lon="113.9532467">
        <ele>14.305</ele>
        <time>2025-08-06T10:25:49Z</time>
      </trkpt>
      <trkpt lat="22.5651704" lon="113.9532468">
        <ele>15.10299</ele>
        <time>2025-08-06T10:25:51Z</time>
      </trkpt>
      <trkpt lat="22.5651303" lon="113.9532467">
        <ele>14.91199</ele>
        <time>2025-08-06T10:25:53Z</time>
      </trkpt>
      <trkpt lat="22.5650939" lon="113.9532461">
        <ele>14.59399</ele>
        <time>2025-08-06T10:25:55Z</time>
      </trkpt>
      <trkpt lat="22.5650597" lon="113.9532455">
        <ele>15.727</ele>
        <time>2025-08-06T10:25:57Z</time>
      </trkpt>
      <trkpt lat="22.5650271" lon="113.9532458">
        <ele>16.49399</ele>
        <time>2025-08-06T10:25:59Z</time>
      </trkpt>
      <trkpt lat="22.5649908" lon="113.9532456">
        <ele>15.904</ele>
        <time>2025-08-06T10:26:01Z</time>
      </trkpt>
      <trkpt lat="22.5649527" lon="113.9532455">
        <ele>15.732</ele>
        <time>2025-08-06T10:26:03Z</time>
      </trkpt>
      <trkpt lat="22.5649109" lon="113.9532462">
        <ele>17.27599</ele>
        <time>2025-08-06T10:26:05Z</time>
      </trkpt>
      <trkpt lat="22.5648665" lon="113.9532462">
        <ele>18.14999</ele>
        <time>2025-08-06T10:26:07Z</time>
      </trkpt>
      <trkpt lat="22.5648219" lon="113.9532458">
        <ele>17.742</ele>
        <time>2025-08-06T10:26:09Z</time>
      </trkpt>
      <trkpt lat="22.5647798" lon="113.9532458">
        <ele>16.964</ele>
        <time>2025-08-06T10:26:11Z</time>
      </trkpt>
      <trkpt lat="22.5647421" lon="113.9532461">
        <ele>15.399</ele>
        <time>2025-08-06T10:26:13Z</time>
      </trkpt>
      <trkpt lat="22.5647102" lon="113.9532455">
        <ele>14.28199</ele>
        <time>2025-08-06T10:26:15Z</time>
      </trkpt>
      <trkpt lat="22.5646817" lon="113.9532427">
        <ele>13.717</ele>
        <time>2025-08-06T10:26:17Z</time>
      </trkpt>
      <trkpt lat="22.5646587" lon="113.9532369">
        <ele>11.215</ele>
        <time>2025-08-06T10:26:19Z</time>
      </trkpt>
      <trkpt lat="22.5646361" lon="113.9532313">
        <ele>8.87699</ele>
        <time>2025-08-06T10:26:21Z</time>
      </trkpt>
      <trkpt lat="22.5646071" lon="113.9532262">
        <ele>7.63899</ele>
        <time>2025-08-06T10:26:23Z</time>
      </trkpt>
      <trkpt lat="22.5645695" lon="113.9532225">
        <ele>7.31099</ele>
        <time>2025-08-06T10:26:25Z</time>
      </trkpt>
      <trkpt lat="22.5645282" lon="113.9532224">
        <ele>5.091</ele>
        <time>2025-08-06T10:26:27Z</time>
      </trkpt>
      <trkpt lat="22.564481" lon="113.9532295">
        <ele>2.798</ele>
        <time>2025-08-06T10:26:29Z</time>
      </trkpt>
      <trkpt lat="22.5644301" lon="113.9532459">
        <ele>-0.90399</ele>
        <time>2025-08-06T10:26:31Z</time>
      </trkpt>
      <trkpt lat="22.5643752" lon="113.9532623">
        <ele>-0.92799</ele>
        <time>2025-08-06T10:26:33Z</time>
      </trkpt>
      <trkpt lat="22.5643171" lon="113.9532771">
        <ele>1.97699</ele>
        <time>2025-08-06T10:26:35Z</time>
      </trkpt>
      <trkpt lat="22.5642561" lon="113.9532883">
        <ele>7.269</ele>
        <time>2025-08-06T10:26:37Z</time>
      </trkpt>
      <trkpt lat="22.5641938" lon="113.9532947">
        <ele>9.26599</ele>
        <time>2025-08-06T10:26:39Z</time>
      </trkpt>
      <trkpt lat="22.564138" lon="113.9532929">
        <ele>11.246</ele>
        <time>2025-08-06T10:26:41Z</time>
      </trkpt>
      <trkpt lat="22.5640923" lon="113.9532897">
        <ele>11.45499</ele>
        <time>2025-08-06T10:26:43Z</time>
      </trkpt>
      <trkpt lat="22.5640528" lon="113.9532862">
        <ele>10.99699</ele>
        <time>2025-08-06T10:26:45Z</time>
      </trkpt>
      <trkpt lat="22.5640165" lon="113.9532841">
        <ele>9.32299</ele>
        <time>2025-08-06T10:26:48Z</time>
      </trkpt>
      <trkpt lat="22.5639798" lon="113.9532838">
        <ele>9.19099</ele>
        <time>2025-08-06T10:26:50Z</time>
      </trkpt>
      <trkpt lat="22.5639342" lon="113.9532823">
        <ele>7.366</ele>
        <time>2025-08-06T10:26:52Z</time>
      </trkpt>
      <trkpt lat="22.5638854" lon="113.9532809">
        <ele>4.743</ele>
        <time>2025-08-06T10:26:54Z</time>
      </trkpt>
      <trkpt lat="22.5638346" lon="113.9532831">
        <ele>1.654</ele>
        <time>2025-08-06T10:26:56Z</time>
      </trkpt>
      <trkpt lat="22.5637804" lon="113.9532862">
        <ele>2.38599</ele>
        <time>2025-08-06T10:26:58Z</time>
      </trkpt>
      <trkpt lat="22.5637269" lon="113.9532871">
        <ele>5.68599</ele>
        <time>2025-08-06T10:27:00Z</time>
      </trkpt>
      <trkpt lat="22.5636781" lon="113.9532871">
        <ele>7.46199</ele>
        <time>2025-08-06T10:27:02Z</time>
      </trkpt>
      <trkpt lat="22.5636303" lon="113.9532875">
        <ele>9.453</ele>
        <time>2025-08-06T10:27:04Z</time>
      </trkpt>
      <trkpt lat="22.563584" lon="113.9532846">
        <ele>10.05</ele>
        <time>2025-08-06T10:27:06Z</time>
      </trkpt>
      <trkpt lat="22.5635418" lon="113.9532821">
        <ele>11.66699</ele>
        <time>2025-08-06T10:27:08Z</time>
      </trkpt>
      <trkpt lat="22.5635015" lon="113.9532814">
        <ele>11.074</ele>
        <time>2025-08-06T10:27:10Z</time>
      </trkpt>
      <trkpt lat="22.5634606" lon="113.9532821">
        <ele>10.793</ele>
        <time>2025-08-06T10:27:12Z</time>
      </trkpt>
      <trkpt lat="22.5634192" lon="113.9532835">
        <ele>10.22299</ele>
        <time>2025-08-06T10:27:14Z</time>
      </trkpt>
      <trkpt lat="22.5633801" lon="113.9532835">
        <ele>10.86999</ele>
        <time>2025-08-06T10:27:16Z</time>
      </trkpt>
      <trkpt lat="22.563341" lon="113.9532827">
        <ele>11.774</ele>
        <time>2025-08-06T10:27:18Z</time>
      </trkpt>
      <trkpt lat="22.5633006" lon="113.9532825">
        <ele>12.123</ele>
        <time>2025-08-06T10:27:20Z</time>
      </trkpt>
      <trkpt lat="22.5632609" lon="113.9532833">
        <ele>11.78699</ele>
        <time>2025-08-06T10:27:22Z</time>
      </trkpt>
      <trkpt lat="22.5632222" lon="113.9532854">
        <ele>11.559</ele>
        <time>2025-08-06T10:27:24Z</time>
      </trkpt>
      <trkpt lat="22.5631808" lon="113.9532903">
        <ele>12.446</ele>
        <time>2025-08-06T10:27:26Z</time>
      </trkpt>
      <trkpt lat="22.5631372" lon="113.953295">
        <ele>11.644</ele>
        <time>2025-08-06T10:27:28Z</time>
      </trkpt>
      <trkpt lat="22.5630889" lon="113.9532996">
        <ele>11.43299</ele>
        <time>2025-08-06T10:27:30Z</time>
      </trkpt>
      <trkpt lat="22.5630427" lon="113.9533033">
        <ele>10.80799</ele>
        <time>2025-08-06T10:27:32Z</time>
      </trkpt>
      <trkpt lat="22.5629943" lon="113.9533055">
        <ele>9.699</ele>
        <time>2025-08-06T10:27:34Z</time>
      </trkpt>
      <trkpt lat="22.5629453" lon="113.9533079">
        <ele>9.291</ele>
        <time>2025-08-06T10:27:36Z</time>
      </trkpt>
      <trkpt lat="22.5628959" lon="113.953311">
        <ele>10.88199</ele>
        <time>2025-08-06T10:27:38Z</time>
      </trkpt>
      <trkpt lat="22.5628509" lon="113.9533123">
        <ele>12.72099</ele>
        <time>2025-08-06T10:27:40Z</time>
      </trkpt>
      <trkpt lat="22.562805" lon="113.9533144">
        <ele>13.338</ele>
        <time>2025-08-06T10:27:42Z</time>
      </trkpt>
      <trkpt lat="22.5627596" lon="113.9533166">
        <ele>12.92</ele>
        <time>2025-08-06T10:27:44Z</time>
      </trkpt>
      <trkpt lat="22.5627141" lon="113.9533176">
        <ele>12.541</ele>
        <time>2025-08-06T10:27:46Z</time>
      </trkpt>
      <trkpt lat="22.5626725" lon="113.9533176">
        <ele>12.42399</ele>
        <time>2025-08-06T10:27:48Z</time>
      </trkpt>
      <trkpt lat="22.5626321" lon="113.9533181">
        <ele>13.031</ele>
        <time>2025-08-06T10:27:50Z</time>
      </trkpt>
      <trkpt lat="22.5625911" lon="113.9533184">
        <ele>11.586</ele>
        <time>2025-08-06T10:27:52Z</time>
      </trkpt>
      <trkpt lat="22.5625501" lon="113.9533188">
        <ele>12.14799</ele>
        <time>2025-08-06T10:27:54Z</time>
      </trkpt>
      <trkpt lat="22.5625106" lon="113.9533202">
        <ele>12.42899</ele>
        <time>2025-08-06T10:27:56Z</time>
      </trkpt>
      <trkpt lat="22.5624679" lon="113.9533235">
        <ele>11.71899</ele>
        <time>2025-08-06T10:27:58Z</time>
      </trkpt>
      <trkpt lat="22.562425" lon="113.9533286">
        <ele>12.329</ele>
        <time>2025-08-06T10:28:00Z</time>
      </trkpt>
      <trkpt lat="22.5623814" lon="113.9533339">
        <ele>12.68799</ele>
        <time>2025-08-06T10:28:02Z</time>
      </trkpt>
      <trkpt lat="22.5623377" lon="113.9533398">
        <ele>12.16199</ele>
        <time>2025-08-06T10:28:04Z</time>
      </trkpt>
      <trkpt lat="22.5622934" lon="113.9533452">
        <ele>12.317</ele>
        <time>2025-08-06T10:28:06Z</time>
      </trkpt>
      <trkpt lat="22.5622508" lon="113.9533503">
        <ele>11.684</ele>
        <time>2025-08-06T10:28:08Z</time>
      </trkpt>
      <trkpt lat="22.5622091" lon="113.9533543">
        <ele>11.84599</ele>
        <time>2025-08-06T10:28:10Z</time>
      </trkpt>
      <trkpt lat="22.5621692" lon="113.9533563">
        <ele>11.76399</ele>
        <time>2025-08-06T10:28:12Z</time>
      </trkpt>
      <trkpt lat="22.5621294" lon="113.9533574">
        <ele>11.765</ele>
        <time>2025-08-06T10:28:14Z</time>
      </trkpt>
      <trkpt lat="22.5620894" lon="113.9533591">
        <ele>12.36999</ele>
        <time>2025-08-06T10:28:16Z</time>
      </trkpt>
      <trkpt lat="22.5620496" lon="113.9533607">
        <ele>14.60299</ele>
        <time>2025-08-06T10:28:18Z</time>
      </trkpt>
      <trkpt lat="22.562011" lon="113.9533599">
        <ele>15.97999</ele>
        <time>2025-08-06T10:28:20Z</time>
      </trkpt>
      <trkpt lat="22.5619709" lon="113.9533607">
        <ele>16.93499</ele>
        <time>2025-08-06T10:28:22Z</time>
      </trkpt>
      <trkpt lat="22.5619284" lon="113.9533601">
        <ele>18.673</ele>
        <time>2025-08-06T10:28:24Z</time>
      </trkpt>
      <trkpt lat="22.5618846" lon="113.9533583">
        <ele>17.20599</ele>
        <time>2025-08-06T10:28:26Z</time>
      </trkpt>
      <trkpt lat="22.56184" lon="113.9533578">
        <ele>17.82299</ele>
        <time>2025-08-06T10:28:28Z</time>
      </trkpt>
      <trkpt lat="22.5617917" lon="113.95336">
        <ele>19.312</ele>
        <time>2025-08-06T10:28:30Z</time>
      </trkpt>
      <trkpt lat="22.5617435" lon="113.9533583">
        <ele>17.531</ele>
        <time>2025-08-06T10:28:32Z</time>
      </trkpt>
      <trkpt lat="22.5616975" lon="113.9533573">
        <ele>18.01899</ele>
        <time>2025-08-06T10:28:34Z</time>
      </trkpt>
      <trkpt lat="22.5616521" lon="113.9533578">
        <ele>17.141</ele>
        <time>2025-08-06T10:28:36Z</time>
      </trkpt>
      <trkpt lat="22.5616115" lon="113.9533556">
        <ele>17.395</ele>
        <time>2025-08-06T10:28:38Z</time>
      </trkpt>
      <trkpt lat="22.5615732" lon="113.9533513">
        <ele>17.298</ele>
        <time>2025-08-06T10:28:40Z</time>
      </trkpt>
      <trkpt lat="22.5615355" lon="113.9533502">
        <ele>16.486</ele>
        <time>2025-08-06T10:28:42Z</time>
      </trkpt>
      <trkpt lat="22.5614978" lon="113.9533493">
        <ele>15.54399</ele>
        <time>2025-08-06T10:28:44Z</time>
      </trkpt>
      <trkpt lat="22.5614617" lon="113.9533466">
        <ele>15.458</ele>
        <time>2025-08-06T10:28:46Z</time>
      </trkpt>
      <trkpt lat="22.5614223" lon="113.9533442">
        <ele>15.77099</ele>
        <time>2025-08-06T10:28:48Z</time>
      </trkpt>
      <trkpt lat="22.5613812" lon="113.9533436">
        <ele>15.23499</ele>
        <time>2025-08-06T10:28:50Z</time>
      </trkpt>
      <trkpt lat="22.5613394" lon="113.9533426">
        <ele>14.31099</ele>
        <time>2025-08-06T10:28:52Z</time>
      </trkpt>
      <trkpt lat="22.5612981" lon="113.9533416">
        <ele>13.951</ele>
        <time>2025-08-06T10:28:54Z</time>
      </trkpt>
      <trkpt lat="22.5612568" lon="113.9533402">
        <ele>14.102</ele>
        <time>2025-08-06T10:28:56Z</time>
      </trkpt>
      <trkpt lat="22.5612155" lon="113.9533393">
        <ele>15.493</ele>
        <time>2025-08-06T10:28:58Z</time>
      </trkpt>
      <trkpt lat="22.5611755" lon="113.9533379">
        <ele>14.458</ele>
        <time>2025-08-06T10:29:00Z</time>
      </trkpt>
      <trkpt lat="22.561137" lon="113.9533359">
        <ele>13.781</ele>
        <time>2025-08-06T10:29:02Z</time>
      </trkpt>
      <trkpt lat="22.5611002" lon="113.9533348">
        <ele>13.977</ele>
        <time>2025-08-06T10:29:04Z</time>
      </trkpt>
      <trkpt lat="22.5610634" lon="113.9533346">
        <ele>14.68099</ele>
        <time>2025-08-06T10:29:06Z</time>
      </trkpt>
      <trkpt lat="22.5610252" lon="113.9533328">
        <ele>14.812</ele>
        <time>2025-08-06T10:29:08Z</time>
      </trkpt>
      <trkpt lat="22.5609868" lon="113.9533299">
        <ele>15.177</ele>
        <time>2025-08-06T10:29:10Z</time>
      </trkpt>
      <trkpt lat="22.5609487" lon="113.9533272">
        <ele>14.868</ele>
        <time>2025-08-06T10:29:12Z</time>
      </trkpt>
      <trkpt lat="22.5609095" lon="113.9533241">
        <ele>14.008</ele>
        <time>2025-08-06T10:29:14Z</time>
      </trkpt>
      <trkpt lat="22.5608695" lon="113.9533219">
        <ele>12.89599</ele>
        <time>2025-08-06T10:29:16Z</time>
      </trkpt>
      <trkpt lat="22.5608271" lon="113.9533223">
        <ele>12.44499</ele>
        <time>2025-08-06T10:29:18Z</time>
      </trkpt>
      <trkpt lat="22.5607837" lon="113.953323">
        <ele>13.137</ele>
        <time>2025-08-06T10:29:20Z</time>
      </trkpt>
      <trkpt lat="22.560738" lon="113.9533233">
        <ele>13.864</ele>
        <time>2025-08-06T10:29:22Z</time>
      </trkpt>
      <trkpt lat="22.5606916" lon="113.9533229">
        <ele>13.847</ele>
        <time>2025-08-06T10:29:24Z</time>
      </trkpt>
      <trkpt lat="22.5606449" lon="113.9533214">
        <ele>14.21399</ele>
        <time>2025-08-06T10:29:26Z</time>
      </trkpt>
      <trkpt lat="22.5606006" lon="113.9533174">
        <ele>14.894</ele>
        <time>2025-08-06T10:29:28Z</time>
      </trkpt>
      <trkpt lat="22.5605563" lon="113.953314">
        <ele>14.835</ele>
        <time>2025-08-06T10:29:30Z</time>
      </trkpt>
      <trkpt lat="22.5605145" lon="113.9533107">
        <ele>14.562</ele>
        <time>2025-08-06T10:29:32Z</time>
      </trkpt>
      <trkpt lat="22.5604741" lon="113.9533068">
        <ele>13.935</ele>
        <time>2025-08-06T10:29:34Z</time>
      </trkpt>
      <trkpt lat="22.5604364" lon="113.953301">
        <ele>12.15299</ele>
        <time>2025-08-06T10:29:36Z</time>
      </trkpt>
      <trkpt lat="22.5603997" lon="113.9532949">
        <ele>12.25699</ele>
        <time>2025-08-06T10:29:38Z</time>
      </trkpt>
      <trkpt lat="22.5603635" lon="113.9532871">
        <ele>10.73999</ele>
        <time>2025-08-06T10:29:40Z</time>
      </trkpt>
      <trkpt lat="22.5603247" lon="113.9532784">
        <ele>9.49199</ele>
        <time>2025-08-06T10:29:42Z</time>
      </trkpt>
      <trkpt lat="22.5602845" lon="113.9532701">
        <ele>8.145</ele>
        <time>2025-08-06T10:29:44Z</time>
      </trkpt>
      <trkpt lat="22.5602421" lon="113.953264">
        <ele>7.89799</ele>
        <time>2025-08-06T10:29:46Z</time>
      </trkpt>
      <trkpt lat="22.5601996" lon="113.9532591">
        <ele>8.18299</ele>
        <time>2025-08-06T10:29:48Z</time>
      </trkpt>
      <trkpt lat="22.5601592" lon="113.9532559">
        <ele>8.779</ele>
        <time>2025-08-06T10:29:50Z</time>
      </trkpt>
      <trkpt lat="22.5601183" lon="113.953254">
        <ele>8.498</ele>
        <time>2025-08-06T10:29:52Z</time>
      </trkpt>
      <trkpt lat="22.5600782" lon="113.9532526">
        <ele>8.829</ele>
        <time>2025-08-06T10:29:54Z</time>
      </trkpt>
      <trkpt lat="22.5600389" lon="113.9532507">
        <ele>9.923</ele>
        <time>2025-08-06T10:29:56Z</time>
      </trkpt>
      <trkpt lat="22.5599974" lon="113.9532471">
        <ele>10.56999</ele>
        <time>2025-08-06T10:29:58Z</time>
      </trkpt>
      <trkpt lat="22.5599526" lon="113.953239">
        <ele>10.78499</ele>
        <time>2025-08-06T10:30:00Z</time>
      </trkpt>
      <trkpt lat="22.5599095" lon="113.95323">
        <ele>11.06599</ele>
        <time>2025-08-06T10:30:02Z</time>
      </trkpt>
      <trkpt lat="22.5598673" lon="113.9532205">
        <ele>9.50199</ele>
        <time>2025-08-06T10:30:04Z</time>
      </trkpt>
      <trkpt lat="22.5598259" lon="113.9532114">
        <ele>9.67399</ele>
        <time>2025-08-06T10:30:06Z</time>
      </trkpt>
      <trkpt lat="22.559786" lon="113.9532053">
        <ele>11.486</ele>
        <time>2025-08-06T10:30:08Z</time>
      </trkpt>
      <trkpt lat="22.5597487" lon="113.9532057">
        <ele>11.37699</ele>
        <time>2025-08-06T10:30:10Z</time>
      </trkpt>
      <trkpt lat="22.5597109" lon="113.9532103">
        <ele>11.168</ele>
        <time>2025-08-06T10:30:12Z</time>
      </trkpt>
      <trkpt lat="22.5596703" lon="113.9532179">
        <ele>10.83699</ele>
        <time>2025-08-06T10:30:14Z</time>
      </trkpt>
      <trkpt lat="22.5596268" lon="113.9532275">
        <ele>10.99699</ele>
        <time>2025-08-06T10:30:16Z</time>
      </trkpt>
      <trkpt lat="22.5595821" lon="113.9532379">
        <ele>11.338</ele>
        <time>2025-08-06T10:30:18Z</time>
      </trkpt>
      <trkpt lat="22.5595358" lon="113.9532472">
        <ele>12.335</ele>
        <time>2025-08-06T10:30:20Z</time>
      </trkpt>
      <trkpt lat="22.5594889" lon="113.9532539">
        <ele>13.06499</ele>
        <time>2025-08-06T10:30:22Z</time>
      </trkpt>
      <trkpt lat="22.5594448" lon="113.9532578">
        <ele>13.029</ele>
        <time>2025-08-06T10:30:24Z</time>
      </trkpt>
      <trkpt lat="22.5594049" lon="113.95326">
        <ele>12.529</ele>
        <time>2025-08-06T10:30:26Z</time>
      </trkpt>
      <trkpt lat="22.5593664" lon="113.9532612">
        <ele>10.987</ele>
        <time>2025-08-06T10:30:28Z</time>
      </trkpt>
      <trkpt lat="22.5593274" lon="113.953262">
        <ele>9.88199</ele>
        <time>2025-08-06T10:30:30Z</time>
      </trkpt>
      <trkpt lat="22.5592869" lon="113.9532624">
        <ele>11.04699</ele>
        <time>2025-08-06T10:30:32Z</time>
      </trkpt>
      <trkpt lat="22.5592452" lon="113.9532635">
        <ele>12.43799</ele>
        <time>2025-08-06T10:30:34Z</time>
      </trkpt>
      <trkpt lat="22.5592005" lon="113.9532655">
        <ele>12.74899</ele>
        <time>2025-08-06T10:30:36Z</time>
      </trkpt>
      <trkpt lat="22.5591544" lon="113.9532676">
        <ele>13.022</ele>
        <time>2025-08-06T10:30:38Z</time>
      </trkpt>
      <trkpt lat="22.5591109" lon="113.95327">
        <ele>12.77499</ele>
        <time>2025-08-06T10:30:40Z</time>
      </trkpt>
      <trkpt lat="22.5590694" lon="113.9532721">
        <ele>12.345</ele>
        <time>2025-08-06T10:30:42Z</time>
      </trkpt>
      <trkpt lat="22.5590285" lon="113.9532735">
        <ele>10.824</ele>
        <time>2025-08-06T10:30:44Z</time>
      </trkpt>
      <trkpt lat="22.5589886" lon="113.9532739">
        <ele>10.781</ele>
        <time>2025-08-06T10:30:46Z</time>
      </trkpt>
      <trkpt lat="22.5589493" lon="113.9532722">
        <ele>10.72599</ele>
        <time>2025-08-06T10:30:48Z</time>
      </trkpt>
      <trkpt lat="22.5589085" lon="113.9532683">
        <ele>10.63799</ele>
        <time>2025-08-06T10:30:50Z</time>
      </trkpt>
      <trkpt lat="22.5588668" lon="113.9532628">
        <ele>10.937</ele>
        <time>2025-08-06T10:30:52Z</time>
      </trkpt>
      <trkpt lat="22.5588245" lon="113.9532556">
        <ele>11.498</ele>
        <time>2025-08-06T10:30:54Z</time>
      </trkpt>
      <trkpt lat="22.5587843" lon="113.9532479">
        <ele>11.61499</ele>
        <time>2025-08-06T10:30:56Z</time>
      </trkpt>
      <trkpt lat="22.5587464" lon="113.9532408">
        <ele>12.17</ele>
        <time>2025-08-06T10:30:58Z</time>
      </trkpt>
      <trkpt lat="22.5587104" lon="113.9532343">
        <ele>11.652</ele>
        <time>2025-08-06T10:31:00Z</time>
      </trkpt>
      <trkpt lat="22.5586774" lon="113.9532301">
        <ele>10.621</ele>
        <time>2025-08-06T10:31:02Z</time>
      </trkpt>
      <trkpt lat="22.5586415" lon="113.9532283">
        <ele>10.26299</ele>
        <time>2025-08-06T10:31:04Z</time>
      </trkpt>
      <trkpt lat="22.5586015" lon="113.953227">
        <ele>9.35999</ele>
        <time>2025-08-06T10:31:06Z</time>
      </trkpt>
      <trkpt lat="22.5585578" lon="113.953227">
        <ele>10.019</ele>
        <time>2025-08-06T10:31:08Z</time>
      </trkpt>
      <trkpt lat="22.5585118" lon="113.9532282">
        <ele>10.961</ele>
        <time>2025-08-06T10:31:10Z</time>
      </trkpt>
      <trkpt lat="22.5584644" lon="113.9532297">
        <ele>11.477</ele>
        <time>2025-08-06T10:31:12Z</time>
      </trkpt>
      <trkpt lat="22.5584191" lon="113.9532315">
        <ele>11.409</ele>
        <time>2025-08-06T10:31:14Z</time>
      </trkpt>
      <trkpt lat="22.5583747" lon="113.9532337">
        <ele>11.807</ele>
        <time>2025-08-06T10:31:16Z</time>
      </trkpt>
      <trkpt lat="22.5583311" lon="113.953236">
        <ele>12.031</ele>
        <time>2025-08-06T10:31:18Z</time>
      </trkpt>
      <trkpt lat="22.5582875" lon="113.9532386">
        <ele>12.26299</ele>
        <time>2025-08-06T10:31:20Z</time>
      </trkpt>
      <trkpt lat="22.5582423" lon="113.9532406">
        <ele>12.25699</ele>
        <time>2025-08-06T10:31:22Z</time>
      </trkpt>
      <trkpt lat="22.5581969" lon="113.9532412">
        <ele>12.057</ele>
        <time>2025-08-06T10:31:24Z</time>
      </trkpt>
      <trkpt lat="22.5581511" lon="113.9532425">
        <ele>11.052</ele>
        <time>2025-08-06T10:31:26Z</time>
      </trkpt>
      <trkpt lat="22.5581054" lon="113.9532443">
        <ele>11.84</ele>
        <time>2025-08-06T10:31:28Z</time>
      </trkpt>
      <trkpt lat="22.5580599" lon="113.9532444">
        <ele>11.09599</ele>
        <time>2025-08-06T10:31:30Z</time>
      </trkpt>
      <trkpt lat="22.5580147" lon="113.9532449">
        <ele>11.89299</ele>
        <time>2025-08-06T10:31:32Z</time>
      </trkpt>
      <trkpt lat="22.5579698" lon="113.9532456">
        <ele>11.47999</ele>
        <time>2025-08-06T10:31:34Z</time>
      </trkpt>
      <trkpt lat="22.5579264" lon="113.9532442">
        <ele>10.31799</ele>
        <time>2025-08-06T10:31:36Z</time>
      </trkpt>
      <trkpt lat="22.5578829" lon="113.9532416">
        <ele>9.53499</ele>
        <time>2025-08-06T10:31:38Z</time>
      </trkpt>
      <trkpt lat="22.5578405" lon="113.9532394">
        <ele>8.66499</ele>
        <time>2025-08-06T10:31:40Z</time>
      </trkpt>
      <trkpt lat="22.5577985" lon="113.9532351">
        <ele>9.062</ele>
        <time>2025-08-06T10:31:42Z</time>
      </trkpt>
      <trkpt lat="22.5577576" lon="113.9532315">
        <ele>9.75</ele>
        <time>2025-08-06T10:31:44Z</time>
      </trkpt>
      <trkpt lat="22.5577163" lon="113.9532282">
        <ele>10.234</ele>
        <time>2025-08-06T10:31:46Z</time>
      </trkpt>
      <trkpt lat="22.5576765" lon="113.9532229">
        <ele>9.60599</ele>
        <time>2025-08-06T10:31:48Z</time>
      </trkpt>
      <trkpt lat="22.5576373" lon="113.9532169">
        <ele>10.12399</ele>
        <time>2025-08-06T10:31:50Z</time>
      </trkpt>
      <trkpt lat="22.5575996" lon="113.9532113">
        <ele>9.586</ele>
        <time>2025-08-06T10:31:52Z</time>
      </trkpt>
      <trkpt lat="22.5575618" lon="113.9532072">
        <ele>9.02299</ele>
        <time>2025-08-06T10:31:54Z</time>
      </trkpt>
      <trkpt lat="22.5575252" lon="113.9532042">
        <ele>9.78999</ele>
        <time>2025-08-06T10:31:56Z</time>
      </trkpt>
      <trkpt lat="22.5574877" lon="113.9532041">
        <ele>10.833</ele>
        <time>2025-08-06T10:31:58Z</time>
      </trkpt>
      <trkpt lat="22.5574476" lon="113.953206">
        <ele>11.244</ele>
        <time>2025-08-06T10:32:00Z</time>
      </trkpt>
      <trkpt lat="22.5574059" lon="113.9532099">
        <ele>8.116</ele>
        <time>2025-08-06T10:32:02Z</time>
      </trkpt>
      <trkpt lat="22.5573627" lon="113.9532121">
        <ele>7.02199</ele>
        <time>2025-08-06T10:32:04Z</time>
      </trkpt>
      <trkpt lat="22.5573209" lon="113.9532149">
        <ele>7.893</ele>
        <time>2025-08-06T10:32:06Z</time>
      </trkpt>
      <trkpt lat="22.5572802" lon="113.9532168">
        <ele>9.708</ele>
        <time>2025-08-06T10:32:08Z</time>
      </trkpt>
      <trkpt lat="22.5572405" lon="113.9532187">
        <ele>10.375</ele>
        <time>2025-08-06T10:32:10Z</time>
      </trkpt>
      <trkpt lat="22.5572028" lon="113.9532193">
        <ele>12.07999</ele>
        <time>2025-08-06T10:32:12Z</time>
      </trkpt>
      <trkpt lat="22.5571683" lon="113.9532196">
        <ele>12.29699</ele>
        <time>2025-08-06T10:32:14Z</time>
      </trkpt>
      <trkpt lat="22.5571293" lon="113.9532194">
        <ele>11.402</ele>
        <time>2025-08-06T10:32:16Z</time>
      </trkpt>
      <trkpt lat="22.5570872" lon="113.9532188">
        <ele>8.86999</ele>
        <time>2025-08-06T10:32:18Z</time>
      </trkpt>
      <trkpt lat="22.5570437" lon="113.9532178">
        <ele>9.026</ele>
        <time>2025-08-06T10:32:20Z</time>
      </trkpt>
      <trkpt lat="22.5569976" lon="113.9532186">
        <ele>10.34</ele>
        <time>2025-08-06T10:32:22Z</time>
      </trkpt>
      <trkpt lat="22.5569478" lon="113.9532204">
        <ele>12.828</ele>
        <time>2025-08-06T10:32:24Z</time>
      </trkpt>
      <trkpt lat="22.5569015" lon="113.953223">
        <ele>13.682</ele>
        <time>2025-08-06T10:32:26Z</time>
      </trkpt>
      <trkpt lat="22.5568584" lon="113.9532253">
        <ele>14.25199</ele>
        <time>2025-08-06T10:32:28Z</time>
      </trkpt>
      <trkpt lat="22.5568187" lon="113.9532261">
        <ele>14.94499</ele>
        <time>2025-08-06T10:32:30Z</time>
      </trkpt>
      <trkpt lat="22.5567804" lon="113.953226">
        <ele>16.45299</ele>
        <time>2025-08-06T10:32:32Z</time>
      </trkpt>
      <trkpt lat="22.5567438" lon="113.9532248">
        <ele>16.35099</ele>
        <time>2025-08-06T10:32:34Z</time>
      </trkpt>
      <trkpt lat="22.5567074" lon="113.953224">
        <ele>16.14999</ele>
        <time>2025-08-06T10:32:36Z</time>
      </trkpt>
      <trkpt lat="22.5566742" lon="113.9532247">
        <ele>16.055</ele>
        <time>2025-08-06T10:32:38Z</time>
      </trkpt>
      <trkpt lat="22.5566406" lon="113.9532294">
        <ele>15.56099</ele>
        <time>2025-08-06T10:32:40Z</time>
      </trkpt>
      <trkpt lat="22.5566078" lon="113.9532346">
        <ele>11.97999</ele>
        <time>2025-08-06T10:32:42Z</time>
      </trkpt>
      <trkpt lat="22.5565751" lon="113.9532421">
        <ele>8.359</ele>
        <time>2025-08-06T10:32:44Z</time>
      </trkpt>
      <trkpt lat="22.5565405" lon="113.9532517">
        <ele>6.037</ele>
        <time>2025-08-06T10:32:46Z</time>
      </trkpt>
      <trkpt lat="22.5565009" lon="113.9532616">
        <ele>2.569</ele>
        <time>2025-08-06T10:32:48Z</time>
      </trkpt>
      <trkpt lat="22.5564595" lon="113.9532706">
        <ele>0.214</ele>
        <time>2025-08-06T10:32:50Z</time>
      </trkpt>
      <trkpt lat="22.5564192" lon="113.9532805">
        <ele>-1.85599</ele>
        <time>2025-08-06T10:32:52Z</time>
      </trkpt>
      <trkpt lat="22.5563784" lon="113.9532899">
        <ele>-4.143</ele>
        <time>2025-08-06T10:32:54Z</time>
      </trkpt>
      <trkpt lat="22.5563361" lon="113.9532983">
        <ele>-6.71</ele>
        <time>2025-08-06T10:32:56Z</time>
      </trkpt>
      <trkpt lat="22.5562934" lon="113.953306">
        <ele>-6.959</ele>
        <time>2025-08-06T10:32:58Z</time>
      </trkpt>
      <trkpt lat="22.55625" lon="113.9533127">
        <ele>-3.12599</ele>
        <time>2025-08-06T10:33:00Z</time>
      </trkpt>
      <trkpt lat="22.556203" lon="113.9533175">
        <ele>-4.56199</ele>
        <time>2025-08-06T10:33:02Z</time>
      </trkpt>
      <trkpt lat="22.5561538" lon="113.9533208">
        <ele>-6.11899</ele>
        <time>2025-08-06T10:33:04Z</time>
      </trkpt>
      <trkpt lat="22.5561024" lon="113.9533209">
        <ele>-3.834</ele>
        <time>2025-08-06T10:33:06Z</time>
      </trkpt>
      <trkpt lat="22.5560494" lon="113.9533188">
        <ele>-2.24499</ele>
        <time>2025-08-06T10:33:08Z</time>
      </trkpt>
      <trkpt lat="22.5559962" lon="113.9533146">
        <ele>-0.368</ele>
        <time>2025-08-06T10:33:10Z</time>
      </trkpt>
      <trkpt lat="22.5559423" lon="113.9533088">
        <ele>3.38899</ele>
        <time>2025-08-06T10:33:12Z</time>
      </trkpt>
      <trkpt lat="22.5558895" lon="113.9533033">
        <ele>5.69099</ele>
        <time>2025-08-06T10:33:14Z</time>
      </trkpt>
      <trkpt lat="22.5558402" lon="113.9532995">
        <ele>7.59399</ele>
        <time>2025-08-06T10:33:16Z</time>
      </trkpt>
      <trkpt lat="22.5557944" lon="113.9532975">
        <ele>8.501</ele>
        <time>2025-08-06T10:33:18Z</time>
      </trkpt>
      <trkpt lat="22.5557495" lon="113.9532967">
        <ele>9.52999</ele>
        <time>2025-08-06T10:33:20Z</time>
      </trkpt>
      <trkpt lat="22.5557054" lon="113.9532961">
        <ele>9.166</ele>
        <time>2025-08-06T10:33:22Z</time>
      </trkpt>
      <trkpt lat="22.5556608" lon="113.9532948">
        <ele>8.467</ele>
        <time>2025-08-06T10:33:24Z</time>
      </trkpt>
      <trkpt lat="22.5556151" lon="113.953293">
        <ele>8.809</ele>
        <time>2025-08-06T10:33:26Z</time>
      </trkpt>
      <trkpt lat="22.5555692" lon="113.9532914">
        <ele>8.442</ele>
        <time>2025-08-06T10:33:28Z</time>
      </trkpt>
      <trkpt lat="22.5555246" lon="113.9532896">
        <ele>7.94299</ele>
        <time>2025-08-06T10:33:30Z</time>
      </trkpt>
      <trkpt lat="22.5554804" lon="113.9532881">
        <ele>10.298</ele>
        <time>2025-08-06T10:33:32Z</time>
      </trkpt>
      <trkpt lat="22.5554345" lon="113.9532874">
        <ele>11.06999</ele>
        <time>2025-08-06T10:33:34Z</time>
      </trkpt>
      <trkpt lat="22.555389" lon="113.9532863">
        <ele>11.10099</ele>
        <time>2025-08-06T10:33:36Z</time>
      </trkpt>
      <trkpt lat="22.5553432" lon="113.9532846">
        <ele>9.784</ele>
        <time>2025-08-06T10:33:38Z</time>
      </trkpt>
      <trkpt lat="22.555296" lon="113.953285">
        <ele>9.13199</ele>
        <time>2025-08-06T10:33:40Z</time>
      </trkpt>
      <trkpt lat="22.5552494" lon="113.9532868">
        <ele>8.90499</ele>
        <time>2025-08-06T10:33:42Z</time>
      </trkpt>
      <trkpt lat="22.5552062" lon="113.9532884">
        <ele>9.661</ele>
        <time>2025-08-06T10:33:44Z</time>
      </trkpt>
      <trkpt lat="22.5551666" lon="113.9532904">
        <ele>9.319</ele>
        <time>2025-08-06T10:33:46Z</time>
      </trkpt>
      <trkpt lat="22.5551275" lon="113.9532935">
        <ele>9.70699</ele>
        <time>2025-08-06T10:33:48Z</time>
      </trkpt>
      <trkpt lat="22.5550903" lon="113.9532977">
        <ele>8.85</ele>
        <time>2025-08-06T10:33:50Z</time>
      </trkpt>
      <trkpt lat="22.5550542" lon="113.9533047">
        <ele>8.675</ele>
        <time>2025-08-06T10:33:52Z</time>
      </trkpt>
      <trkpt lat="22.5550185" lon="113.953314">
        <ele>6.885</ele>
        <time>2025-08-06T10:33:54Z</time>
      </trkpt>
      <trkpt lat="22.55498" lon="113.9533247">
        <ele>6.62099</ele>
        <time>2025-08-06T10:33:56Z</time>
      </trkpt>
      <trkpt lat="22.5549392" lon="113.9533389">
        <ele>6.69199</ele>
        <time>2025-08-06T10:33:58Z</time>
      </trkpt>
      <trkpt lat="22.5548958" lon="113.9533542">
        <ele>7.387</ele>
        <time>2025-08-06T10:34:00Z</time>
      </trkpt>
      <trkpt lat="22.5548515" lon="113.95337">
        <ele>6.69199</ele>
        <time>2025-08-06T10:34:02Z</time>
      </trkpt>
      <trkpt lat="22.5548072" lon="113.9533848">
        <ele>5.37599</ele>
        <time>2025-08-06T10:34:04Z</time>
      </trkpt>
      <trkpt lat="22.5547641" lon="113.9533993">
        <ele>5.729</ele>
        <time>2025-08-06T10:34:06Z</time>
      </trkpt>
      <trkpt lat="22.5547224" lon="113.9534137">
        <ele>5.82299</ele>
        <time>2025-08-06T10:34:08Z</time>
      </trkpt>
      <trkpt lat="22.5546839" lon="113.953427">
        <ele>6.44099</ele>
        <time>2025-08-06T10:34:10Z</time>
      </trkpt>
      <trkpt lat="22.5546464" lon="113.9534413">
        <ele>6.822</ele>
        <time>2025-08-06T10:34:12Z</time>
      </trkpt>
      <trkpt lat="22.5546079" lon="113.9534572">
        <ele>6.596</ele>
        <time>2025-08-06T10:34:14Z</time>
      </trkpt>
      <trkpt lat="22.5545675" lon="113.9534744">
        <ele>7.306</ele>
        <time>2025-08-06T10:34:16Z</time>
      </trkpt>
      <trkpt lat="22.5545284" lon="113.9534908">
        <ele>6.214</ele>
        <time>2025-08-06T10:34:18Z</time>
      </trkpt>
      <trkpt lat="22.554489" lon="113.9535082">
        <ele>7.87799</ele>
        <time>2025-08-06T10:34:20Z</time>
      </trkpt>
      <trkpt lat="22.5544487" lon="113.9535242">
        <ele>8.86299</ele>
        <time>2025-08-06T10:34:22Z</time>
      </trkpt>
      <trkpt lat="22.5544095" lon="113.9535417">
        <ele>8.024</ele>
        <time>2025-08-06T10:34:24Z</time>
      </trkpt>
      <trkpt lat="22.5543724" lon="113.9535616">
        <ele>8.09799</ele>
        <time>2025-08-06T10:34:26Z</time>
      </trkpt>
      <trkpt lat="22.5543344" lon="113.9535829">
        <ele>9.361</ele>
        <time>2025-08-06T10:34:28Z</time>
      </trkpt>
      <trkpt lat="22.5542943" lon="113.9536059">
        <ele>11.06</ele>
        <time>2025-08-06T10:34:30Z</time>
      </trkpt>
      <trkpt lat="22.5542536" lon="113.9536305">
        <ele>9.75599</ele>
        <time>2025-08-06T10:34:32Z</time>
      </trkpt>
      <trkpt lat="22.5542123" lon="113.9536547">
        <ele>9.276</ele>
        <time>2025-08-06T10:34:35Z</time>
      </trkpt>
      <trkpt lat="22.5541703" lon="113.9536776">
        <ele>8.90499</ele>
        <time>2025-08-06T10:34:37Z</time>
      </trkpt>
      <trkpt lat="22.5541276" lon="113.9537003">
        <ele>7.663</ele>
        <time>2025-08-06T10:34:38Z</time>
      </trkpt>
      <trkpt lat="22.5540859" lon="113.9537225">
        <ele>7.276</ele>
        <time>2025-08-06T10:34:40Z</time>
      </trkpt>
      <trkpt lat="22.5540453" lon="113.9537454">
        <ele>6.201</ele>
        <time>2025-08-06T10:34:43Z</time>
      </trkpt>
      <trkpt lat="22.5540062" lon="113.9537689">
        <ele>5.137</ele>
        <time>2025-08-06T10:34:45Z</time>
      </trkpt>
      <trkpt lat="22.5539685" lon="113.9537938">
        <ele>5.688</ele>
        <time>2025-08-06T10:34:46Z</time>
      </trkpt>
      <trkpt lat="22.5539322" lon="113.9538195">
        <ele>5.83799</ele>
        <time>2025-08-06T10:34:49Z</time>
      </trkpt>
      <trkpt lat="22.5539004" lon="113.9538432">
        <ele>5.347</ele>
        <time>2025-08-06T10:34:51Z</time>
      </trkpt>
      <trkpt lat="22.5538649" lon="113.9538698">
        <ele>5.471</ele>
        <time>2025-08-06T10:34:53Z</time>
      </trkpt>
      <trkpt lat="22.5538302" lon="113.9538981">
        <ele>5.55399</ele>
        <time>2025-08-06T10:34:55Z</time>
      </trkpt>
      <trkpt lat="22.5537952" lon="113.9539265">
        <ele>5.25099</ele>
        <time>2025-08-06T10:34:56Z</time>
      </trkpt>
      <trkpt lat="22.5537595" lon="113.953954">
        <ele>6.248</ele>
        <time>2025-08-06T10:34:59Z</time>
      </trkpt>
      <trkpt lat="22.5537237" lon="113.953981">
        <ele>6.56899</ele>
        <time>2025-08-06T10:35:01Z</time>
      </trkpt>
      <trkpt lat="22.5536889" lon="113.9540088">
        <ele>7.681</ele>
        <time>2025-08-06T10:35:03Z</time>
      </trkpt>
      <trkpt lat="22.5536529" lon="113.9540356">
        <ele>8.27799</ele>
        <time>2025-08-06T10:35:05Z</time>
      </trkpt>
      <trkpt lat="22.5536161" lon="113.9540616">
        <ele>7.596</ele>
        <time>2025-08-06T10:35:07Z</time>
      </trkpt>
      <trkpt lat="22.55358" lon="113.9540884">
        <ele>7.03</ele>
        <time>2025-08-06T10:35:08Z</time>
      </trkpt>
      <trkpt lat="22.5535407" lon="113.954118">
        <ele>6.46799</ele>
        <time>2025-08-06T10:35:11Z</time>
      </trkpt>
      <trkpt lat="22.5535046" lon="113.9541449">
        <ele>7.668</ele>
        <time>2025-08-06T10:35:13Z</time>
      </trkpt>
      <trkpt lat="22.5534679" lon="113.9541702">
        <ele>8.41699</ele>
        <time>2025-08-06T10:35:15Z</time>
      </trkpt>
      <trkpt lat="22.5534315" lon="113.9541961">
        <ele>8.71899</ele>
        <time>2025-08-06T10:35:17Z</time>
      </trkpt>
      <trkpt lat="22.5533951" lon="113.9542227">
        <ele>9.90299</ele>
        <time>2025-08-06T10:35:19Z</time>
      </trkpt>
      <trkpt lat="22.5533586" lon="113.9542499">
        <ele>10.75899</ele>
        <time>2025-08-06T10:35:21Z</time>
      </trkpt>
      <trkpt lat="22.553322" lon="113.954277">
        <ele>10.06499</ele>
        <time>2025-08-06T10:35:23Z</time>
      </trkpt>
      <trkpt lat="22.553288" lon="113.9543067">
        <ele>11.189</ele>
        <time>2025-08-06T10:35:24Z</time>
      </trkpt>
      <trkpt lat="22.5532552" lon="113.9543376">
        <ele>11.491</ele>
        <time>2025-08-06T10:35:27Z</time>
      </trkpt>
      <trkpt lat="22.5532234" lon="113.9543689">
        <ele>12.404</ele>
        <time>2025-08-06T10:35:29Z</time>
      </trkpt>
      <trkpt lat="22.5531928" lon="113.9544007">
        <ele>11.27</ele>
        <time>2025-08-06T10:35:31Z</time>
      </trkpt>
      <trkpt lat="22.5531626" lon="113.9544327">
        <ele>10.845</ele>
        <time>2025-08-06T10:35:33Z</time>
      </trkpt>
      <trkpt lat="22.5531312" lon="113.9544633">
        <ele>10.314</ele>
        <time>2025-08-06T10:35:35Z</time>
      </trkpt>
      <trkpt lat="22.5530996" lon="113.9544919">
        <ele>10.609</ele>
        <time>2025-08-06T10:35:37Z</time>
      </trkpt>
      <trkpt lat="22.5530682" lon="113.9545184">
        <ele>11.11999</ele>
        <time>2025-08-06T10:35:39Z</time>
      </trkpt>
      <trkpt lat="22.5530368" lon="113.9545433">
        <ele>10.13099</ele>
        <time>2025-08-06T10:35:41Z</time>
      </trkpt>
      <trkpt lat="22.5530056" lon="113.9545681">
        <ele>9.16199</ele>
        <time>2025-08-06T10:35:42Z</time>
      </trkpt>
      <trkpt lat="22.5529745" lon="113.9545928">
        <ele>10.27</ele>
        <time>2025-08-06T10:35:45Z</time>
      </trkpt>
      <trkpt lat="22.5529425" lon="113.9546179">
        <ele>9.967</ele>
        <time>2025-08-06T10:35:47Z</time>
      </trkpt>
      <trkpt lat="22.5529091" lon="113.9546429">
        <ele>9.93299</ele>
        <time>2025-08-06T10:35:48Z</time>
      </trkpt>
      <trkpt lat="22.5528745" lon="113.9546678">
        <ele>8.22999</ele>
        <time>2025-08-06T10:35:50Z</time>
      </trkpt>
      <trkpt lat="22.5528396" lon="113.9546927">
        <ele>8.512</ele>
        <time>2025-08-06T10:35:53Z</time>
      </trkpt>
      <trkpt lat="22.5528041" lon="113.9547176">
        <ele>8.911</ele>
        <time>2025-08-06T10:35:55Z</time>
      </trkpt>
      <trkpt lat="22.5527702" lon="113.954744">
        <ele>8.343</ele>
        <time>2025-08-06T10:35:57Z</time>
      </trkpt>
      <trkpt lat="22.5527375" lon="113.9547723">
        <ele>7.585</ele>
        <time>2025-08-06T10:35:59Z</time>
      </trkpt>
      <trkpt lat="22.5527057" lon="113.9548028">
        <ele>8.69099</ele>
        <time>2025-08-06T10:36:01Z</time>
      </trkpt>
      <trkpt lat="22.5526733" lon="113.9548331">
        <ele>8.24499</ele>
        <time>2025-08-06T10:36:03Z</time>
      </trkpt>
      <trkpt lat="22.5526412" lon="113.9548636">
        <ele>7.97399</ele>
        <time>2025-08-06T10:36:05Z</time>
      </trkpt>
      <trkpt lat="22.5526089" lon="113.9548949">
        <ele>7.66499</ele>
        <time>2025-08-06T10:36:07Z</time>
      </trkpt>
      <trkpt lat="22.5525785" lon="113.9549277">
        <ele>7.125</ele>
        <time>2025-08-06T10:36:09Z</time>
      </trkpt>
      <trkpt lat="22.5525473" lon="113.9549589">
        <ele>6.08699</ele>
        <time>2025-08-06T10:36:10Z</time>
      </trkpt>
      <trkpt lat="22.5525145" lon="113.9549872">
        <ele>6.44999</ele>
        <time>2025-08-06T10:36:12Z</time>
      </trkpt>
      <trkpt lat="22.5524807" lon="113.9550143">
        <ele>6.434</ele>
        <time>2025-08-06T10:36:15Z</time>
      </trkpt>
      <trkpt lat="22.5524451" lon="113.9550399">
        <ele>6.67</ele>
        <time>2025-08-06T10:36:17Z</time>
      </trkpt>
      <trkpt lat="22.552407" lon="113.955063">
        <ele>7.52799</ele>
        <time>2025-08-06T10:36:19Z</time>
      </trkpt>
      <trkpt lat="22.5523681" lon="113.9550848">
        <ele>8.173</ele>
        <time>2025-08-06T10:36:21Z</time>
      </trkpt>
      <trkpt lat="22.5523299" lon="113.9551075">
        <ele>7.888</ele>
        <time>2025-08-06T10:36:23Z</time>
      </trkpt>
      <trkpt lat="22.5522921" lon="113.9551309">
        <ele>6.27199</ele>
        <time>2025-08-06T10:36:25Z</time>
      </trkpt>
      <trkpt lat="22.5522544" lon="113.9551543">
        <ele>6.234</ele>
        <time>2025-08-06T10:36:26Z</time>
      </trkpt>
      <trkpt lat="22.5522154" lon="113.9551771">
        <ele>7.42399</ele>
        <time>2025-08-06T10:36:28Z</time>
      </trkpt>
      <trkpt lat="22.5521759" lon="113.9552005">
        <ele>7.71999</ele>
        <time>2025-08-06T10:36:31Z</time>
      </trkpt>
      <trkpt lat="22.5521362" lon="113.9552239">
        <ele>7.31599</ele>
        <time>2025-08-06T10:36:33Z</time>
      </trkpt>
      <trkpt lat="22.5520962" lon="113.9552474">
        <ele>7.512</ele>
        <time>2025-08-06T10:36:34Z</time>
      </trkpt>
      <trkpt lat="22.5520561" lon="113.95527">
        <ele>7.58099</ele>
        <time>2025-08-06T10:36:36Z</time>
      </trkpt>
      <trkpt lat="22.5520169" lon="113.9552921">
        <ele>8.27099</ele>
        <time>2025-08-06T10:36:38Z</time>
      </trkpt>
      <trkpt lat="22.5519782" lon="113.9553134">
        <ele>8.217</ele>
        <time>2025-08-06T10:36:40Z</time>
      </trkpt>
      <trkpt lat="22.5519392" lon="113.9553352">
        <ele>8.79699</ele>
        <time>2025-08-06T10:36:42Z</time>
      </trkpt>
      <trkpt lat="22.5519" lon="113.9553567">
        <ele>8.47299</ele>
        <time>2025-08-06T10:36:44Z</time>
      </trkpt>
      <trkpt lat="22.5518602" lon="113.9553785">
        <ele>7.873</ele>
        <time>2025-08-06T10:36:46Z</time>
      </trkpt>
      <trkpt lat="22.5518189" lon="113.9554011">
        <ele>7.747</ele>
        <time>2025-08-06T10:36:48Z</time>
      </trkpt>
      <trkpt lat="22.5517769" lon="113.9554249">
        <ele>8.729</ele>
        <time>2025-08-06T10:36:50Z</time>
      </trkpt>
      <trkpt lat="22.551734" lon="113.9554483">
        <ele>8.081</ele>
        <time>2025-08-06T10:36:52Z</time>
      </trkpt>
      <trkpt lat="22.5516901" lon="113.9554702">
        <ele>8.29699</ele>
        <time>2025-08-06T10:36:54Z</time>
      </trkpt>
      <trkpt lat="22.5516463" lon="113.9554914">
        <ele>7.73999</ele>
        <time>2025-08-06T10:36:56Z</time>
      </trkpt>
      <trkpt lat="22.5516033" lon="113.955511">
        <ele>7.53599</ele>
        <time>2025-08-06T10:36:58Z</time>
      </trkpt>
      <trkpt lat="22.5515608" lon="113.9555286">
        <ele>7.368</ele>
        <time>2025-08-06T10:37:00Z</time>
      </trkpt>
      <trkpt lat="22.5515192" lon="113.955545">
        <ele>7.93499</ele>
        <time>2025-08-06T10:37:02Z</time>
      </trkpt>
      <trkpt lat="22.5514789" lon="113.9555613">
        <ele>7.82999</ele>
        <time>2025-08-06T10:37:04Z</time>
      </trkpt>
      <trkpt lat="22.5514387" lon="113.955577">
        <ele>8.16699</ele>
        <time>2025-08-06T10:37:06Z</time>
      </trkpt>
      <trkpt lat="22.5513989" lon="113.9555927">
        <ele>9.14599</ele>
        <time>2025-08-06T10:37:08Z</time>
      </trkpt>
      <trkpt lat="22.5513591" lon="113.9556071">
        <ele>7.992</ele>
        <time>2025-08-06T10:37:10Z</time>
      </trkpt>
      <trkpt lat="22.5513191" lon="113.9556212">
        <ele>7.86199</ele>
        <time>2025-08-06T10:37:12Z</time>
      </trkpt>
      <trkpt lat="22.5512778" lon="113.9556331">
        <ele>6.38999</ele>
        <time>2025-08-06T10:37:14Z</time>
      </trkpt>
      <trkpt lat="22.5512361" lon="113.9556439">
        <ele>5.675</ele>
        <time>2025-08-06T10:37:16Z</time>
      </trkpt>
      <trkpt lat="22.5511939" lon="113.9556535">
        <ele>6.53999</ele>
        <time>2025-08-06T10:37:18Z</time>
      </trkpt>
      <trkpt lat="22.5511518" lon="113.9556629">
        <ele>6.70399</ele>
        <time>2025-08-06T10:37:20Z</time>
      </trkpt>
      <trkpt lat="22.5511098" lon="113.9556716">
        <ele>7.256</ele>
        <time>2025-08-06T10:37:22Z</time>
      </trkpt>
      <trkpt lat="22.5510677" lon="113.9556808">
        <ele>6.951</ele>
        <time>2025-08-06T10:37:24Z</time>
      </trkpt>
      <trkpt lat="22.5510256" lon="113.9556912">
        <ele>7.03499</ele>
        <time>2025-08-06T10:37:26Z</time>
      </trkpt>
      <trkpt lat="22.5509838" lon="113.9557014">
        <ele>7.459</ele>
        <time>2025-08-06T10:37:28Z</time>
      </trkpt>
      <trkpt lat="22.5509416" lon="113.9557115">
        <ele>8.81</ele>
        <time>2025-08-06T10:37:30Z</time>
      </trkpt>
      <trkpt lat="22.5508993" lon="113.9557214">
        <ele>8.60599</ele>
        <time>2025-08-06T10:37:32Z</time>
      </trkpt>
      <trkpt lat="22.5508566" lon="113.9557318">
        <ele>8.765</ele>
        <time>2025-08-06T10:37:34Z</time>
      </trkpt>
      <trkpt lat="22.550814" lon="113.9557409">
        <ele>9.10299</ele>
        <time>2025-08-06T10:37:36Z</time>
      </trkpt>
      <trkpt lat="22.5507711" lon="113.9557505">
        <ele>9.39</ele>
        <time>2025-08-06T10:37:38Z</time>
      </trkpt>
      <trkpt lat="22.5507279" lon="113.9557598">
        <ele>8.461</ele>
        <time>2025-08-06T10:37:40Z</time>
      </trkpt>
      <trkpt lat="22.5506847" lon="113.9557692">
        <ele>8.93799</ele>
        <time>2025-08-06T10:37:42Z</time>
      </trkpt>
      <trkpt lat="22.550642" lon="113.9557771">
        <ele>9.123</ele>
        <time>2025-08-06T10:37:44Z</time>
      </trkpt>
      <trkpt lat="22.5505989" lon="113.9557842">
        <ele>9.788</ele>
        <time>2025-08-06T10:37:46Z</time>
      </trkpt>
      <trkpt lat="22.5505561" lon="113.9557895">
        <ele>9.885</ele>
        <time>2025-08-06T10:37:48Z</time>
      </trkpt>
      <trkpt lat="22.5505135" lon="113.9557938">
        <ele>9.967</ele>
        <time>2025-08-06T10:37:50Z</time>
      </trkpt>
      <trkpt lat="22.550472" lon="113.955795">
        <ele>9.85299</ele>
        <time>2025-08-06T10:37:52Z</time>
      </trkpt>
      <trkpt lat="22.5504306" lon="113.9557963">
        <ele>10.02499</ele>
        <time>2025-08-06T10:37:54Z</time>
      </trkpt>
      <trkpt lat="22.5503889" lon="113.9557971">
        <ele>9.477</ele>
        <time>2025-08-06T10:37:56Z</time>
      </trkpt>
      <trkpt lat="22.5503482" lon="113.9557986">
        <ele>8.69799</ele>
        <time>2025-08-06T10:37:58Z</time>
      </trkpt>
      <trkpt lat="22.550308" lon="113.9558007">
        <ele>7.87599</ele>
        <time>2025-08-06T10:38:00Z</time>
      </trkpt>
      <trkpt lat="22.550268" lon="113.9558051">
        <ele>7.18499</ele>
        <time>2025-08-06T10:38:02Z</time>
      </trkpt>
      <trkpt lat="22.5502282" lon="113.9558092">
        <ele>7.927</ele>
        <time>2025-08-06T10:38:04Z</time>
      </trkpt>
      <trkpt lat="22.5501881" lon="113.9558134">
        <ele>7.598</ele>
        <time>2025-08-06T10:38:06Z</time>
      </trkpt>
      <trkpt lat="22.5501465" lon="113.9558168">
        <ele>8.38799</ele>
        <time>2025-08-06T10:38:08Z</time>
      </trkpt>
      <trkpt lat="22.5501042" lon="113.9558187">
        <ele>8.93299</ele>
        <time>2025-08-06T10:38:10Z</time>
      </trkpt>
      <trkpt lat="22.5500605" lon="113.9558198">
        <ele>9.152</ele>
        <time>2025-08-06T10:38:12Z</time>
      </trkpt>
      <trkpt lat="22.5500167" lon="113.9558198">
        <ele>9.55</ele>
        <time>2025-08-06T10:38:14Z</time>
      </trkpt>
      <trkpt lat="22.5499737" lon="113.9558193">
        <ele>9.24899</ele>
        <time>2025-08-06T10:38:16Z</time>
      </trkpt>
      <trkpt lat="22.5499315" lon="113.9558166">
        <ele>8.522</ele>
        <time>2025-08-06T10:38:18Z</time>
      </trkpt>
      <trkpt lat="22.5498892" lon="113.9558126">
        <ele>8.586</ele>
        <time>2025-08-06T10:38:20Z</time>
      </trkpt>
      <trkpt lat="22.5498468" lon="113.9558077">
        <ele>9.05099</ele>
        <time>2025-08-06T10:38:22Z</time>
      </trkpt>
      <trkpt lat="22.5498046" lon="113.955802">
        <ele>9.602</ele>
        <time>2025-08-06T10:38:24Z</time>
      </trkpt>
      <trkpt lat="22.5497619" lon="113.9557958">
        <ele>8.64599</ele>
        <time>2025-08-06T10:38:26Z</time>
      </trkpt>
      <trkpt lat="22.5497192" lon="113.9557898">
        <ele>8.44799</ele>
        <time>2025-08-06T10:38:28Z</time>
      </trkpt>
      <trkpt lat="22.5496778" lon="113.9557833">
        <ele>8.425</ele>
        <time>2025-08-06T10:38:30Z</time>
      </trkpt>
      <trkpt lat="22.5496371" lon="113.9557764">
        <ele>8.352</ele>
        <time>2025-08-06T10:38:32Z</time>
      </trkpt>
      <trkpt lat="22.5495962" lon="113.9557698">
        <ele>7.08799</ele>
        <time>2025-08-06T10:38:34Z</time>
      </trkpt>
      <trkpt lat="22.5495557" lon="113.9557621">
        <ele>7.04799</ele>
        <time>2025-08-06T10:38:36Z</time>
      </trkpt>
      <trkpt lat="22.549515" lon="113.955754">
        <ele>7.433</ele>
        <time>2025-08-06T10:38:38Z</time>
      </trkpt>
      <trkpt lat="22.5494733" lon="113.9557455">
        <ele>7.00899</ele>
        <time>2025-08-06T10:38:40Z</time>
      </trkpt>
      <trkpt lat="22.5494318" lon="113.9557368">
        <ele>6.931</ele>
        <time>2025-08-06T10:38:42Z</time>
      </trkpt>
      <trkpt lat="22.5493912" lon="113.9557279">
        <ele>7.267</ele>
        <time>2025-08-06T10:38:44Z</time>
      </trkpt>
      <trkpt lat="22.5493506" lon="113.9557191">
        <ele>7.046</ele>
        <time>2025-08-06T10:38:46Z</time>
      </trkpt>
      <trkpt lat="22.5493107" lon="113.9557107">
        <ele>6.912</ele>
        <time>2025-08-06T10:38:48Z</time>
      </trkpt>
      <trkpt lat="22.5492712" lon="113.955702">
        <ele>6.94</ele>
        <time>2025-08-06T10:38:50Z</time>
      </trkpt>
      <trkpt lat="22.5492312" lon="113.9556924">
        <ele>6.98899</ele>
        <time>2025-08-06T10:38:52Z</time>
      </trkpt>
      <trkpt lat="22.5491903" lon="113.9556823">
        <ele>6.86</ele>
        <time>2025-08-06T10:38:54Z</time>
      </trkpt>
      <trkpt lat="22.5491492" lon="113.9556718">
        <ele>6.927</ele>
        <time>2025-08-06T10:38:56Z</time>
      </trkpt>
      <trkpt lat="22.5491074" lon="113.9556609">
        <ele>6.88899</ele>
        <time>2025-08-06T10:38:58Z</time>
      </trkpt>
      <trkpt lat="22.5490646" lon="113.9556512">
        <ele>6.729</ele>
        <time>2025-08-06T10:39:00Z</time>
      </trkpt>
      <trkpt lat="22.5490215" lon="113.9556415">
        <ele>6.493</ele>
        <time>2025-08-06T10:39:02Z</time>
      </trkpt>
      <trkpt lat="22.5489784" lon="113.955631">
        <ele>5.88899</ele>
        <time>2025-08-06T10:39:04Z</time>
      </trkpt>
      <trkpt lat="22.5489356" lon="113.9556199">
        <ele>5.99599</ele>
        <time>2025-08-06T10:39:06Z</time>
      </trkpt>
      <trkpt lat="22.5488925" lon="113.9556076">
        <ele>6.181</ele>
        <time>2025-08-06T10:39:08Z</time>
      </trkpt>
      <trkpt lat="22.5488494" lon="113.9555942">
        <ele>6.256</ele>
        <time>2025-08-06T10:39:10Z</time>
      </trkpt>
      <trkpt lat="22.5488068" lon="113.9555797">
        <ele>6.059</ele>
        <time>2025-08-06T10:39:12Z</time>
      </trkpt>
      <trkpt lat="22.5487645" lon="113.9555653">
        <ele>5.81799</ele>
        <time>2025-08-06T10:39:14Z</time>
      </trkpt>
      <trkpt lat="22.5487225" lon="113.9555512">
        <ele>6.25</ele>
        <time>2025-08-06T10:39:16Z</time>
      </trkpt>
      <trkpt lat="22.5486809" lon="113.9555366">
        <ele>5.73299</ele>
        <time>2025-08-06T10:39:18Z</time>
      </trkpt>
      <trkpt lat="22.5486403" lon="113.9555207">
        <ele>5.61999</ele>
        <time>2025-08-06T10:39:20Z</time>
      </trkpt>
      <trkpt lat="22.5485998" lon="113.9555047">
        <ele>5.10699</ele>
        <time>2025-08-06T10:39:22Z</time>
      </trkpt>
      <trkpt lat="22.5485589" lon="113.9554883">
        <ele>4.48299</ele>
        <time>2025-08-06T10:39:24Z</time>
      </trkpt>
      <trkpt lat="22.5485173" lon="113.955471">
        <ele>3.898</ele>
        <time>2025-08-06T10:39:26Z</time>
      </trkpt>
      <trkpt lat="22.5484755" lon="113.9554551">
        <ele>4.885</ele>
        <time>2025-08-06T10:39:28Z</time>
      </trkpt>
      <trkpt lat="22.5484338" lon="113.9554398">
        <ele>5.83199</ele>
        <time>2025-08-06T10:39:30Z</time>
      </trkpt>
      <trkpt lat="22.5483923" lon="113.9554246">
        <ele>5.48999</ele>
        <time>2025-08-06T10:39:32Z</time>
      </trkpt>
      <trkpt lat="22.5483508" lon="113.9554118">
        <ele>5.557</ele>
        <time>2025-08-06T10:39:34Z</time>
      </trkpt>
      <trkpt lat="22.5483094" lon="113.9554004">
        <ele>5.93599</ele>
        <time>2025-08-06T10:39:36Z</time>
      </trkpt>
      <trkpt lat="22.5482676" lon="113.9553893">
        <ele>6.85699</ele>
        <time>2025-08-06T10:39:38Z</time>
      </trkpt>
      <trkpt lat="22.5482243" lon="113.9553803">
        <ele>6.524</ele>
        <time>2025-08-06T10:39:40Z</time>
      </trkpt>
      <trkpt lat="22.5481803" lon="113.955373">
        <ele>6.045</ele>
        <time>2025-08-06T10:39:42Z</time>
      </trkpt>
      <trkpt lat="22.5481361" lon="113.9553639">
        <ele>5.51599</ele>
        <time>2025-08-06T10:39:44Z</time>
      </trkpt>
      <trkpt lat="22.5480922" lon="113.9553535">
        <ele>5.65299</ele>
        <time>2025-08-06T10:39:46Z</time>
      </trkpt>
      <trkpt lat="22.5480493" lon="113.9553423">
        <ele>5.79699</ele>
        <time>2025-08-06T10:39:48Z</time>
      </trkpt>
      <trkpt lat="22.5480072" lon="113.9553298">
        <ele>5.65799</ele>
        <time>2025-08-06T10:39:50Z</time>
      </trkpt>
      <trkpt lat="22.5479662" lon="113.955317">
        <ele>6.49399</ele>
        <time>2025-08-06T10:39:52Z</time>
      </trkpt>
      <trkpt lat="22.5479261" lon="113.955305">
        <ele>6.21199</ele>
        <time>2025-08-06T10:39:54Z</time>
      </trkpt>
      <trkpt lat="22.5478866" lon="113.9552926">
        <ele>5.92199</ele>
        <time>2025-08-06T10:39:56Z</time>
      </trkpt>
      <trkpt lat="22.5478468" lon="113.9552799">
        <ele>5.912</ele>
        <time>2025-08-06T10:39:58Z</time>
      </trkpt>
      <trkpt lat="22.5478067" lon="113.9552682">
        <ele>5.40399</ele>
        <time>2025-08-06T10:40:00Z</time>
      </trkpt>
      <trkpt lat="22.5477662" lon="113.9552567">
        <ele>6.04899</ele>
        <time>2025-08-06T10:40:02Z</time>
      </trkpt>
      <trkpt lat="22.5477248" lon="113.9552458">
        <ele>6.058</ele>
        <time>2025-08-06T10:40:04Z</time>
      </trkpt>
      <trkpt lat="22.5476818" lon="113.9552375">
        <ele>5.388</ele>
        <time>2025-08-06T10:40:06Z</time>
      </trkpt>
      <trkpt lat="22.5476381" lon="113.9552291">
        <ele>6.09299</ele>
        <time>2025-08-06T10:40:08Z</time>
      </trkpt>
      <trkpt lat="22.5475941" lon="113.9552211">
        <ele>7.538</ele>
        <time>2025-08-06T10:40:10Z</time>
      </trkpt>
      <trkpt lat="22.5475488" lon="113.9552146">
        <ele>7.17299</ele>
        <time>2025-08-06T10:40:12Z</time>
      </trkpt>
      <trkpt lat="22.5475018" lon="113.9552086">
        <ele>7.504</ele>
        <time>2025-08-06T10:40:14Z</time>
      </trkpt>
      <trkpt lat="22.5474561" lon="113.9552019">
        <ele>7.775</ele>
        <time>2025-08-06T10:40:16Z</time>
      </trkpt>
      <trkpt lat="22.5474109" lon="113.9551962">
        <ele>7.717</ele>
        <time>2025-08-06T10:40:18Z</time>
      </trkpt>
      <trkpt lat="22.5473674" lon="113.9551892">
        <ele>7.78499</ele>
        <time>2025-08-06T10:40:20Z</time>
      </trkpt>
      <trkpt lat="22.5473249" lon="113.9551782">
        <ele>8.06999</ele>
        <time>2025-08-06T10:40:22Z</time>
      </trkpt>
      <trkpt lat="22.5472845" lon="113.9551636">
        <ele>7.62599</ele>
        <time>2025-08-06T10:40:24Z</time>
      </trkpt>
      <trkpt lat="22.5472446" lon="113.9551472">
        <ele>7.695</ele>
        <time>2025-08-06T10:40:26Z</time>
      </trkpt>
      <trkpt lat="22.5472048" lon="113.9551299">
        <ele>7.56599</ele>
        <time>2025-08-06T10:40:28Z</time>
      </trkpt>
      <trkpt lat="22.5471632" lon="113.9551135">
        <ele>7.87699</ele>
        <time>2025-08-06T10:40:30Z</time>
      </trkpt>
      <trkpt lat="22.5471217" lon="113.9550982">
        <ele>8.079</ele>
        <time>2025-08-06T10:40:32Z</time>
      </trkpt>
      <trkpt lat="22.5470796" lon="113.9550846">
        <ele>7.729</ele>
        <time>2025-08-06T10:40:34Z</time>
      </trkpt>
      <trkpt lat="22.5470368" lon="113.9550715">
        <ele>8.232</ele>
        <time>2025-08-06T10:40:36Z</time>
      </trkpt>
      <trkpt lat="22.5469937" lon="113.955057">
        <ele>7.879</ele>
        <time>2025-08-06T10:40:38Z</time>
      </trkpt>
      <trkpt lat="22.5469503" lon="113.9550413">
        <ele>7.096</ele>
        <time>2025-08-06T10:40:40Z</time>
      </trkpt>
      <trkpt lat="22.5469068" lon="113.9550248">
        <ele>6.388</ele>
        <time>2025-08-06T10:40:42Z</time>
      </trkpt>
      <trkpt lat="22.5468643" lon="113.9550072">
        <ele>6.274</ele>
        <time>2025-08-06T10:40:44Z</time>
      </trkpt>
      <trkpt lat="22.5468229" lon="113.9549884">
        <ele>6.87799</ele>
        <time>2025-08-06T10:40:46Z</time>
      </trkpt>
      <trkpt lat="22.5467817" lon="113.95497">
        <ele>6.44999</ele>
        <time>2025-08-06T10:40:48Z</time>
      </trkpt>
      <trkpt lat="22.5467406" lon="113.9549524">
        <ele>5.498</ele>
        <time>2025-08-06T10:40:50Z</time>
      </trkpt>
      <trkpt lat="22.5466991" lon="113.9549355">
        <ele>6.899</ele>
        <time>2025-08-06T10:40:52Z</time>
      </trkpt>
      <trkpt lat="22.5466571" lon="113.9549193">
        <ele>7.842</ele>
        <time>2025-08-06T10:40:54Z</time>
      </trkpt>
      <trkpt lat="22.5466136" lon="113.9549038">
        <ele>7.73899</ele>
        <time>2025-08-06T10:40:56Z</time>
      </trkpt>
      <trkpt lat="22.5465702" lon="113.9548885">
        <ele>7.88</ele>
        <time>2025-08-06T10:40:58Z</time>
      </trkpt>
      <trkpt lat="22.5465268" lon="113.9548731">
        <ele>6.75099</ele>
        <time>2025-08-06T10:41:00Z</time>
      </trkpt>
      <trkpt lat="22.5464839" lon="113.9548572">
        <ele>6.306</ele>
        <time>2025-08-06T10:41:02Z</time>
      </trkpt>
      <trkpt lat="22.5464403" lon="113.9548411">
        <ele>6.48099</ele>
        <time>2025-08-06T10:41:04Z</time>
      </trkpt>
      <trkpt lat="22.5463967" lon="113.9548262">
        <ele>5.55399</ele>
        <time>2025-08-06T10:41:06Z</time>
      </trkpt>
      <trkpt lat="22.5463529" lon="113.9548137">
        <ele>5.215</ele>
        <time>2025-08-06T10:41:08Z</time>
      </trkpt>
      <trkpt lat="22.5463096" lon="113.9548033">
        <ele>4.006</ele>
        <time>2025-08-06T10:41:10Z</time>
      </trkpt>
      <trkpt lat="22.5462667" lon="113.954795">
        <ele>3.871</ele>
        <time>2025-08-06T10:41:12Z</time>
      </trkpt>
      <trkpt lat="22.5462252" lon="113.9547866">
        <ele>4.09299</ele>
        <time>2025-08-06T10:41:14Z</time>
      </trkpt>
      <trkpt lat="22.5461849" lon="113.9547788">
        <ele>3.78099</ele>
        <time>2025-08-06T10:41:16Z</time>
      </trkpt>
      <trkpt lat="22.5461465" lon="113.9547685">
        <ele>4.26</ele>
        <time>2025-08-06T10:41:18Z</time>
      </trkpt>
      <trkpt lat="22.5461082" lon="113.9547545">
        <ele>2.917</ele>
        <time>2025-08-06T10:41:20Z</time>
      </trkpt>
      <trkpt lat="22.5460687" lon="113.9547385">
        <ele>0.935</ele>
        <time>2025-08-06T10:41:22Z</time>
      </trkpt>
      <trkpt lat="22.5460278" lon="113.954722">
        <ele>0.77499</ele>
        <time>2025-08-06T10:41:24Z</time>
      </trkpt>
      <trkpt lat="22.5459848" lon="113.954703">
        <ele>1.56099</ele>
        <time>2025-08-06T10:41:26Z</time>
      </trkpt>
      <trkpt lat="22.5459388" lon="113.9546855">
        <ele>0.70499</ele>
        <time>2025-08-06T10:41:28Z</time>
      </trkpt>
      <trkpt lat="22.5458916" lon="113.9546694">
        <ele>0.97899</ele>
        <time>2025-08-06T10:41:30Z</time>
      </trkpt>
      <trkpt lat="22.5458454" lon="113.9546548">
        <ele>1.863</ele>
        <time>2025-08-06T10:41:32Z</time>
      </trkpt>
      <trkpt lat="22.5457997" lon="113.954642">
        <ele>2.08699</ele>
        <time>2025-08-06T10:41:34Z</time>
      </trkpt>
      <trkpt lat="22.5457546" lon="113.9546307">
        <ele>2.344</ele>
        <time>2025-08-06T10:41:36Z</time>
      </trkpt>
      <trkpt lat="22.5457103" lon="113.9546202">
        <ele>2.66</ele>
        <time>2025-08-06T10:41:38Z</time>
      </trkpt>
      <trkpt lat="22.5456661" lon="113.95461">
        <ele>2.79699</ele>
        <time>2025-08-06T10:41:40Z</time>
      </trkpt>
      <trkpt lat="22.54562" lon="113.9546003">
        <ele>3.75099</ele>
        <time>2025-08-06T10:41:42Z</time>
      </trkpt>
      <trkpt lat="22.5455728" lon="113.9545905">
        <ele>3.90899</ele>
        <time>2025-08-06T10:41:44Z</time>
      </trkpt>
      <trkpt lat="22.5455255" lon="113.9545825">
        <ele>4.63</ele>
        <time>2025-08-06T10:41:46Z</time>
      </trkpt>
      <trkpt lat="22.5454777" lon="113.9545753">
        <ele>4.477</ele>
        <time>2025-08-06T10:41:48Z</time>
      </trkpt>
      <trkpt lat="22.5454303" lon="113.9545697">
        <ele>5.467</ele>
        <time>2025-08-06T10:41:50Z</time>
      </trkpt>
      <trkpt lat="22.5453837" lon="113.9545647">
        <ele>4.485</ele>
        <time>2025-08-06T10:41:52Z</time>
      </trkpt>
      <trkpt lat="22.5453368" lon="113.9545607">
        <ele>5.46099</ele>
        <time>2025-08-06T10:41:54Z</time>
      </trkpt>
      <trkpt lat="22.5452903" lon="113.9545562">
        <ele>5.861</ele>
        <time>2025-08-06T10:41:56Z</time>
      </trkpt>
      <trkpt lat="22.5452446" lon="113.954552">
        <ele>6.669</ele>
        <time>2025-08-06T10:41:58Z</time>
      </trkpt>
      <trkpt lat="22.5451997" lon="113.954548">
        <ele>7.177</ele>
        <time>2025-08-06T10:42:00Z</time>
      </trkpt>
      <trkpt lat="22.5451552" lon="113.9545432">
        <ele>7.235</ele>
        <time>2025-08-06T10:42:02Z</time>
      </trkpt>
      <trkpt lat="22.5451114" lon="113.9545394">
        <ele>7.14799</ele>
        <time>2025-08-06T10:42:04Z</time>
      </trkpt>
      <trkpt lat="22.545067" lon="113.954538">
        <ele>6.76999</ele>
        <time>2025-08-06T10:42:06Z</time>
      </trkpt>
      <trkpt lat="22.5450216" lon="113.9545376">
        <ele>7.32999</ele>
        <time>2025-08-06T10:42:08Z</time>
      </trkpt>
      <trkpt lat="22.5449746" lon="113.9545381">
        <ele>9.38399</ele>
        <time>2025-08-06T10:42:10Z</time>
      </trkpt>
      <trkpt lat="22.544926" lon="113.9545411">
        <ele>11.43</ele>
        <time>2025-08-06T10:42:12Z</time>
      </trkpt>
      <trkpt lat="22.5448765" lon="113.954545">
        <ele>11.23799</ele>
        <time>2025-08-06T10:42:14Z</time>
      </trkpt>
      <trkpt lat="22.5448263" lon="113.954549">
        <ele>11.64099</ele>
        <time>2025-08-06T10:42:16Z</time>
      </trkpt>
      <trkpt lat="22.5447756" lon="113.954553">
        <ele>11.41899</ele>
        <time>2025-08-06T10:42:18Z</time>
      </trkpt>
      <trkpt lat="22.5447257" lon="113.9545569">
        <ele>12.239</ele>
        <time>2025-08-06T10:42:20Z</time>
      </trkpt>
      <trkpt lat="22.5446765" lon="113.9545599">
        <ele>10.43799</ele>
        <time>2025-08-06T10:42:22Z</time>
      </trkpt>
      <trkpt lat="22.544628" lon="113.9545621">
        <ele>10.463</ele>
        <time>2025-08-06T10:42:24Z</time>
      </trkpt>
      <trkpt lat="22.5445803" lon="113.9545634">
        <ele>10.65499</ele>
        <time>2025-08-06T10:42:26Z</time>
      </trkpt>
      <trkpt lat="22.5445335" lon="113.9545637">
        <ele>11.029</ele>
        <time>2025-08-06T10:42:28Z</time>
      </trkpt>
      <trkpt lat="22.5444874" lon="113.9545638">
        <ele>10.79599</ele>
        <time>2025-08-06T10:42:30Z</time>
      </trkpt>
      <trkpt lat="22.5444419" lon="113.9545639">
        <ele>11.20699</ele>
        <time>2025-08-06T10:42:32Z</time>
      </trkpt>
      <trkpt lat="22.5443975" lon="113.9545639">
        <ele>11.968</ele>
        <time>2025-08-06T10:42:34Z</time>
      </trkpt>
      <trkpt lat="22.5443538" lon="113.9545637">
        <ele>12.883</ele>
        <time>2025-08-06T10:42:36Z</time>
      </trkpt>
      <trkpt lat="22.5443101" lon="113.9545627">
        <ele>11.65299</ele>
        <time>2025-08-06T10:42:38Z</time>
      </trkpt>
      <trkpt lat="22.5442651" lon="113.9545614">
        <ele>11.843</ele>
        <time>2025-08-06T10:42:40Z</time>
      </trkpt>
      <trkpt lat="22.5442202" lon="113.9545605">
        <ele>11.977</ele>
        <time>2025-08-06T10:42:42Z</time>
      </trkpt>
      <trkpt lat="22.5441752" lon="113.9545605">
        <ele>12.453</ele>
        <time>2025-08-06T10:42:44Z</time>
      </trkpt>
      <trkpt lat="22.54413" lon="113.9545611">
        <ele>12.472</ele>
        <time>2025-08-06T10:42:46Z</time>
      </trkpt>
      <trkpt lat="22.5440848" lon="113.9545653">
        <ele>11.79599</ele>
        <time>2025-08-06T10:42:48Z</time>
      </trkpt>
      <trkpt lat="22.5440398" lon="113.9545713">
        <ele>11.31499</ele>
        <time>2025-08-06T10:42:50Z</time>
      </trkpt>
      <trkpt lat="22.5439956" lon="113.9545774">
        <ele>12.244</ele>
        <time>2025-08-06T10:42:52Z</time>
      </trkpt>
      <trkpt lat="22.5439522" lon="113.954581">
        <ele>12.68799</ele>
        <time>2025-08-06T10:42:54Z</time>
      </trkpt>
      <trkpt lat="22.5439095" lon="113.9545819">
        <ele>12.579</ele>
        <time>2025-08-06T10:42:56Z</time>
      </trkpt>
      <trkpt lat="22.5438677" lon="113.9545823">
        <ele>11.80099</ele>
        <time>2025-08-06T10:42:58Z</time>
      </trkpt>
      <trkpt lat="22.5438293" lon="113.9545819">
        <ele>11.616</ele>
        <time>2025-08-06T10:43:00Z</time>
      </trkpt>
      <trkpt lat="22.5437942" lon="113.9545738">
        <ele>11.619</ele>
        <time>2025-08-06T10:43:02Z</time>
      </trkpt>
      <trkpt lat="22.5437606" lon="113.9545708">
        <ele>13.793</ele>
        <time>2025-08-06T10:43:04Z</time>
      </trkpt>
      <trkpt lat="22.5437282" lon="113.9545692">
        <ele>11.29199</ele>
        <time>2025-08-06T10:43:06Z</time>
      </trkpt>
      <trkpt lat="22.543696" lon="113.9545681">
        <ele>10.56599</ele>
        <time>2025-08-06T10:43:08Z</time>
      </trkpt>
      <trkpt lat="22.5436618" lon="113.9545705">
        <ele>10.446</ele>
        <time>2025-08-06T10:43:10Z</time>
      </trkpt>
      <trkpt lat="22.543623" lon="113.9545833">
        <ele>9.677</ele>
        <time>2025-08-06T10:43:12Z</time>
      </trkpt>
      <trkpt lat="22.5435816" lon="113.9545919">
        <ele>6.81599</ele>
        <time>2025-08-06T10:43:14Z</time>
      </trkpt>
      <trkpt lat="22.5435369" lon="113.9546019">
        <ele>6.451</ele>
        <time>2025-08-06T10:43:16Z</time>
      </trkpt>
      <trkpt lat="22.5434897" lon="113.9546082">
        <ele>7.399</ele>
        <time>2025-08-06T10:43:18Z</time>
      </trkpt>
      <trkpt lat="22.5434416" lon="113.95461">
        <ele>10.52</ele>
        <time>2025-08-06T10:43:20Z</time>
      </trkpt>
      <trkpt lat="22.5433878" lon="113.9546069">
        <ele>9.833</ele>
        <time>2025-08-06T10:43:22Z</time>
      </trkpt>
      <trkpt lat="22.5433331" lon="113.954604">
        <ele>9.317</ele>
        <time>2025-08-06T10:43:24Z</time>
      </trkpt>
      <trkpt lat="22.5432809" lon="113.9545988">
        <ele>9.71399</ele>
        <time>2025-08-06T10:43:26Z</time>
      </trkpt>
      <trkpt lat="22.5432306" lon="113.9545938">
        <ele>6.426</ele>
        <time>2025-08-06T10:43:28Z</time>
      </trkpt>
      <trkpt lat="22.5431801" lon="113.9545899">
        <ele>7.543</ele>
        <time>2025-08-06T10:43:30Z</time>
      </trkpt>
      <trkpt lat="22.5431352" lon="113.9545852">
        <ele>7.715</ele>
        <time>2025-08-06T10:43:32Z</time>
      </trkpt>
      <trkpt lat="22.5430912" lon="113.9545759">
        <ele>7.328</ele>
        <time>2025-08-06T10:43:34Z</time>
      </trkpt>
      <trkpt lat="22.543046" lon="113.9545653">
        <ele>6.296</ele>
        <time>2025-08-06T10:43:36Z</time>
      </trkpt>
      <trkpt lat="22.5430018" lon="113.9545534">
        <ele>5.544</ele>
        <time>2025-08-06T10:43:38Z</time>
      </trkpt>
      <trkpt lat="22.5429588" lon="113.9545419">
        <ele>6.326</ele>
        <time>2025-08-06T10:43:40Z</time>
      </trkpt>
      <trkpt lat="22.5429165" lon="113.9545364">
        <ele>6.814</ele>
        <time>2025-08-06T10:43:42Z</time>
      </trkpt>
      <trkpt lat="22.542879" lon="113.9545422">
        <ele>5.263</ele>
        <time>2025-08-06T10:43:44Z</time>
      </trkpt>
      <trkpt lat="22.5428423" lon="113.9545557">
        <ele>6.59999</ele>
        <time>2025-08-06T10:43:46Z</time>
      </trkpt>
      <trkpt lat="22.5428028" lon="113.9545698">
        <ele>5.951</ele>
        <time>2025-08-06T10:43:48Z</time>
      </trkpt>
      <trkpt lat="22.5427605" lon="113.9545817">
        <ele>6.73199</ele>
        <time>2025-08-06T10:43:50Z</time>
      </trkpt>
      <trkpt lat="22.5427186" lon="113.9545874">
        <ele>7.46099</ele>
        <time>2025-08-06T10:43:52Z</time>
      </trkpt>
      <trkpt lat="22.542672" lon="113.954585">
        <ele>8.019</ele>
        <time>2025-08-06T10:43:54Z</time>
      </trkpt>
      <trkpt lat="22.5426243" lon="113.9545767">
        <ele>6.788</ele>
        <time>2025-08-06T10:43:56Z</time>
      </trkpt>
      <trkpt lat="22.5425781" lon="113.954568">
        <ele>6.36999</ele>
        <time>2025-08-06T10:43:58Z</time>
      </trkpt>
      <trkpt lat="22.5425336" lon="113.954559">
        <ele>6.84999</ele>
        <time>2025-08-06T10:44:00Z</time>
      </trkpt>
      <trkpt lat="22.5424889" lon="113.954551">
        <ele>6.62599</ele>
        <time>2025-08-06T10:44:02Z</time>
      </trkpt>
      <trkpt lat="22.5424443" lon="113.9545422">
        <ele>6.287</ele>
        <time>2025-08-06T10:44:04Z</time>
      </trkpt>
      <trkpt lat="22.5424017" lon="113.9545317">
        <ele>6.077</ele>
        <time>2025-08-06T10:44:06Z</time>
      </trkpt>
      <trkpt lat="22.5423603" lon="113.9545199">
        <ele>4.94</ele>
        <time>2025-08-06T10:44:08Z</time>
      </trkpt>
      <trkpt lat="22.5423199" lon="113.9545067">
        <ele>3.371</ele>
        <time>2025-08-06T10:44:10Z</time>
      </trkpt>
      <trkpt lat="22.5422802" lon="113.9544928">
        <ele>2.397</ele>
        <time>2025-08-06T10:44:12Z</time>
      </trkpt>
      <trkpt lat="22.5422404" lon="113.954479">
        <ele>2.378</ele>
        <time>2025-08-06T10:44:14Z</time>
      </trkpt>
      <trkpt lat="22.5421994" lon="113.9544656">
        <ele>2.65599</ele>
        <time>2025-08-06T10:44:16Z</time>
      </trkpt>
      <trkpt lat="22.5421575" lon="113.9544526">
        <ele>2.91499</ele>
        <time>2025-08-06T10:44:18Z</time>
      </trkpt>
      <trkpt lat="22.5421146" lon="113.9544403">
        <ele>3.14299</ele>
        <time>2025-08-06T10:44:20Z</time>
      </trkpt>
      <trkpt lat="22.5420711" lon="113.9544275">
        <ele>2.503</ele>
        <time>2025-08-06T10:44:22Z</time>
      </trkpt>
      <trkpt lat="22.5420273" lon="113.9544142">
        <ele>2.697</ele>
        <time>2025-08-06T10:44:24Z</time>
      </trkpt>
      <trkpt lat="22.541983" lon="113.9544021">
        <ele>3.54299</ele>
        <time>2025-08-06T10:44:26Z</time>
      </trkpt>
      <trkpt lat="22.5419381" lon="113.9543917">
        <ele>4.34899</ele>
        <time>2025-08-06T10:44:28Z</time>
      </trkpt>
      <trkpt lat="22.5418939" lon="113.9543807">
        <ele>4.723</ele>
        <time>2025-08-06T10:44:30Z</time>
      </trkpt>
      <trkpt lat="22.5418495" lon="113.9543698">
        <ele>6.056</ele>
        <time>2025-08-06T10:44:32Z</time>
      </trkpt>
      <trkpt lat="22.5418055" lon="113.954359">
        <ele>6.056</ele>
        <time>2025-08-06T10:44:34Z</time>
      </trkpt>
      <trkpt lat="22.5417625" lon="113.9543468">
        <ele>6.787</ele>
        <time>2025-08-06T10:44:36Z</time>
      </trkpt>
      <trkpt lat="22.54172" lon="113.9543322">
        <ele>5.90899</ele>
        <time>2025-08-06T10:44:38Z</time>
      </trkpt>
      <trkpt lat="22.5416767" lon="113.9543176">
        <ele>5.45599</ele>
        <time>2025-08-06T10:44:40Z</time>
      </trkpt>
      <trkpt lat="22.541633" lon="113.9543018">
        <ele>5.813</ele>
        <time>2025-08-06T10:44:42Z</time>
      </trkpt>
      <trkpt lat="22.5415889" lon="113.9542853">
        <ele>6.013</ele>
        <time>2025-08-06T10:44:44Z</time>
      </trkpt>
      <trkpt lat="22.541544" lon="113.954269">
        <ele>6.09299</ele>
        <time>2025-08-06T10:44:46Z</time>
      </trkpt>
      <trkpt lat="22.5414995" lon="113.9542533">
        <ele>6.12599</ele>
        <time>2025-08-06T10:44:48Z</time>
      </trkpt>
      <trkpt lat="22.5414555" lon="113.9542365">
        <ele>4.94299</ele>
        <time>2025-08-06T10:44:50Z</time>
      </trkpt>
      <trkpt lat="22.5414128" lon="113.9542195">
        <ele>4.67999</ele>
        <time>2025-08-06T10:44:52Z</time>
      </trkpt>
      <trkpt lat="22.5413703" lon="113.9542025">
        <ele>4.873</ele>
        <time>2025-08-06T10:44:54Z</time>
      </trkpt>
      <trkpt lat="22.5413282" lon="113.9541841">
        <ele>4.234</ele>
        <time>2025-08-06T10:44:56Z</time>
      </trkpt>
      <trkpt lat="22.541286" lon="113.954165">
        <ele>3.973</ele>
        <time>2025-08-06T10:44:58Z</time>
      </trkpt>
      <trkpt lat="22.5412443" lon="113.9541448">
        <ele>3.39499</ele>
        <time>2025-08-06T10:45:00Z</time>
      </trkpt>
      <trkpt lat="22.5412026" lon="113.9541242">
        <ele>3.92499</ele>
        <time>2025-08-06T10:45:02Z</time>
      </trkpt>
      <trkpt lat="22.541161" lon="113.9541029">
        <ele>3.24799</ele>
        <time>2025-08-06T10:45:04Z</time>
      </trkpt>
      <trkpt lat="22.54112" lon="113.9540812">
        <ele>4.526</ele>
        <time>2025-08-06T10:45:06Z</time>
      </trkpt>
      <trkpt lat="22.5410801" lon="113.9540579">
        <ele>4.979</ele>
        <time>2025-08-06T10:45:08Z</time>
      </trkpt>
      <trkpt lat="22.5410403" lon="113.9540355">
        <ele>4.511</ele>
        <time>2025-08-06T10:45:10Z</time>
      </trkpt>
      <trkpt lat="22.5410006" lon="113.9540137">
        <ele>3.584</ele>
        <time>2025-08-06T10:45:12Z</time>
      </trkpt>
      <trkpt lat="22.5409605" lon="113.9539928">
        <ele>3.26099</ele>
        <time>2025-08-06T10:45:14Z</time>
      </trkpt>
      <trkpt lat="22.540921" lon="113.953971">
        <ele>4.584</ele>
        <time>2025-08-06T10:45:16Z</time>
      </trkpt>
      <trkpt lat="22.5408818" lon="113.9539498">
        <ele>4.19299</ele>
        <time>2025-08-06T10:45:18Z</time>
      </trkpt>
      <trkpt lat="22.5408421" lon="113.9539282">
        <ele>3.55699</ele>
        <time>2025-08-06T10:45:20Z</time>
      </trkpt>
      <trkpt lat="22.5408029" lon="113.9539063">
        <ele>4.085</ele>
        <time>2025-08-06T10:45:22Z</time>
      </trkpt>
      <trkpt lat="22.540765" lon="113.9538838">
        <ele>4.55</ele>
        <time>2025-08-06T10:45:24Z</time>
      </trkpt>
      <trkpt lat="22.5407267" lon="113.9538619">
        <ele>5.69199</ele>
        <time>2025-08-06T10:45:26Z</time>
      </trkpt>
      <trkpt lat="22.540688" lon="113.9538401">
        <ele>5.48799</ele>
        <time>2025-08-06T10:45:28Z</time>
      </trkpt>
      <trkpt lat="22.5406495" lon="113.9538185">
        <ele>5.135</ele>
        <time>2025-08-06T10:45:30Z</time>
      </trkpt>
      <trkpt lat="22.5406103" lon="113.9537969">
        <ele>5.427</ele>
        <time>2025-08-06T10:45:32Z</time>
      </trkpt>
      <trkpt lat="22.5405712" lon="113.9537745">
        <ele>6.333</ele>
        <time>2025-08-06T10:45:34Z</time>
      </trkpt>
      <trkpt lat="22.5405321" lon="113.9537518">
        <ele>5.73799</ele>
        <time>2025-08-06T10:45:36Z</time>
      </trkpt>
      <trkpt lat="22.5404926" lon="113.9537293">
        <ele>5.36899</ele>
        <time>2025-08-06T10:45:38Z</time>
      </trkpt>
      <trkpt lat="22.5404538" lon="113.9537061">
        <ele>5.38399</ele>
        <time>2025-08-06T10:45:40Z</time>
      </trkpt>
      <trkpt lat="22.5404153" lon="113.9536824">
        <ele>5.901</ele>
        <time>2025-08-06T10:45:42Z</time>
      </trkpt>
      <trkpt lat="22.5403765" lon="113.9536592">
        <ele>6.006</ele>
        <time>2025-08-06T10:45:44Z</time>
      </trkpt>
      <trkpt lat="22.5403381" lon="113.9536356">
        <ele>5.247</ele>
        <time>2025-08-06T10:45:46Z</time>
      </trkpt>
      <trkpt lat="22.5402995" lon="113.953612">
        <ele>5.243</ele>
        <time>2025-08-06T10:45:48Z</time>
      </trkpt>
      <trkpt lat="22.5402606" lon="113.953588">
        <ele>5.65899</ele>
        <time>2025-08-06T10:45:50Z</time>
      </trkpt>
      <trkpt lat="22.5402213" lon="113.9535651">
        <ele>6.15</ele>
        <time>2025-08-06T10:45:52Z</time>
      </trkpt>
      <trkpt lat="22.5401826" lon="113.9535424">
        <ele>7.25899</ele>
        <time>2025-08-06T10:45:54Z</time>
      </trkpt>
      <trkpt lat="22.5401442" lon="113.9535203">
        <ele>7.01999</ele>
        <time>2025-08-06T10:45:56Z</time>
      </trkpt>
      <trkpt lat="22.5401068" lon="113.9534976">
        <ele>6.04699</ele>
        <time>2025-08-06T10:45:58Z</time>
      </trkpt>
      <trkpt lat="22.5400696" lon="113.9534745">
        <ele>5.28</ele>
        <time>2025-08-06T10:46:00Z</time>
      </trkpt>
      <trkpt lat="22.5400329" lon="113.9534499">
        <ele>5.197</ele>
        <time>2025-08-06T10:46:02Z</time>
      </trkpt>
      <trkpt lat="22.5399957" lon="113.9534245">
        <ele>5.255</ele>
        <time>2025-08-06T10:46:04Z</time>
      </trkpt>
      <trkpt lat="22.5399576" lon="113.9533984">
        <ele>4.807</ele>
        <time>2025-08-06T10:46:06Z</time>
      </trkpt>
      <trkpt lat="22.5399185" lon="113.9533729">
        <ele>5.14799</ele>
        <time>2025-08-06T10:46:08Z</time>
      </trkpt>
      <trkpt lat="22.5398786" lon="113.9533481">
        <ele>5.102</ele>
        <time>2025-08-06T10:46:10Z</time>
      </trkpt>
      <trkpt lat="22.5398391" lon="113.953324">
        <ele>5.37599</ele>
        <time>2025-08-06T10:46:12Z</time>
      </trkpt>
      <trkpt lat="22.5397998" lon="113.953301">
        <ele>5.51599</ele>
        <time>2025-08-06T10:46:14Z</time>
      </trkpt>
      <trkpt lat="22.5397603" lon="113.9532786">
        <ele>4.90799</ele>
        <time>2025-08-06T10:46:16Z</time>
      </trkpt>
      <trkpt lat="22.5397218" lon="113.9532556">
        <ele>5.08599</ele>
        <time>2025-08-06T10:46:18Z</time>
      </trkpt>
      <trkpt lat="22.5396843" lon="113.9532325">
        <ele>5.78399</ele>
        <time>2025-08-06T10:46:20Z</time>
      </trkpt>
      <trkpt lat="22.5396467" lon="113.9532092">
        <ele>6.65999</ele>
        <time>2025-08-06T10:46:22Z</time>
      </trkpt>
      <trkpt lat="22.5396092" lon="113.9531846">
        <ele>7.11299</ele>
        <time>2025-08-06T10:46:24Z</time>
      </trkpt>
      <trkpt lat="22.5395727" lon="113.9531596">
        <ele>7.296</ele>
        <time>2025-08-06T10:46:26Z</time>
      </trkpt>
      <trkpt lat="22.5395351" lon="113.953136">
        <ele>7.539</ele>
        <time>2025-08-06T10:46:28Z</time>
      </trkpt>
      <trkpt lat="22.5394973" lon="113.9531135">
        <ele>8.48299</ele>
        <time>2025-08-06T10:46:30Z</time>
      </trkpt>
      <trkpt lat="22.5394596" lon="113.9530923">
        <ele>8.58199</ele>
        <time>2025-08-06T10:46:32Z</time>
      </trkpt>
      <trkpt lat="22.5394218" lon="113.9530729">
        <ele>7.54699</ele>
        <time>2025-08-06T10:46:34Z</time>
      </trkpt>
      <trkpt lat="22.5393838" lon="113.953054">
        <ele>7.27199</ele>
        <time>2025-08-06T10:46:36Z</time>
      </trkpt>
      <trkpt lat="22.5393468" lon="113.9530344">
        <ele>7.782</ele>
        <time>2025-08-06T10:46:38Z</time>
      </trkpt>
      <trkpt lat="22.5393098" lon="113.9530138">
        <ele>7.42799</ele>
        <time>2025-08-06T10:46:40Z</time>
      </trkpt>
      <trkpt lat="22.5392727" lon="113.9529922">
        <ele>7.979</ele>
        <time>2025-08-06T10:46:42Z</time>
      </trkpt>
      <trkpt lat="22.5392354" lon="113.9529697">
        <ele>7.294</ele>
        <time>2025-08-06T10:46:44Z</time>
      </trkpt>
      <trkpt lat="22.539198" lon="113.9529468">
        <ele>6.65799</ele>
        <time>2025-08-06T10:46:46Z</time>
      </trkpt>
      <trkpt lat="22.5391598" lon="113.9529237">
        <ele>5.84299</ele>
        <time>2025-08-06T10:46:48Z</time>
      </trkpt>
      <trkpt lat="22.5391217" lon="113.9528997">
        <ele>5.979</ele>
        <time>2025-08-06T10:46:51Z</time>
      </trkpt>
      <trkpt lat="22.5390837" lon="113.9528757">
        <ele>5.55499</ele>
        <time>2025-08-06T10:46:52Z</time>
      </trkpt>
      <trkpt lat="22.5390456" lon="113.9528521">
        <ele>4.315</ele>
        <time>2025-08-06T10:46:55Z</time>
      </trkpt>
      <trkpt lat="22.5390072" lon="113.952829">
        <ele>4.306</ele>
        <time>2025-08-06T10:46:56Z</time>
      </trkpt>
      <trkpt lat="22.5389686" lon="113.952806">
        <ele>3.84899</ele>
        <time>2025-08-06T10:46:59Z</time>
      </trkpt>
      <trkpt lat="22.53893" lon="113.9527831">
        <ele>4.10099</ele>
        <time>2025-08-06T10:47:01Z</time>
      </trkpt>
      <trkpt lat="22.5388909" lon="113.9527601">
        <ele>4.47399</ele>
        <time>2025-08-06T10:47:03Z</time>
      </trkpt>
      <trkpt lat="22.5388518" lon="113.9527368">
        <ele>4.184</ele>
        <time>2025-08-06T10:47:05Z</time>
      </trkpt>
      <trkpt lat="22.5388124" lon="113.9527133">
        <ele>4.21899</ele>
        <time>2025-08-06T10:47:07Z</time>
      </trkpt>
      <trkpt lat="22.5387723" lon="113.9526897">
        <ele>4.269</ele>
        <time>2025-08-06T10:47:08Z</time>
      </trkpt>
      <trkpt lat="22.5387316" lon="113.9526661">
        <ele>4.294</ele>
        <time>2025-08-06T10:47:11Z</time>
      </trkpt>
      <trkpt lat="22.538691" lon="113.9526422">
        <ele>3.78999</ele>
        <time>2025-08-06T10:47:12Z</time>
      </trkpt>
      <trkpt lat="22.53865" lon="113.9526181">
        <ele>3.45</ele>
        <time>2025-08-06T10:47:15Z</time>
      </trkpt>
      <trkpt lat="22.538609" lon="113.9525934">
        <ele>3.167</ele>
        <time>2025-08-06T10:47:17Z</time>
      </trkpt>
      <trkpt lat="22.5385687" lon="113.9525682">
        <ele>3.94499</ele>
        <time>2025-08-06T10:47:19Z</time>
      </trkpt>
      <trkpt lat="22.5385288" lon="113.9525431">
        <ele>3.67799</ele>
        <time>2025-08-06T10:47:21Z</time>
      </trkpt>
      <trkpt lat="22.5384889" lon="113.9525182">
        <ele>3.39599</ele>
        <time>2025-08-06T10:47:22Z</time>
      </trkpt>
      <trkpt lat="22.5384492" lon="113.9524929">
        <ele>3.25099</ele>
        <time>2025-08-06T10:47:24Z</time>
      </trkpt>
      <trkpt lat="22.538409" lon="113.9524681">
        <ele>3.93899</ele>
        <time>2025-08-06T10:47:26Z</time>
      </trkpt>
      <trkpt lat="22.5383684" lon="113.9524439">
        <ele>4.41699</ele>
        <time>2025-08-06T10:47:28Z</time>
      </trkpt>
      <trkpt lat="22.538327" lon="113.9524211">
        <ele>4.288</ele>
        <time>2025-08-06T10:47:30Z</time>
      </trkpt>
      <trkpt lat="22.5382856" lon="113.9523989">
        <ele>4.059</ele>
        <time>2025-08-06T10:47:32Z</time>
      </trkpt>
      <trkpt lat="22.5382441" lon="113.9523781">
        <ele>3.97199</ele>
        <time>2025-08-06T10:47:34Z</time>
      </trkpt>
      <trkpt lat="22.5382026" lon="113.952358">
        <ele>3.79299</ele>
        <time>2025-08-06T10:47:36Z</time>
      </trkpt>
      <trkpt lat="22.5381611" lon="113.9523382">
        <ele>3.091</ele>
        <time>2025-08-06T10:47:39Z</time>
      </trkpt>
      <trkpt lat="22.5381221" lon="113.9523154">
        <ele>3.85999</ele>
        <time>2025-08-06T10:47:41Z</time>
      </trkpt>
      <trkpt lat="22.5380811" lon="113.9522957">
        <ele>4.17299</ele>
        <time>2025-08-06T10:47:43Z</time>
      </trkpt>
      <trkpt lat="22.5380563" lon="113.9522936">
        <ele>4.33799</ele>
        <time>2025-08-06T10:47:45Z</time>
      </trkpt>
      <trkpt lat="22.5380517" lon="113.9522978">
        <ele>3.811</ele>
        <time>2025-08-06T10:47:47Z</time>
      </trkpt>
      <trkpt lat="22.5380649" lon="113.95231">
        <ele>3.571</ele>
        <time>2025-08-06T10:47:49Z</time>
      </trkpt>
      <trkpt lat="22.5380931" lon="113.9523324">
        <ele>4.73299</ele>
        <time>2025-08-06T10:47:51Z</time>
      </trkpt>
      <trkpt lat="22.5381396" lon="113.9523585">
        <ele>4.77799</ele>
        <time>2025-08-06T10:47:53Z</time>
      </trkpt>
      <trkpt lat="22.5381859" lon="113.9523745">
        <ele>4.66499</ele>
        <time>2025-08-06T10:47:54Z</time>
      </trkpt>
      <trkpt lat="22.5382285" lon="113.9523922">
        <ele>3.83299</ele>
        <time>2025-08-06T10:47:57Z</time>
      </trkpt>
      <trkpt lat="22.5382698" lon="113.95241">
        <ele>3.242</ele>
        <time>2025-08-06T10:47:59Z</time>
      </trkpt>
      <trkpt lat="22.5383098" lon="113.9524293">
        <ele>2.67799</ele>
        <time>2025-08-06T10:48:01Z</time>
      </trkpt>
      <trkpt lat="22.5383485" lon="113.9524496">
        <ele>3.355</ele>
        <time>2025-08-06T10:48:03Z</time>
      </trkpt>
      <trkpt lat="22.5383871" lon="113.9524706">
        <ele>3.558</ele>
        <time>2025-08-06T10:48:05Z</time>
      </trkpt>
      <trkpt lat="22.5384253" lon="113.952491">
        <ele>2.69199</ele>
        <time>2025-08-06T10:48:07Z</time>
      </trkpt>
      <trkpt lat="22.5384631" lon="113.9525119">
        <ele>2.14</ele>
        <time>2025-08-06T10:48:08Z</time>
      </trkpt>
      <trkpt lat="22.5385011" lon="113.9525323">
        <ele>1.978</ele>
        <time>2025-08-06T10:48:11Z</time>
      </trkpt>
      <trkpt lat="22.5385402" lon="113.9525523">
        <ele>2.726</ele>
        <time>2025-08-06T10:48:13Z</time>
      </trkpt>
      <trkpt lat="22.5385795" lon="113.9525731">
        <ele>3.32999</ele>
        <time>2025-08-06T10:48:14Z</time>
      </trkpt>
      <trkpt lat="22.5386194" lon="113.9525943">
        <ele>2.581</ele>
        <time>2025-08-06T10:48:17Z</time>
      </trkpt>
      <trkpt lat="22.5386593" lon="113.9526155">
        <ele>2.005</ele>
        <time>2025-08-06T10:48:18Z</time>
      </trkpt>
      <trkpt lat="22.5386987" lon="113.9526381">
        <ele>1.76999</ele>
        <time>2025-08-06T10:48:21Z</time>
      </trkpt>
      <trkpt lat="22.5387375" lon="113.9526624">
        <ele>1.77499</ele>
        <time>2025-08-06T10:48:23Z</time>
      </trkpt>
      <trkpt lat="22.5387765" lon="113.9526863">
        <ele>2.233</ele>
        <time>2025-08-06T10:48:24Z</time>
      </trkpt>
      <trkpt lat="22.5388151" lon="113.9527115">
        <ele>2.14899</ele>
        <time>2025-08-06T10:48:27Z</time>
      </trkpt>
      <trkpt lat="22.5388537" lon="113.9527385">
        <ele>2.355</ele>
        <time>2025-08-06T10:48:29Z</time>
      </trkpt>
      <trkpt lat="22.5388928" lon="113.9527655">
        <ele>2.505</ele>
        <time>2025-08-06T10:48:30Z</time>
      </trkpt>
      <trkpt lat="22.538932" lon="113.9527931">
        <ele>3.528</ele>
        <time>2025-08-06T10:48:33Z</time>
      </trkpt>
      <trkpt lat="22.5389713" lon="113.9528209">
        <ele>4.098</ele>
        <time>2025-08-06T10:48:34Z</time>
      </trkpt>
      <trkpt lat="22.539011" lon="113.9528482">
        <ele>4.183</ele>
        <time>2025-08-06T10:48:37Z</time>
      </trkpt>
      <trkpt lat="22.5390509" lon="113.9528742">
        <ele>3.802</ele>
        <time>2025-08-06T10:48:38Z</time>
      </trkpt>
      <trkpt lat="22.5390911" lon="113.9528987">
        <ele>3.433</ele>
        <time>2025-08-06T10:48:40Z</time>
      </trkpt>
      <trkpt lat="22.5391315" lon="113.9529217">
        <ele>2.996</ele>
        <time>2025-08-06T10:48:42Z</time>
      </trkpt>
      <trkpt lat="22.5391716" lon="113.9529441">
        <ele>2.24499</ele>
        <time>2025-08-06T10:48:44Z</time>
      </trkpt>
      <trkpt lat="22.5392112" lon="113.952967">
        <ele>2.674</ele>
        <time>2025-08-06T10:48:47Z</time>
      </trkpt>
      <trkpt lat="22.5392511" lon="113.9529895">
        <ele>2.37299</ele>
        <time>2025-08-06T10:48:48Z</time>
      </trkpt>
      <trkpt lat="22.539291" lon="113.953012">
        <ele>1.949</ele>
        <time>2025-08-06T10:48:51Z</time>
      </trkpt>
      <trkpt lat="22.5393304" lon="113.9530359">
        <ele>1.636</ele>
        <time>2025-08-06T10:48:52Z</time>
      </trkpt>
      <trkpt lat="22.5393701" lon="113.9530602">
        <ele>2.14599</ele>
        <time>2025-08-06T10:48:55Z</time>
      </trkpt>
      <trkpt lat="22.5394096" lon="113.9530848">
        <ele>2.552</ele>
        <time>2025-08-06T10:48:57Z</time>
      </trkpt>
      <trkpt lat="22.5394482" lon="113.9531105">
        <ele>2.81999</ele>
        <time>2025-08-06T10:48:59Z</time>
      </trkpt>
      <trkpt lat="22.5394861" lon="113.9531379">
        <ele>3.361</ele>
        <time>2025-08-06T10:49:00Z</time>
      </trkpt>
      <trkpt lat="22.5395244" lon="113.9531648">
        <ele>3.532</ele>
        <time>2025-08-06T10:49:03Z</time>
      </trkpt>
      <trkpt lat="22.539563" lon="113.9531913">
        <ele>4.385</ele>
        <time>2025-08-06T10:49:05Z</time>
      </trkpt>
      <trkpt lat="22.5396019" lon="113.9532169">
        <ele>4.48199</ele>
        <time>2025-08-06T10:49:07Z</time>
      </trkpt>
      <trkpt lat="22.5396413" lon="113.9532417">
        <ele>4.559</ele>
        <time>2025-08-06T10:49:08Z</time>
      </trkpt>
      <trkpt lat="22.5396816" lon="113.9532642">
        <ele>4.984</ele>
        <time>2025-08-06T10:49:11Z</time>
      </trkpt>
      <trkpt lat="22.5397222" lon="113.9532857">
        <ele>4.92799</ele>
        <time>2025-08-06T10:49:13Z</time>
      </trkpt>
      <trkpt lat="22.5397623" lon="113.9533074">
        <ele>4.637</ele>
        <time>2025-08-06T10:49:15Z</time>
      </trkpt>
      <trkpt lat="22.5398021" lon="113.9533293">
        <ele>4.20399</ele>
        <time>2025-08-06T10:49:17Z</time>
      </trkpt>
      <trkpt lat="22.5398424" lon="113.9533504">
        <ele>4.31599</ele>
        <time>2025-08-06T10:49:19Z</time>
      </trkpt>
      <trkpt lat="22.5398823" lon="113.9533722">
        <ele>4.46</ele>
        <time>2025-08-06T10:49:21Z</time>
      </trkpt>
      <trkpt lat="22.5399215" lon="113.9533951">
        <ele>5.03499</ele>
        <time>2025-08-06T10:49:23Z</time>
      </trkpt>
      <trkpt lat="22.5399608" lon="113.9534179">
        <ele>4.49399</ele>
        <time>2025-08-06T10:49:25Z</time>
      </trkpt>
      <trkpt lat="22.5400006" lon="113.9534408">
        <ele>4.34999</ele>
        <time>2025-08-06T10:49:27Z</time>
      </trkpt>
      <trkpt lat="22.5400401" lon="113.9534641">
        <ele>4.75899</ele>
        <time>2025-08-06T10:49:29Z</time>
      </trkpt>
      <trkpt lat="22.54008" lon="113.9534871">
        <ele>4.491</ele>
        <time>2025-08-06T10:49:31Z</time>
      </trkpt>
      <trkpt lat="22.5401208" lon="113.9535087">
        <ele>4.885</ele>
        <time>2025-08-06T10:49:33Z</time>
      </trkpt>
      <trkpt lat="22.5401614" lon="113.9535309">
        <ele>5.21899</ele>
        <time>2025-08-06T10:49:35Z</time>
      </trkpt>
      <trkpt lat="22.5402016" lon="113.9535537">
        <ele>5.557</ele>
        <time>2025-08-06T10:49:37Z</time>
      </trkpt>
      <trkpt lat="22.5402417" lon="113.953577">
        <ele>6.32399</ele>
        <time>2025-08-06T10:49:38Z</time>
      </trkpt>
      <trkpt lat="22.5402814" lon="113.9536015">
        <ele>5.72399</ele>
        <time>2025-08-06T10:49:41Z</time>
      </trkpt>
      <trkpt lat="22.540321" lon="113.9536269">
        <ele>5.17299</ele>
        <time>2025-08-06T10:49:43Z</time>
      </trkpt>
      <trkpt lat="22.5403611" lon="113.95365">
        <ele>4.735</ele>
        <time>2025-08-06T10:49:45Z</time>
      </trkpt>
      <trkpt lat="22.5404016" lon="113.9536716">
        <ele>4.51599</ele>
        <time>2025-08-06T10:49:47Z</time>
      </trkpt>
      <trkpt lat="22.5404416" lon="113.9536935">
        <ele>3.13499</ele>
        <time>2025-08-06T10:49:49Z</time>
      </trkpt>
      <trkpt lat="22.5404818" lon="113.9537148">
        <ele>1.776</ele>
        <time>2025-08-06T10:49:51Z</time>
      </trkpt>
      <trkpt lat="22.5405216" lon="113.9537363">
        <ele>1.89199</ele>
        <time>2025-08-06T10:49:52Z</time>
      </trkpt>
      <trkpt lat="22.5405609" lon="113.9537592">
        <ele>1.58</ele>
        <time>2025-08-06T10:49:54Z</time>
      </trkpt>
      <trkpt lat="22.5405999" lon="113.9537828">
        <ele>1.266</ele>
        <time>2025-08-06T10:49:56Z</time>
      </trkpt>
      <trkpt lat="22.5406392" lon="113.9538056">
        <ele>1.15799</ele>
        <time>2025-08-06T10:49:59Z</time>
      </trkpt>
      <trkpt lat="22.5406786" lon="113.9538287">
        <ele>2.591</ele>
        <time>2025-08-06T10:50:01Z</time>
      </trkpt>
      <trkpt lat="22.5407183" lon="113.9538511">
        <ele>3.23</ele>
        <time>2025-08-06T10:50:03Z</time>
      </trkpt>
      <trkpt lat="22.5407578" lon="113.9538741">
        <ele>3.811</ele>
        <time>2025-08-06T10:50:05Z</time>
      </trkpt>
      <trkpt lat="22.5407975" lon="113.953897">
        <ele>3.56599</ele>
        <time>2025-08-06T10:50:07Z</time>
      </trkpt>
      <trkpt lat="22.5408365" lon="113.9539203">
        <ele>3.49799</ele>
        <time>2025-08-06T10:50:09Z</time>
      </trkpt>
      <trkpt lat="22.5408749" lon="113.9539445">
        <ele>3.46099</ele>
        <time>2025-08-06T10:50:11Z</time>
      </trkpt>
      <trkpt lat="22.5409132" lon="113.9539688">
        <ele>2.61599</ele>
        <time>2025-08-06T10:50:13Z</time>
      </trkpt>
      <trkpt lat="22.5409519" lon="113.9539933">
        <ele>3.006</ele>
        <time>2025-08-06T10:50:14Z</time>
      </trkpt>
      <trkpt lat="22.540991" lon="113.9540174">
        <ele>2.664</ele>
        <time>2025-08-06T10:50:17Z</time>
      </trkpt>
      <trkpt lat="22.5410305" lon="113.9540409">
        <ele>3.60899</ele>
        <time>2025-08-06T10:50:19Z</time>
      </trkpt>
      <trkpt lat="22.5410706" lon="113.9540639">
        <ele>4.169</ele>
        <time>2025-08-06T10:50:21Z</time>
      </trkpt>
      <trkpt lat="22.5411102" lon="113.9540873">
        <ele>4.513</ele>
        <time>2025-08-06T10:50:23Z</time>
      </trkpt>
      <trkpt lat="22.5411502" lon="113.9541097">
        <ele>5.144</ele>
        <time>2025-08-06T10:50:25Z</time>
      </trkpt>
      <trkpt lat="22.5411902" lon="113.9541314">
        <ele>5.52199</ele>
        <time>2025-08-06T10:50:27Z</time>
      </trkpt>
      <trkpt lat="22.541231" lon="113.9541519">
        <ele>5.56599</ele>
        <time>2025-08-06T10:50:29Z</time>
      </trkpt>
      <trkpt lat="22.5412713" lon="113.9541723">
        <ele>4.763</ele>
        <time>2025-08-06T10:50:31Z</time>
      </trkpt>
      <trkpt lat="22.5413117" lon="113.9541925">
        <ele>4.20599</ele>
        <time>2025-08-06T10:50:33Z</time>
      </trkpt>
      <trkpt lat="22.5413523" lon="113.9542122">
        <ele>3.559</ele>
        <time>2025-08-06T10:50:35Z</time>
      </trkpt>
      <trkpt lat="22.5413933" lon="113.9542313">
        <ele>3.493</ele>
        <time>2025-08-06T10:50:37Z</time>
      </trkpt>
      <trkpt lat="22.541434" lon="113.9542513">
        <ele>3.98499</ele>
        <time>2025-08-06T10:50:39Z</time>
      </trkpt>
      <trkpt lat="22.541476" lon="113.9542668">
        <ele>3.48099</ele>
        <time>2025-08-06T10:50:41Z</time>
      </trkpt>
      <trkpt lat="22.5415168" lon="113.9542794">
        <ele>4.83599</ele>
        <time>2025-08-06T10:50:42Z</time>
      </trkpt>
      <trkpt lat="22.5415563" lon="113.9542907">
        <ele>4.76</ele>
        <time>2025-08-06T10:50:44Z</time>
      </trkpt>
      <trkpt lat="22.5415954" lon="113.9543015">
        <ele>4.50899</ele>
        <time>2025-08-06T10:50:46Z</time>
      </trkpt>
      <trkpt lat="22.5416345" lon="113.9543098">
        <ele>3.782</ele>
        <time>2025-08-06T10:50:49Z</time>
      </trkpt>
      <trkpt lat="22.5416727" lon="113.9543205">
        <ele>4.214</ele>
        <time>2025-08-06T10:50:51Z</time>
      </trkpt>
      <trkpt lat="22.5417121" lon="113.9543322">
        <ele>4.61199</ele>
        <time>2025-08-06T10:50:53Z</time>
      </trkpt>
      <trkpt lat="22.5417535" lon="113.9543446">
        <ele>4.38899</ele>
        <time>2025-08-06T10:50:55Z</time>
      </trkpt>
      <trkpt lat="22.5417956" lon="113.9543586">
        <ele>5.637</ele>
        <time>2025-08-06T10:50:57Z</time>
      </trkpt>
      <trkpt lat="22.5418386" lon="113.9543733">
        <ele>6.111</ele>
        <time>2025-08-06T10:50:59Z</time>
      </trkpt>
      <trkpt lat="22.5418809" lon="113.9543874">
        <ele>5.51599</ele>
        <time>2025-08-06T10:51:01Z</time>
      </trkpt>
      <trkpt lat="22.5419241" lon="113.9544015">
        <ele>5.91599</ele>
        <time>2025-08-06T10:51:03Z</time>
      </trkpt>
      <trkpt lat="22.5419667" lon="113.9544144">
        <ele>6.42199</ele>
        <time>2025-08-06T10:51:05Z</time>
      </trkpt>
      <trkpt lat="22.5420084" lon="113.9544262">
        <ele>6.33099</ele>
        <time>2025-08-06T10:51:07Z</time>
      </trkpt>
      <trkpt lat="22.5420498" lon="113.9544378">
        <ele>6.98099</ele>
        <time>2025-08-06T10:51:09Z</time>
      </trkpt>
      <trkpt lat="22.5420924" lon="113.9544493">
        <ele>8.60999</ele>
        <time>2025-08-06T10:51:10Z</time>
      </trkpt>
      <trkpt lat="22.5421353" lon="113.9544607">
        <ele>8.862</ele>
        <time>2025-08-06T10:51:13Z</time>
      </trkpt>
      <trkpt lat="22.5421786" lon="113.9544708">
        <ele>8.847</ele>
        <time>2025-08-06T10:51:15Z</time>
      </trkpt>
      <trkpt lat="22.5422227" lon="113.9544804">
        <ele>9.06499</ele>
        <time>2025-08-06T10:51:17Z</time>
      </trkpt>
      <trkpt lat="22.5422677" lon="113.9544896">
        <ele>8.362</ele>
        <time>2025-08-06T10:51:19Z</time>
      </trkpt>
      <trkpt lat="22.5423133" lon="113.9544981">
        <ele>7.19199</ele>
        <time>2025-08-06T10:51:21Z</time>
      </trkpt>
      <trkpt lat="22.5423594" lon="113.9545061">
        <ele>6.88199</ele>
        <time>2025-08-06T10:51:23Z</time>
      </trkpt>
      <trkpt lat="22.5424058" lon="113.9545149">
        <ele>7.05299</ele>
        <time>2025-08-06T10:51:25Z</time>
      </trkpt>
      <trkpt lat="22.5424523" lon="113.9545241">
        <ele>7.84399</ele>
        <time>2025-08-06T10:51:27Z</time>
      </trkpt>
      <trkpt lat="22.5424986" lon="113.9545325">
        <ele>8.58699</ele>
        <time>2025-08-06T10:51:29Z</time>
      </trkpt>
      <trkpt lat="22.5425447" lon="113.9545402">
        <ele>8.479</ele>
        <time>2025-08-06T10:51:31Z</time>
      </trkpt>
      <trkpt lat="22.542591" lon="113.9545466">
        <ele>8.588</ele>
        <time>2025-08-06T10:51:33Z</time>
      </trkpt>
      <trkpt lat="22.5426378" lon="113.9545535">
        <ele>8.465</ele>
        <time>2025-08-06T10:51:35Z</time>
      </trkpt>
      <trkpt lat="22.5426853" lon="113.9545588">
        <ele>8.56499</ele>
        <time>2025-08-06T10:51:37Z</time>
      </trkpt>
      <trkpt lat="22.5427331" lon="113.9545625">
        <ele>10.04199</ele>
        <time>2025-08-06T10:51:39Z</time>
      </trkpt>
      <trkpt lat="22.5427807" lon="113.954562">
        <ele>10.06</ele>
        <time>2025-08-06T10:51:41Z</time>
      </trkpt>
      <trkpt lat="22.5428239" lon="113.9545542">
        <ele>10.866</ele>
        <time>2025-08-06T10:51:43Z</time>
      </trkpt>
      <trkpt lat="22.5428659" lon="113.9545411">
        <ele>10.58199</ele>
        <time>2025-08-06T10:51:45Z</time>
      </trkpt>
      <trkpt lat="22.5429071" lon="113.9545275">
        <ele>9.78999</ele>
        <time>2025-08-06T10:51:47Z</time>
      </trkpt>
      <trkpt lat="22.542948" lon="113.9545156">
        <ele>8.54199</ele>
        <time>2025-08-06T10:51:49Z</time>
      </trkpt>
      <trkpt lat="22.5429879" lon="113.9545121">
        <ele>8.58399</ele>
        <time>2025-08-06T10:51:51Z</time>
      </trkpt>
      <trkpt lat="22.5430297" lon="113.9545203">
        <ele>7.873</ele>
        <time>2025-08-06T10:51:53Z</time>
      </trkpt>
      <trkpt lat="22.5430695" lon="113.9545318">
        <ele>7.94399</ele>
        <time>2025-08-06T10:51:55Z</time>
      </trkpt>
      <trkpt lat="22.5431063" lon="113.9545416">
        <ele>7.556</ele>
        <time>2025-08-06T10:51:57Z</time>
      </trkpt>
      <trkpt lat="22.5431463" lon="113.9545492">
        <ele>7.27899</ele>
        <time>2025-08-06T10:51:59Z</time>
      </trkpt>
      <trkpt lat="22.543189" lon="113.9545514">
        <ele>3.15599</ele>
        <time>2025-08-06T10:52:01Z</time>
      </trkpt>
      <trkpt lat="22.5432338" lon="113.9545477">
        <ele>1.52999</ele>
        <time>2025-08-06T10:52:03Z</time>
      </trkpt>
      <trkpt lat="22.5432815" lon="113.9545432">
        <ele>2.40199</ele>
        <time>2025-08-06T10:52:05Z</time>
      </trkpt>
      <trkpt lat="22.5433314" lon="113.95454">
        <ele>3.36999</ele>
        <time>2025-08-06T10:52:07Z</time>
      </trkpt>
      <trkpt lat="22.5433786" lon="113.9545379">
        <ele>5.089</ele>
        <time>2025-08-06T10:52:09Z</time>
      </trkpt>
      <trkpt lat="22.5434242" lon="113.9545354">
        <ele>4.74499</ele>
        <time>2025-08-06T10:52:11Z</time>
      </trkpt>
      <trkpt lat="22.5434708" lon="113.9545348">
        <ele>4.931</ele>
        <time>2025-08-06T10:52:13Z</time>
      </trkpt>
      <trkpt lat="22.5435151" lon="113.9545358">
        <ele>5.854</ele>
        <time>2025-08-06T10:52:15Z</time>
      </trkpt>
      <trkpt lat="22.5435616" lon="113.954537">
        <ele>5.23699</ele>
        <time>2025-08-06T10:52:17Z</time>
      </trkpt>
      <trkpt lat="22.543609" lon="113.9545391">
        <ele>5.46099</ele>
        <time>2025-08-06T10:52:19Z</time>
      </trkpt>
      <trkpt lat="22.5436584" lon="113.9545422">
        <ele>4.41099</ele>
        <time>2025-08-06T10:52:21Z</time>
      </trkpt>
      <trkpt lat="22.5437073" lon="113.9545448">
        <ele>2.40199</ele>
        <time>2025-08-06T10:52:23Z</time>
      </trkpt>
      <trkpt lat="22.5437613" lon="113.9545459">
        <ele>2.371</ele>
        <time>2025-08-06T10:52:25Z</time>
      </trkpt>
      <trkpt lat="22.5438165" lon="113.9545475">
        <ele>3.99499</ele>
        <time>2025-08-06T10:52:27Z</time>
      </trkpt>
      <trkpt lat="22.5438704" lon="113.9545484">
        <ele>5.46099</ele>
        <time>2025-08-06T10:52:29Z</time>
      </trkpt>
      <trkpt lat="22.5439231" lon="113.95455">
        <ele>6.375</ele>
        <time>2025-08-06T10:52:31Z</time>
      </trkpt>
      <trkpt lat="22.5439754" lon="113.9545515">
        <ele>7.328</ele>
        <time>2025-08-06T10:52:32Z</time>
      </trkpt>
      <trkpt lat="22.5440249" lon="113.954554">
        <ele>7.043</ele>
        <time>2025-08-06T10:52:34Z</time>
      </trkpt>
      <trkpt lat="22.5440726" lon="113.9545577">
        <ele>7.096</ele>
        <time>2025-08-06T10:52:36Z</time>
      </trkpt>
      <trkpt lat="22.5441202" lon="113.9545615">
        <ele>8.123</ele>
        <time>2025-08-06T10:52:38Z</time>
      </trkpt>
      <trkpt lat="22.5441684" lon="113.9545665">
        <ele>8.87699</ele>
        <time>2025-08-06T10:52:40Z</time>
      </trkpt>
      <trkpt lat="22.5442168" lon="113.9545717">
        <ele>8.86299</ele>
        <time>2025-08-06T10:52:42Z</time>
      </trkpt>
      <trkpt lat="22.5442651" lon="113.9545777">
        <ele>10.03199</ele>
        <time>2025-08-06T10:52:44Z</time>
      </trkpt>
      <trkpt lat="22.5443129" lon="113.9545807">
        <ele>11.715</ele>
        <time>2025-08-06T10:52:46Z</time>
      </trkpt>
      <trkpt lat="22.5443604" lon="113.954582">
        <ele>12.213</ele>
        <time>2025-08-06T10:52:48Z</time>
      </trkpt>
      <trkpt lat="22.5444069" lon="113.9545836">
        <ele>12.418</ele>
        <time>2025-08-06T10:52:50Z</time>
      </trkpt>
      <trkpt lat="22.5444538" lon="113.954586">
        <ele>13.09099</ele>
        <time>2025-08-06T10:52:52Z</time>
      </trkpt>
      <trkpt lat="22.5445012" lon="113.9545872">
        <ele>13.92199</ele>
        <time>2025-08-06T10:52:54Z</time>
      </trkpt>
      <trkpt lat="22.5445488" lon="113.9545889">
        <ele>13.94099</ele>
        <time>2025-08-06T10:52:56Z</time>
      </trkpt>
      <trkpt lat="22.5445972" lon="113.954591">
        <ele>15.805</ele>
        <time>2025-08-06T10:52:58Z</time>
      </trkpt>
      <trkpt lat="22.5446454" lon="113.9545904">
        <ele>16.36599</ele>
        <time>2025-08-06T10:53:00Z</time>
      </trkpt>
      <trkpt lat="22.5446929" lon="113.9545889">
        <ele>15.87699</ele>
        <time>2025-08-06T10:53:02Z</time>
      </trkpt>
      <trkpt lat="22.5447403" lon="113.9545885">
        <ele>16.14599</ele>
        <time>2025-08-06T10:53:04Z</time>
      </trkpt>
      <trkpt lat="22.5447878" lon="113.9545883">
        <ele>15.41399</ele>
        <time>2025-08-06T10:53:06Z</time>
      </trkpt>
      <trkpt lat="22.5448351" lon="113.9545889">
        <ele>15.909</ele>
        <time>2025-08-06T10:53:08Z</time>
      </trkpt>
      <trkpt lat="22.5448824" lon="113.9545911">
        <ele>16.603</ele>
        <time>2025-08-06T10:53:10Z</time>
      </trkpt>
      <trkpt lat="22.5449296" lon="113.9545932">
        <ele>16.302</ele>
        <time>2025-08-06T10:53:12Z</time>
      </trkpt>
      <trkpt lat="22.5449763" lon="113.9545946">
        <ele>16.961</ele>
        <time>2025-08-06T10:53:14Z</time>
      </trkpt>
      <trkpt lat="22.5450225" lon="113.9545968">
        <ele>18.221</ele>
        <time>2025-08-06T10:53:16Z</time>
      </trkpt>
      <trkpt lat="22.5450684" lon="113.954601">
        <ele>19.57999</ele>
        <time>2025-08-06T10:53:18Z</time>
      </trkpt>
      <trkpt lat="22.5451143" lon="113.9546046">
        <ele>18.736</ele>
        <time>2025-08-06T10:53:20Z</time>
      </trkpt>
      <trkpt lat="22.5451599" lon="113.9546089">
        <ele>17.239</ele>
        <time>2025-08-06T10:53:22Z</time>
      </trkpt>
      <trkpt lat="22.545205" lon="113.9546136">
        <ele>17.32099</ele>
        <time>2025-08-06T10:53:24Z</time>
      </trkpt>
      <trkpt lat="22.5452497" lon="113.9546187">
        <ele>17.478</ele>
        <time>2025-08-06T10:53:26Z</time>
      </trkpt>
      <trkpt lat="22.5452943" lon="113.9546225">
        <ele>17.187</ele>
        <time>2025-08-06T10:53:28Z</time>
      </trkpt>
      <trkpt lat="22.5453391" lon="113.9546266">
        <ele>16.846</ele>
        <time>2025-08-06T10:53:30Z</time>
      </trkpt>
      <trkpt lat="22.5453839" lon="113.9546298">
        <ele>16.22699</ele>
        <time>2025-08-06T10:53:32Z</time>
      </trkpt>
      <trkpt lat="22.5454289" lon="113.9546329">
        <ele>15.243</ele>
        <time>2025-08-06T10:53:34Z</time>
      </trkpt>
      <trkpt lat="22.5454742" lon="113.9546365">
        <ele>13.595</ele>
        <time>2025-08-06T10:53:36Z</time>
      </trkpt>
      <trkpt lat="22.5455188" lon="113.95464">
        <ele>13.67599</ele>
        <time>2025-08-06T10:53:38Z</time>
      </trkpt>
      <trkpt lat="22.5455624" lon="113.9546426">
        <ele>11.32199</ele>
        <time>2025-08-06T10:53:40Z</time>
      </trkpt>
      <trkpt lat="22.5456044" lon="113.9546476">
        <ele>9.21199</ele>
        <time>2025-08-06T10:53:42Z</time>
      </trkpt>
      <trkpt lat="22.5456457" lon="113.9546548">
        <ele>7.43699</ele>
        <time>2025-08-06T10:53:44Z</time>
      </trkpt>
      <trkpt lat="22.5456873" lon="113.9546626">
        <ele>5.37799</ele>
        <time>2025-08-06T10:53:46Z</time>
      </trkpt>
      <trkpt lat="22.5457306" lon="113.9546723">
        <ele>4.525</ele>
        <time>2025-08-06T10:53:48Z</time>
      </trkpt>
      <trkpt lat="22.545776" lon="113.9546855">
        <ele>3.285</ele>
        <time>2025-08-06T10:53:50Z</time>
      </trkpt>
      <trkpt lat="22.5458243" lon="113.9546995">
        <ele>3.82599</ele>
        <time>2025-08-06T10:53:52Z</time>
      </trkpt>
      <trkpt lat="22.5458717" lon="113.9547129">
        <ele>4.931</ele>
        <time>2025-08-06T10:53:54Z</time>
      </trkpt>
      <trkpt lat="22.5459184" lon="113.954728">
        <ele>4.412</ele>
        <time>2025-08-06T10:53:56Z</time>
      </trkpt>
      <trkpt lat="22.5459646" lon="113.9547434">
        <ele>3.444</ele>
        <time>2025-08-06T10:53:58Z</time>
      </trkpt>
      <trkpt lat="22.5460083" lon="113.9547574">
        <ele>3.946</ele>
        <time>2025-08-06T10:54:00Z</time>
      </trkpt>
      <trkpt lat="22.5460504" lon="113.9547704">
        <ele>3.374</ele>
        <time>2025-08-06T10:54:02Z</time>
      </trkpt>
      <trkpt lat="22.5460943" lon="113.9547843">
        <ele>1.429</ele>
        <time>2025-08-06T10:54:04Z</time>
      </trkpt>
      <trkpt lat="22.5461399" lon="113.9547974">
        <ele>1.146</ele>
        <time>2025-08-06T10:54:06Z</time>
      </trkpt>
      <trkpt lat="22.5461854" lon="113.9548092">
        <ele>1.171</ele>
        <time>2025-08-06T10:54:08Z</time>
      </trkpt>
      <trkpt lat="22.546232" lon="113.9548208">
        <ele>1.88499</ele>
        <time>2025-08-06T10:54:10Z</time>
      </trkpt>
      <trkpt lat="22.5462792" lon="113.9548314">
        <ele>1.13699</ele>
        <time>2025-08-06T10:54:12Z</time>
      </trkpt>
      <trkpt lat="22.5463264" lon="113.9548406">
        <ele>1.424</ele>
        <time>2025-08-06T10:54:14Z</time>
      </trkpt>
      <trkpt lat="22.5463726" lon="113.9548482">
        <ele>0.73199</ele>
        <time>2025-08-06T10:54:16Z</time>
      </trkpt>
      <trkpt lat="22.5464183" lon="113.9548567">
        <ele>0.805</ele>
        <time>2025-08-06T10:54:18Z</time>
      </trkpt>
      <trkpt lat="22.5464642" lon="113.9548656">
        <ele>0.469</ele>
        <time>2025-08-06T10:54:20Z</time>
      </trkpt>
      <trkpt lat="22.5465099" lon="113.9548762">
        <ele>0.178</ele>
        <time>2025-08-06T10:54:22Z</time>
      </trkpt>
      <trkpt lat="22.5465558" lon="113.954888">
        <ele>-0.317</ele>
        <time>2025-08-06T10:54:24Z</time>
      </trkpt>
      <trkpt lat="22.5466005" lon="113.9549014">
        <ele>0.29699</ele>
        <time>2025-08-06T10:54:26Z</time>
      </trkpt>
      <trkpt lat="22.546645" lon="113.9549157">
        <ele>1.593</ele>
        <time>2025-08-06T10:54:28Z</time>
      </trkpt>
      <trkpt lat="22.5466893" lon="113.9549309">
        <ele>1.514</ele>
        <time>2025-08-06T10:54:30Z</time>
      </trkpt>
      <trkpt lat="22.5467338" lon="113.9549466">
        <ele>1.781</ele>
        <time>2025-08-06T10:54:32Z</time>
      </trkpt>
      <trkpt lat="22.5467778" lon="113.9549624">
        <ele>1.577</ele>
        <time>2025-08-06T10:54:34Z</time>
      </trkpt>
      <trkpt lat="22.5468234" lon="113.9549787">
        <ele>2.499</ele>
        <time>2025-08-06T10:54:36Z</time>
      </trkpt>
      <trkpt lat="22.5468699" lon="113.9549954">
        <ele>3.07399</ele>
        <time>2025-08-06T10:54:38Z</time>
      </trkpt>
      <trkpt lat="22.5469163" lon="113.9550118">
        <ele>3.63899</ele>
        <time>2025-08-06T10:54:40Z</time>
      </trkpt>
      <trkpt lat="22.5469619" lon="113.9550282">
        <ele>3.27099</ele>
        <time>2025-08-06T10:54:42Z</time>
      </trkpt>
      <trkpt lat="22.547007" lon="113.9550451">
        <ele>2.252</ele>
        <time>2025-08-06T10:54:44Z</time>
      </trkpt>
      <trkpt lat="22.5470512" lon="113.9550613">
        <ele>2.196</ele>
        <time>2025-08-06T10:54:46Z</time>
      </trkpt>
      <trkpt lat="22.5470947" lon="113.9550771">
        <ele>2.38899</ele>
        <time>2025-08-06T10:54:48Z</time>
      </trkpt>
      <trkpt lat="22.547139" lon="113.9550939">
        <ele>2.982</ele>
        <time>2025-08-06T10:54:50Z</time>
      </trkpt>
      <trkpt lat="22.5471836" lon="113.9551102">
        <ele>2.946</ele>
        <time>2025-08-06T10:54:52Z</time>
      </trkpt>
      <trkpt lat="22.5472272" lon="113.9551258">
        <ele>2.529</ele>
        <time>2025-08-06T10:54:54Z</time>
      </trkpt>
      <trkpt lat="22.5472698" lon="113.9551423">
        <ele>2.61899</ele>
        <time>2025-08-06T10:54:56Z</time>
      </trkpt>
      <trkpt lat="22.5473104" lon="113.9551579">
        <ele>2.74799</ele>
        <time>2025-08-06T10:54:58Z</time>
      </trkpt>
      <trkpt lat="22.5473485" lon="113.9551714">
        <ele>1.832</ele>
        <time>2025-08-06T10:55:00Z</time>
      </trkpt>
      <trkpt lat="22.547386" lon="113.9551834">
        <ele>0.87099</ele>
        <time>2025-08-06T10:55:02Z</time>
      </trkpt>
      <trkpt lat="22.5474247" lon="113.9551943">
        <ele>-0.111</ele>
        <time>2025-08-06T10:55:04Z</time>
      </trkpt>
      <trkpt lat="22.547465" lon="113.9552039">
        <ele>0.49799</ele>
        <time>2025-08-06T10:55:06Z</time>
      </trkpt>
      <trkpt lat="22.5475078" lon="113.9552135">
        <ele>-0.133</ele>
        <time>2025-08-06T10:55:08Z</time>
      </trkpt>
      <trkpt lat="22.5475528" lon="113.9552231">
        <ele>0.21999</ele>
        <time>2025-08-06T10:55:10Z</time>
      </trkpt>
      <trkpt lat="22.5476001" lon="113.9552332">
        <ele>-0.46099</ele>
        <time>2025-08-06T10:55:12Z</time>
      </trkpt>
      <trkpt lat="22.5476488" lon="113.9552437">
        <ele>-0.28999</ele>
        <time>2025-08-06T10:55:14Z</time>
      </trkpt>
      <trkpt lat="22.5476975" lon="113.9552538">
        <ele>-0.09099</ele>
        <time>2025-08-06T10:55:16Z</time>
      </trkpt>
      <trkpt lat="22.5477465" lon="113.9552647">
        <ele>0.402</ele>
        <time>2025-08-06T10:55:18Z</time>
      </trkpt>
      <trkpt lat="22.5477951" lon="113.9552755">
        <ele>-0.24199</ele>
        <time>2025-08-06T10:55:20Z</time>
      </trkpt>
      <trkpt lat="22.5478431" lon="113.9552882">
        <ele>0.34099</ele>
        <time>2025-08-06T10:55:22Z</time>
      </trkpt>
      <trkpt lat="22.5478903" lon="113.9553003">
        <ele>0.31099</ele>
        <time>2025-08-06T10:55:24Z</time>
      </trkpt>
      <trkpt lat="22.5479368" lon="113.9553127">
        <ele>0.818</ele>
        <time>2025-08-06T10:55:26Z</time>
      </trkpt>
      <trkpt lat="22.5479822" lon="113.9553249">
        <ele>0.819</ele>
        <time>2025-08-06T10:55:28Z</time>
      </trkpt>
      <trkpt lat="22.5480268" lon="113.9553375">
        <ele>0.87599</ele>
        <time>2025-08-06T10:55:30Z</time>
      </trkpt>
      <trkpt lat="22.5480696" lon="113.9553486">
        <ele>0.623</ele>
        <time>2025-08-06T10:55:32Z</time>
      </trkpt>
      <trkpt lat="22.5481118" lon="113.9553609">
        <ele>1.473</ele>
        <time>2025-08-06T10:55:34Z</time>
      </trkpt>
      <trkpt lat="22.5481538" lon="113.9553745">
        <ele>2.13499</ele>
        <time>2025-08-06T10:55:36Z</time>
      </trkpt>
      <trkpt lat="22.5481961" lon="113.9553888">
        <ele>2.581</ele>
        <time>2025-08-06T10:55:38Z</time>
      </trkpt>
      <trkpt lat="22.5482387" lon="113.9554043">
        <ele>2.34299</ele>
        <time>2025-08-06T10:55:40Z</time>
      </trkpt>
      <trkpt lat="22.548282" lon="113.955421">
        <ele>2.032</ele>
        <time>2025-08-06T10:55:42Z</time>
      </trkpt>
      <trkpt lat="22.548326" lon="113.9554376">
        <ele>1.529</ele>
        <time>2025-08-06T10:55:44Z</time>
      </trkpt>
      <trkpt lat="22.54837" lon="113.9554537">
        <ele>2.52999</ele>
        <time>2025-08-06T10:55:46Z</time>
      </trkpt>
      <trkpt lat="22.5484127" lon="113.9554703">
        <ele>2.427</ele>
        <time>2025-08-06T10:55:48Z</time>
      </trkpt>
      <trkpt lat="22.5484557" lon="113.9554848">
        <ele>2.108</ele>
        <time>2025-08-06T10:55:50Z</time>
      </trkpt>
      <trkpt lat="22.5485" lon="113.9554991">
        <ele>1.934</ele>
        <time>2025-08-06T10:55:52Z</time>
      </trkpt>
      <trkpt lat="22.5485433" lon="113.9555134">
        <ele>1.47599</ele>
        <time>2025-08-06T10:55:54Z</time>
      </trkpt>
      <trkpt lat="22.5485866" lon="113.9555282">
        <ele>1.697</ele>
        <time>2025-08-06T10:55:56Z</time>
      </trkpt>
      <trkpt lat="22.5486317" lon="113.9555424">
        <ele>1.296</ele>
        <time>2025-08-06T10:55:58Z</time>
      </trkpt>
      <trkpt lat="22.5486771" lon="113.9555568">
        <ele>1.562</ele>
        <time>2025-08-06T10:56:00Z</time>
      </trkpt>
      <trkpt lat="22.5487221" lon="113.9555698">
        <ele>1.702</ele>
        <time>2025-08-06T10:56:02Z</time>
      </trkpt>
      <trkpt lat="22.548768" lon="113.9555829">
        <ele>2.01399</ele>
        <time>2025-08-06T10:56:04Z</time>
      </trkpt>
      <trkpt lat="22.5488142" lon="113.9555956">
        <ele>1.97699</ele>
        <time>2025-08-06T10:56:06Z</time>
      </trkpt>
      <trkpt lat="22.5488609" lon="113.955606">
        <ele>1.898</ele>
        <time>2025-08-06T10:56:08Z</time>
      </trkpt>
      <trkpt lat="22.5489074" lon="113.9556174">
        <ele>2.016</ele>
        <time>2025-08-06T10:56:10Z</time>
      </trkpt>
      <trkpt lat="22.5489543" lon="113.9556289">
        <ele>1.46399</ele>
        <time>2025-08-06T10:56:12Z</time>
      </trkpt>
      <trkpt lat="22.5490018" lon="113.9556394">
        <ele>1.66999</ele>
        <time>2025-08-06T10:56:14Z</time>
      </trkpt>
      <trkpt lat="22.5490504" lon="113.9556487">
        <ele>2.47399</ele>
        <time>2025-08-06T10:56:16Z</time>
      </trkpt>
      <trkpt lat="22.5490988" lon="113.9556597">
        <ele>3.09899</ele>
        <time>2025-08-06T10:56:18Z</time>
      </trkpt>
      <trkpt lat="22.5491471" lon="113.9556714">
        <ele>3.01999</ele>
        <time>2025-08-06T10:56:20Z</time>
      </trkpt>
      <trkpt lat="22.549195" lon="113.9556828">
        <ele>3.30299</ele>
        <time>2025-08-06T10:56:22Z</time>
      </trkpt>
      <trkpt lat="22.5492427" lon="113.9556944">
        <ele>3.585</ele>
        <time>2025-08-06T10:56:24Z</time>
      </trkpt>
      <trkpt lat="22.5492894" lon="113.9557064">
        <ele>2.80399</ele>
        <time>2025-08-06T10:56:26Z</time>
      </trkpt>
      <trkpt lat="22.5493369" lon="113.9557161">
        <ele>3.49399</ele>
        <time>2025-08-06T10:56:28Z</time>
      </trkpt>
      <trkpt lat="22.5493847" lon="113.9557239">
        <ele>3.739</ele>
        <time>2025-08-06T10:56:30Z</time>
      </trkpt>
      <trkpt lat="22.5494324" lon="113.955733">
        <ele>3.792</ele>
        <time>2025-08-06T10:56:32Z</time>
      </trkpt>
      <trkpt lat="22.5494791" lon="113.9557428">
        <ele>3.022</ele>
        <time>2025-08-06T10:56:34Z</time>
      </trkpt>
      <trkpt lat="22.5495252" lon="113.9557522">
        <ele>2.832</ele>
        <time>2025-08-06T10:56:36Z</time>
      </trkpt>
      <trkpt lat="22.5495696" lon="113.955763">
        <ele>2.38599</ele>
        <time>2025-08-06T10:56:38Z</time>
      </trkpt>
      <trkpt lat="22.5496137" lon="113.9557732">
        <ele>2.16199</ele>
        <time>2025-08-06T10:56:40Z</time>
      </trkpt>
      <trkpt lat="22.5496578" lon="113.9557828">
        <ele>1.94799</ele>
        <time>2025-08-06T10:56:42Z</time>
      </trkpt>
      <trkpt lat="22.5497027" lon="113.955791">
        <ele>1.56299</ele>
        <time>2025-08-06T10:56:44Z</time>
      </trkpt>
      <trkpt lat="22.5497474" lon="113.9557996">
        <ele>3.301</ele>
        <time>2025-08-06T10:56:46Z</time>
      </trkpt>
      <trkpt lat="22.5497927" lon="113.9558071">
        <ele>3.058</ele>
        <time>2025-08-06T10:56:48Z</time>
      </trkpt>
      <trkpt lat="22.5498381" lon="113.9558137">
        <ele>2.69499</ele>
        <time>2025-08-06T10:56:50Z</time>
      </trkpt>
      <trkpt lat="22.5498835" lon="113.9558172">
        <ele>2.878</ele>
        <time>2025-08-06T10:56:52Z</time>
      </trkpt>
      <trkpt lat="22.5499283" lon="113.9558195">
        <ele>2.618</ele>
        <time>2025-08-06T10:56:54Z</time>
      </trkpt>
      <trkpt lat="22.5499741" lon="113.9558201">
        <ele>1.906</ele>
        <time>2025-08-06T10:56:56Z</time>
      </trkpt>
      <trkpt lat="22.5500203" lon="113.9558201">
        <ele>1.34</ele>
        <time>2025-08-06T10:56:58Z</time>
      </trkpt>
      <trkpt lat="22.5500668" lon="113.9558196">
        <ele>1.529</ele>
        <time>2025-08-06T10:57:00Z</time>
      </trkpt>
      <trkpt lat="22.5501133" lon="113.9558205">
        <ele>2.091</ele>
        <time>2025-08-06T10:57:02Z</time>
      </trkpt>
      <trkpt lat="22.55016" lon="113.9558211">
        <ele>2.55999</ele>
        <time>2025-08-06T10:57:04Z</time>
      </trkpt>
      <trkpt lat="22.5502067" lon="113.9558218">
        <ele>2.82999</ele>
        <time>2025-08-06T10:57:06Z</time>
      </trkpt>
      <trkpt lat="22.5502532" lon="113.9558217">
        <ele>3.523</ele>
        <time>2025-08-06T10:57:08Z</time>
      </trkpt>
      <trkpt lat="22.5502996" lon="113.95582">
        <ele>4.017</ele>
        <time>2025-08-06T10:57:10Z</time>
      </trkpt>
      <trkpt lat="22.5503464" lon="113.9558173">
        <ele>4.012</ele>
        <time>2025-08-06T10:57:12Z</time>
      </trkpt>
      <trkpt lat="22.5503936" lon="113.9558146">
        <ele>3.56999</ele>
        <time>2025-08-06T10:57:14Z</time>
      </trkpt>
      <trkpt lat="22.5504408" lon="113.9558114">
        <ele>3.644</ele>
        <time>2025-08-06T10:57:16Z</time>
      </trkpt>
      <trkpt lat="22.5504878" lon="113.9558083">
        <ele>4.21099</ele>
        <time>2025-08-06T10:57:18Z</time>
      </trkpt>
      <trkpt lat="22.5505346" lon="113.9558051">
        <ele>4.059</ele>
        <time>2025-08-06T10:57:20Z</time>
      </trkpt>
      <trkpt lat="22.550581" lon="113.9558008">
        <ele>3.74099</ele>
        <time>2025-08-06T10:57:22Z</time>
      </trkpt>
      <trkpt lat="22.5506272" lon="113.9557954">
        <ele>3.33999</ele>
        <time>2025-08-06T10:57:24Z</time>
      </trkpt>
      <trkpt lat="22.5506732" lon="113.9557881">
        <ele>3.917</ele>
        <time>2025-08-06T10:57:26Z</time>
      </trkpt>
      <trkpt lat="22.5507197" lon="113.9557802">
        <ele>4.66099</ele>
        <time>2025-08-06T10:57:28Z</time>
      </trkpt>
      <trkpt lat="22.5507663" lon="113.9557728">
        <ele>4.74599</ele>
        <time>2025-08-06T10:57:30Z</time>
      </trkpt>
      <trkpt lat="22.5508131" lon="113.9557639">
        <ele>4.847</ele>
        <time>2025-08-06T10:57:32Z</time>
      </trkpt>
      <trkpt lat="22.55086" lon="113.9557528">
        <ele>5.425</ele>
        <time>2025-08-06T10:57:34Z</time>
      </trkpt>
      <trkpt lat="22.5509069" lon="113.9557412">
        <ele>4.58799</ele>
        <time>2025-08-06T10:57:36Z</time>
      </trkpt>
      <trkpt lat="22.5509532" lon="113.9557277">
        <ele>4.972</ele>
        <time>2025-08-06T10:57:38Z</time>
      </trkpt>
      <trkpt lat="22.5509996" lon="113.9557132">
        <ele>4.71099</ele>
        <time>2025-08-06T10:57:40Z</time>
      </trkpt>
      <trkpt lat="22.5510461" lon="113.9557004">
        <ele>4.05</ele>
        <time>2025-08-06T10:57:42Z</time>
      </trkpt>
      <trkpt lat="22.5510926" lon="113.9556881">
        <ele>3.30999</ele>
        <time>2025-08-06T10:57:44Z</time>
      </trkpt>
      <trkpt lat="22.5511394" lon="113.9556769">
        <ele>3.24499</ele>
        <time>2025-08-06T10:57:46Z</time>
      </trkpt>
      <trkpt lat="22.5511868" lon="113.9556654">
        <ele>3.819</ele>
        <time>2025-08-06T10:57:48Z</time>
      </trkpt>
      <trkpt lat="22.551234" lon="113.9556541">
        <ele>5.45699</ele>
        <time>2025-08-06T10:57:50Z</time>
      </trkpt>
      <trkpt lat="22.5512801" lon="113.9556421">
        <ele>5.479</ele>
        <time>2025-08-06T10:57:52Z</time>
      </trkpt>
      <trkpt lat="22.5513258" lon="113.9556301">
        <ele>4.80299</ele>
        <time>2025-08-06T10:57:54Z</time>
      </trkpt>
      <trkpt lat="22.5513706" lon="113.9556156">
        <ele>5.479</ele>
        <time>2025-08-06T10:57:56Z</time>
      </trkpt>
      <trkpt lat="22.5514139" lon="113.9556014">
        <ele>5.425</ele>
        <time>2025-08-06T10:57:58Z</time>
      </trkpt>
      <trkpt lat="22.5514576" lon="113.9555865">
        <ele>5.295</ele>
        <time>2025-08-06T10:58:00Z</time>
      </trkpt>
      <trkpt lat="22.5515018" lon="113.9555705">
        <ele>5.82999</ele>
        <time>2025-08-06T10:58:02Z</time>
      </trkpt>
      <trkpt lat="22.5515461" lon="113.9555544">
        <ele>5.763</ele>
        <time>2025-08-06T10:58:04Z</time>
      </trkpt>
      <trkpt lat="22.5515914" lon="113.9555395">
        <ele>5.46</ele>
        <time>2025-08-06T10:58:06Z</time>
      </trkpt>
      <trkpt lat="22.5516376" lon="113.9555246">
        <ele>5.663</ele>
        <time>2025-08-06T10:58:08Z</time>
      </trkpt>
      <trkpt lat="22.5516834" lon="113.9555087">
        <ele>5.90399</ele>
        <time>2025-08-06T10:58:10Z</time>
      </trkpt>
      <trkpt lat="22.5517286" lon="113.9554917">
        <ele>6.06199</ele>
        <time>2025-08-06T10:58:12Z</time>
      </trkpt>
      <trkpt lat="22.5517735" lon="113.9554744">
        <ele>5.335</ele>
        <time>2025-08-06T10:58:15Z</time>
      </trkpt>
      <trkpt lat="22.5518173" lon="113.9554562">
        <ele>5.02799</ele>
        <time>2025-08-06T10:58:17Z</time>
      </trkpt>
      <trkpt lat="22.5518608" lon="113.9554376">
        <ele>6.17199</ele>
        <time>2025-08-06T10:58:19Z</time>
      </trkpt>
      <trkpt lat="22.5519042" lon="113.9554189">
        <ele>5.497</ele>
        <time>2025-08-06T10:58:21Z</time>
      </trkpt>
      <trkpt lat="22.5519474" lon="113.9554001">
        <ele>7.18499</ele>
        <time>2025-08-06T10:58:23Z</time>
      </trkpt>
      <trkpt lat="22.5519902" lon="113.9553805">
        <ele>7.73299</ele>
        <time>2025-08-06T10:58:25Z</time>
      </trkpt>
      <trkpt lat="22.552033" lon="113.9553594">
        <ele>8.76399</ele>
        <time>2025-08-06T10:58:26Z</time>
      </trkpt>
      <trkpt lat="22.5520749" lon="113.9553366">
        <ele>8.71599</ele>
        <time>2025-08-06T10:58:29Z</time>
      </trkpt>
      <trkpt lat="22.5521153" lon="113.9553114">
        <ele>8.66699</ele>
        <time>2025-08-06T10:58:30Z</time>
      </trkpt>
      <trkpt lat="22.552156" lon="113.9552857">
        <ele>8.01099</ele>
        <time>2025-08-06T10:58:32Z</time>
      </trkpt>
      <trkpt lat="22.5521972" lon="113.9552596">
        <ele>7.268</ele>
        <time>2025-08-06T10:58:34Z</time>
      </trkpt>
      <trkpt lat="22.5522388" lon="113.9552339">
        <ele>6.866</ele>
        <time>2025-08-06T10:58:37Z</time>
      </trkpt>
      <trkpt lat="22.5522811" lon="113.9552074">
        <ele>7.439</ele>
        <time>2025-08-06T10:58:39Z</time>
      </trkpt>
      <trkpt lat="22.5523239" lon="113.9551808">
        <ele>8.05</ele>
        <time>2025-08-06T10:58:41Z</time>
      </trkpt>
      <trkpt lat="22.5523643" lon="113.9551522">
        <ele>6.039</ele>
        <time>2025-08-06T10:58:43Z</time>
      </trkpt>
      <trkpt lat="22.5524015" lon="113.9551184">
        <ele>5.327</ele>
        <time>2025-08-06T10:58:45Z</time>
      </trkpt>
      <trkpt lat="22.552437" lon="113.9550831">
        <ele>3.77699</ele>
        <time>2025-08-06T10:58:46Z</time>
      </trkpt>
      <trkpt lat="22.5524695" lon="113.9550457">
        <ele>2.746</ele>
        <time>2025-08-06T10:58:48Z</time>
      </trkpt>
      <trkpt lat="22.5525017" lon="113.955009">
        <ele>1.595</ele>
        <time>2025-08-06T10:58:50Z</time>
      </trkpt>
      <trkpt lat="22.5525355" lon="113.9549737">
        <ele>0.10599</ele>
        <time>2025-08-06T10:58:52Z</time>
      </trkpt>
      <trkpt lat="22.5525716" lon="113.9549421">
        <ele>-0.11699</ele>
        <time>2025-08-06T10:58:54Z</time>
      </trkpt>
      <trkpt lat="22.5526082" lon="113.9549096">
        <ele>0.971</ele>
        <time>2025-08-06T10:58:56Z</time>
      </trkpt>
      <trkpt lat="22.5526466" lon="113.954879">
        <ele>1.88399</ele>
        <time>2025-08-06T10:58:58Z</time>
      </trkpt>
      <trkpt lat="22.5526851" lon="113.9548479">
        <ele>1.75199</ele>
        <time>2025-08-06T10:59:00Z</time>
      </trkpt>
      <trkpt lat="22.5527235" lon="113.9548158">
        <ele>2.18099</ele>
        <time>2025-08-06T10:59:02Z</time>
      </trkpt>
      <trkpt lat="22.5527614" lon="113.9547828">
        <ele>1.93799</ele>
        <time>2025-08-06T10:59:04Z</time>
      </trkpt>
      <trkpt lat="22.552799" lon="113.9547496">
        <ele>2.357</ele>
        <time>2025-08-06T10:59:06Z</time>
      </trkpt>
      <trkpt lat="22.5528371" lon="113.9547169">
        <ele>2.25</ele>
        <time>2025-08-06T10:59:08Z</time>
      </trkpt>
      <trkpt lat="22.5528761" lon="113.9546853">
        <ele>2.52699</ele>
        <time>2025-08-06T10:59:10Z</time>
      </trkpt>
      <trkpt lat="22.5529146" lon="113.9546541">
        <ele>1.73399</ele>
        <time>2025-08-06T10:59:12Z</time>
      </trkpt>
      <trkpt lat="22.552953" lon="113.9546226">
        <ele>2.28999</ele>
        <time>2025-08-06T10:59:14Z</time>
      </trkpt>
      <trkpt lat="22.5529916" lon="113.9545911">
        <ele>2.081</ele>
        <time>2025-08-06T10:59:16Z</time>
      </trkpt>
      <trkpt lat="22.5530295" lon="113.9545585">
        <ele>1.73599</ele>
        <time>2025-08-06T10:59:18Z</time>
      </trkpt>
      <trkpt lat="22.553066" lon="113.9545237">
        <ele>2.101</ele>
        <time>2025-08-06T10:59:20Z</time>
      </trkpt>
      <trkpt lat="22.5531023" lon="113.9544887">
        <ele>1.33</ele>
        <time>2025-08-06T10:59:22Z</time>
      </trkpt>
      <trkpt lat="22.5531388" lon="113.9544545">
        <ele>1.572</ele>
        <time>2025-08-06T10:59:25Z</time>
      </trkpt>
      <trkpt lat="22.5531751" lon="113.9544212">
        <ele>2.18899</ele>
        <time>2025-08-06T10:59:26Z</time>
      </trkpt>
      <trkpt lat="22.5532108" lon="113.9543883">
        <ele>2.12899</ele>
        <time>2025-08-06T10:59:28Z</time>
      </trkpt>
      <trkpt lat="22.5532467" lon="113.9543563">
        <ele>3.049</ele>
        <time>2025-08-06T10:59:30Z</time>
      </trkpt>
      <trkpt lat="22.5532826" lon="113.9543247">
        <ele>3.568</ele>
        <time>2025-08-06T10:59:32Z</time>
      </trkpt>
      <trkpt lat="22.5533196" lon="113.9542942">
        <ele>3.753</ele>
        <time>2025-08-06T10:59:34Z</time>
      </trkpt>
      <trkpt lat="22.5533574" lon="113.9542651">
        <ele>3.819</ele>
        <time>2025-08-06T10:59:36Z</time>
      </trkpt>
      <trkpt lat="22.5533964" lon="113.9542379">
        <ele>5.55399</ele>
        <time>2025-08-06T10:59:38Z</time>
      </trkpt>
      <trkpt lat="22.5534353" lon="113.9542119">
        <ele>6.184</ele>
        <time>2025-08-06T10:59:40Z</time>
      </trkpt>
      <trkpt lat="22.553474" lon="113.9541869">
        <ele>5.27699</ele>
        <time>2025-08-06T10:59:42Z</time>
      </trkpt>
      <trkpt lat="22.5535129" lon="113.9541623">
        <ele>5.03299</ele>
        <time>2025-08-06T10:59:44Z</time>
      </trkpt>
      <trkpt lat="22.5535503" lon="113.9541364">
        <ele>5.31199</ele>
        <time>2025-08-06T10:59:46Z</time>
      </trkpt>
      <trkpt lat="22.5535869" lon="113.9541107">
        <ele>5.62599</ele>
        <time>2025-08-06T10:59:48Z</time>
      </trkpt>
      <trkpt lat="22.5536245" lon="113.9540841">
        <ele>5.03499</ele>
        <time>2025-08-06T10:59:50Z</time>
      </trkpt>
      <trkpt lat="22.5536632" lon="113.9540566">
        <ele>4.872</ele>
        <time>2025-08-06T10:59:52Z</time>
      </trkpt>
      <trkpt lat="22.5536991" lon="113.9540283">
        <ele>4.55</ele>
        <time>2025-08-06T10:59:54Z</time>
      </trkpt>
      <trkpt lat="22.5537361" lon="113.9540011">
        <ele>4.677</ele>
        <time>2025-08-06T10:59:56Z</time>
      </trkpt>
      <trkpt lat="22.5537739" lon="113.953973">
        <ele>3.75</ele>
        <time>2025-08-06T10:59:58Z</time>
      </trkpt>
      <trkpt lat="22.5538124" lon="113.9539462">
        <ele>4.06599</ele>
        <time>2025-08-06T11:00:00Z</time>
      </trkpt>
      <trkpt lat="22.553851" lon="113.9539208">
        <ele>4.309</ele>
        <time>2025-08-06T11:00:02Z</time>
      </trkpt>
      <trkpt lat="22.5538913" lon="113.9538958">
        <ele>4.75799</ele>
        <time>2025-08-06T11:00:04Z</time>
      </trkpt>
      <trkpt lat="22.5539315" lon="113.9538701">
        <ele>5.788</ele>
        <time>2025-08-06T11:00:06Z</time>
      </trkpt>
      <trkpt lat="22.5539709" lon="113.953844">
        <ele>6.39799</ele>
        <time>2025-08-06T11:00:08Z</time>
      </trkpt>
      <trkpt lat="22.5540093" lon="113.9538187">
        <ele>7.03599</ele>
        <time>2025-08-06T11:00:10Z</time>
      </trkpt>
      <trkpt lat="22.5540485" lon="113.9537945">
        <ele>6.39599</ele>
        <time>2025-08-06T11:00:12Z</time>
      </trkpt>
      <trkpt lat="22.55409" lon="113.953771">
        <ele>5.79199</ele>
        <time>2025-08-06T11:00:14Z</time>
      </trkpt>
      <trkpt lat="22.5541335" lon="113.9537474">
        <ele>6.51</ele>
        <time>2025-08-06T11:00:16Z</time>
      </trkpt>
      <trkpt lat="22.5541797" lon="113.9537244">
        <ele>6.63199</ele>
        <time>2025-08-06T11:00:18Z</time>
      </trkpt>
      <trkpt lat="22.5542282" lon="113.9537007">
        <ele>6.585</ele>
        <time>2025-08-06T11:00:20Z</time>
      </trkpt>
      <trkpt lat="22.5542765" lon="113.9536765">
        <ele>7.26399</ele>
        <time>2025-08-06T11:00:22Z</time>
      </trkpt>
      <trkpt lat="22.5543199" lon="113.953653">
        <ele>7.802</ele>
        <time>2025-08-06T11:00:24Z</time>
      </trkpt>
      <trkpt lat="22.5543596" lon="113.9536298">
        <ele>8.27499</ele>
        <time>2025-08-06T11:00:26Z</time>
      </trkpt>
      <trkpt lat="22.5543981" lon="113.9536081">
        <ele>7.197</ele>
        <time>2025-08-06T11:00:28Z</time>
      </trkpt>
      <trkpt lat="22.5544357" lon="113.9535871">
        <ele>6.925</ele>
        <time>2025-08-06T11:00:30Z</time>
      </trkpt>
      <trkpt lat="22.554471" lon="113.953567">
        <ele>8.842</ele>
        <time>2025-08-06T11:00:32Z</time>
      </trkpt>
      <trkpt lat="22.5545092" lon="113.9535488">
        <ele>9.77799</ele>
        <time>2025-08-06T11:00:34Z</time>
      </trkpt>
      <trkpt lat="22.5545494" lon="113.9535311">
        <ele>8.04199</ele>
        <time>2025-08-06T11:00:36Z</time>
      </trkpt>
      <trkpt lat="22.554588" lon="113.9535136">
        <ele>8.48099</ele>
        <time>2025-08-06T11:00:38Z</time>
      </trkpt>
      <trkpt lat="22.5546269" lon="113.9534963">
        <ele>8.696</ele>
        <time>2025-08-06T11:00:40Z</time>
      </trkpt>
      <trkpt lat="22.5546658" lon="113.9534767">
        <ele>9.17399</ele>
        <time>2025-08-06T11:00:42Z</time>
      </trkpt>
      <trkpt lat="22.5547059" lon="113.9534553">
        <ele>9.05599</ele>
        <time>2025-08-06T11:00:44Z</time>
      </trkpt>
      <trkpt lat="22.554748" lon="113.9534367">
        <ele>8.92199</ele>
        <time>2025-08-06T11:00:46Z</time>
      </trkpt>
      <trkpt lat="22.5547915" lon="113.9534182">
        <ele>8.49499</ele>
        <time>2025-08-06T11:00:48Z</time>
      </trkpt>
      <trkpt lat="22.5548346" lon="113.9534">
        <ele>9.812</ele>
        <time>2025-08-06T11:00:50Z</time>
      </trkpt>
      <trkpt lat="22.5548788" lon="113.9533834">
        <ele>11.26399</ele>
        <time>2025-08-06T11:00:52Z</time>
      </trkpt>
      <trkpt lat="22.5549216" lon="113.9533676">
        <ele>11.182</ele>
        <time>2025-08-06T11:00:54Z</time>
      </trkpt>
      <trkpt lat="22.5549608" lon="113.9533504">
        <ele>10.461</ele>
        <time>2025-08-06T11:00:56Z</time>
      </trkpt>
      <trkpt lat="22.5549988" lon="113.9533343">
        <ele>11.135</ele>
        <time>2025-08-06T11:00:58Z</time>
      </trkpt>
      <trkpt lat="22.5550376" lon="113.9533196">
        <ele>8.618</ele>
        <time>2025-08-06T11:01:00Z</time>
      </trkpt>
      <trkpt lat="22.555079" lon="113.9533065">
        <ele>7.806</ele>
        <time>2025-08-06T11:01:02Z</time>
      </trkpt>
      <trkpt lat="22.5551224" lon="113.9532939">
        <ele>5.95599</ele>
        <time>2025-08-06T11:01:04Z</time>
      </trkpt>
      <trkpt lat="22.5551698" lon="113.9532838">
        <ele>4.94099</ele>
        <time>2025-08-06T11:01:06Z</time>
      </trkpt>
      <trkpt lat="22.5552185" lon="113.9532757">
        <ele>5.28299</ele>
        <time>2025-08-06T11:01:08Z</time>
      </trkpt>
      <trkpt lat="22.5552676" lon="113.9532691">
        <ele>7.131</ele>
        <time>2025-08-06T11:01:10Z</time>
      </trkpt>
      <trkpt lat="22.5553163" lon="113.9532637">
        <ele>7.27899</ele>
        <time>2025-08-06T11:01:12Z</time>
      </trkpt>
      <trkpt lat="22.555367" lon="113.9532599">
        <ele>6.64599</ele>
        <time>2025-08-06T11:01:14Z</time>
      </trkpt>
      <trkpt lat="22.5554184" lon="113.9532562">
        <ele>7.09899</ele>
        <time>2025-08-06T11:01:16Z</time>
      </trkpt>
      <trkpt lat="22.5554708" lon="113.9532539">
        <ele>6.826</ele>
        <time>2025-08-06T11:01:18Z</time>
      </trkpt>
      <trkpt lat="22.5555243" lon="113.9532536">
        <ele>5.636</ele>
        <time>2025-08-06T11:01:20Z</time>
      </trkpt>
      <trkpt lat="22.555578" lon="113.9532549">
        <ele>5.25799</ele>
        <time>2025-08-06T11:01:22Z</time>
      </trkpt>
      <trkpt lat="22.5556309" lon="113.9532567">
        <ele>5.28</ele>
        <time>2025-08-06T11:01:24Z</time>
      </trkpt>
      <trkpt lat="22.5556846" lon="113.9532597">
        <ele>6.414</ele>
        <time>2025-08-06T11:01:26Z</time>
      </trkpt>
      <trkpt lat="22.5557384" lon="113.9532612">
        <ele>5.62699</ele>
        <time>2025-08-06T11:01:28Z</time>
      </trkpt>
      <trkpt lat="22.5557914" lon="113.9532606">
        <ele>5.492</ele>
        <time>2025-08-06T11:01:30Z</time>
      </trkpt>
      <trkpt lat="22.5558437" lon="113.9532589">
        <ele>5.79899</ele>
        <time>2025-08-06T11:01:32Z</time>
      </trkpt>
      <trkpt lat="22.5558944" lon="113.9532569">
        <ele>6.75099</ele>
        <time>2025-08-06T11:01:34Z</time>
      </trkpt>
      <trkpt lat="22.5559423" lon="113.9532525">
        <ele>6.84999</ele>
        <time>2025-08-06T11:01:36Z</time>
      </trkpt>
      <trkpt lat="22.5559873" lon="113.9532464">
        <ele>7.33699</ele>
        <time>2025-08-06T11:01:38Z</time>
      </trkpt>
      <trkpt lat="22.5560327" lon="113.9532406">
        <ele>5.38399</ele>
        <time>2025-08-06T11:01:40Z</time>
      </trkpt>
      <trkpt lat="22.5560785" lon="113.9532359">
        <ele>4.263</ele>
        <time>2025-08-06T11:01:42Z</time>
      </trkpt>
      <trkpt lat="22.5561239" lon="113.9532315">
        <ele>5.263</ele>
        <time>2025-08-06T11:01:44Z</time>
      </trkpt>
      <trkpt lat="22.5561672" lon="113.9532291">
        <ele>5.19099</ele>
        <time>2025-08-06T11:01:46Z</time>
      </trkpt>
      <trkpt lat="22.5562101" lon="113.9532282">
        <ele>3.05399</ele>
        <time>2025-08-06T11:01:48Z</time>
      </trkpt>
      <trkpt lat="22.5562487" lon="113.9532264">
        <ele>3.14</ele>
        <time>2025-08-06T11:01:50Z</time>
      </trkpt>
      <trkpt lat="22.5562845" lon="113.9532268">
        <ele>2.99</ele>
        <time>2025-08-06T11:01:52Z</time>
      </trkpt>
      <trkpt lat="22.5563178" lon="113.9532301">
        <ele>1.76499</ele>
        <time>2025-08-06T11:01:54Z</time>
      </trkpt>
      <trkpt lat="22.5563552" lon="113.953232">
        <ele>-1.873</ele>
        <time>2025-08-06T11:01:56Z</time>
      </trkpt>
      <trkpt lat="22.5563948" lon="113.9532341">
        <ele>-4.11399</ele>
        <time>2025-08-06T11:01:58Z</time>
      </trkpt>
      <trkpt lat="22.5564374" lon="113.953238">
        <ele>-8.41499</ele>
        <time>2025-08-06T11:02:00Z</time>
      </trkpt>
      <trkpt lat="22.5564859" lon="113.9532397">
        <ele>-8.281</ele>
        <time>2025-08-06T11:02:02Z</time>
      </trkpt>
      <trkpt lat="22.5565368" lon="113.9532369">
        <ele>-5.86299</ele>
        <time>2025-08-06T11:02:04Z</time>
      </trkpt>
      <trkpt lat="22.5565904" lon="113.9532346">
        <ele>-4.341</ele>
        <time>2025-08-06T11:02:06Z</time>
      </trkpt>
      <trkpt lat="22.5566474" lon="113.9532321">
        <ele>-5.741</ele>
        <time>2025-08-06T11:02:08Z</time>
      </trkpt>
      <trkpt lat="22.5567105" lon="113.9532288">
        <ele>-5.247</ele>
        <time>2025-08-06T11:02:10Z</time>
      </trkpt>
      <trkpt lat="22.5567745" lon="113.9532242">
        <ele>-3.57599</ele>
        <time>2025-08-06T11:02:12Z</time>
      </trkpt>
      <trkpt lat="22.556842" lon="113.9532214">
        <ele>-0.563</ele>
        <time>2025-08-06T11:02:14Z</time>
      </trkpt>
      <trkpt lat="22.5569077" lon="113.9532197">
        <ele>0.44299</ele>
        <time>2025-08-06T11:02:16Z</time>
      </trkpt>
      <trkpt lat="22.5569701" lon="113.9532197">
        <ele>2.01999</ele>
        <time>2025-08-06T11:02:18Z</time>
      </trkpt>
      <trkpt lat="22.5570254" lon="113.9532176">
        <ele>2.43899</ele>
        <time>2025-08-06T11:02:20Z</time>
      </trkpt>
      <trkpt lat="22.5570774" lon="113.9532157">
        <ele>2.26399</ele>
        <time>2025-08-06T11:02:22Z</time>
      </trkpt>
      <trkpt lat="22.5571266" lon="113.953215">
        <ele>1.355</ele>
        <time>2025-08-06T11:02:24Z</time>
      </trkpt>
      <trkpt lat="22.5571746" lon="113.953213">
        <ele>1.60399</ele>
        <time>2025-08-06T11:02:26Z</time>
      </trkpt>
      <trkpt lat="22.5572223" lon="113.9532097">
        <ele>4.38999</ele>
        <time>2025-08-06T11:02:28Z</time>
      </trkpt>
      <trkpt lat="22.5572696" lon="113.9532122">
        <ele>5.50099</ele>
        <time>2025-08-06T11:02:30Z</time>
      </trkpt>
      <trkpt lat="22.5573156" lon="113.9532178">
        <ele>6.06199</ele>
        <time>2025-08-06T11:02:32Z</time>
      </trkpt>
      <trkpt lat="22.5573619" lon="113.9532232">
        <ele>5.124</ele>
        <time>2025-08-06T11:02:34Z</time>
      </trkpt>
      <trkpt lat="22.5574097" lon="113.9532284">
        <ele>5.06199</ele>
        <time>2025-08-06T11:02:36Z</time>
      </trkpt>
      <trkpt lat="22.5574588" lon="113.9532353">
        <ele>6.73199</ele>
        <time>2025-08-06T11:02:38Z</time>
      </trkpt>
      <trkpt lat="22.5575107" lon="113.9532365">
        <ele>8.182</ele>
        <time>2025-08-06T11:02:40Z</time>
      </trkpt>
      <trkpt lat="22.5575644" lon="113.9532357">
        <ele>9.17099</ele>
        <time>2025-08-06T11:02:42Z</time>
      </trkpt>
      <trkpt lat="22.5576166" lon="113.9532343">
        <ele>8.49899</ele>
        <time>2025-08-06T11:02:44Z</time>
      </trkpt>
      <trkpt lat="22.5576664" lon="113.9532356">
        <ele>9.215</ele>
        <time>2025-08-06T11:02:46Z</time>
      </trkpt>
      <trkpt lat="22.5577173" lon="113.9532368">
        <ele>8.65499</ele>
        <time>2025-08-06T11:02:48Z</time>
      </trkpt>
      <trkpt lat="22.5577691" lon="113.9532418">
        <ele>7.51999</ele>
        <time>2025-08-06T11:02:50Z</time>
      </trkpt>
      <trkpt lat="22.5578208" lon="113.9532475">
        <ele>8.317</ele>
        <time>2025-08-06T11:02:52Z</time>
      </trkpt>
      <trkpt lat="22.5578747" lon="113.9532543">
        <ele>8.99699</ele>
        <time>2025-08-06T11:02:54Z</time>
      </trkpt>
      <trkpt lat="22.5579303" lon="113.9532587">
        <ele>8.76</ele>
        <time>2025-08-06T11:02:56Z</time>
      </trkpt>
      <trkpt lat="22.5579852" lon="113.9532627">
        <ele>9.65799</ele>
        <time>2025-08-06T11:02:58Z</time>
      </trkpt>
      <trkpt lat="22.55804" lon="113.953266">
        <ele>8.812</ele>
        <time>2025-08-06T11:03:00Z</time>
      </trkpt>
      <trkpt lat="22.5580924" lon="113.9532719">
        <ele>8.97299</ele>
        <time>2025-08-06T11:03:02Z</time>
      </trkpt>
      <trkpt lat="22.5581457" lon="113.9532736">
        <ele>8.45699</ele>
        <time>2025-08-06T11:03:04Z</time>
      </trkpt>
      <trkpt lat="22.5581986" lon="113.9532754">
        <ele>8.74199</ele>
        <time>2025-08-06T11:03:06Z</time>
      </trkpt>
      <trkpt lat="22.5582498" lon="113.9532748">
        <ele>7.54099</ele>
        <time>2025-08-06T11:03:08Z</time>
      </trkpt>
      <trkpt lat="22.5582981" lon="113.9532711">
        <ele>7.19099</ele>
        <time>2025-08-06T11:03:10Z</time>
      </trkpt>
      <trkpt lat="22.5583482" lon="113.9532621">
        <ele>6.14599</ele>
        <time>2025-08-06T11:03:12Z</time>
      </trkpt>
      <trkpt lat="22.5583951" lon="113.9532531">
        <ele>4.99599</ele>
        <time>2025-08-06T11:03:14Z</time>
      </trkpt>
      <trkpt lat="22.5584416" lon="113.9532426">
        <ele>5.62699</ele>
        <time>2025-08-06T11:03:16Z</time>
      </trkpt>
      <trkpt lat="22.5584892" lon="113.9532343">
        <ele>4.93499</ele>
        <time>2025-08-06T11:03:18Z</time>
      </trkpt>
      <trkpt lat="22.5585384" lon="113.9532299">
        <ele>4.47399</ele>
        <time>2025-08-06T11:03:20Z</time>
      </trkpt>
      <trkpt lat="22.5585879" lon="113.9532278">
        <ele>4.71299</ele>
        <time>2025-08-06T11:03:22Z</time>
      </trkpt>
      <trkpt lat="22.5586389" lon="113.9532288">
        <ele>5.993</ele>
        <time>2025-08-06T11:03:24Z</time>
      </trkpt>
      <trkpt lat="22.5586891" lon="113.9532342">
        <ele>6.21899</ele>
        <time>2025-08-06T11:03:26Z</time>
      </trkpt>
      <trkpt lat="22.5587382" lon="113.9532404">
        <ele>6.85799</ele>
        <time>2025-08-06T11:03:28Z</time>
      </trkpt>
      <trkpt lat="22.5587861" lon="113.9532446">
        <ele>6.25899</ele>
        <time>2025-08-06T11:03:30Z</time>
      </trkpt>
      <trkpt lat="22.5588332" lon="113.953248">
        <ele>5.905</ele>
        <time>2025-08-06T11:03:32Z</time>
      </trkpt>
      <trkpt lat="22.5588791" lon="113.9532522">
        <ele>4.491</ele>
        <time>2025-08-06T11:03:34Z</time>
      </trkpt>
      <trkpt lat="22.5589255" lon="113.9532542">
        <ele>4.39599</ele>
        <time>2025-08-06T11:03:36Z</time>
      </trkpt>
      <trkpt lat="22.5589729" lon="113.9532559">
        <ele>4.38399</ele>
        <time>2025-08-06T11:03:38Z</time>
      </trkpt>
      <trkpt lat="22.5590214" lon="113.9532577">
        <ele>4.089</ele>
        <time>2025-08-06T11:03:40Z</time>
      </trkpt>
      <trkpt lat="22.5590707" lon="113.9532592">
        <ele>4.42299</ele>
        <time>2025-08-06T11:03:42Z</time>
      </trkpt>
      <trkpt lat="22.5591217" lon="113.9532609">
        <ele>4.77799</ele>
        <time>2025-08-06T11:03:44Z</time>
      </trkpt>
      <trkpt lat="22.5591729" lon="113.9532616">
        <ele>4.809</ele>
        <time>2025-08-06T11:03:46Z</time>
      </trkpt>
      <trkpt lat="22.5592247" lon="113.9532619">
        <ele>5.35099</ele>
        <time>2025-08-06T11:03:48Z</time>
      </trkpt>
      <trkpt lat="22.5592763" lon="113.9532627">
        <ele>4.589</ele>
        <time>2025-08-06T11:03:50Z</time>
      </trkpt>
      <trkpt lat="22.5593269" lon="113.953265">
        <ele>5.8</ele>
        <time>2025-08-06T11:03:52Z</time>
      </trkpt>
      <trkpt lat="22.5593768" lon="113.9532655">
        <ele>6.25199</ele>
        <time>2025-08-06T11:03:54Z</time>
      </trkpt>
      <trkpt lat="22.5594275" lon="113.9532679">
        <ele>7.931</ele>
        <time>2025-08-06T11:03:56Z</time>
      </trkpt>
      <trkpt lat="22.5594775" lon="113.9532706">
        <ele>9.109</ele>
        <time>2025-08-06T11:03:58Z</time>
      </trkpt>
      <trkpt lat="22.5595278" lon="113.9532719">
        <ele>9.38899</ele>
        <time>2025-08-06T11:04:00Z</time>
      </trkpt>
      <trkpt lat="22.5595777" lon="113.9532684">
        <ele>10.52499</ele>
        <time>2025-08-06T11:04:02Z</time>
      </trkpt>
      <trkpt lat="22.5596269" lon="113.9532616">
        <ele>10.494</ele>
        <time>2025-08-06T11:04:04Z</time>
      </trkpt>
      <trkpt lat="22.5596752" lon="113.953252">
        <ele>8.427</ele>
        <time>2025-08-06T11:04:06Z</time>
      </trkpt>
      <trkpt lat="22.5597245" lon="113.9532414">
        <ele>7.63899</ele>
        <time>2025-08-06T11:04:08Z</time>
      </trkpt>
      <trkpt lat="22.5597743" lon="113.9532324">
        <ele>8.302</ele>
        <time>2025-08-06T11:04:10Z</time>
      </trkpt>
      <trkpt lat="22.5598257" lon="113.9532275">
        <ele>8.739</ele>
        <time>2025-08-06T11:04:12Z</time>
      </trkpt>
      <trkpt lat="22.5598771" lon="113.9532293">
        <ele>8.812</ele>
        <time>2025-08-06T11:04:14Z</time>
      </trkpt>
      <trkpt lat="22.5599273" lon="113.953235">
        <ele>8.16899</ele>
        <time>2025-08-06T11:04:16Z</time>
      </trkpt>
      <trkpt lat="22.5599764" lon="113.9532425">
        <ele>6.492</ele>
        <time>2025-08-06T11:04:18Z</time>
      </trkpt>
      <trkpt lat="22.5600256" lon="113.95325">
        <ele>5.446</ele>
        <time>2025-08-06T11:04:20Z</time>
      </trkpt>
      <trkpt lat="22.5600744" lon="113.9532573">
        <ele>6.11999</ele>
        <time>2025-08-06T11:04:22Z</time>
      </trkpt>
      <trkpt lat="22.5601245" lon="113.9532631">
        <ele>4.136</ele>
        <time>2025-08-06T11:04:24Z</time>
      </trkpt>
      <trkpt lat="22.5601759" lon="113.9532686">
        <ele>3.841</ele>
        <time>2025-08-06T11:04:26Z</time>
      </trkpt>
      <trkpt lat="22.5602271" lon="113.9532729">
        <ele>5.072</ele>
        <time>2025-08-06T11:04:28Z</time>
      </trkpt>
      <trkpt lat="22.5602772" lon="113.9532771">
        <ele>4.91099</ele>
        <time>2025-08-06T11:04:30Z</time>
      </trkpt>
      <trkpt lat="22.5603269" lon="113.9532817">
        <ele>4.69199</ele>
        <time>2025-08-06T11:04:32Z</time>
      </trkpt>
      <trkpt lat="22.5603759" lon="113.9532874">
        <ele>4.90799</ele>
        <time>2025-08-06T11:04:34Z</time>
      </trkpt>
      <trkpt lat="22.5604246" lon="113.9532933">
        <ele>4.45399</ele>
        <time>2025-08-06T11:04:36Z</time>
      </trkpt>
      <trkpt lat="22.560474" lon="113.9532989">
        <ele>5.35099</ele>
        <time>2025-08-06T11:04:38Z</time>
      </trkpt>
      <trkpt lat="22.5605235" lon="113.953304">
        <ele>5.75699</ele>
        <time>2025-08-06T11:04:40Z</time>
      </trkpt>
      <trkpt lat="22.5605742" lon="113.9533093">
        <ele>5.405</ele>
        <time>2025-08-06T11:04:42Z</time>
      </trkpt>
      <trkpt lat="22.5606277" lon="113.9533123">
        <ele>5.334</ele>
        <time>2025-08-06T11:04:44Z</time>
      </trkpt>
      <trkpt lat="22.5606823" lon="113.9533149">
        <ele>5.44999</ele>
        <time>2025-08-06T11:04:46Z</time>
      </trkpt>
      <trkpt lat="22.5607356" lon="113.9533158">
        <ele>6.07899</ele>
        <time>2025-08-06T11:04:48Z</time>
      </trkpt>
      <trkpt lat="22.5607861" lon="113.953319">
        <ele>7.215</ele>
        <time>2025-08-06T11:04:50Z</time>
      </trkpt>
      <trkpt lat="22.5608374" lon="113.9533204">
        <ele>7.43499</ele>
        <time>2025-08-06T11:04:52Z</time>
      </trkpt>
      <trkpt lat="22.5608875" lon="113.9533224">
        <ele>7.97399</ele>
        <time>2025-08-06T11:04:54Z</time>
      </trkpt>
      <trkpt lat="22.5609373" lon="113.9533223">
        <ele>8.378</ele>
        <time>2025-08-06T11:04:56Z</time>
      </trkpt>
      <trkpt lat="22.5609886" lon="113.9533255">
        <ele>8.10099</ele>
        <time>2025-08-06T11:04:58Z</time>
      </trkpt>
      <trkpt lat="22.5610405" lon="113.9533262">
        <ele>8.689</ele>
        <time>2025-08-06T11:05:00Z</time>
      </trkpt>
      <trkpt lat="22.5610915" lon="113.9533291">
        <ele>8.76099</ele>
        <time>2025-08-06T11:05:02Z</time>
      </trkpt>
      <trkpt lat="22.5611416" lon="113.9533325">
        <ele>8.35299</ele>
        <time>2025-08-06T11:05:04Z</time>
      </trkpt>
      <trkpt lat="22.561191" lon="113.9533377">
        <ele>8.482</ele>
        <time>2025-08-06T11:05:06Z</time>
      </trkpt>
      <trkpt lat="22.5612404" lon="113.9533412">
        <ele>9.432</ele>
        <time>2025-08-06T11:05:08Z</time>
      </trkpt>
      <trkpt lat="22.5612922" lon="113.9533462">
        <ele>10.715</ele>
        <time>2025-08-06T11:05:10Z</time>
      </trkpt>
      <trkpt lat="22.5613432" lon="113.9533498">
        <ele>10.39099</ele>
        <time>2025-08-06T11:05:12Z</time>
      </trkpt>
      <trkpt lat="22.5613915" lon="113.9533524">
        <ele>11.581</ele>
        <time>2025-08-06T11:05:14Z</time>
      </trkpt>
      <trkpt lat="22.5614385" lon="113.953353">
        <ele>10.42</ele>
        <time>2025-08-06T11:05:16Z</time>
      </trkpt>
      <trkpt lat="22.5614858" lon="113.9533541">
        <ele>10.39599</ele>
        <time>2025-08-06T11:05:18Z</time>
      </trkpt>
      <trkpt lat="22.5615345" lon="113.9533551">
        <ele>10.64</ele>
        <time>2025-08-06T11:05:20Z</time>
      </trkpt>
      <trkpt lat="22.5615854" lon="113.953358">
        <ele>10.548</ele>
        <time>2025-08-06T11:05:22Z</time>
      </trkpt>
      <trkpt lat="22.5616381" lon="113.9533626">
        <ele>10.361</ele>
        <time>2025-08-06T11:05:24Z</time>
      </trkpt>
      <trkpt lat="22.5616886" lon="113.9533658">
        <ele>11.31299</ele>
        <time>2025-08-06T11:05:26Z</time>
      </trkpt>
      <trkpt lat="22.5617366" lon="113.9533678">
        <ele>11.722</ele>
        <time>2025-08-06T11:05:28Z</time>
      </trkpt>
      <trkpt lat="22.5617809" lon="113.9533695">
        <ele>10.878</ele>
        <time>2025-08-06T11:05:30Z</time>
      </trkpt>
      <trkpt lat="22.5618225" lon="113.9533699">
        <ele>10.70499</ele>
        <time>2025-08-06T11:05:32Z</time>
      </trkpt>
      <trkpt lat="22.5618658" lon="113.9533682">
        <ele>11.302</ele>
        <time>2025-08-06T11:05:34Z</time>
      </trkpt>
      <trkpt lat="22.5619143" lon="113.9533662">
        <ele>10.05599</ele>
        <time>2025-08-06T11:05:36Z</time>
      </trkpt>
      <trkpt lat="22.561966" lon="113.9533632">
        <ele>7.664</ele>
        <time>2025-08-06T11:05:38Z</time>
      </trkpt>
      <trkpt lat="22.5620223" lon="113.9533593">
        <ele>7.48099</ele>
        <time>2025-08-06T11:05:40Z</time>
      </trkpt>
      <trkpt lat="22.5620817" lon="113.9533555">
        <ele>6.44099</ele>
        <time>2025-08-06T11:05:42Z</time>
      </trkpt>
      <trkpt lat="22.5621399" lon="113.9533517">
        <ele>7.006</ele>
        <time>2025-08-06T11:05:44Z</time>
      </trkpt>
      <trkpt lat="22.562197" lon="113.9533519">
        <ele>8.14599</ele>
        <time>2025-08-06T11:05:46Z</time>
      </trkpt>
      <trkpt lat="22.5622527" lon="113.9533553">
        <ele>8.486</ele>
        <time>2025-08-06T11:05:48Z</time>
      </trkpt>
      <trkpt lat="22.5623069" lon="113.9533593">
        <ele>9.159</ele>
        <time>2025-08-06T11:05:50Z</time>
      </trkpt>
      <trkpt lat="22.5623596" lon="113.9533624">
        <ele>9.958</ele>
        <time>2025-08-06T11:05:52Z</time>
      </trkpt>
      <trkpt lat="22.5624121" lon="113.9533641">
        <ele>10.828</ele>
        <time>2025-08-06T11:05:54Z</time>
      </trkpt>
      <trkpt lat="22.5624635" lon="113.9533614">
        <ele>10.239</ele>
        <time>2025-08-06T11:05:56Z</time>
      </trkpt>
      <trkpt lat="22.5625153" lon="113.953354">
        <ele>9.078</ele>
        <time>2025-08-06T11:05:58Z</time>
      </trkpt>
      <trkpt lat="22.5625653" lon="113.9533437">
        <ele>7.82899</ele>
        <time>2025-08-06T11:06:00Z</time>
      </trkpt>
      <trkpt lat="22.5626123" lon="113.9533315">
        <ele>7.79699</ele>
        <time>2025-08-06T11:06:02Z</time>
      </trkpt>
      <trkpt lat="22.5626577" lon="113.9533203">
        <ele>7.39799</ele>
        <time>2025-08-06T11:06:04Z</time>
      </trkpt>
      <trkpt lat="22.5627023" lon="113.953311">
        <ele>4.77899</ele>
        <time>2025-08-06T11:06:06Z</time>
      </trkpt>
      <trkpt lat="22.5627463" lon="113.9533044">
        <ele>4.36299</ele>
        <time>2025-08-06T11:06:08Z</time>
      </trkpt>
      <trkpt lat="22.5627923" lon="113.9533012">
        <ele>4.637</ele>
        <time>2025-08-06T11:06:10Z</time>
      </trkpt>
      <trkpt lat="22.5628413" lon="113.9533004">
        <ele>5.48999</ele>
        <time>2025-08-06T11:06:12Z</time>
      </trkpt>
      <trkpt lat="22.562888" lon="113.9533008">
        <ele>7.181</ele>
        <time>2025-08-06T11:06:14Z</time>
      </trkpt>
      <trkpt lat="22.5629321" lon="113.9533">
        <ele>7.78</ele>
        <time>2025-08-06T11:06:16Z</time>
      </trkpt>
      <trkpt lat="22.5629778" lon="113.9532991">
        <ele>8.85599</ele>
        <time>2025-08-06T11:06:18Z</time>
      </trkpt>
      <trkpt lat="22.5630248" lon="113.953297">
        <ele>9.559</ele>
        <time>2025-08-06T11:06:20Z</time>
      </trkpt>
      <trkpt lat="22.5630735" lon="113.9532959">
        <ele>8.934</ele>
        <time>2025-08-06T11:06:22Z</time>
      </trkpt>
      <trkpt lat="22.5631246" lon="113.9532943">
        <ele>8.578</ele>
        <time>2025-08-06T11:06:24Z</time>
      </trkpt>
      <trkpt lat="22.5631797" lon="113.9532937">
        <ele>9.659</ele>
        <time>2025-08-06T11:06:26Z</time>
      </trkpt>
      <trkpt lat="22.5632334" lon="113.9532907">
        <ele>8.90499</ele>
        <time>2025-08-06T11:06:28Z</time>
      </trkpt>
      <trkpt lat="22.5632856" lon="113.9532894">
        <ele>7.84299</ele>
        <time>2025-08-06T11:06:30Z</time>
      </trkpt>
      <trkpt lat="22.5633379" lon="113.9532886">
        <ele>6.261</ele>
        <time>2025-08-06T11:06:32Z</time>
      </trkpt>
      <trkpt lat="22.5633938" lon="113.9532883">
        <ele>6.87099</ele>
        <time>2025-08-06T11:06:34Z</time>
      </trkpt>
      <trkpt lat="22.5634504" lon="113.9532894">
        <ele>7.026</ele>
        <time>2025-08-06T11:06:36Z</time>
      </trkpt>
      <trkpt lat="22.563507" lon="113.9532921">
        <ele>7.21999</ele>
        <time>2025-08-06T11:06:38Z</time>
      </trkpt>
      <trkpt lat="22.5635609" lon="113.9532916">
        <ele>7.26999</ele>
        <time>2025-08-06T11:06:40Z</time>
      </trkpt>
      <trkpt lat="22.5636092" lon="113.9532876">
        <ele>7.88199</ele>
        <time>2025-08-06T11:06:42Z</time>
      </trkpt>
      <trkpt lat="22.5636537" lon="113.9532833">
        <ele>8.13199</ele>
        <time>2025-08-06T11:06:44Z</time>
      </trkpt>
      <trkpt lat="22.5636945" lon="113.9532812">
        <ele>7.55299</ele>
        <time>2025-08-06T11:06:46Z</time>
      </trkpt>
      <trkpt lat="22.563732" lon="113.9532815">
        <ele>7.631</ele>
        <time>2025-08-06T11:06:48Z</time>
      </trkpt>
      <trkpt lat="22.5637714" lon="113.953284">
        <ele>7.142</ele>
        <time>2025-08-06T11:06:50Z</time>
      </trkpt>
      <trkpt lat="22.5638142" lon="113.9532869">
        <ele>6.591</ele>
        <time>2025-08-06T11:06:52Z</time>
      </trkpt>
      <trkpt lat="22.5638648" lon="113.953289">
        <ele>4.504</ele>
        <time>2025-08-06T11:06:54Z</time>
      </trkpt>
      <trkpt lat="22.5639199" lon="113.9532875">
        <ele>5.11499</ele>
        <time>2025-08-06T11:06:56Z</time>
      </trkpt>
      <trkpt lat="22.5639768" lon="113.9532794">
        <ele>4.90199</ele>
        <time>2025-08-06T11:06:58Z</time>
      </trkpt>
      <trkpt lat="22.5640371" lon="113.9532722">
        <ele>5.151</ele>
        <time>2025-08-06T11:07:00Z</time>
      </trkpt>
      <trkpt lat="22.5640975" lon="113.9532654">
        <ele>5.04799</ele>
        <time>2025-08-06T11:07:02Z</time>
      </trkpt>
      <trkpt lat="22.5641477" lon="113.9532596">
        <ele>6.63299</ele>
        <time>2025-08-06T11:07:04Z</time>
      </trkpt>
      <trkpt lat="22.5641938" lon="113.9532533">
        <ele>9.34399</ele>
        <time>2025-08-06T11:07:06Z</time>
      </trkpt>
      <trkpt lat="22.5642396" lon="113.953248">
        <ele>10.092</ele>
        <time>2025-08-06T11:07:08Z</time>
      </trkpt>
      <trkpt lat="22.5642811" lon="113.9532376">
        <ele>7.14799</ele>
        <time>2025-08-06T11:07:10Z</time>
      </trkpt>
      <trkpt lat="22.5643243" lon="113.9532248">
        <ele>11.02799</ele>
        <time>2025-08-06T11:07:12Z</time>
      </trkpt>
      <trkpt lat="22.5643688" lon="113.9532097">
        <ele>10.77</ele>
        <time>2025-08-06T11:07:14Z</time>
      </trkpt>
      <trkpt lat="22.5644131" lon="113.9531957">
        <ele>6.69999</ele>
        <time>2025-08-06T11:07:16Z</time>
      </trkpt>
      <trkpt lat="22.564458" lon="113.953187">
        <ele>3.16599</ele>
        <time>2025-08-06T11:07:18Z</time>
      </trkpt>
      <trkpt lat="22.5645091" lon="113.9531863">
        <ele>-0.28099</ele>
        <time>2025-08-06T11:07:20Z</time>
      </trkpt>
      <trkpt lat="22.5645637" lon="113.9531906">
        <ele>0.141</ele>
        <time>2025-08-06T11:07:22Z</time>
      </trkpt>
      <trkpt lat="22.5646278" lon="113.9531974">
        <ele>-1.13999</ele>
        <time>2025-08-06T11:07:24Z</time>
      </trkpt>
      <trkpt lat="22.5646985" lon="113.953204">
        <ele>-1.66299</ele>
        <time>2025-08-06T11:07:26Z</time>
      </trkpt>
      <trkpt lat="22.564772" lon="113.9532088">
        <ele>0.523</ele>
        <time>2025-08-06T11:07:28Z</time>
      </trkpt>
      <trkpt lat="22.5648402" lon="113.9532094">
        <ele>2.229</ele>
        <time>2025-08-06T11:07:30Z</time>
      </trkpt>
      <trkpt lat="22.5649039" lon="113.9532083">
        <ele>2.604</ele>
        <time>2025-08-06T11:07:32Z</time>
      </trkpt>
      <trkpt lat="22.5649612" lon="113.9532075">
        <ele>3.40199</ele>
        <time>2025-08-06T11:07:34Z</time>
      </trkpt>
      <trkpt lat="22.5650181" lon="113.953209">
        <ele>3.864</ele>
        <time>2025-08-06T11:07:36Z</time>
      </trkpt>
      <trkpt lat="22.5650756" lon="113.9532126">
        <ele>4.09899</ele>
        <time>2025-08-06T11:07:38Z</time>
      </trkpt>
      <trkpt lat="22.5651341" lon="113.9532176">
        <ele>5.822</ele>
        <time>2025-08-06T11:07:40Z</time>
      </trkpt>
      <trkpt lat="22.5651918" lon="113.9532214">
        <ele>5.92399</ele>
        <time>2025-08-06T11:07:42Z</time>
      </trkpt>
      <trkpt lat="22.5652479" lon="113.9532234">
        <ele>5.44199</ele>
        <time>2025-08-06T11:07:44Z</time>
      </trkpt>
      <trkpt lat="22.5653001" lon="113.9532238">
        <ele>4.82499</ele>
        <time>2025-08-06T11:07:46Z</time>
      </trkpt>
      <trkpt lat="22.5653506" lon="113.9532205">
        <ele>4.912</ele>
        <time>2025-08-06T11:07:48Z</time>
      </trkpt>
      <trkpt lat="22.5654" lon="113.953214">
        <ele>4.61</ele>
        <time>2025-08-06T11:07:50Z</time>
      </trkpt>
      <trkpt lat="22.5654496" lon="113.9532101">
        <ele>4.405</ele>
        <time>2025-08-06T11:07:52Z</time>
      </trkpt>
      <trkpt lat="22.5655009" lon="113.9532082">
        <ele>4.94399</ele>
        <time>2025-08-06T11:07:54Z</time>
      </trkpt>
      <trkpt lat="22.5655527" lon="113.9532074">
        <ele>5.24399</ele>
        <time>2025-08-06T11:07:56Z</time>
      </trkpt>
      <trkpt lat="22.565605" lon="113.9532089">
        <ele>5.118</ele>
        <time>2025-08-06T11:07:58Z</time>
      </trkpt>
      <trkpt lat="22.5656593" lon="113.9532129">
        <ele>5.40999</ele>
        <time>2025-08-06T11:08:00Z</time>
      </trkpt>
      <trkpt lat="22.5657154" lon="113.9532164">
        <ele>5.61999</ele>
        <time>2025-08-06T11:08:02Z</time>
      </trkpt>
      <trkpt lat="22.5657711" lon="113.95322">
        <ele>6.69299</ele>
        <time>2025-08-06T11:08:04Z</time>
      </trkpt>
      <trkpt lat="22.5658253" lon="113.9532251">
        <ele>7.584</ele>
        <time>2025-08-06T11:08:06Z</time>
      </trkpt>
      <trkpt lat="22.5658816" lon="113.9532319">
        <ele>8.02299</ele>
        <time>2025-08-06T11:08:08Z</time>
      </trkpt>
      <trkpt lat="22.5659354" lon="113.9532356">
        <ele>8.279</ele>
        <time>2025-08-06T11:08:10Z</time>
      </trkpt>
      <trkpt lat="22.5659875" lon="113.953237">
        <ele>7.54799</ele>
        <time>2025-08-06T11:08:12Z</time>
      </trkpt>
      <trkpt lat="22.5660419" lon="113.9532372">
        <ele>8.45499</ele>
        <time>2025-08-06T11:08:14Z</time>
      </trkpt>
      <trkpt lat="22.5660998" lon="113.953234">
        <ele>8.88899</ele>
        <time>2025-08-06T11:08:16Z</time>
      </trkpt>
      <trkpt lat="22.5661559" lon="113.9532284">
        <ele>8.61299</ele>
        <time>2025-08-06T11:08:18Z</time>
      </trkpt>
      <trkpt lat="22.566213" lon="113.9532238">
        <ele>9.119</ele>
        <time>2025-08-06T11:08:20Z</time>
      </trkpt>
      <trkpt lat="22.56627" lon="113.9532197">
        <ele>9.019</ele>
        <time>2025-08-06T11:08:22Z</time>
      </trkpt>
      <trkpt lat="22.5663235" lon="113.9532138">
        <ele>9.923</ele>
        <time>2025-08-06T11:08:24Z</time>
      </trkpt>
      <trkpt lat="22.566376" lon="113.953206">
        <ele>9.02499</ele>
        <time>2025-08-06T11:08:26Z</time>
      </trkpt>
      <trkpt lat="22.5664262" lon="113.9531963">
        <ele>6.69399</ele>
        <time>2025-08-06T11:08:28Z</time>
      </trkpt>
      <trkpt lat="22.5664753" lon="113.9531868">
        <ele>5.34399</ele>
        <time>2025-08-06T11:08:30Z</time>
      </trkpt>
      <trkpt lat="22.5665232" lon="113.9531761">
        <ele>5.77099</ele>
        <time>2025-08-06T11:08:32Z</time>
      </trkpt>
      <trkpt lat="22.5665725" lon="113.9531651">
        <ele>6.83099</ele>
        <time>2025-08-06T11:08:34Z</time>
      </trkpt>
      <trkpt lat="22.5666207" lon="113.9531539">
        <ele>5.892</ele>
        <time>2025-08-06T11:08:36Z</time>
      </trkpt>
      <trkpt lat="22.5666687" lon="113.9531406">
        <ele>6.006</ele>
        <time>2025-08-06T11:08:38Z</time>
      </trkpt>
      <trkpt lat="22.5667152" lon="113.9531271">
        <ele>6.861</ele>
        <time>2025-08-06T11:08:40Z</time>
      </trkpt>
      <trkpt lat="22.5667578" lon="113.9531124">
        <ele>6.59899</ele>
        <time>2025-08-06T11:08:42Z</time>
      </trkpt>
      <trkpt lat="22.5667991" lon="113.9530989">
        <ele>6.155</ele>
        <time>2025-08-06T11:08:44Z</time>
      </trkpt>
      <trkpt lat="22.5668443" lon="113.9530848">
        <ele>5.768</ele>
        <time>2025-08-06T11:08:46Z</time>
      </trkpt>
      <trkpt lat="22.5668928" lon="113.953071">
        <ele>4.564</ele>
        <time>2025-08-06T11:08:48Z</time>
      </trkpt>
      <trkpt lat="22.5669463" lon="113.9530541">
        <ele>2.926</ele>
        <time>2025-08-06T11:08:50Z</time>
      </trkpt>
      <trkpt lat="22.5670081" lon="113.9530352">
        <ele>2.674</ele>
        <time>2025-08-06T11:08:52Z</time>
      </trkpt>
      <trkpt lat="22.5670729" lon="113.9530142">
        <ele>2.65599</ele>
        <time>2025-08-06T11:08:54Z</time>
      </trkpt>
      <trkpt lat="22.5671351" lon="113.9529954">
        <ele>3.28999</ele>
        <time>2025-08-06T11:08:56Z</time>
      </trkpt>
      <trkpt lat="22.5671946" lon="113.952978">
        <ele>4.45399</ele>
        <time>2025-08-06T11:08:58Z</time>
      </trkpt>
      <trkpt lat="22.5672497" lon="113.9529603">
        <ele>5.043</ele>
        <time>2025-08-06T11:09:00Z</time>
      </trkpt>
      <trkpt lat="22.5673013" lon="113.9529457">
        <ele>5.635</ele>
        <time>2025-08-06T11:09:02Z</time>
      </trkpt>
      <trkpt lat="22.56735" lon="113.9529316">
        <ele>5.852</ele>
        <time>2025-08-06T11:09:04Z</time>
      </trkpt>
      <trkpt lat="22.5673944" lon="113.9529159">
        <ele>6.814</ele>
        <time>2025-08-06T11:09:06Z</time>
      </trkpt>
      <trkpt lat="22.5674391" lon="113.9528975">
        <ele>6.36399</ele>
        <time>2025-08-06T11:09:08Z</time>
      </trkpt>
      <trkpt lat="22.5674846" lon="113.952879">
        <ele>7.19299</ele>
        <time>2025-08-06T11:09:10Z</time>
      </trkpt>
      <trkpt lat="22.5675271" lon="113.9528581">
        <ele>6.10099</ele>
        <time>2025-08-06T11:09:12Z</time>
      </trkpt>
      <trkpt lat="22.5675726" lon="113.9528364">
        <ele>6.28599</ele>
        <time>2025-08-06T11:09:14Z</time>
      </trkpt>
      <trkpt lat="22.5676196" lon="113.9528154">
        <ele>8.05099</ele>
        <time>2025-08-06T11:09:16Z</time>
      </trkpt>
      <trkpt lat="22.5676655" lon="113.9527957">
        <ele>7.188</ele>
        <time>2025-08-06T11:09:18Z</time>
      </trkpt>
      <trkpt lat="22.5677118" lon="113.9527742">
        <ele>8.069</ele>
        <time>2025-08-06T11:09:20Z</time>
      </trkpt>
      <trkpt lat="22.5677618" lon="113.9527511">
        <ele>10.767</ele>
        <time>2025-08-06T11:09:22Z</time>
      </trkpt>
      <trkpt lat="22.5678111" lon="113.9527257">
        <ele>8.96399</ele>
        <time>2025-08-06T11:09:24Z</time>
      </trkpt>
      <trkpt lat="22.5678642" lon="113.9526948">
        <ele>6.964</ele>
        <time>2025-08-06T11:09:26Z</time>
      </trkpt>
      <trkpt lat="22.5679213" lon="113.9526638">
        <ele>5.53999</ele>
        <time>2025-08-06T11:09:28Z</time>
      </trkpt>
      <trkpt lat="22.5679815" lon="113.9526333">
        <ele>6.50899</ele>
        <time>2025-08-06T11:09:30Z</time>
      </trkpt>
      <trkpt lat="22.5680422" lon="113.9526025">
        <ele>8.37699</ele>
        <time>2025-08-06T11:09:32Z</time>
      </trkpt>
      <trkpt lat="22.5681017" lon="113.9525728">
        <ele>8.73499</ele>
        <time>2025-08-06T11:09:34Z</time>
      </trkpt>
      <trkpt lat="22.5681589" lon="113.9525472">
        <ele>8.847</ele>
        <time>2025-08-06T11:09:36Z</time>
      </trkpt>
      <trkpt lat="22.5682127" lon="113.9525189">
        <ele>8.741</ele>
        <time>2025-08-06T11:09:38Z</time>
      </trkpt>
      <trkpt lat="22.568265" lon="113.9524889">
        <ele>8.935</ele>
        <time>2025-08-06T11:09:40Z</time>
      </trkpt>
      <trkpt lat="22.5683159" lon="113.9524588">
        <ele>7.5</ele>
        <time>2025-08-06T11:09:42Z</time>
      </trkpt>
      <trkpt lat="22.5683678" lon="113.9524259">
        <ele>6.61499</ele>
        <time>2025-08-06T11:09:44Z</time>
      </trkpt>
      <trkpt lat="22.5684203" lon="113.9523901">
        <ele>5.821</ele>
        <time>2025-08-06T11:09:46Z</time>
      </trkpt>
      <trkpt lat="22.5684753" lon="113.9523549">
        <ele>4.49399</ele>
        <time>2025-08-06T11:09:48Z</time>
      </trkpt>
      <trkpt lat="22.5685308" lon="113.9523211">
        <ele>4.637</ele>
        <time>2025-08-06T11:09:50Z</time>
      </trkpt>
      <trkpt lat="22.5685889" lon="113.9522874">
        <ele>4.589</ele>
        <time>2025-08-06T11:09:52Z</time>
      </trkpt>
      <trkpt lat="22.5686442" lon="113.9522537">
        <ele>4.727</ele>
        <time>2025-08-06T11:09:54Z</time>
      </trkpt>
      <trkpt lat="22.568697" lon="113.9522213">
        <ele>3.868</ele>
        <time>2025-08-06T11:09:56Z</time>
      </trkpt>
      <trkpt lat="22.5687383" lon="113.9521949">
        <ele>4.46899</ele>
        <time>2025-08-06T11:09:58Z</time>
      </trkpt>
      <trkpt lat="22.5687924" lon="113.9521553">
        <ele>5.02899</ele>
        <time>2025-08-06T11:10:00Z</time>
      </trkpt>
      <trkpt lat="22.5688403" lon="113.9521373">
        <ele>5.689</ele>
        <time>2025-08-06T11:10:02Z</time>
      </trkpt>
      <trkpt lat="22.5688403" lon="113.9521373">
        <ele>5.689</ele>
        <time>2025-08-06T11:10:03Z</time>
      </trkpt>
      <trkpt lat="22.5688808" lon="113.9521122">
        <ele>5.05299</ele>
        <time>2025-08-06T11:10:04Z</time>
      </trkpt>
      <trkpt lat="22.5689327" lon="113.952087">
        <ele>5.48099</ele>
        <time>2025-08-06T11:10:06Z</time>
      </trkpt>
      <trkpt lat="22.5689679" lon="113.952068">
        <ele>5.27299</ele>
        <time>2025-08-06T11:10:08Z</time>
      </trkpt>
      <trkpt lat="22.5690118" lon="113.9520431">
        <ele>5.85599</ele>
        <time>2025-08-06T11:10:10Z</time>
      </trkpt>
      <trkpt lat="22.5690574" lon="113.9520174">
        <ele>5.071</ele>
        <time>2025-08-06T11:10:12Z</time>
      </trkpt>
      <trkpt lat="22.5691039" lon="113.951989">
        <ele>5.04899</ele>
        <time>2025-08-06T11:10:14Z</time>
      </trkpt>
      <trkpt lat="22.5691516" lon="113.951958">
        <ele>5.044</ele>
        <time>2025-08-06T11:10:16Z</time>
      </trkpt>
      <trkpt lat="22.569202" lon="113.9519268">
        <ele>4.11899</ele>
        <time>2025-08-06T11:10:18Z</time>
      </trkpt>
      <trkpt lat="22.5692539" lon="113.9518979">
        <ele>3.049</ele>
        <time>2025-08-06T11:10:20Z</time>
      </trkpt>
      <trkpt lat="22.5693058" lon="113.9518681">
        <ele>3.33699</ele>
        <time>2025-08-06T11:10:22Z</time>
      </trkpt>
      <trkpt lat="22.5693589" lon="113.9518384">
        <ele>3.36599</ele>
        <time>2025-08-06T11:10:24Z</time>
      </trkpt>
      <trkpt lat="22.5694159" lon="113.9518106">
        <ele>2.83999</ele>
        <time>2025-08-06T11:10:26Z</time>
      </trkpt>
      <trkpt lat="22.5694711" lon="113.9517867">
        <ele>3.062</ele>
        <time>2025-08-06T11:10:28Z</time>
      </trkpt>
      <trkpt lat="22.5695229" lon="113.9517612">
        <ele>4.387</ele>
        <time>2025-08-06T11:10:30Z</time>
      </trkpt>
      <trkpt lat="22.5695716" lon="113.9517361">
        <ele>4.662</ele>
        <time>2025-08-06T11:10:32Z</time>
      </trkpt>
      <trkpt lat="22.5696175" lon="113.9517128">
        <ele>4.059</ele>
        <time>2025-08-06T11:10:34Z</time>
      </trkpt>
      <trkpt lat="22.5696575" lon="113.9516907">
        <ele>3.831</ele>
        <time>2025-08-06T11:10:36Z</time>
      </trkpt>
      <trkpt lat="22.5696949" lon="113.9516666">
        <ele>2.63599</ele>
        <time>2025-08-06T11:10:38Z</time>
      </trkpt>
      <trkpt lat="22.5697328" lon="113.9516423">
        <ele>4.827</ele>
        <time>2025-08-06T11:10:40Z</time>
      </trkpt>
      <trkpt lat="22.5697717" lon="113.9516172">
        <ele>4.52099</ele>
        <time>2025-08-06T11:10:42Z</time>
      </trkpt>
      <trkpt lat="22.5698113" lon="113.9515924">
        <ele>3.538</ele>
        <time>2025-08-06T11:10:44Z</time>
      </trkpt>
      <trkpt lat="22.5698535" lon="113.9515655">
        <ele>3.19</ele>
        <time>2025-08-06T11:10:46Z</time>
      </trkpt>
      <trkpt lat="22.5698981" lon="113.9515387">
        <ele>3.163</ele>
        <time>2025-08-06T11:10:48Z</time>
      </trkpt>
      <trkpt lat="22.569945" lon="113.9515119">
        <ele>5.06699</ele>
        <time>2025-08-06T11:10:50Z</time>
      </trkpt>
      <trkpt lat="22.5699938" lon="113.9514861">
        <ele>4.993</ele>
        <time>2025-08-06T11:10:52Z</time>
      </trkpt>
      <trkpt lat="22.5700426" lon="113.9514599">
        <ele>4.775</ele>
        <time>2025-08-06T11:10:54Z</time>
      </trkpt>
      <trkpt lat="22.5700868" lon="113.9514374">
        <ele>5.221</ele>
        <time>2025-08-06T11:10:56Z</time>
      </trkpt>
      <trkpt lat="22.5701299" lon="113.9514152">
        <ele>5.83099</ele>
        <time>2025-08-06T11:10:58Z</time>
      </trkpt>
      <trkpt lat="22.570171" lon="113.9513937">
        <ele>6.45399</ele>
        <time>2025-08-06T11:11:00Z</time>
      </trkpt>
      <trkpt lat="22.570211" lon="113.9513726">
        <ele>6.314</ele>
        <time>2025-08-06T11:11:02Z</time>
      </trkpt>
      <trkpt lat="22.5702507" lon="113.9513519">
        <ele>6.683</ele>
        <time>2025-08-06T11:11:04Z</time>
      </trkpt>
      <trkpt lat="22.570291" lon="113.9513289">
        <ele>7.385</ele>
        <time>2025-08-06T11:11:06Z</time>
      </trkpt>
      <trkpt lat="22.5703312" lon="113.9513056">
        <ele>7.138</ele>
        <time>2025-08-06T11:11:08Z</time>
      </trkpt>
      <trkpt lat="22.5703722" lon="113.951282">
        <ele>7.302</ele>
        <time>2025-08-06T11:11:10Z</time>
      </trkpt>
      <trkpt lat="22.5704108" lon="113.9512594">
        <ele>6.839</ele>
        <time>2025-08-06T11:11:12Z</time>
      </trkpt>
      <trkpt lat="22.5704497" lon="113.9512366">
        <ele>7.188</ele>
        <time>2025-08-06T11:11:14Z</time>
      </trkpt>
      <trkpt lat="22.5704895" lon="113.9512138">
        <ele>8.67399</ele>
        <time>2025-08-06T11:11:16Z</time>
      </trkpt>
      <trkpt lat="22.5705294" lon="113.951191">
        <ele>8.078</ele>
        <time>2025-08-06T11:11:18Z</time>
      </trkpt>
      <trkpt lat="22.5705708" lon="113.9511682">
        <ele>8.5</ele>
        <time>2025-08-06T11:11:20Z</time>
      </trkpt>
      <trkpt lat="22.5706155" lon="113.9511465">
        <ele>9.092</ele>
        <time>2025-08-06T11:11:22Z</time>
      </trkpt>
      <trkpt lat="22.5706582" lon="113.9511266">
        <ele>8.59599</ele>
        <time>2025-08-06T11:11:24Z</time>
      </trkpt>
      <trkpt lat="22.5707006" lon="113.9511075">
        <ele>10.02499</ele>
        <time>2025-08-06T11:11:26Z</time>
      </trkpt>
      <trkpt lat="22.5707436" lon="113.9510918">
        <ele>9.559</ele>
        <time>2025-08-06T11:11:28Z</time>
      </trkpt>
      <trkpt lat="22.5707834" lon="113.9510792">
        <ele>8.63799</ele>
        <time>2025-08-06T11:11:30Z</time>
      </trkpt>
      <trkpt lat="22.57082" lon="113.9510653">
        <ele>9.187</ele>
        <time>2025-08-06T11:11:32Z</time>
      </trkpt>
      <trkpt lat="22.5708585" lon="113.9510529">
        <ele>8.30599</ele>
        <time>2025-08-06T11:11:34Z</time>
      </trkpt>
      <trkpt lat="22.5708963" lon="113.9510407">
        <ele>8.314</ele>
        <time>2025-08-06T11:11:36Z</time>
      </trkpt>
      <trkpt lat="22.5709329" lon="113.9510272">
        <ele>9.204</ele>
        <time>2025-08-06T11:11:38Z</time>
      </trkpt>
      <trkpt lat="22.5709705" lon="113.9510121">
        <ele>8.94299</ele>
        <time>2025-08-06T11:11:40Z</time>
      </trkpt>
      <trkpt lat="22.5710093" lon="113.9509971">
        <ele>9.559</ele>
        <time>2025-08-06T11:11:42Z</time>
      </trkpt>
      <trkpt lat="22.5710462" lon="113.950979">
        <ele>7.209</ele>
        <time>2025-08-06T11:11:44Z</time>
      </trkpt>
      <trkpt lat="22.5710817" lon="113.9509615">
        <ele>8.211</ele>
        <time>2025-08-06T11:11:46Z</time>
      </trkpt>
      <trkpt lat="22.5711152" lon="113.9509442">
        <ele>8.16499</ele>
        <time>2025-08-06T11:11:48Z</time>
      </trkpt>
      <trkpt lat="22.5711451" lon="113.9509265">
        <ele>9.321</ele>
        <time>2025-08-06T11:11:50Z</time>
      </trkpt>
      <trkpt lat="22.5711721" lon="113.9509127">
        <ele>9.602</ele>
        <time>2025-08-06T11:11:52Z</time>
      </trkpt>
      <trkpt lat="22.5711991" lon="113.95091">
        <ele>10.91399</ele>
        <time>2025-08-06T11:11:54Z</time>
      </trkpt>
      <trkpt lat="22.5712273" lon="113.9509146">
        <ele>11.635</ele>
        <time>2025-08-06T11:12:01Z</time>
      </trkpt>
      <trkpt lat="22.5712593" lon="113.9509253">
        <ele>11.583</ele>
        <time>2025-08-06T11:12:03Z</time>
      </trkpt>
      <trkpt lat="22.5712957" lon="113.9509425">
        <ele>11.715</ele>
        <time>2025-08-06T11:12:05Z</time>
      </trkpt>
      <trkpt lat="22.5713353" lon="113.9509648">
        <ele>11.46199</ele>
        <time>2025-08-06T11:12:07Z</time>
      </trkpt>
      <trkpt lat="22.5713735" lon="113.9509769">
        <ele>11.663</ele>
        <time>2025-08-06T11:12:09Z</time>
      </trkpt>
      <trkpt lat="22.5714126" lon="113.9509788">
        <ele>11.10799</ele>
        <time>2025-08-06T11:12:11Z</time>
      </trkpt>
      <trkpt lat="22.5714476" lon="113.9509576">
        <ele>10.798</ele>
        <time>2025-08-06T11:12:13Z</time>
      </trkpt>
      <trkpt lat="22.5714836" lon="113.9509122">
        <ele>10.34899</ele>
        <time>2025-08-06T11:12:15Z</time>
      </trkpt>
      <trkpt lat="22.5715161" lon="113.9508439">
        <ele>9.97999</ele>
        <time>2025-08-06T11:12:17Z</time>
      </trkpt>
      <trkpt lat="22.5715583" lon="113.9507671">
        <ele>5.762</ele>
        <time>2025-08-06T11:12:19Z</time>
      </trkpt>
      <trkpt lat="22.5716082" lon="113.9506883">
        <ele>2.341</ele>
        <time>2025-08-06T11:12:21Z</time>
      </trkpt>
      <trkpt lat="22.5716601" lon="113.9506266">
        <ele>7.676</ele>
        <time>2025-08-06T11:12:23Z</time>
      </trkpt>
      <trkpt lat="22.571703" lon="113.950586">
        <ele>9.38599</ele>
        <time>2025-08-06T11:12:25Z</time>
      </trkpt>
      <trkpt lat="22.5717723" lon="113.9505498">
        <ele>10.48499</ele>
        <time>2025-08-06T11:12:27Z</time>
      </trkpt>
      <trkpt lat="22.5717898" lon="113.9505344">
        <ele>9.812</ele>
        <time>2025-08-06T11:12:29Z</time>
      </trkpt>
      <trkpt lat="22.571802" lon="113.9505206">
        <ele>9.246</ele>
        <time>2025-08-06T11:12:31Z</time>
      </trkpt>
    </trkseg>
  </trk>
</gpx>