<?xml version="1.0" encoding="UTF-8"?>
<gpx xmlns="http://www.topografix.com/GPX/1/1" xmlns:gpxtpx="http://www.garmin.com/xmlschemas/TrackPointExtension/v1" xmlns:xsi="http://www.w3.org/2001/XMLSchema-instance" xsi:schemaLocation="http://www.topografix.com/GPX/1/1 http://www.topografix.com/GPX/1/1/gpx.xsd" version="1.1" creator="gpx.py -- https://github.com/tkrajina/gpxpy">
  <trk>
    <name>gpx from codoon</name>
    <type>Run</type>
    <trkseg>
      <trkpt lat="22.5750004" lon="113.9435752">
        <ele>34.92599</ele>
        <time>2025-09-10T10:01:52Z</time>
      </trkpt>
      <trkpt lat="22.5750004" lon="113.9435752">
        <ele>34.92599</ele>
        <time>2025-09-10T10:01:52Z</time>
      </trkpt>
      <trkpt lat="22.5747263" lon="113.9436904">
        <ele>28.72999</ele>
        <time>2025-09-10T10:01:53Z</time>
      </trkpt>
      <trkpt lat="22.574694" lon="113.9436934">
        <ele>28.03</ele>
        <time>2025-09-10T10:01:55Z</time>
      </trkpt>
      <trkpt lat="22.5746716" lon="113.9436956">
        <ele>27.56399</ele>
        <time>2025-09-10T10:01:57Z</time>
      </trkpt>
      <trkpt lat="22.5746432" lon="113.9436977">
        <ele>28.08699</ele>
        <time>2025-09-10T10:01:59Z</time>
      </trkpt>
      <trkpt lat="22.5746139" lon="113.943697">
        <ele>27.781</ele>
        <time>2025-09-10T10:02:01Z</time>
      </trkpt>
      <trkpt lat="22.5745812" lon="113.9436963">
        <ele>26.794</ele>
        <time>2025-09-10T10:02:03Z</time>
      </trkpt>
      <trkpt lat="22.5745462" lon="113.9436928">
        <ele>24.78199</ele>
        <time>2025-09-10T10:02:05Z</time>
      </trkpt>
      <trkpt lat="22.5745097" lon="113.9436875">
        <ele>25.80599</ele>
        <time>2025-09-10T10:02:07Z</time>
      </trkpt>
      <trkpt lat="22.574471" lon="113.9436837">
        <ele>24.75799</ele>
        <time>2025-09-10T10:02:09Z</time>
      </trkpt>
      <trkpt lat="22.5744318" lon="113.9436832">
        <ele>24.027</ele>
        <time>2025-09-10T10:02:11Z</time>
      </trkpt>
      <trkpt lat="22.5743942" lon="113.9436865">
        <ele>23.51099</ele>
        <time>2025-09-10T10:02:13Z</time>
      </trkpt>
      <trkpt lat="22.5743566" lon="113.9436959">
        <ele>23.80999</ele>
        <time>2025-09-10T10:02:15Z</time>
      </trkpt>
      <trkpt lat="22.5743186" lon="113.9437081">
        <ele>24.62199</ele>
        <time>2025-09-10T10:02:17Z</time>
      </trkpt>
      <trkpt lat="22.5742809" lon="113.9437184">
        <ele>24.70899</ele>
        <time>2025-09-10T10:02:19Z</time>
      </trkpt>
      <trkpt lat="22.5742417" lon="113.9437253">
        <ele>24.10899</ele>
        <time>2025-09-10T10:02:21Z</time>
      </trkpt>
      <trkpt lat="22.5742022" lon="113.9437279">
        <ele>25.96599</ele>
        <time>2025-09-10T10:02:23Z</time>
      </trkpt>
      <trkpt lat="22.574162" lon="113.9437244">
        <ele>26.86499</ele>
        <time>2025-09-10T10:02:25Z</time>
      </trkpt>
      <trkpt lat="22.5741198" lon="113.9437182">
        <ele>26.017</ele>
        <time>2025-09-10T10:02:27Z</time>
      </trkpt>
      <trkpt lat="22.5740759" lon="113.943713">
        <ele>25.981</ele>
        <time>2025-09-10T10:02:29Z</time>
      </trkpt>
      <trkpt lat="22.5740311" lon="113.9437091">
        <ele>26.12999</ele>
        <time>2025-09-10T10:02:31Z</time>
      </trkpt>
      <trkpt lat="22.5739854" lon="113.9437059">
        <ele>25.31999</ele>
        <time>2025-09-10T10:02:33Z</time>
      </trkpt>
      <trkpt lat="22.5739407" lon="113.9437032">
        <ele>25.238</ele>
        <time>2025-09-10T10:02:35Z</time>
      </trkpt>
      <trkpt lat="22.5738988" lon="113.9437008">
        <ele>24.367</ele>
        <time>2025-09-10T10:02:37Z</time>
      </trkpt>
      <trkpt lat="22.5738594" lon="113.9436981">
        <ele>24.118</ele>
        <time>2025-09-10T10:02:39Z</time>
      </trkpt>
      <trkpt lat="22.5738221" lon="113.9436942">
        <ele>24.763</ele>
        <time>2025-09-10T10:02:41Z</time>
      </trkpt>
      <trkpt lat="22.5737848" lon="113.9436907">
        <ele>24.677</ele>
        <time>2025-09-10T10:02:43Z</time>
      </trkpt>
      <trkpt lat="22.5737455" lon="113.9436888">
        <ele>24.548</ele>
        <time>2025-09-10T10:02:45Z</time>
      </trkpt>
      <trkpt lat="22.5737042" lon="113.9436881">
        <ele>22.96599</ele>
        <time>2025-09-10T10:02:47Z</time>
      </trkpt>
      <trkpt lat="22.573661" lon="113.9436881">
        <ele>22.70299</ele>
        <time>2025-09-10T10:02:49Z</time>
      </trkpt>
      <trkpt lat="22.5736153" lon="113.943688">
        <ele>22.60799</ele>
        <time>2025-09-10T10:02:51Z</time>
      </trkpt>
      <trkpt lat="22.5735706" lon="113.943688">
        <ele>22.732</ele>
        <time>2025-09-10T10:02:53Z</time>
      </trkpt>
      <trkpt lat="22.5735288" lon="113.9436896">
        <ele>25.93499</ele>
        <time>2025-09-10T10:02:55Z</time>
      </trkpt>
      <trkpt lat="22.5734876" lon="113.9436929">
        <ele>25.47599</ele>
        <time>2025-09-10T10:02:57Z</time>
      </trkpt>
      <trkpt lat="22.5734484" lon="113.9436948">
        <ele>24.922</ele>
        <time>2025-09-10T10:02:59Z</time>
      </trkpt>
      <trkpt lat="22.573411" lon="113.9436974">
        <ele>24.641</ele>
        <time>2025-09-10T10:03:01Z</time>
      </trkpt>
      <trkpt lat="22.5733721" lon="113.9437016">
        <ele>22.993</ele>
        <time>2025-09-10T10:03:03Z</time>
      </trkpt>
      <trkpt lat="22.5733291" lon="113.9437034">
        <ele>22.041</ele>
        <time>2025-09-10T10:03:05Z</time>
      </trkpt>
      <trkpt lat="22.5732888" lon="113.9437017">
        <ele>21.861</ele>
        <time>2025-09-10T10:03:07Z</time>
      </trkpt>
      <trkpt lat="22.5732483" lon="113.9437006">
        <ele>21.78899</ele>
        <time>2025-09-10T10:03:09Z</time>
      </trkpt>
      <trkpt lat="22.5732057" lon="113.9437004">
        <ele>21.958</ele>
        <time>2025-09-10T10:03:11Z</time>
      </trkpt>
      <trkpt lat="22.5731622" lon="113.9436998">
        <ele>21.89699</ele>
        <time>2025-09-10T10:03:13Z</time>
      </trkpt>
      <trkpt lat="22.573121" lon="113.9437004">
        <ele>22.607</ele>
        <time>2025-09-10T10:03:15Z</time>
      </trkpt>
      <trkpt lat="22.5730766" lon="113.9437019">
        <ele>20.572</ele>
        <time>2025-09-10T10:03:17Z</time>
      </trkpt>
      <trkpt lat="22.5730292" lon="113.943704">
        <ele>19.28199</ele>
        <time>2025-09-10T10:03:19Z</time>
      </trkpt>
      <trkpt lat="22.5729825" lon="113.9437066">
        <ele>19.596</ele>
        <time>2025-09-10T10:03:21Z</time>
      </trkpt>
      <trkpt lat="22.5729373" lon="113.9437078">
        <ele>20.79599</ele>
        <time>2025-09-10T10:03:23Z</time>
      </trkpt>
      <trkpt lat="22.5728915" lon="113.9437068">
        <ele>21.309</ele>
        <time>2025-09-10T10:03:25Z</time>
      </trkpt>
      <trkpt lat="22.5728459" lon="113.9437062">
        <ele>20.18899</ele>
        <time>2025-09-10T10:03:27Z</time>
      </trkpt>
      <trkpt lat="22.5728021" lon="113.9437066">
        <ele>19.736</ele>
        <time>2025-09-10T10:03:29Z</time>
      </trkpt>
      <trkpt lat="22.5727606" lon="113.9437072">
        <ele>20.45599</ele>
        <time>2025-09-10T10:03:31Z</time>
      </trkpt>
      <trkpt lat="22.5727201" lon="113.94371">
        <ele>20.88599</ele>
        <time>2025-09-10T10:03:33Z</time>
      </trkpt>
      <trkpt lat="22.5726797" lon="113.9437155">
        <ele>21.51</ele>
        <time>2025-09-10T10:03:35Z</time>
      </trkpt>
      <trkpt lat="22.5726382" lon="113.9437213">
        <ele>21.53899</ele>
        <time>2025-09-10T10:03:37Z</time>
      </trkpt>
      <trkpt lat="22.5725957" lon="113.9437257">
        <ele>21.28</ele>
        <time>2025-09-10T10:03:39Z</time>
      </trkpt>
      <trkpt lat="22.5725504" lon="113.9437293">
        <ele>21.91799</ele>
        <time>2025-09-10T10:03:41Z</time>
      </trkpt>
      <trkpt lat="22.5725045" lon="113.9437314">
        <ele>22.1</ele>
        <time>2025-09-10T10:03:43Z</time>
      </trkpt>
      <trkpt lat="22.5724582" lon="113.9437323">
        <ele>23.145</ele>
        <time>2025-09-10T10:03:45Z</time>
      </trkpt>
      <trkpt lat="22.5724133" lon="113.9437331">
        <ele>21.773</ele>
        <time>2025-09-10T10:03:47Z</time>
      </trkpt>
      <trkpt lat="22.5723703" lon="113.9437348">
        <ele>22.829</ele>
        <time>2025-09-10T10:03:49Z</time>
      </trkpt>
      <trkpt lat="22.5723298" lon="113.9437376">
        <ele>20.56999</ele>
        <time>2025-09-10T10:03:51Z</time>
      </trkpt>
      <trkpt lat="22.5722901" lon="113.9437422">
        <ele>19.684</ele>
        <time>2025-09-10T10:03:53Z</time>
      </trkpt>
      <trkpt lat="22.5722504" lon="113.9437475">
        <ele>19.975</ele>
        <time>2025-09-10T10:03:55Z</time>
      </trkpt>
      <trkpt lat="22.5722114" lon="113.9437533">
        <ele>21.381</ele>
        <time>2025-09-10T10:03:57Z</time>
      </trkpt>
      <trkpt lat="22.5721724" lon="113.9437588">
        <ele>22.73399</ele>
        <time>2025-09-10T10:03:59Z</time>
      </trkpt>
      <trkpt lat="22.5721311" lon="113.9437638">
        <ele>23.47299</ele>
        <time>2025-09-10T10:04:01Z</time>
      </trkpt>
      <trkpt lat="22.572088" lon="113.9437652">
        <ele>23.877</ele>
        <time>2025-09-10T10:04:03Z</time>
      </trkpt>
      <trkpt lat="22.5720446" lon="113.9437647">
        <ele>23.993</ele>
        <time>2025-09-10T10:04:05Z</time>
      </trkpt>
      <trkpt lat="22.5719997" lon="113.9437637">
        <ele>23.45199</ele>
        <time>2025-09-10T10:04:07Z</time>
      </trkpt>
      <trkpt lat="22.5719533" lon="113.9437628">
        <ele>22.32399</ele>
        <time>2025-09-10T10:04:09Z</time>
      </trkpt>
      <trkpt lat="22.5719074" lon="113.9437639">
        <ele>21.177</ele>
        <time>2025-09-10T10:04:11Z</time>
      </trkpt>
      <trkpt lat="22.5718661" lon="113.9437745">
        <ele>20.544</ele>
        <time>2025-09-10T10:04:13Z</time>
      </trkpt>
      <trkpt lat="22.5718336" lon="113.9437944">
        <ele>20.01899</ele>
        <time>2025-09-10T10:04:15Z</time>
      </trkpt>
      <trkpt lat="22.5718119" lon="113.9438222">
        <ele>20.63699</ele>
        <time>2025-09-10T10:04:17Z</time>
      </trkpt>
      <trkpt lat="22.5718011" lon="113.9438578">
        <ele>18.61599</ele>
        <time>2025-09-10T10:04:19Z</time>
      </trkpt>
      <trkpt lat="22.5717986" lon="113.9438972">
        <ele>18.08399</ele>
        <time>2025-09-10T10:04:21Z</time>
      </trkpt>
      <trkpt lat="22.5718009" lon="113.943934">
        <ele>18.06399</ele>
        <time>2025-09-10T10:04:23Z</time>
      </trkpt>
      <trkpt lat="22.571804" lon="113.9439684">
        <ele>20.53499</ele>
        <time>2025-09-10T10:04:25Z</time>
      </trkpt>
      <trkpt lat="22.571807" lon="113.9440033">
        <ele>20.45499</ele>
        <time>2025-09-10T10:04:27Z</time>
      </trkpt>
      <trkpt lat="22.5718084" lon="113.9440372">
        <ele>21.50099</ele>
        <time>2025-09-10T10:04:29Z</time>
      </trkpt>
      <trkpt lat="22.5718102" lon="113.9440733">
        <ele>22.45499</ele>
        <time>2025-09-10T10:04:31Z</time>
      </trkpt>
      <trkpt lat="22.5718114" lon="113.9441128">
        <ele>22.64599</ele>
        <time>2025-09-10T10:04:33Z</time>
      </trkpt>
      <trkpt lat="22.5718107" lon="113.9441547">
        <ele>23.356</ele>
        <time>2025-09-10T10:04:35Z</time>
      </trkpt>
      <trkpt lat="22.5718073" lon="113.9441963">
        <ele>26.048</ele>
        <time>2025-09-10T10:04:37Z</time>
      </trkpt>
      <trkpt lat="22.5718032" lon="113.9442354">
        <ele>28.454</ele>
        <time>2025-09-10T10:04:39Z</time>
      </trkpt>
      <trkpt lat="22.5717989" lon="113.9442709">
        <ele>27.46999</ele>
        <time>2025-09-10T10:04:41Z</time>
      </trkpt>
      <trkpt lat="22.5717974" lon="113.9443059">
        <ele>27.88699</ele>
        <time>2025-09-10T10:04:43Z</time>
      </trkpt>
      <trkpt lat="22.5718024" lon="113.94434">
        <ele>26.67</ele>
        <time>2025-09-10T10:04:45Z</time>
      </trkpt>
      <trkpt lat="22.5718134" lon="113.9443739">
        <ele>26.88899</ele>
        <time>2025-09-10T10:04:47Z</time>
      </trkpt>
      <trkpt lat="22.5718204" lon="113.9444179">
        <ele>26.986</ele>
        <time>2025-09-10T10:04:49Z</time>
      </trkpt>
      <trkpt lat="22.5718247" lon="113.9444692">
        <ele>26.749</ele>
        <time>2025-09-10T10:04:51Z</time>
      </trkpt>
      <trkpt lat="22.5718255" lon="113.9445219">
        <ele>23.586</ele>
        <time>2025-09-10T10:04:53Z</time>
      </trkpt>
      <trkpt lat="22.5718212" lon="113.9445765">
        <ele>25.39299</ele>
        <time>2025-09-10T10:04:55Z</time>
      </trkpt>
      <trkpt lat="22.5718122" lon="113.9446317">
        <ele>24.67799</ele>
        <time>2025-09-10T10:04:57Z</time>
      </trkpt>
      <trkpt lat="22.5718068" lon="113.9446804">
        <ele>24.103</ele>
        <time>2025-09-10T10:04:59Z</time>
      </trkpt>
      <trkpt lat="22.5718025" lon="113.9447308">
        <ele>23.06699</ele>
        <time>2025-09-10T10:05:01Z</time>
      </trkpt>
      <trkpt lat="22.5718009" lon="113.9447825">
        <ele>22.354</ele>
        <time>2025-09-10T10:05:03Z</time>
      </trkpt>
      <trkpt lat="22.5717998" lon="113.944833">
        <ele>21.08499</ele>
        <time>2025-09-10T10:05:05Z</time>
      </trkpt>
      <trkpt lat="22.5717994" lon="113.9448806">
        <ele>22.53</ele>
        <time>2025-09-10T10:05:07Z</time>
      </trkpt>
      <trkpt lat="22.5718006" lon="113.9449255">
        <ele>24.905</ele>
        <time>2025-09-10T10:05:09Z</time>
      </trkpt>
      <trkpt lat="22.5718043" lon="113.9449639">
        <ele>25.45599</ele>
        <time>2025-09-10T10:05:11Z</time>
      </trkpt>
      <trkpt lat="22.5718065" lon="113.944999">
        <ele>25.11599</ele>
        <time>2025-09-10T10:05:13Z</time>
      </trkpt>
      <trkpt lat="22.5718075" lon="113.9450354">
        <ele>25.603</ele>
        <time>2025-09-10T10:05:15Z</time>
      </trkpt>
      <trkpt lat="22.571808" lon="113.9450745">
        <ele>27.34099</ele>
        <time>2025-09-10T10:05:17Z</time>
      </trkpt>
      <trkpt lat="22.5718086" lon="113.9451167">
        <ele>27.14399</ele>
        <time>2025-09-10T10:05:19Z</time>
      </trkpt>
      <trkpt lat="22.5718092" lon="113.9451601">
        <ele>29.902</ele>
        <time>2025-09-10T10:05:21Z</time>
      </trkpt>
      <trkpt lat="22.5718097" lon="113.9452043">
        <ele>27.568</ele>
        <time>2025-09-10T10:05:23Z</time>
      </trkpt>
      <trkpt lat="22.5718112" lon="113.9452489">
        <ele>26.46999</ele>
        <time>2025-09-10T10:05:25Z</time>
      </trkpt>
      <trkpt lat="22.5718129" lon="113.9452947">
        <ele>26.14699</ele>
        <time>2025-09-10T10:05:27Z</time>
      </trkpt>
      <trkpt lat="22.5718137" lon="113.9453406">
        <ele>27.062</ele>
        <time>2025-09-10T10:05:29Z</time>
      </trkpt>
      <trkpt lat="22.5718144" lon="113.9453875">
        <ele>27.283</ele>
        <time>2025-09-10T10:05:31Z</time>
      </trkpt>
      <trkpt lat="22.5718167" lon="113.9454375">
        <ele>27.874</ele>
        <time>2025-09-10T10:05:33Z</time>
      </trkpt>
      <trkpt lat="22.5718192" lon="113.945487">
        <ele>27.812</ele>
        <time>2025-09-10T10:05:35Z</time>
      </trkpt>
      <trkpt lat="22.571822" lon="113.9455349">
        <ele>27.46699</ele>
        <time>2025-09-10T10:05:37Z</time>
      </trkpt>
      <trkpt lat="22.5718259" lon="113.9455825">
        <ele>28.26799</ele>
        <time>2025-09-10T10:05:39Z</time>
      </trkpt>
      <trkpt lat="22.57183" lon="113.9456277">
        <ele>28.672</ele>
        <time>2025-09-10T10:05:41Z</time>
      </trkpt>
      <trkpt lat="22.5718339" lon="113.9456721">
        <ele>29.28599</ele>
        <time>2025-09-10T10:05:43Z</time>
      </trkpt>
      <trkpt lat="22.5718375" lon="113.945718">
        <ele>28.215</ele>
        <time>2025-09-10T10:05:45Z</time>
      </trkpt>
      <trkpt lat="22.5718404" lon="113.9457658">
        <ele>27.56299</ele>
        <time>2025-09-10T10:05:47Z</time>
      </trkpt>
      <trkpt lat="22.5718421" lon="113.9458139">
        <ele>27.738</ele>
        <time>2025-09-10T10:05:49Z</time>
      </trkpt>
      <trkpt lat="22.5718418" lon="113.9458645">
        <ele>27.72299</ele>
        <time>2025-09-10T10:05:51Z</time>
      </trkpt>
      <trkpt lat="22.57184" lon="113.9459136">
        <ele>28.08499</ele>
        <time>2025-09-10T10:05:53Z</time>
      </trkpt>
      <trkpt lat="22.5718375" lon="113.9459619">
        <ele>28.66099</ele>
        <time>2025-09-10T10:05:55Z</time>
      </trkpt>
      <trkpt lat="22.5718346" lon="113.9460098">
        <ele>28.107</ele>
        <time>2025-09-10T10:05:57Z</time>
      </trkpt>
      <trkpt lat="22.5718328" lon="113.9460535">
        <ele>27.74699</ele>
        <time>2025-09-10T10:05:59Z</time>
      </trkpt>
      <trkpt lat="22.571833" lon="113.9460959">
        <ele>26.811</ele>
        <time>2025-09-10T10:06:01Z</time>
      </trkpt>
      <trkpt lat="22.5718345" lon="113.9461454">
        <ele>27.625</ele>
        <time>2025-09-10T10:06:03Z</time>
      </trkpt>
      <trkpt lat="22.5718365" lon="113.9461964">
        <ele>26.54999</ele>
        <time>2025-09-10T10:06:06Z</time>
      </trkpt>
      <trkpt lat="22.571839" lon="113.9462502">
        <ele>27.919</ele>
        <time>2025-09-10T10:06:08Z</time>
      </trkpt>
      <trkpt lat="22.5718412" lon="113.9463104">
        <ele>25.333</ele>
        <time>2025-09-10T10:06:10Z</time>
      </trkpt>
      <trkpt lat="22.5718418" lon="113.94637">
        <ele>24.177</ele>
        <time>2025-09-10T10:06:12Z</time>
      </trkpt>
      <trkpt lat="22.5718406" lon="113.9464222">
        <ele>22.804</ele>
        <time>2025-09-10T10:06:14Z</time>
      </trkpt>
      <trkpt lat="22.5718389" lon="113.9464713">
        <ele>22.60799</ele>
        <time>2025-09-10T10:06:16Z</time>
      </trkpt>
      <trkpt lat="22.5718379" lon="113.9465168">
        <ele>22.56399</ele>
        <time>2025-09-10T10:06:18Z</time>
      </trkpt>
      <trkpt lat="22.5718362" lon="113.9465603">
        <ele>20.579</ele>
        <time>2025-09-10T10:06:20Z</time>
      </trkpt>
      <trkpt lat="22.5718321" lon="113.9466039">
        <ele>18.26099</ele>
        <time>2025-09-10T10:06:22Z</time>
      </trkpt>
      <trkpt lat="22.5718276" lon="113.9466465">
        <ele>16.62199</ele>
        <time>2025-09-10T10:06:24Z</time>
      </trkpt>
      <trkpt lat="22.5718242" lon="113.9466881">
        <ele>16.422</ele>
        <time>2025-09-10T10:06:26Z</time>
      </trkpt>
      <trkpt lat="22.5718206" lon="113.9467304">
        <ele>16.524</ele>
        <time>2025-09-10T10:06:28Z</time>
      </trkpt>
      <trkpt lat="22.5718162" lon="113.9467738">
        <ele>17.35</ele>
        <time>2025-09-10T10:06:30Z</time>
      </trkpt>
      <trkpt lat="22.5718156" lon="113.9468183">
        <ele>19.148</ele>
        <time>2025-09-10T10:06:32Z</time>
      </trkpt>
      <trkpt lat="22.5718158" lon="113.9468661">
        <ele>21.433</ele>
        <time>2025-09-10T10:06:34Z</time>
      </trkpt>
      <trkpt lat="22.5718161" lon="113.9469167">
        <ele>22.58399</ele>
        <time>2025-09-10T10:06:36Z</time>
      </trkpt>
      <trkpt lat="22.5718169" lon="113.9469676">
        <ele>21.93</ele>
        <time>2025-09-10T10:06:38Z</time>
      </trkpt>
      <trkpt lat="22.5718188" lon="113.947016">
        <ele>20.79299</ele>
        <time>2025-09-10T10:06:40Z</time>
      </trkpt>
      <trkpt lat="22.5718205" lon="113.9470622">
        <ele>23.03</ele>
        <time>2025-09-10T10:06:42Z</time>
      </trkpt>
      <trkpt lat="22.5718216" lon="113.9471023">
        <ele>22.805</ele>
        <time>2025-09-10T10:06:44Z</time>
      </trkpt>
      <trkpt lat="22.5718237" lon="113.9471398">
        <ele>22.752</ele>
        <time>2025-09-10T10:06:46Z</time>
      </trkpt>
      <trkpt lat="22.5718253" lon="113.9471759">
        <ele>26.388</ele>
        <time>2025-09-10T10:06:48Z</time>
      </trkpt>
      <trkpt lat="22.5718267" lon="113.9472109">
        <ele>25.089</ele>
        <time>2025-09-10T10:06:50Z</time>
      </trkpt>
      <trkpt lat="22.5718292" lon="113.9472461">
        <ele>22.222</ele>
        <time>2025-09-10T10:06:52Z</time>
      </trkpt>
      <trkpt lat="22.5718333" lon="113.947285">
        <ele>20.707</ele>
        <time>2025-09-10T10:06:54Z</time>
      </trkpt>
      <trkpt lat="22.5718378" lon="113.9473261">
        <ele>19.56999</ele>
        <time>2025-09-10T10:06:56Z</time>
      </trkpt>
      <trkpt lat="22.5718418" lon="113.9473685">
        <ele>19.09799</ele>
        <time>2025-09-10T10:06:58Z</time>
      </trkpt>
      <trkpt lat="22.5718468" lon="113.9474139">
        <ele>20.18199</ele>
        <time>2025-09-10T10:07:00Z</time>
      </trkpt>
      <trkpt lat="22.5718515" lon="113.9474598">
        <ele>24.66799</ele>
        <time>2025-09-10T10:07:02Z</time>
      </trkpt>
      <trkpt lat="22.5718534" lon="113.9475036">
        <ele>26.72599</ele>
        <time>2025-09-10T10:07:04Z</time>
      </trkpt>
      <trkpt lat="22.5718518" lon="113.947545">
        <ele>26.34199</ele>
        <time>2025-09-10T10:07:06Z</time>
      </trkpt>
      <trkpt lat="22.5718513" lon="113.9475852">
        <ele>27.579</ele>
        <time>2025-09-10T10:07:08Z</time>
      </trkpt>
      <trkpt lat="22.5718495" lon="113.9476208">
        <ele>30.072</ele>
        <time>2025-09-10T10:07:10Z</time>
      </trkpt>
      <trkpt lat="22.5718461" lon="113.9476554">
        <ele>27.593</ele>
        <time>2025-09-10T10:07:12Z</time>
      </trkpt>
      <trkpt lat="22.5718444" lon="113.9476897">
        <ele>22.531</ele>
        <time>2025-09-10T10:07:14Z</time>
      </trkpt>
      <trkpt lat="22.5718454" lon="113.9477236">
        <ele>22.26399</ele>
        <time>2025-09-10T10:07:16Z</time>
      </trkpt>
      <trkpt lat="22.5718471" lon="113.947756">
        <ele>21.79199</ele>
        <time>2025-09-10T10:07:18Z</time>
      </trkpt>
      <trkpt lat="22.5718503" lon="113.9477902">
        <ele>21.981</ele>
        <time>2025-09-10T10:07:20Z</time>
      </trkpt>
      <trkpt lat="22.5718552" lon="113.9478244">
        <ele>20.495</ele>
        <time>2025-09-10T10:07:22Z</time>
      </trkpt>
      <trkpt lat="22.5718616" lon="113.9478608">
        <ele>19.01399</ele>
        <time>2025-09-10T10:07:24Z</time>
      </trkpt>
      <trkpt lat="22.571868" lon="113.9478981">
        <ele>17.42399</ele>
        <time>2025-09-10T10:07:26Z</time>
      </trkpt>
      <trkpt lat="22.5718751" lon="113.947937">
        <ele>17.46999</ele>
        <time>2025-09-10T10:07:28Z</time>
      </trkpt>
      <trkpt lat="22.5718811" lon="113.9479773">
        <ele>15.979</ele>
        <time>2025-09-10T10:07:30Z</time>
      </trkpt>
      <trkpt lat="22.5718856" lon="113.9480194">
        <ele>16.725</ele>
        <time>2025-09-10T10:07:32Z</time>
      </trkpt>
      <trkpt lat="22.5718887" lon="113.9480605">
        <ele>14.758</ele>
        <time>2025-09-10T10:07:34Z</time>
      </trkpt>
      <trkpt lat="22.5718898" lon="113.9480993">
        <ele>15.10599</ele>
        <time>2025-09-10T10:07:36Z</time>
      </trkpt>
      <trkpt lat="22.5718893" lon="113.948139">
        <ele>14.482</ele>
        <time>2025-09-10T10:07:38Z</time>
      </trkpt>
      <trkpt lat="22.57189" lon="113.9481796">
        <ele>14.32999</ele>
        <time>2025-09-10T10:07:40Z</time>
      </trkpt>
      <trkpt lat="22.5718915" lon="113.9482217">
        <ele>15.343</ele>
        <time>2025-09-10T10:07:42Z</time>
      </trkpt>
      <trkpt lat="22.5718946" lon="113.9482626">
        <ele>14.47799</ele>
        <time>2025-09-10T10:07:44Z</time>
      </trkpt>
      <trkpt lat="22.5718991" lon="113.9483063">
        <ele>13.57699</ele>
        <time>2025-09-10T10:07:46Z</time>
      </trkpt>
      <trkpt lat="22.5719046" lon="113.94835">
        <ele>13.996</ele>
        <time>2025-09-10T10:07:48Z</time>
      </trkpt>
      <trkpt lat="22.5719098" lon="113.9483933">
        <ele>17.826</ele>
        <time>2025-09-10T10:07:50Z</time>
      </trkpt>
      <trkpt lat="22.5719154" lon="113.948436">
        <ele>16.725</ele>
        <time>2025-09-10T10:07:52Z</time>
      </trkpt>
      <trkpt lat="22.5719216" lon="113.9484831">
        <ele>16.613</ele>
        <time>2025-09-10T10:07:54Z</time>
      </trkpt>
      <trkpt lat="22.5719268" lon="113.9485296">
        <ele>17.38599</ele>
        <time>2025-09-10T10:07:56Z</time>
      </trkpt>
      <trkpt lat="22.5719299" lon="113.9485761">
        <ele>15.052</ele>
        <time>2025-09-10T10:07:58Z</time>
      </trkpt>
      <trkpt lat="22.5719322" lon="113.9486225">
        <ele>16.11899</ele>
        <time>2025-09-10T10:08:00Z</time>
      </trkpt>
      <trkpt lat="22.5719328" lon="113.9486686">
        <ele>18.34799</ele>
        <time>2025-09-10T10:08:02Z</time>
      </trkpt>
      <trkpt lat="22.5719301" lon="113.9487136">
        <ele>20.7</ele>
        <time>2025-09-10T10:08:04Z</time>
      </trkpt>
      <trkpt lat="22.5719263" lon="113.9487598">
        <ele>23.408</ele>
        <time>2025-09-10T10:08:06Z</time>
      </trkpt>
      <trkpt lat="22.5719213" lon="113.9488064">
        <ele>20.291</ele>
        <time>2025-09-10T10:08:08Z</time>
      </trkpt>
      <trkpt lat="22.5719146" lon="113.9488527">
        <ele>20.652</ele>
        <time>2025-09-10T10:08:10Z</time>
      </trkpt>
      <trkpt lat="22.5719072" lon="113.9489008">
        <ele>18.451</ele>
        <time>2025-09-10T10:08:12Z</time>
      </trkpt>
      <trkpt lat="22.5719006" lon="113.9489479">
        <ele>16.481</ele>
        <time>2025-09-10T10:08:14Z</time>
      </trkpt>
      <trkpt lat="22.571895" lon="113.948995">
        <ele>18.35799</ele>
        <time>2025-09-10T10:08:16Z</time>
      </trkpt>
      <trkpt lat="22.5718897" lon="113.9490435">
        <ele>15.097</ele>
        <time>2025-09-10T10:08:18Z</time>
      </trkpt>
      <trkpt lat="22.5718849" lon="113.9490924">
        <ele>12.66899</ele>
        <time>2025-09-10T10:08:20Z</time>
      </trkpt>
      <trkpt lat="22.5718811" lon="113.9491392">
        <ele>9.439</ele>
        <time>2025-09-10T10:08:22Z</time>
      </trkpt>
      <trkpt lat="22.5718755" lon="113.949186">
        <ele>9.836</ele>
        <time>2025-09-10T10:08:24Z</time>
      </trkpt>
      <trkpt lat="22.5718677" lon="113.9492323">
        <ele>9.02099</ele>
        <time>2025-09-10T10:08:26Z</time>
      </trkpt>
      <trkpt lat="22.5718591" lon="113.9492756">
        <ele>7.20699</ele>
        <time>2025-09-10T10:08:28Z</time>
      </trkpt>
      <trkpt lat="22.5718488" lon="113.9493158">
        <ele>5.651</ele>
        <time>2025-09-10T10:08:30Z</time>
      </trkpt>
      <trkpt lat="22.571837" lon="113.9493548">
        <ele>5.13299</ele>
        <time>2025-09-10T10:08:32Z</time>
      </trkpt>
      <trkpt lat="22.5718281" lon="113.9493942">
        <ele>6.32399</ele>
        <time>2025-09-10T10:08:34Z</time>
      </trkpt>
      <trkpt lat="22.5718205" lon="113.9494321">
        <ele>6.525</ele>
        <time>2025-09-10T10:08:36Z</time>
      </trkpt>
      <trkpt lat="22.5718104" lon="113.9494691">
        <ele>7.385</ele>
        <time>2025-09-10T10:08:38Z</time>
      </trkpt>
      <trkpt lat="22.5718034" lon="113.9494997">
        <ele>6.604</ele>
        <time>2025-09-10T10:08:40Z</time>
      </trkpt>
      <trkpt lat="22.5717876" lon="113.9495438">
        <ele>6.091</ele>
        <time>2025-09-10T10:08:42Z</time>
      </trkpt>
      <trkpt lat="22.5717651" lon="113.9495699">
        <ele>6.19099</ele>
        <time>2025-09-10T10:08:44Z</time>
      </trkpt>
      <trkpt lat="22.5717349" lon="113.9496053">
        <ele>8.012</ele>
        <time>2025-09-10T10:08:47Z</time>
      </trkpt>
      <trkpt lat="22.571723" lon="113.949631">
        <ele>8.635</ele>
        <time>2025-09-10T10:08:49Z</time>
      </trkpt>
      <trkpt lat="22.571723" lon="113.949631">
        <ele>8.635</ele>
        <time>2025-09-10T10:08:51Z</time>
      </trkpt>
      <trkpt lat="22.5717251" lon="113.9498111">
        <ele>9.12699</ele>
        <time>2025-09-10T10:08:52Z</time>
      </trkpt>
      <trkpt lat="22.5717229" lon="113.9498774">
        <ele>9.715</ele>
        <time>2025-09-10T10:08:54Z</time>
      </trkpt>
      <trkpt lat="22.5717205" lon="113.9499216">
        <ele>9.77299</ele>
        <time>2025-09-10T10:08:56Z</time>
      </trkpt>
      <trkpt lat="22.5717175" lon="113.949975">
        <ele>9.79899</ele>
        <time>2025-09-10T10:08:58Z</time>
      </trkpt>
      <trkpt lat="22.5717175" lon="113.9500248">
        <ele>9.35799</ele>
        <time>2025-09-10T10:09:00Z</time>
      </trkpt>
      <trkpt lat="22.5717221" lon="113.950071">
        <ele>9.53899</ele>
        <time>2025-09-10T10:09:02Z</time>
      </trkpt>
      <trkpt lat="22.5717267" lon="113.9501163">
        <ele>9.28299</ele>
        <time>2025-09-10T10:09:04Z</time>
      </trkpt>
      <trkpt lat="22.5717311" lon="113.9501618">
        <ele>9.194</ele>
        <time>2025-09-10T10:09:06Z</time>
      </trkpt>
      <trkpt lat="22.5717338" lon="113.9502087">
        <ele>7.333</ele>
        <time>2025-09-10T10:09:08Z</time>
      </trkpt>
      <trkpt lat="22.5717315" lon="113.9502578">
        <ele>7.10799</ele>
        <time>2025-09-10T10:09:10Z</time>
      </trkpt>
      <trkpt lat="22.5717242" lon="113.9503092">
        <ele>7.118</ele>
        <time>2025-09-10T10:09:12Z</time>
      </trkpt>
      <trkpt lat="22.5717169" lon="113.9503597">
        <ele>7.82899</ele>
        <time>2025-09-10T10:09:14Z</time>
      </trkpt>
      <trkpt lat="22.5717109" lon="113.9504086">
        <ele>8.826</ele>
        <time>2025-09-10T10:09:16Z</time>
      </trkpt>
      <trkpt lat="22.5717065" lon="113.9504563">
        <ele>9.18099</ele>
        <time>2025-09-10T10:09:18Z</time>
      </trkpt>
      <trkpt lat="22.5717046" lon="113.9505038">
        <ele>9.059</ele>
        <time>2025-09-10T10:09:20Z</time>
      </trkpt>
      <trkpt lat="22.5717036" lon="113.95055">
        <ele>9.90699</ele>
        <time>2025-09-10T10:09:22Z</time>
      </trkpt>
      <trkpt lat="22.5717029" lon="113.9505959">
        <ele>10.911</ele>
        <time>2025-09-10T10:09:24Z</time>
      </trkpt>
      <trkpt lat="22.5717021" lon="113.9506422">
        <ele>10.66699</ele>
        <time>2025-09-10T10:09:26Z</time>
      </trkpt>
      <trkpt lat="22.5717021" lon="113.9506884">
        <ele>10.63799</ele>
        <time>2025-09-10T10:09:28Z</time>
      </trkpt>
      <trkpt lat="22.571702" lon="113.9507344">
        <ele>10.61999</ele>
        <time>2025-09-10T10:09:30Z</time>
      </trkpt>
      <trkpt lat="22.5717018" lon="113.9507806">
        <ele>10.661</ele>
        <time>2025-09-10T10:09:32Z</time>
      </trkpt>
      <trkpt lat="22.5717014" lon="113.9508267">
        <ele>10.53699</ele>
        <time>2025-09-10T10:09:34Z</time>
      </trkpt>
      <trkpt lat="22.5717017" lon="113.9508722">
        <ele>10.38799</ele>
        <time>2025-09-10T10:09:36Z</time>
      </trkpt>
      <trkpt lat="22.5717011" lon="113.9509172">
        <ele>9.93099</ele>
        <time>2025-09-10T10:09:38Z</time>
      </trkpt>
      <trkpt lat="22.5717009" lon="113.9509624">
        <ele>9.96899</ele>
        <time>2025-09-10T10:09:40Z</time>
      </trkpt>
      <trkpt lat="22.571701" lon="113.9510076">
        <ele>9.34899</ele>
        <time>2025-09-10T10:09:42Z</time>
      </trkpt>
      <trkpt lat="22.5717017" lon="113.9510526">
        <ele>9.39</ele>
        <time>2025-09-10T10:09:44Z</time>
      </trkpt>
      <trkpt lat="22.5717021" lon="113.9510974">
        <ele>10.062</ele>
        <time>2025-09-10T10:09:46Z</time>
      </trkpt>
      <trkpt lat="22.5717031" lon="113.9511417">
        <ele>10.208</ele>
        <time>2025-09-10T10:09:48Z</time>
      </trkpt>
      <trkpt lat="22.5717034" lon="113.9511855">
        <ele>11.14099</ele>
        <time>2025-09-10T10:09:50Z</time>
      </trkpt>
      <trkpt lat="22.5717031" lon="113.9512288">
        <ele>11.51299</ele>
        <time>2025-09-10T10:09:52Z</time>
      </trkpt>
      <trkpt lat="22.5717029" lon="113.9512724">
        <ele>11.96</ele>
        <time>2025-09-10T10:09:54Z</time>
      </trkpt>
      <trkpt lat="22.5717033" lon="113.9513158">
        <ele>13.46399</ele>
        <time>2025-09-10T10:09:56Z</time>
      </trkpt>
      <trkpt lat="22.5717043" lon="113.951359">
        <ele>14.07699</ele>
        <time>2025-09-10T10:09:58Z</time>
      </trkpt>
      <trkpt lat="22.5717056" lon="113.9514023">
        <ele>15.286</ele>
        <time>2025-09-10T10:10:00Z</time>
      </trkpt>
      <trkpt lat="22.5717087" lon="113.9514451">
        <ele>15.623</ele>
        <time>2025-09-10T10:10:02Z</time>
      </trkpt>
      <trkpt lat="22.5717161" lon="113.9514854">
        <ele>16.187</ele>
        <time>2025-09-10T10:10:04Z</time>
      </trkpt>
      <trkpt lat="22.5717292" lon="113.9515216">
        <ele>16.41699</ele>
        <time>2025-09-10T10:10:06Z</time>
      </trkpt>
      <trkpt lat="22.5717495" lon="113.951552">
        <ele>17.05299</ele>
        <time>2025-09-10T10:10:08Z</time>
      </trkpt>
      <trkpt lat="22.5717772" lon="113.9515772">
        <ele>17.42799</ele>
        <time>2025-09-10T10:10:10Z</time>
      </trkpt>
      <trkpt lat="22.5718115" lon="113.951596">
        <ele>16.64299</ele>
        <time>2025-09-10T10:10:12Z</time>
      </trkpt>
      <trkpt lat="22.5718496" lon="113.951606">
        <ele>15.972</ele>
        <time>2025-09-10T10:10:14Z</time>
      </trkpt>
      <trkpt lat="22.5718894" lon="113.951608">
        <ele>16.152</ele>
        <time>2025-09-10T10:10:16Z</time>
      </trkpt>
      <trkpt lat="22.5719301" lon="113.951605">
        <ele>16.91099</ele>
        <time>2025-09-10T10:10:18Z</time>
      </trkpt>
      <trkpt lat="22.5719715" lon="113.9515957">
        <ele>16.75499</ele>
        <time>2025-09-10T10:10:20Z</time>
      </trkpt>
      <trkpt lat="22.5720117" lon="113.9515828">
        <ele>15.99899</ele>
        <time>2025-09-10T10:10:22Z</time>
      </trkpt>
      <trkpt lat="22.5720471" lon="113.9515678">
        <ele>13.94799</ele>
        <time>2025-09-10T10:10:24Z</time>
      </trkpt>
      <trkpt lat="22.5720752" lon="113.9515504">
        <ele>12.32999</ele>
        <time>2025-09-10T10:10:26Z</time>
      </trkpt>
      <trkpt lat="22.5720966" lon="113.9515273">
        <ele>11.73099</ele>
        <time>2025-09-10T10:10:28Z</time>
      </trkpt>
      <trkpt lat="22.5721144" lon="113.9514971">
        <ele>14.423</ele>
        <time>2025-09-10T10:10:30Z</time>
      </trkpt>
      <trkpt lat="22.5721275" lon="113.9514542">
        <ele>14.517</ele>
        <time>2025-09-10T10:10:32Z</time>
      </trkpt>
      <trkpt lat="22.5721338" lon="113.9514073">
        <ele>14.10499</ele>
        <time>2025-09-10T10:10:34Z</time>
      </trkpt>
      <trkpt lat="22.5721347" lon="113.9513567">
        <ele>14.166</ele>
        <time>2025-09-10T10:10:36Z</time>
      </trkpt>
      <trkpt lat="22.5721316" lon="113.9513036">
        <ele>14.75699</ele>
        <time>2025-09-10T10:10:38Z</time>
      </trkpt>
      <trkpt lat="22.5721247" lon="113.9512513">
        <ele>14.96599</ele>
        <time>2025-09-10T10:10:40Z</time>
      </trkpt>
      <trkpt lat="22.5721203" lon="113.951205">
        <ele>15.239</ele>
        <time>2025-09-10T10:10:42Z</time>
      </trkpt>
      <trkpt lat="22.5721256" lon="113.9511618">
        <ele>14.081</ele>
        <time>2025-09-10T10:10:44Z</time>
      </trkpt>
      <trkpt lat="22.5721438" lon="113.9511234">
        <ele>14.52099</ele>
        <time>2025-09-10T10:10:46Z</time>
      </trkpt>
      <trkpt lat="22.5721711" lon="113.9510895">
        <ele>15.23999</ele>
        <time>2025-09-10T10:10:48Z</time>
      </trkpt>
      <trkpt lat="22.5722042" lon="113.9510589">
        <ele>14.291</ele>
        <time>2025-09-10T10:10:50Z</time>
      </trkpt>
      <trkpt lat="22.5722393" lon="113.951032">
        <ele>13.92099</ele>
        <time>2025-09-10T10:10:52Z</time>
      </trkpt>
      <trkpt lat="22.5722735" lon="113.9510057">
        <ele>13.93299</ele>
        <time>2025-09-10T10:10:54Z</time>
      </trkpt>
      <trkpt lat="22.5723024" lon="113.9509772">
        <ele>13.588</ele>
        <time>2025-09-10T10:10:56Z</time>
      </trkpt>
      <trkpt lat="22.5723309" lon="113.9509493">
        <ele>13.744</ele>
        <time>2025-09-10T10:10:58Z</time>
      </trkpt>
      <trkpt lat="22.5723602" lon="113.9509252">
        <ele>14.133</ele>
        <time>2025-09-10T10:11:00Z</time>
      </trkpt>
      <trkpt lat="22.5723893" lon="113.950903">
        <ele>13.42399</ele>
        <time>2025-09-10T10:11:02Z</time>
      </trkpt>
      <trkpt lat="22.5724233" lon="113.9508842">
        <ele>13.02499</ele>
        <time>2025-09-10T10:11:04Z</time>
      </trkpt>
      <trkpt lat="22.5724652" lon="113.9508707">
        <ele>12.453</ele>
        <time>2025-09-10T10:11:06Z</time>
      </trkpt>
      <trkpt lat="22.5725106" lon="113.9508586">
        <ele>13.09</ele>
        <time>2025-09-10T10:11:08Z</time>
      </trkpt>
      <trkpt lat="22.5725565" lon="113.9508448">
        <ele>12.32499</ele>
        <time>2025-09-10T10:11:10Z</time>
      </trkpt>
      <trkpt lat="22.5726034" lon="113.9508321">
        <ele>12.95199</ele>
        <time>2025-09-10T10:11:12Z</time>
      </trkpt>
      <trkpt lat="22.5726493" lon="113.9508204">
        <ele>13.366</ele>
        <time>2025-09-10T10:11:14Z</time>
      </trkpt>
      <trkpt lat="22.5726928" lon="113.950811">
        <ele>14.27799</ele>
        <time>2025-09-10T10:11:16Z</time>
      </trkpt>
      <trkpt lat="22.5727341" lon="113.9508022">
        <ele>12.744</ele>
        <time>2025-09-10T10:11:18Z</time>
      </trkpt>
      <trkpt lat="22.5727723" lon="113.9507935">
        <ele>12.536</ele>
        <time>2025-09-10T10:11:20Z</time>
      </trkpt>
      <trkpt lat="22.5728073" lon="113.950783">
        <ele>12.053</ele>
        <time>2025-09-10T10:11:22Z</time>
      </trkpt>
      <trkpt lat="22.5728407" lon="113.9507701">
        <ele>11.972</ele>
        <time>2025-09-10T10:11:24Z</time>
      </trkpt>
      <trkpt lat="22.5728746" lon="113.9507564">
        <ele>12.47399</ele>
        <time>2025-09-10T10:11:26Z</time>
      </trkpt>
      <trkpt lat="22.5729092" lon="113.9507453">
        <ele>13.432</ele>
        <time>2025-09-10T10:11:28Z</time>
      </trkpt>
      <trkpt lat="22.5729474" lon="113.9507359">
        <ele>14.251</ele>
        <time>2025-09-10T10:11:30Z</time>
      </trkpt>
      <trkpt lat="22.5729922" lon="113.9507298">
        <ele>14.70499</ele>
        <time>2025-09-10T10:11:32Z</time>
      </trkpt>
      <trkpt lat="22.5730388" lon="113.9507258">
        <ele>13.715</ele>
        <time>2025-09-10T10:11:34Z</time>
      </trkpt>
      <trkpt lat="22.5730828" lon="113.9507226">
        <ele>12.045</ele>
        <time>2025-09-10T10:11:36Z</time>
      </trkpt>
      <trkpt lat="22.5731254" lon="113.9507185">
        <ele>10.684</ele>
        <time>2025-09-10T10:11:38Z</time>
      </trkpt>
      <trkpt lat="22.5731662" lon="113.9507146">
        <ele>11.06499</ele>
        <time>2025-09-10T10:11:40Z</time>
      </trkpt>
      <trkpt lat="22.573205" lon="113.9507109">
        <ele>11.21599</ele>
        <time>2025-09-10T10:11:42Z</time>
      </trkpt>
      <trkpt lat="22.5732426" lon="113.9507059">
        <ele>11.75599</ele>
        <time>2025-09-10T10:11:44Z</time>
      </trkpt>
      <trkpt lat="22.5732815" lon="113.9506988">
        <ele>11.97099</ele>
        <time>2025-09-10T10:11:46Z</time>
      </trkpt>
      <trkpt lat="22.573321" lon="113.9506932">
        <ele>12.758</ele>
        <time>2025-09-10T10:11:48Z</time>
      </trkpt>
      <trkpt lat="22.573361" lon="113.9506893">
        <ele>13.826</ele>
        <time>2025-09-10T10:11:50Z</time>
      </trkpt>
      <trkpt lat="22.5733996" lon="113.950686">
        <ele>13.40699</ele>
        <time>2025-09-10T10:11:52Z</time>
      </trkpt>
      <trkpt lat="22.573437" lon="113.9506854">
        <ele>12.92199</ele>
        <time>2025-09-10T10:11:54Z</time>
      </trkpt>
      <trkpt lat="22.5734763" lon="113.9506841">
        <ele>13.76099</ele>
        <time>2025-09-10T10:11:56Z</time>
      </trkpt>
      <trkpt lat="22.5735158" lon="113.9506814">
        <ele>13.94499</ele>
        <time>2025-09-10T10:11:58Z</time>
      </trkpt>
      <trkpt lat="22.5735566" lon="113.9506778">
        <ele>12.387</ele>
        <time>2025-09-10T10:12:00Z</time>
      </trkpt>
      <trkpt lat="22.5735996" lon="113.9506718">
        <ele>11.60499</ele>
        <time>2025-09-10T10:12:02Z</time>
      </trkpt>
      <trkpt lat="22.5736422" lon="113.9506649">
        <ele>11.41899</ele>
        <time>2025-09-10T10:12:04Z</time>
      </trkpt>
      <trkpt lat="22.5736818" lon="113.9506599">
        <ele>10.951</ele>
        <time>2025-09-10T10:12:06Z</time>
      </trkpt>
      <trkpt lat="22.5737221" lon="113.9506559">
        <ele>10.85799</ele>
        <time>2025-09-10T10:12:08Z</time>
      </trkpt>
      <trkpt lat="22.5737623" lon="113.9506536">
        <ele>11.571</ele>
        <time>2025-09-10T10:12:10Z</time>
      </trkpt>
      <trkpt lat="22.573801" lon="113.9506532">
        <ele>11.28999</ele>
        <time>2025-09-10T10:12:12Z</time>
      </trkpt>
      <trkpt lat="22.5738403" lon="113.950653">
        <ele>11.614</ele>
        <time>2025-09-10T10:12:14Z</time>
      </trkpt>
      <trkpt lat="22.5738808" lon="113.9506531">
        <ele>10.901</ele>
        <time>2025-09-10T10:12:16Z</time>
      </trkpt>
      <trkpt lat="22.5739197" lon="113.950651">
        <ele>10.35</ele>
        <time>2025-09-10T10:12:18Z</time>
      </trkpt>
      <trkpt lat="22.573956" lon="113.9506424">
        <ele>9.98299</ele>
        <time>2025-09-10T10:12:20Z</time>
      </trkpt>
      <trkpt lat="22.5739896" lon="113.9506273">
        <ele>9.44299</ele>
        <time>2025-09-10T10:12:22Z</time>
      </trkpt>
      <trkpt lat="22.5740219" lon="113.950606">
        <ele>8.986</ele>
        <time>2025-09-10T10:12:24Z</time>
      </trkpt>
      <trkpt lat="22.5740535" lon="113.9505786">
        <ele>7.164</ele>
        <time>2025-09-10T10:12:26Z</time>
      </trkpt>
      <trkpt lat="22.5740866" lon="113.9505486">
        <ele>6.70499</ele>
        <time>2025-09-10T10:12:28Z</time>
      </trkpt>
      <trkpt lat="22.5741213" lon="113.9505241">
        <ele>7.604</ele>
        <time>2025-09-10T10:12:30Z</time>
      </trkpt>
      <trkpt lat="22.5741602" lon="113.9505062">
        <ele>7.966</ele>
        <time>2025-09-10T10:12:32Z</time>
      </trkpt>
      <trkpt lat="22.5742004" lon="113.9504951">
        <ele>7.75899</ele>
        <time>2025-09-10T10:12:34Z</time>
      </trkpt>
      <trkpt lat="22.5742428" lon="113.95049">
        <ele>8.692</ele>
        <time>2025-09-10T10:12:36Z</time>
      </trkpt>
      <trkpt lat="22.5742856" lon="113.9504894">
        <ele>8.918</ele>
        <time>2025-09-10T10:12:38Z</time>
      </trkpt>
      <trkpt lat="22.574329" lon="113.950489">
        <ele>9.05399</ele>
        <time>2025-09-10T10:12:40Z</time>
      </trkpt>
      <trkpt lat="22.5743724" lon="113.9504876">
        <ele>10.05599</ele>
        <time>2025-09-10T10:12:42Z</time>
      </trkpt>
      <trkpt lat="22.5744164" lon="113.9504844">
        <ele>9.586</ele>
        <time>2025-09-10T10:12:44Z</time>
      </trkpt>
      <trkpt lat="22.5744599" lon="113.9504786">
        <ele>8.66699</ele>
        <time>2025-09-10T10:12:46Z</time>
      </trkpt>
      <trkpt lat="22.5745057" lon="113.9504725">
        <ele>9.08399</ele>
        <time>2025-09-10T10:12:48Z</time>
      </trkpt>
      <trkpt lat="22.5745509" lon="113.9504677">
        <ele>9.359</ele>
        <time>2025-09-10T10:12:50Z</time>
      </trkpt>
      <trkpt lat="22.5745913" lon="113.9504623">
        <ele>8.684</ele>
        <time>2025-09-10T10:12:52Z</time>
      </trkpt>
      <trkpt lat="22.5746311" lon="113.9504583">
        <ele>7.124</ele>
        <time>2025-09-10T10:12:54Z</time>
      </trkpt>
      <trkpt lat="22.5746727" lon="113.9504567">
        <ele>6.94399</ele>
        <time>2025-09-10T10:12:56Z</time>
      </trkpt>
      <trkpt lat="22.574714" lon="113.9504533">
        <ele>7.39799</ele>
        <time>2025-09-10T10:12:58Z</time>
      </trkpt>
      <trkpt lat="22.5747556" lon="113.9504506">
        <ele>8.30599</ele>
        <time>2025-09-10T10:13:00Z</time>
      </trkpt>
      <trkpt lat="22.5747992" lon="113.9504479">
        <ele>9.255</ele>
        <time>2025-09-10T10:13:02Z</time>
      </trkpt>
      <trkpt lat="22.5748439" lon="113.9504456">
        <ele>10.47399</ele>
        <time>2025-09-10T10:13:04Z</time>
      </trkpt>
      <trkpt lat="22.5748866" lon="113.9504431">
        <ele>9.409</ele>
        <time>2025-09-10T10:13:06Z</time>
      </trkpt>
      <trkpt lat="22.5749256" lon="113.9504417">
        <ele>8.64799</ele>
        <time>2025-09-10T10:13:08Z</time>
      </trkpt>
      <trkpt lat="22.5749595" lon="113.9504372">
        <ele>9.458</ele>
        <time>2025-09-10T10:13:10Z</time>
      </trkpt>
      <trkpt lat="22.5749914" lon="113.9504309">
        <ele>9.94699</ele>
        <time>2025-09-10T10:13:12Z</time>
      </trkpt>
      <trkpt lat="22.5750146" lon="113.9504209">
        <ele>9.48499</ele>
        <time>2025-09-10T10:13:14Z</time>
      </trkpt>
      <trkpt lat="22.5750267" lon="113.9504089">
        <ele>10.57299</ele>
        <time>2025-09-10T10:13:16Z</time>
      </trkpt>
      <trkpt lat="22.5750371" lon="113.9503917">
        <ele>9.64299</ele>
        <time>2025-09-10T10:13:19Z</time>
      </trkpt>
      <trkpt lat="22.5750532" lon="113.950377">
        <ele>9.57999</ele>
        <time>2025-09-10T10:13:21Z</time>
      </trkpt>
      <trkpt lat="22.5750721" lon="113.9503664">
        <ele>6.22599</ele>
        <time>2025-09-10T10:13:23Z</time>
      </trkpt>
      <trkpt lat="22.5750977" lon="113.9503639">
        <ele>3.861</ele>
        <time>2025-09-10T10:13:25Z</time>
      </trkpt>
      <trkpt lat="22.5751322" lon="113.9503643">
        <ele>0.652</ele>
        <time>2025-09-10T10:13:27Z</time>
      </trkpt>
      <trkpt lat="22.5751719" lon="113.9503705">
        <ele>-4.39499</ele>
        <time>2025-09-10T10:13:29Z</time>
      </trkpt>
      <trkpt lat="22.5752152" lon="113.9503754">
        <ele>-6.92999</ele>
        <time>2025-09-10T10:13:31Z</time>
      </trkpt>
      <trkpt lat="22.5752688" lon="113.9503794">
        <ele>-6.22499</ele>
        <time>2025-09-10T10:13:33Z</time>
      </trkpt>
      <trkpt lat="22.5753291" lon="113.9503787">
        <ele>-3.795</ele>
        <time>2025-09-10T10:13:35Z</time>
      </trkpt>
      <trkpt lat="22.5753969" lon="113.9503768">
        <ele>-1.48199</ele>
        <time>2025-09-10T10:13:37Z</time>
      </trkpt>
      <trkpt lat="22.5754666" lon="113.9503753">
        <ele>-0.84799</ele>
        <time>2025-09-10T10:13:39Z</time>
      </trkpt>
      <trkpt lat="22.5755344" lon="113.9503753">
        <ele>-0.57099</ele>
        <time>2025-09-10T10:13:41Z</time>
      </trkpt>
      <trkpt lat="22.5755953" lon="113.9503746">
        <ele>3.012</ele>
        <time>2025-09-10T10:13:43Z</time>
      </trkpt>
      <trkpt lat="22.5756519" lon="113.9503731">
        <ele>6.21099</ele>
        <time>2025-09-10T10:13:45Z</time>
      </trkpt>
      <trkpt lat="22.575703" lon="113.9503719">
        <ele>7.65199</ele>
        <time>2025-09-10T10:13:47Z</time>
      </trkpt>
      <trkpt lat="22.5757511" lon="113.950371">
        <ele>7.925</ele>
        <time>2025-09-10T10:13:49Z</time>
      </trkpt>
      <trkpt lat="22.5757984" lon="113.9503695">
        <ele>7.096</ele>
        <time>2025-09-10T10:13:51Z</time>
      </trkpt>
      <trkpt lat="22.5758455" lon="113.9503679">
        <ele>7.176</ele>
        <time>2025-09-10T10:13:53Z</time>
      </trkpt>
      <trkpt lat="22.5758907" lon="113.9503672">
        <ele>6.977</ele>
        <time>2025-09-10T10:13:55Z</time>
      </trkpt>
      <trkpt lat="22.5759356" lon="113.9503679">
        <ele>7.32999</ele>
        <time>2025-09-10T10:13:57Z</time>
      </trkpt>
      <trkpt lat="22.5759773" lon="113.9503703">
        <ele>6.79199</ele>
        <time>2025-09-10T10:13:59Z</time>
      </trkpt>
      <trkpt lat="22.5760164" lon="113.9503724">
        <ele>6.36899</ele>
        <time>2025-09-10T10:14:01Z</time>
      </trkpt>
      <trkpt lat="22.5760539" lon="113.950375">
        <ele>6.34</ele>
        <time>2025-09-10T10:14:03Z</time>
      </trkpt>
      <trkpt lat="22.5760916" lon="113.9503777">
        <ele>5.839</ele>
        <time>2025-09-10T10:14:05Z</time>
      </trkpt>
      <trkpt lat="22.5761283" lon="113.9503791">
        <ele>5.92899</ele>
        <time>2025-09-10T10:14:07Z</time>
      </trkpt>
      <trkpt lat="22.5761688" lon="113.9503775">
        <ele>5.767</ele>
        <time>2025-09-10T10:14:09Z</time>
      </trkpt>
      <trkpt lat="22.5762108" lon="113.950374">
        <ele>4.806</ele>
        <time>2025-09-10T10:14:11Z</time>
      </trkpt>
      <trkpt lat="22.5762536" lon="113.9503694">
        <ele>6.01499</ele>
        <time>2025-09-10T10:14:13Z</time>
      </trkpt>
      <trkpt lat="22.5762977" lon="113.9503629">
        <ele>5.643</ele>
        <time>2025-09-10T10:14:15Z</time>
      </trkpt>
      <trkpt lat="22.5763427" lon="113.9503548">
        <ele>6.01499</ele>
        <time>2025-09-10T10:14:17Z</time>
      </trkpt>
      <trkpt lat="22.5763877" lon="113.9503469">
        <ele>7.13399</ele>
        <time>2025-09-10T10:14:19Z</time>
      </trkpt>
      <trkpt lat="22.5764326" lon="113.9503395">
        <ele>8.366</ele>
        <time>2025-09-10T10:14:21Z</time>
      </trkpt>
      <trkpt lat="22.5764764" lon="113.9503322">
        <ele>8.725</ele>
        <time>2025-09-10T10:14:23Z</time>
      </trkpt>
      <trkpt lat="22.5765201" lon="113.9503265">
        <ele>9.857</ele>
        <time>2025-09-10T10:14:25Z</time>
      </trkpt>
      <trkpt lat="22.5765625" lon="113.9503217">
        <ele>10.239</ele>
        <time>2025-09-10T10:14:27Z</time>
      </trkpt>
      <trkpt lat="22.576603" lon="113.9503163">
        <ele>9.718</ele>
        <time>2025-09-10T10:14:29Z</time>
      </trkpt>
      <trkpt lat="22.5766432" lon="113.950311">
        <ele>9.383</ele>
        <time>2025-09-10T10:14:31Z</time>
      </trkpt>
      <trkpt lat="22.5766827" lon="113.9503065">
        <ele>9.592</ele>
        <time>2025-09-10T10:14:33Z</time>
      </trkpt>
      <trkpt lat="22.5767224" lon="113.950304">
        <ele>8.79699</ele>
        <time>2025-09-10T10:14:35Z</time>
      </trkpt>
      <trkpt lat="22.5767646" lon="113.9503013">
        <ele>8.38599</ele>
        <time>2025-09-10T10:14:37Z</time>
      </trkpt>
      <trkpt lat="22.5768072" lon="113.9502998">
        <ele>8.159</ele>
        <time>2025-09-10T10:14:39Z</time>
      </trkpt>
      <trkpt lat="22.5768493" lon="113.950299">
        <ele>7.677</ele>
        <time>2025-09-10T10:14:41Z</time>
      </trkpt>
      <trkpt lat="22.5768912" lon="113.9502981">
        <ele>7.835</ele>
        <time>2025-09-10T10:14:43Z</time>
      </trkpt>
      <trkpt lat="22.5769311" lon="113.9502958">
        <ele>8.92199</ele>
        <time>2025-09-10T10:14:45Z</time>
      </trkpt>
      <trkpt lat="22.576971" lon="113.9502947">
        <ele>10.21599</ele>
        <time>2025-09-10T10:14:47Z</time>
      </trkpt>
      <trkpt lat="22.577012" lon="113.9502935">
        <ele>10.22599</ele>
        <time>2025-09-10T10:14:49Z</time>
      </trkpt>
      <trkpt lat="22.577054" lon="113.950293">
        <ele>10.196</ele>
        <time>2025-09-10T10:14:51Z</time>
      </trkpt>
      <trkpt lat="22.5770965" lon="113.9502917">
        <ele>10.538</ele>
        <time>2025-09-10T10:14:53Z</time>
      </trkpt>
      <trkpt lat="22.5771391" lon="113.950289">
        <ele>10.93299</ele>
        <time>2025-09-10T10:14:55Z</time>
      </trkpt>
      <trkpt lat="22.577181" lon="113.9502858">
        <ele>10.543</ele>
        <time>2025-09-10T10:14:57Z</time>
      </trkpt>
      <trkpt lat="22.5772223" lon="113.9502834">
        <ele>10.27299</ele>
        <time>2025-09-10T10:14:59Z</time>
      </trkpt>
      <trkpt lat="22.5772635" lon="113.9502811">
        <ele>9.217</ele>
        <time>2025-09-10T10:15:01Z</time>
      </trkpt>
      <trkpt lat="22.5773044" lon="113.9502791">
        <ele>8.531</ele>
        <time>2025-09-10T10:15:03Z</time>
      </trkpt>
      <trkpt lat="22.5773482" lon="113.9502764">
        <ele>8.43</ele>
        <time>2025-09-10T10:15:05Z</time>
      </trkpt>
      <trkpt lat="22.5773936" lon="113.9502744">
        <ele>9.531</ele>
        <time>2025-09-10T10:15:07Z</time>
      </trkpt>
      <trkpt lat="22.5774379" lon="113.9502727">
        <ele>9.25699</ele>
        <time>2025-09-10T10:15:09Z</time>
      </trkpt>
      <trkpt lat="22.5774829" lon="113.9502705">
        <ele>9.184</ele>
        <time>2025-09-10T10:15:11Z</time>
      </trkpt>
      <trkpt lat="22.5775278" lon="113.9502688">
        <ele>9.401</ele>
        <time>2025-09-10T10:15:13Z</time>
      </trkpt>
      <trkpt lat="22.5775717" lon="113.9502679">
        <ele>10.34599</ele>
        <time>2025-09-10T10:15:15Z</time>
      </trkpt>
      <trkpt lat="22.5776115" lon="113.9502668">
        <ele>10.99499</ele>
        <time>2025-09-10T10:15:17Z</time>
      </trkpt>
      <trkpt lat="22.5776484" lon="113.9502642">
        <ele>11.21199</ele>
        <time>2025-09-10T10:15:19Z</time>
      </trkpt>
      <trkpt lat="22.5776828" lon="113.9502618">
        <ele>11.317</ele>
        <time>2025-09-10T10:15:21Z</time>
      </trkpt>
      <trkpt lat="22.5777167" lon="113.9502593">
        <ele>11.07299</ele>
        <time>2025-09-10T10:15:23Z</time>
      </trkpt>
      <trkpt lat="22.5777493" lon="113.9502571">
        <ele>10.67199</ele>
        <time>2025-09-10T10:15:25Z</time>
      </trkpt>
      <trkpt lat="22.5777806" lon="113.9502542">
        <ele>9.85999</ele>
        <time>2025-09-10T10:15:27Z</time>
      </trkpt>
      <trkpt lat="22.5778127" lon="113.9502517">
        <ele>9.54199</ele>
        <time>2025-09-10T10:15:29Z</time>
      </trkpt>
      <trkpt lat="22.5778458" lon="113.9502488">
        <ele>9.246</ele>
        <time>2025-09-10T10:15:31Z</time>
      </trkpt>
      <trkpt lat="22.57788" lon="113.9502455">
        <ele>8.93099</ele>
        <time>2025-09-10T10:15:33Z</time>
      </trkpt>
      <trkpt lat="22.5779145" lon="113.9502414">
        <ele>9.227</ele>
        <time>2025-09-10T10:15:35Z</time>
      </trkpt>
      <trkpt lat="22.5779516" lon="113.9502366">
        <ele>9.85499</ele>
        <time>2025-09-10T10:15:37Z</time>
      </trkpt>
      <trkpt lat="22.5779888" lon="113.9502327">
        <ele>10.701</ele>
        <time>2025-09-10T10:15:39Z</time>
      </trkpt>
      <trkpt lat="22.578025" lon="113.950229">
        <ele>11.317</ele>
        <time>2025-09-10T10:15:41Z</time>
      </trkpt>
      <trkpt lat="22.5780615" lon="113.9502257">
        <ele>13.49899</ele>
        <time>2025-09-10T10:15:43Z</time>
      </trkpt>
      <trkpt lat="22.5780955" lon="113.9502247">
        <ele>14.38199</ele>
        <time>2025-09-10T10:15:45Z</time>
      </trkpt>
      <trkpt lat="22.5781268" lon="113.9502263">
        <ele>14.64799</ele>
        <time>2025-09-10T10:15:47Z</time>
      </trkpt>
      <trkpt lat="22.5781597" lon="113.9502265">
        <ele>14.11499</ele>
        <time>2025-09-10T10:15:49Z</time>
      </trkpt>
      <trkpt lat="22.5781945" lon="113.9502281">
        <ele>13.552</ele>
        <time>2025-09-10T10:15:51Z</time>
      </trkpt>
      <trkpt lat="22.5782293" lon="113.9502324">
        <ele>13.147</ele>
        <time>2025-09-10T10:15:53Z</time>
      </trkpt>
      <trkpt lat="22.5782674" lon="113.9502365">
        <ele>12.894</ele>
        <time>2025-09-10T10:15:55Z</time>
      </trkpt>
      <trkpt lat="22.5783087" lon="113.9502398">
        <ele>10.85</ele>
        <time>2025-09-10T10:15:57Z</time>
      </trkpt>
      <trkpt lat="22.5783495" lon="113.9502461">
        <ele>11.338</ele>
        <time>2025-09-10T10:15:59Z</time>
      </trkpt>
      <trkpt lat="22.5783908" lon="113.9502535">
        <ele>12.51799</ele>
        <time>2025-09-10T10:16:01Z</time>
      </trkpt>
      <trkpt lat="22.5784308" lon="113.9502609">
        <ele>11.987</ele>
        <time>2025-09-10T10:16:03Z</time>
      </trkpt>
      <trkpt lat="22.5784702" lon="113.9502683">
        <ele>11.821</ele>
        <time>2025-09-10T10:16:05Z</time>
      </trkpt>
      <trkpt lat="22.5785119" lon="113.950277">
        <ele>11.795</ele>
        <time>2025-09-10T10:16:07Z</time>
      </trkpt>
      <trkpt lat="22.5785546" lon="113.9502857">
        <ele>11.965</ele>
        <time>2025-09-10T10:16:09Z</time>
      </trkpt>
      <trkpt lat="22.5785951" lon="113.9502946">
        <ele>11.93299</ele>
        <time>2025-09-10T10:16:11Z</time>
      </trkpt>
      <trkpt lat="22.578636" lon="113.9503041">
        <ele>11.85999</ele>
        <time>2025-09-10T10:16:13Z</time>
      </trkpt>
      <trkpt lat="22.5786742" lon="113.9503152">
        <ele>12.42399</ele>
        <time>2025-09-10T10:16:15Z</time>
      </trkpt>
      <trkpt lat="22.5787109" lon="113.9503277">
        <ele>12.729</ele>
        <time>2025-09-10T10:16:17Z</time>
      </trkpt>
      <trkpt lat="22.5787491" lon="113.9503402">
        <ele>13.479</ele>
        <time>2025-09-10T10:16:19Z</time>
      </trkpt>
      <trkpt lat="22.5787884" lon="113.950353">
        <ele>13.99199</ele>
        <time>2025-09-10T10:16:21Z</time>
      </trkpt>
      <trkpt lat="22.5788272" lon="113.9503659">
        <ele>15.522</ele>
        <time>2025-09-10T10:16:23Z</time>
      </trkpt>
      <trkpt lat="22.5788694" lon="113.9503786">
        <ele>14.78699</ele>
        <time>2025-09-10T10:16:25Z</time>
      </trkpt>
      <trkpt lat="22.578909" lon="113.9503911">
        <ele>14.31499</ele>
        <time>2025-09-10T10:16:27Z</time>
      </trkpt>
      <trkpt lat="22.5789453" lon="113.9504037">
        <ele>14.465</ele>
        <time>2025-09-10T10:16:29Z</time>
      </trkpt>
      <trkpt lat="22.5789789" lon="113.9504166">
        <ele>12.80399</ele>
        <time>2025-09-10T10:16:31Z</time>
      </trkpt>
      <trkpt lat="22.5790119" lon="113.9504293">
        <ele>12.52299</ele>
        <time>2025-09-10T10:16:33Z</time>
      </trkpt>
      <trkpt lat="22.5790461" lon="113.9504429">
        <ele>12.37199</ele>
        <time>2025-09-10T10:16:35Z</time>
      </trkpt>
      <trkpt lat="22.5790827" lon="113.950457">
        <ele>13.102</ele>
        <time>2025-09-10T10:16:37Z</time>
      </trkpt>
      <trkpt lat="22.57912" lon="113.9504718">
        <ele>13.29899</ele>
        <time>2025-09-10T10:16:39Z</time>
      </trkpt>
      <trkpt lat="22.579159" lon="113.9504872">
        <ele>13.394</ele>
        <time>2025-09-10T10:16:41Z</time>
      </trkpt>
      <trkpt lat="22.5791976" lon="113.9505031">
        <ele>14.112</ele>
        <time>2025-09-10T10:16:43Z</time>
      </trkpt>
      <trkpt lat="22.5792279" lon="113.9505189">
        <ele>13.791</ele>
        <time>2025-09-10T10:16:45Z</time>
      </trkpt>
      <trkpt lat="22.579252" lon="113.9505341">
        <ele>13.39299</ele>
        <time>2025-09-10T10:16:47Z</time>
      </trkpt>
      <trkpt lat="22.5792735" lon="113.9505474">
        <ele>13.588</ele>
        <time>2025-09-10T10:16:49Z</time>
      </trkpt>
      <trkpt lat="22.5792979" lon="113.9505624">
        <ele>15.15799</ele>
        <time>2025-09-10T10:16:51Z</time>
      </trkpt>
      <trkpt lat="22.5793235" lon="113.9505792">
        <ele>15.125</ele>
        <time>2025-09-10T10:16:53Z</time>
      </trkpt>
      <trkpt lat="22.5793505" lon="113.9505966">
        <ele>15.85099</ele>
        <time>2025-09-10T10:16:55Z</time>
      </trkpt>
      <trkpt lat="22.5793801" lon="113.9506147">
        <ele>15.173</ele>
        <time>2025-09-10T10:16:57Z</time>
      </trkpt>
      <trkpt lat="22.5794159" lon="113.9506378">
        <ele>13.21599</ele>
        <time>2025-09-10T10:16:59Z</time>
      </trkpt>
      <trkpt lat="22.5794513" lon="113.9506601">
        <ele>11.012</ele>
        <time>2025-09-10T10:17:01Z</time>
      </trkpt>
      <trkpt lat="22.5794891" lon="113.9506795">
        <ele>12.73299</ele>
        <time>2025-09-10T10:17:03Z</time>
      </trkpt>
      <trkpt lat="22.5795346" lon="113.950696">
        <ele>13.953</ele>
        <time>2025-09-10T10:17:05Z</time>
      </trkpt>
      <trkpt lat="22.5795845" lon="113.9507117">
        <ele>14.86699</ele>
        <time>2025-09-10T10:17:07Z</time>
      </trkpt>
      <trkpt lat="22.5796311" lon="113.9507253">
        <ele>15.84</ele>
        <time>2025-09-10T10:17:09Z</time>
      </trkpt>
      <trkpt lat="22.5796762" lon="113.9507386">
        <ele>14.29599</ele>
        <time>2025-09-10T10:17:11Z</time>
      </trkpt>
      <trkpt lat="22.5797182" lon="113.9507531">
        <ele>13.725</ele>
        <time>2025-09-10T10:17:13Z</time>
      </trkpt>
      <trkpt lat="22.5797567" lon="113.9507705">
        <ele>12.595</ele>
        <time>2025-09-10T10:17:15Z</time>
      </trkpt>
      <trkpt lat="22.5797929" lon="113.9507886">
        <ele>12.96199</ele>
        <time>2025-09-10T10:17:17Z</time>
      </trkpt>
      <trkpt lat="22.5798284" lon="113.9508078">
        <ele>13.13799</ele>
        <time>2025-09-10T10:17:19Z</time>
      </trkpt>
      <trkpt lat="22.5798639" lon="113.9508276">
        <ele>12.92899</ele>
        <time>2025-09-10T10:17:21Z</time>
      </trkpt>
      <trkpt lat="22.5798991" lon="113.9508508">
        <ele>12.98799</ele>
        <time>2025-09-10T10:17:23Z</time>
      </trkpt>
      <trkpt lat="22.5799331" lon="113.9508763">
        <ele>12.85299</ele>
        <time>2025-09-10T10:17:25Z</time>
      </trkpt>
      <trkpt lat="22.5799666" lon="113.9509045">
        <ele>12.154</ele>
        <time>2025-09-10T10:17:27Z</time>
      </trkpt>
      <trkpt lat="22.5799988" lon="113.9509344">
        <ele>11.064</ele>
        <time>2025-09-10T10:17:29Z</time>
      </trkpt>
      <trkpt lat="22.5800291" lon="113.9509665">
        <ele>10.961</ele>
        <time>2025-09-10T10:17:31Z</time>
      </trkpt>
      <trkpt lat="22.5800579" lon="113.9509979">
        <ele>10.88599</ele>
        <time>2025-09-10T10:17:33Z</time>
      </trkpt>
      <trkpt lat="22.5800858" lon="113.95103">
        <ele>10.58199</ele>
        <time>2025-09-10T10:17:35Z</time>
      </trkpt>
      <trkpt lat="22.5801134" lon="113.9510625">
        <ele>10.934</ele>
        <time>2025-09-10T10:17:37Z</time>
      </trkpt>
      <trkpt lat="22.5801407" lon="113.9510949">
        <ele>11.40499</ele>
        <time>2025-09-10T10:17:39Z</time>
      </trkpt>
      <trkpt lat="22.5801681" lon="113.9511271">
        <ele>11.24899</ele>
        <time>2025-09-10T10:17:41Z</time>
      </trkpt>
      <trkpt lat="22.5801954" lon="113.9511591">
        <ele>11.159</ele>
        <time>2025-09-10T10:17:43Z</time>
      </trkpt>
      <trkpt lat="22.5802222" lon="113.9511901">
        <ele>10.56499</ele>
        <time>2025-09-10T10:17:45Z</time>
      </trkpt>
      <trkpt lat="22.5802486" lon="113.9512201">
        <ele>10.128</ele>
        <time>2025-09-10T10:17:47Z</time>
      </trkpt>
      <trkpt lat="22.5802747" lon="113.9512484">
        <ele>9.48799</ele>
        <time>2025-09-10T10:17:49Z</time>
      </trkpt>
      <trkpt lat="22.5803012" lon="113.9512776">
        <ele>9.154</ele>
        <time>2025-09-10T10:17:51Z</time>
      </trkpt>
      <trkpt lat="22.580328" lon="113.9513072">
        <ele>8.59099</ele>
        <time>2025-09-10T10:17:53Z</time>
      </trkpt>
      <trkpt lat="22.5803557" lon="113.9513379">
        <ele>8.71899</ele>
        <time>2025-09-10T10:17:55Z</time>
      </trkpt>
      <trkpt lat="22.5803843" lon="113.9513702">
        <ele>8.98799</ele>
        <time>2025-09-10T10:17:57Z</time>
      </trkpt>
      <trkpt lat="22.5804131" lon="113.9514035">
        <ele>8.97</ele>
        <time>2025-09-10T10:17:59Z</time>
      </trkpt>
      <trkpt lat="22.5804409" lon="113.9514364">
        <ele>10.08199</ele>
        <time>2025-09-10T10:18:01Z</time>
      </trkpt>
      <trkpt lat="22.5804686" lon="113.9514695">
        <ele>10.057</ele>
        <time>2025-09-10T10:18:03Z</time>
      </trkpt>
      <trkpt lat="22.5804961" lon="113.9515025">
        <ele>10.562</ele>
        <time>2025-09-10T10:18:05Z</time>
      </trkpt>
      <trkpt lat="22.5805224" lon="113.9515353">
        <ele>10.56999</ele>
        <time>2025-09-10T10:18:07Z</time>
      </trkpt>
      <trkpt lat="22.5805479" lon="113.9515691">
        <ele>10.17199</ele>
        <time>2025-09-10T10:18:09Z</time>
      </trkpt>
      <trkpt lat="22.5805736" lon="113.9516027">
        <ele>10.281</ele>
        <time>2025-09-10T10:18:11Z</time>
      </trkpt>
      <trkpt lat="22.5805979" lon="113.9516355">
        <ele>10.32499</ele>
        <time>2025-09-10T10:18:13Z</time>
      </trkpt>
      <trkpt lat="22.5806214" lon="113.9516673">
        <ele>10.074</ele>
        <time>2025-09-10T10:18:15Z</time>
      </trkpt>
      <trkpt lat="22.5806454" lon="113.9516992">
        <ele>9.95499</ele>
        <time>2025-09-10T10:18:17Z</time>
      </trkpt>
      <trkpt lat="22.58067" lon="113.9517314">
        <ele>9.32699</ele>
        <time>2025-09-10T10:18:19Z</time>
      </trkpt>
      <trkpt lat="22.5806951" lon="113.9517638">
        <ele>9.45499</ele>
        <time>2025-09-10T10:18:21Z</time>
      </trkpt>
      <trkpt lat="22.5807211" lon="113.951797">
        <ele>9.43999</ele>
        <time>2025-09-10T10:18:23Z</time>
      </trkpt>
      <trkpt lat="22.5807471" lon="113.9518313">
        <ele>9.27499</ele>
        <time>2025-09-10T10:18:25Z</time>
      </trkpt>
      <trkpt lat="22.5807726" lon="113.951866">
        <ele>9.28199</ele>
        <time>2025-09-10T10:18:27Z</time>
      </trkpt>
      <trkpt lat="22.5807971" lon="113.9518994">
        <ele>9.501</ele>
        <time>2025-09-10T10:18:29Z</time>
      </trkpt>
      <trkpt lat="22.5808214" lon="113.9519325">
        <ele>9.68099</ele>
        <time>2025-09-10T10:18:31Z</time>
      </trkpt>
      <trkpt lat="22.5808456" lon="113.9519654">
        <ele>9.43799</ele>
        <time>2025-09-10T10:18:33Z</time>
      </trkpt>
      <trkpt lat="22.5808698" lon="113.9519987">
        <ele>9.935</ele>
        <time>2025-09-10T10:18:35Z</time>
      </trkpt>
      <trkpt lat="22.5808939" lon="113.9520321">
        <ele>10.618</ele>
        <time>2025-09-10T10:18:37Z</time>
      </trkpt>
      <trkpt lat="22.5809191" lon="113.9520665">
        <ele>10.52799</ele>
        <time>2025-09-10T10:18:39Z</time>
      </trkpt>
      <trkpt lat="22.5809443" lon="113.9520992">
        <ele>10.803</ele>
        <time>2025-09-10T10:18:41Z</time>
      </trkpt>
      <trkpt lat="22.580968" lon="113.9521311">
        <ele>10.02499</ele>
        <time>2025-09-10T10:18:43Z</time>
      </trkpt>
      <trkpt lat="22.5809926" lon="113.9521627">
        <ele>10.274</ele>
        <time>2025-09-10T10:18:45Z</time>
      </trkpt>
      <trkpt lat="22.5810185" lon="113.9521951">
        <ele>10.24499</ele>
        <time>2025-09-10T10:18:47Z</time>
      </trkpt>
      <trkpt lat="22.5810444" lon="113.9522272">
        <ele>10.81099</ele>
        <time>2025-09-10T10:18:49Z</time>
      </trkpt>
      <trkpt lat="22.5810705" lon="113.9522596">
        <ele>10.862</ele>
        <time>2025-09-10T10:18:51Z</time>
      </trkpt>
      <trkpt lat="22.581098" lon="113.9522915">
        <ele>11.01799</ele>
        <time>2025-09-10T10:18:53Z</time>
      </trkpt>
      <trkpt lat="22.5811267" lon="113.9523218">
        <ele>10.37699</ele>
        <time>2025-09-10T10:18:55Z</time>
      </trkpt>
      <trkpt lat="22.5811558" lon="113.9523483">
        <ele>10.41199</ele>
        <time>2025-09-10T10:18:57Z</time>
      </trkpt>
      <trkpt lat="22.5811845" lon="113.952373">
        <ele>10.227</ele>
        <time>2025-09-10T10:18:59Z</time>
      </trkpt>
      <trkpt lat="22.5812129" lon="113.9523981">
        <ele>10.699</ele>
        <time>2025-09-10T10:19:01Z</time>
      </trkpt>
      <trkpt lat="22.581242" lon="113.9524235">
        <ele>10.18299</ele>
        <time>2025-09-10T10:19:03Z</time>
      </trkpt>
      <trkpt lat="22.5812707" lon="113.9524488">
        <ele>9.772</ele>
        <time>2025-09-10T10:19:05Z</time>
      </trkpt>
      <trkpt lat="22.5812973" lon="113.9524736">
        <ele>10.932</ele>
        <time>2025-09-10T10:19:07Z</time>
      </trkpt>
      <trkpt lat="22.5813261" lon="113.9524987">
        <ele>10.553</ele>
        <time>2025-09-10T10:19:09Z</time>
      </trkpt>
      <trkpt lat="22.5813559" lon="113.9525237">
        <ele>9.755</ele>
        <time>2025-09-10T10:19:11Z</time>
      </trkpt>
      <trkpt lat="22.5813844" lon="113.9525482">
        <ele>9.66699</ele>
        <time>2025-09-10T10:19:13Z</time>
      </trkpt>
      <trkpt lat="22.581414" lon="113.9525736">
        <ele>8.63899</ele>
        <time>2025-09-10T10:19:15Z</time>
      </trkpt>
      <trkpt lat="22.5814473" lon="113.9526019">
        <ele>7.892</ele>
        <time>2025-09-10T10:19:17Z</time>
      </trkpt>
      <trkpt lat="22.5814814" lon="113.9526319">
        <ele>8.39799</ele>
        <time>2025-09-10T10:19:19Z</time>
      </trkpt>
      <trkpt lat="22.5815156" lon="113.9526636">
        <ele>8.35299</ele>
        <time>2025-09-10T10:19:21Z</time>
      </trkpt>
      <trkpt lat="22.5815508" lon="113.9526956">
        <ele>8.00699</ele>
        <time>2025-09-10T10:19:23Z</time>
      </trkpt>
      <trkpt lat="22.5815848" lon="113.9527259">
        <ele>8.732</ele>
        <time>2025-09-10T10:19:25Z</time>
      </trkpt>
      <trkpt lat="22.5816152" lon="113.952754">
        <ele>9.65699</ele>
        <time>2025-09-10T10:19:27Z</time>
      </trkpt>
      <trkpt lat="22.5816436" lon="113.9527806">
        <ele>10.258</ele>
        <time>2025-09-10T10:19:29Z</time>
      </trkpt>
      <trkpt lat="22.5816691" lon="113.9528056">
        <ele>10.265</ele>
        <time>2025-09-10T10:19:31Z</time>
      </trkpt>
      <trkpt lat="22.5816938" lon="113.9528306">
        <ele>10.14099</ele>
        <time>2025-09-10T10:19:33Z</time>
      </trkpt>
      <trkpt lat="22.5817191" lon="113.9528569">
        <ele>9.621</ele>
        <time>2025-09-10T10:19:35Z</time>
      </trkpt>
      <trkpt lat="22.581747" lon="113.9528867">
        <ele>10.15299</ele>
        <time>2025-09-10T10:19:37Z</time>
      </trkpt>
      <trkpt lat="22.5817757" lon="113.9529184">
        <ele>10.904</ele>
        <time>2025-09-10T10:19:39Z</time>
      </trkpt>
      <trkpt lat="22.5818071" lon="113.9529505">
        <ele>10.77299</ele>
        <time>2025-09-10T10:19:41Z</time>
      </trkpt>
      <trkpt lat="22.5818394" lon="113.9529822">
        <ele>9.199</ele>
        <time>2025-09-10T10:19:43Z</time>
      </trkpt>
      <trkpt lat="22.5818703" lon="113.953015">
        <ele>8.26799</ele>
        <time>2025-09-10T10:19:45Z</time>
      </trkpt>
      <trkpt lat="22.5819008" lon="113.9530455">
        <ele>7.888</ele>
        <time>2025-09-10T10:19:47Z</time>
      </trkpt>
      <trkpt lat="22.5819314" lon="113.9530744">
        <ele>6.74599</ele>
        <time>2025-09-10T10:19:49Z</time>
      </trkpt>
      <trkpt lat="22.5819628" lon="113.9531049">
        <ele>7.096</ele>
        <time>2025-09-10T10:19:51Z</time>
      </trkpt>
      <trkpt lat="22.5819945" lon="113.9531347">
        <ele>7.926</ele>
        <time>2025-09-10T10:19:53Z</time>
      </trkpt>
      <trkpt lat="22.5820278" lon="113.9531646">
        <ele>8.59</ele>
        <time>2025-09-10T10:19:55Z</time>
      </trkpt>
      <trkpt lat="22.5820587" lon="113.9531943">
        <ele>8.46899</ele>
        <time>2025-09-10T10:19:57Z</time>
      </trkpt>
      <trkpt lat="22.5820876" lon="113.9532254">
        <ele>10.06599</ele>
        <time>2025-09-10T10:19:59Z</time>
      </trkpt>
      <trkpt lat="22.5821155" lon="113.9532557">
        <ele>10.413</ele>
        <time>2025-09-10T10:20:01Z</time>
      </trkpt>
      <trkpt lat="22.582143" lon="113.9532854">
        <ele>9.265</ele>
        <time>2025-09-10T10:20:03Z</time>
      </trkpt>
      <trkpt lat="22.5821705" lon="113.9533139">
        <ele>9.68099</ele>
        <time>2025-09-10T10:20:05Z</time>
      </trkpt>
      <trkpt lat="22.5821994" lon="113.9533432">
        <ele>9.02099</ele>
        <time>2025-09-10T10:20:07Z</time>
      </trkpt>
      <trkpt lat="22.5822299" lon="113.9533719">
        <ele>8.19999</ele>
        <time>2025-09-10T10:20:09Z</time>
      </trkpt>
      <trkpt lat="22.5822607" lon="113.9534018">
        <ele>7.485</ele>
        <time>2025-09-10T10:20:11Z</time>
      </trkpt>
      <trkpt lat="22.5822912" lon="113.9534342">
        <ele>7.888</ele>
        <time>2025-09-10T10:20:13Z</time>
      </trkpt>
      <trkpt lat="22.5823221" lon="113.9534681">
        <ele>9.35099</ele>
        <time>2025-09-10T10:20:15Z</time>
      </trkpt>
      <trkpt lat="22.5823535" lon="113.9535014">
        <ele>10.45499</ele>
        <time>2025-09-10T10:20:17Z</time>
      </trkpt>
      <trkpt lat="22.582384" lon="113.9535343">
        <ele>12.291</ele>
        <time>2025-09-10T10:20:19Z</time>
      </trkpt>
      <trkpt lat="22.5824142" lon="113.9535644">
        <ele>11.72999</ele>
        <time>2025-09-10T10:20:21Z</time>
      </trkpt>
      <trkpt lat="22.5824462" lon="113.9535921">
        <ele>11.803</ele>
        <time>2025-09-10T10:20:23Z</time>
      </trkpt>
      <trkpt lat="22.5824758" lon="113.9536167">
        <ele>11.92399</ele>
        <time>2025-09-10T10:20:25Z</time>
      </trkpt>
      <trkpt lat="22.5825045" lon="113.9536384">
        <ele>12.76799</ele>
        <time>2025-09-10T10:20:27Z</time>
      </trkpt>
      <trkpt lat="22.5825342" lon="113.9536592">
        <ele>12.39599</ele>
        <time>2025-09-10T10:20:29Z</time>
      </trkpt>
      <trkpt lat="22.5825656" lon="113.9536811">
        <ele>12.677</ele>
        <time>2025-09-10T10:20:31Z</time>
      </trkpt>
      <trkpt lat="22.582596" lon="113.9537018">
        <ele>11.876</ele>
        <time>2025-09-10T10:20:33Z</time>
      </trkpt>
      <trkpt lat="22.5826273" lon="113.9537229">
        <ele>12.125</ele>
        <time>2025-09-10T10:20:35Z</time>
      </trkpt>
      <trkpt lat="22.5826587" lon="113.9537446">
        <ele>10.111</ele>
        <time>2025-09-10T10:20:37Z</time>
      </trkpt>
      <trkpt lat="22.5826884" lon="113.9537676">
        <ele>8.94299</ele>
        <time>2025-09-10T10:20:39Z</time>
      </trkpt>
      <trkpt lat="22.5827194" lon="113.9537915">
        <ele>9.05</ele>
        <time>2025-09-10T10:20:41Z</time>
      </trkpt>
      <trkpt lat="22.5827526" lon="113.9538191">
        <ele>9.149</ele>
        <time>2025-09-10T10:20:43Z</time>
      </trkpt>
      <trkpt lat="22.582786" lon="113.9538486">
        <ele>10.918</ele>
        <time>2025-09-10T10:20:45Z</time>
      </trkpt>
      <trkpt lat="22.5828189" lon="113.9538795">
        <ele>11.32999</ele>
        <time>2025-09-10T10:20:47Z</time>
      </trkpt>
      <trkpt lat="22.5828529" lon="113.9539086">
        <ele>11.482</ele>
        <time>2025-09-10T10:20:49Z</time>
      </trkpt>
      <trkpt lat="22.5828844" lon="113.953934">
        <ele>10.81099</ele>
        <time>2025-09-10T10:20:51Z</time>
      </trkpt>
      <trkpt lat="22.5829159" lon="113.9539588">
        <ele>10.50899</ele>
        <time>2025-09-10T10:20:53Z</time>
      </trkpt>
      <trkpt lat="22.5829479" lon="113.9539833">
        <ele>9.899</ele>
        <time>2025-09-10T10:20:55Z</time>
      </trkpt>
      <trkpt lat="22.5829822" lon="113.9540085">
        <ele>10.97099</ele>
        <time>2025-09-10T10:20:58Z</time>
      </trkpt>
      <trkpt lat="22.5830195" lon="113.9540347">
        <ele>11.885</ele>
        <time>2025-09-10T10:21:00Z</time>
      </trkpt>
      <trkpt lat="22.5830566" lon="113.9540623">
        <ele>12.343</ele>
        <time>2025-09-10T10:21:02Z</time>
      </trkpt>
      <trkpt lat="22.5830908" lon="113.9540874">
        <ele>12.362</ele>
        <time>2025-09-10T10:21:04Z</time>
      </trkpt>
      <trkpt lat="22.5831243" lon="113.9541112">
        <ele>11.60299</ele>
        <time>2025-09-10T10:21:06Z</time>
      </trkpt>
      <trkpt lat="22.58316" lon="113.9541359">
        <ele>11.17399</ele>
        <time>2025-09-10T10:21:08Z</time>
      </trkpt>
      <trkpt lat="22.5831936" lon="113.9541604">
        <ele>11.57299</ele>
        <time>2025-09-10T10:21:10Z</time>
      </trkpt>
      <trkpt lat="22.5832277" lon="113.9541865">
        <ele>11.081</ele>
        <time>2025-09-10T10:21:13Z</time>
      </trkpt>
      <trkpt lat="22.583263" lon="113.9542131">
        <ele>11.03899</ele>
        <time>2025-09-10T10:21:15Z</time>
      </trkpt>
      <trkpt lat="22.5833012" lon="113.9542402">
        <ele>12.22999</ele>
        <time>2025-09-10T10:21:17Z</time>
      </trkpt>
      <trkpt lat="22.5833385" lon="113.9542647">
        <ele>12.75199</ele>
        <time>2025-09-10T10:21:19Z</time>
      </trkpt>
      <trkpt lat="22.5833764" lon="113.9542886">
        <ele>12.54399</ele>
        <time>2025-09-10T10:21:21Z</time>
      </trkpt>
      <trkpt lat="22.5834147" lon="113.9543117">
        <ele>13.32699</ele>
        <time>2025-09-10T10:21:23Z</time>
      </trkpt>
      <trkpt lat="22.5834545" lon="113.9543339">
        <ele>13.236</ele>
        <time>2025-09-10T10:21:25Z</time>
      </trkpt>
      <trkpt lat="22.5834925" lon="113.9543551">
        <ele>13.538</ele>
        <time>2025-09-10T10:21:27Z</time>
      </trkpt>
      <trkpt lat="22.5835264" lon="113.9543759">
        <ele>13.809</ele>
        <time>2025-09-10T10:21:29Z</time>
      </trkpt>
      <trkpt lat="22.5835549" lon="113.9543964">
        <ele>14.703</ele>
        <time>2025-09-10T10:21:31Z</time>
      </trkpt>
      <trkpt lat="22.5835794" lon="113.9544142">
        <ele>16.28</ele>
        <time>2025-09-10T10:21:33Z</time>
      </trkpt>
      <trkpt lat="22.5836016" lon="113.9544324">
        <ele>16.232</ele>
        <time>2025-09-10T10:21:35Z</time>
      </trkpt>
      <trkpt lat="22.5836251" lon="113.9544527">
        <ele>15.817</ele>
        <time>2025-09-10T10:21:37Z</time>
      </trkpt>
      <trkpt lat="22.5836497" lon="113.9544774">
        <ele>15.682</ele>
        <time>2025-09-10T10:21:39Z</time>
      </trkpt>
      <trkpt lat="22.5836813" lon="113.9544986">
        <ele>15.564</ele>
        <time>2025-09-10T10:21:41Z</time>
      </trkpt>
      <trkpt lat="22.583713" lon="113.9545191">
        <ele>14.376</ele>
        <time>2025-09-10T10:21:43Z</time>
      </trkpt>
      <trkpt lat="22.5837462" lon="113.9545384">
        <ele>12.133</ele>
        <time>2025-09-10T10:21:45Z</time>
      </trkpt>
      <trkpt lat="22.5837776" lon="113.9545531">
        <ele>16.068</ele>
        <time>2025-09-10T10:21:47Z</time>
      </trkpt>
      <trkpt lat="22.5838071" lon="113.9545612">
        <ele>16.783</ele>
        <time>2025-09-10T10:21:50Z</time>
      </trkpt>
      <trkpt lat="22.5838313" lon="113.9545731">
        <ele>16.73299</ele>
        <time>2025-09-10T10:21:52Z</time>
      </trkpt>
      <trkpt lat="22.5838659" lon="113.9545857">
        <ele>16.5</ele>
        <time>2025-09-10T10:21:54Z</time>
      </trkpt>
      <trkpt lat="22.5839116" lon="113.9545971">
        <ele>16.356</ele>
        <time>2025-09-10T10:21:56Z</time>
      </trkpt>
      <trkpt lat="22.5839682" lon="113.9546093">
        <ele>12.78999</ele>
        <time>2025-09-10T10:21:58Z</time>
      </trkpt>
      <trkpt lat="22.5840313" lon="113.9546239">
        <ele>12.75</ele>
        <time>2025-09-10T10:22:00Z</time>
      </trkpt>
      <trkpt lat="22.5840999" lon="113.954639">
        <ele>14.567</ele>
        <time>2025-09-10T10:22:02Z</time>
      </trkpt>
      <trkpt lat="22.5841644" lon="113.9546548">
        <ele>14.29599</ele>
        <time>2025-09-10T10:22:04Z</time>
      </trkpt>
      <trkpt lat="22.5842186" lon="113.9546723">
        <ele>14.126</ele>
        <time>2025-09-10T10:22:06Z</time>
      </trkpt>
      <trkpt lat="22.5842625" lon="113.9546904">
        <ele>15.71199</ele>
        <time>2025-09-10T10:22:08Z</time>
      </trkpt>
      <trkpt lat="22.584304" lon="113.9547096">
        <ele>17.034</ele>
        <time>2025-09-10T10:22:10Z</time>
      </trkpt>
      <trkpt lat="22.5843465" lon="113.9547288">
        <ele>17.197</ele>
        <time>2025-09-10T10:22:12Z</time>
      </trkpt>
      <trkpt lat="22.5843886" lon="113.9547473">
        <ele>18.263</ele>
        <time>2025-09-10T10:22:14Z</time>
      </trkpt>
      <trkpt lat="22.5844313" lon="113.9547633">
        <ele>17.016</ele>
        <time>2025-09-10T10:22:16Z</time>
      </trkpt>
      <trkpt lat="22.5844743" lon="113.9547779">
        <ele>17.142</ele>
        <time>2025-09-10T10:22:18Z</time>
      </trkpt>
      <trkpt lat="22.5845156" lon="113.954789">
        <ele>17.96699</ele>
        <time>2025-09-10T10:22:20Z</time>
      </trkpt>
      <trkpt lat="22.5845561" lon="113.9547964">
        <ele>17.361</ele>
        <time>2025-09-10T10:22:22Z</time>
      </trkpt>
      <trkpt lat="22.5845952" lon="113.9548022">
        <ele>16.746</ele>
        <time>2025-09-10T10:22:24Z</time>
      </trkpt>
      <trkpt lat="22.5846364" lon="113.9548086">
        <ele>16.27499</ele>
        <time>2025-09-10T10:22:26Z</time>
      </trkpt>
      <trkpt lat="22.5846816" lon="113.9548149">
        <ele>16.43799</ele>
        <time>2025-09-10T10:22:28Z</time>
      </trkpt>
      <trkpt lat="22.5847309" lon="113.9548208">
        <ele>16.068</ele>
        <time>2025-09-10T10:22:30Z</time>
      </trkpt>
      <trkpt lat="22.5847775" lon="113.9548299">
        <ele>17.52099</ele>
        <time>2025-09-10T10:22:32Z</time>
      </trkpt>
      <trkpt lat="22.5848211" lon="113.9548402">
        <ele>18.21699</ele>
        <time>2025-09-10T10:22:34Z</time>
      </trkpt>
      <trkpt lat="22.5848612" lon="113.9548529">
        <ele>18.547</ele>
        <time>2025-09-10T10:22:36Z</time>
      </trkpt>
      <trkpt lat="22.5848967" lon="113.9548678">
        <ele>18.63599</ele>
        <time>2025-09-10T10:22:38Z</time>
      </trkpt>
      <trkpt lat="22.5849289" lon="113.9548815">
        <ele>18.73399</ele>
        <time>2025-09-10T10:22:40Z</time>
      </trkpt>
      <trkpt lat="22.5849668" lon="113.954893">
        <ele>18.402</ele>
        <time>2025-09-10T10:22:42Z</time>
      </trkpt>
      <trkpt lat="22.5850108" lon="113.9549046">
        <ele>19.06599</ele>
        <time>2025-09-10T10:22:44Z</time>
      </trkpt>
      <trkpt lat="22.5850587" lon="113.954914">
        <ele>18.704</ele>
        <time>2025-09-10T10:22:46Z</time>
      </trkpt>
      <trkpt lat="22.5851057" lon="113.9549218">
        <ele>19.40299</ele>
        <time>2025-09-10T10:22:48Z</time>
      </trkpt>
      <trkpt lat="22.5851496" lon="113.954933">
        <ele>19.29599</ele>
        <time>2025-09-10T10:22:50Z</time>
      </trkpt>
      <trkpt lat="22.5851889" lon="113.9549454">
        <ele>18.586</ele>
        <time>2025-09-10T10:22:52Z</time>
      </trkpt>
      <trkpt lat="22.5852243" lon="113.9549578">
        <ele>17.833</ele>
        <time>2025-09-10T10:22:54Z</time>
      </trkpt>
      <trkpt lat="22.5852537" lon="113.9549709">
        <ele>16.148</ele>
        <time>2025-09-10T10:22:56Z</time>
      </trkpt>
      <trkpt lat="22.5852825" lon="113.9549845">
        <ele>16.24699</ele>
        <time>2025-09-10T10:22:58Z</time>
      </trkpt>
      <trkpt lat="22.5853122" lon="113.9549953">
        <ele>15.09899</ele>
        <time>2025-09-10T10:23:00Z</time>
      </trkpt>
      <trkpt lat="22.5853406" lon="113.9550031">
        <ele>14.451</ele>
        <time>2025-09-10T10:23:02Z</time>
      </trkpt>
      <trkpt lat="22.5853686" lon="113.9550093">
        <ele>13.491</ele>
        <time>2025-09-10T10:23:04Z</time>
      </trkpt>
      <trkpt lat="22.5853996" lon="113.9550157">
        <ele>14.86499</ele>
        <time>2025-09-10T10:23:06Z</time>
      </trkpt>
      <trkpt lat="22.5854329" lon="113.9550215">
        <ele>15.347</ele>
        <time>2025-09-10T10:23:08Z</time>
      </trkpt>
      <trkpt lat="22.5854693" lon="113.9550285">
        <ele>16.97599</ele>
        <time>2025-09-10T10:23:10Z</time>
      </trkpt>
      <trkpt lat="22.5855065" lon="113.9550387">
        <ele>17.243</ele>
        <time>2025-09-10T10:23:12Z</time>
      </trkpt>
      <trkpt lat="22.5855434" lon="113.9550492">
        <ele>16.193</ele>
        <time>2025-09-10T10:23:14Z</time>
      </trkpt>
      <trkpt lat="22.5855796" lon="113.9550622">
        <ele>17.28499</ele>
        <time>2025-09-10T10:23:16Z</time>
      </trkpt>
      <trkpt lat="22.585616" lon="113.9550779">
        <ele>16.658</ele>
        <time>2025-09-10T10:23:18Z</time>
      </trkpt>
      <trkpt lat="22.585653" lon="113.955095">
        <ele>15.48799</ele>
        <time>2025-09-10T10:23:20Z</time>
      </trkpt>
      <trkpt lat="22.585691" lon="113.9551107">
        <ele>14.93799</ele>
        <time>2025-09-10T10:23:22Z</time>
      </trkpt>
      <trkpt lat="22.5857314" lon="113.9551262">
        <ele>13.53899</ele>
        <time>2025-09-10T10:23:24Z</time>
      </trkpt>
      <trkpt lat="22.5857747" lon="113.9551381">
        <ele>13.246</ele>
        <time>2025-09-10T10:23:26Z</time>
      </trkpt>
      <trkpt lat="22.5858209" lon="113.955148">
        <ele>13.092</ele>
        <time>2025-09-10T10:23:28Z</time>
      </trkpt>
      <trkpt lat="22.5858641" lon="113.9551575">
        <ele>13.97299</ele>
        <time>2025-09-10T10:23:30Z</time>
      </trkpt>
      <trkpt lat="22.5859083" lon="113.9551689">
        <ele>13.897</ele>
        <time>2025-09-10T10:23:32Z</time>
      </trkpt>
      <trkpt lat="22.5859517" lon="113.955182">
        <ele>13.998</ele>
        <time>2025-09-10T10:23:34Z</time>
      </trkpt>
      <trkpt lat="22.5859939" lon="113.9551973">
        <ele>15.729</ele>
        <time>2025-09-10T10:23:36Z</time>
      </trkpt>
      <trkpt lat="22.5860329" lon="113.9552119">
        <ele>15.987</ele>
        <time>2025-09-10T10:23:38Z</time>
      </trkpt>
      <trkpt lat="22.5860735" lon="113.9552252">
        <ele>17.25799</ele>
        <time>2025-09-10T10:23:40Z</time>
      </trkpt>
      <trkpt lat="22.5861126" lon="113.9552357">
        <ele>16.677</ele>
        <time>2025-09-10T10:23:42Z</time>
      </trkpt>
      <trkpt lat="22.5861473" lon="113.9552456">
        <ele>17.46199</ele>
        <time>2025-09-10T10:23:44Z</time>
      </trkpt>
      <trkpt lat="22.5861778" lon="113.955255">
        <ele>18.32799</ele>
        <time>2025-09-10T10:23:46Z</time>
      </trkpt>
      <trkpt lat="22.5862087" lon="113.9552654">
        <ele>15.92399</ele>
        <time>2025-09-10T10:23:48Z</time>
      </trkpt>
      <trkpt lat="22.5862398" lon="113.9552764">
        <ele>15.15799</ele>
        <time>2025-09-10T10:23:50Z</time>
      </trkpt>
      <trkpt lat="22.5862706" lon="113.9552889">
        <ele>15.411</ele>
        <time>2025-09-10T10:23:52Z</time>
      </trkpt>
      <trkpt lat="22.5863049" lon="113.9553014">
        <ele>16.12599</ele>
        <time>2025-09-10T10:23:54Z</time>
      </trkpt>
      <trkpt lat="22.5863429" lon="113.9553131">
        <ele>15.149</ele>
        <time>2025-09-10T10:23:56Z</time>
      </trkpt>
      <trkpt lat="22.5863809" lon="113.9553249">
        <ele>14.555</ele>
        <time>2025-09-10T10:23:58Z</time>
      </trkpt>
      <trkpt lat="22.5864184" lon="113.9553383">
        <ele>13.597</ele>
        <time>2025-09-10T10:24:00Z</time>
      </trkpt>
      <trkpt lat="22.586455" lon="113.9553529">
        <ele>13.543</ele>
        <time>2025-09-10T10:24:02Z</time>
      </trkpt>
      <trkpt lat="22.5864909" lon="113.9553687">
        <ele>13.392</ele>
        <time>2025-09-10T10:24:04Z</time>
      </trkpt>
      <trkpt lat="22.5865248" lon="113.9553851">
        <ele>13.15999</ele>
        <time>2025-09-10T10:24:06Z</time>
      </trkpt>
      <trkpt lat="22.586559" lon="113.9554019">
        <ele>11.958</ele>
        <time>2025-09-10T10:24:08Z</time>
      </trkpt>
      <trkpt lat="22.5865942" lon="113.9554167">
        <ele>11.25599</ele>
        <time>2025-09-10T10:24:10Z</time>
      </trkpt>
      <trkpt lat="22.5866326" lon="113.9554304">
        <ele>11.262</ele>
        <time>2025-09-10T10:24:12Z</time>
      </trkpt>
      <trkpt lat="22.5866731" lon="113.9554433">
        <ele>12.906</ele>
        <time>2025-09-10T10:24:14Z</time>
      </trkpt>
      <trkpt lat="22.5867145" lon="113.9554566">
        <ele>13.345</ele>
        <time>2025-09-10T10:24:16Z</time>
      </trkpt>
      <trkpt lat="22.5867553" lon="113.9554687">
        <ele>12.781</ele>
        <time>2025-09-10T10:24:18Z</time>
      </trkpt>
      <trkpt lat="22.5867955" lon="113.955482">
        <ele>12.928</ele>
        <time>2025-09-10T10:24:20Z</time>
      </trkpt>
      <trkpt lat="22.5868361" lon="113.9554966">
        <ele>13.711</ele>
        <time>2025-09-10T10:24:22Z</time>
      </trkpt>
      <trkpt lat="22.5868763" lon="113.9555122">
        <ele>14.05099</ele>
        <time>2025-09-10T10:24:24Z</time>
      </trkpt>
      <trkpt lat="22.5869155" lon="113.9555282">
        <ele>14.35799</ele>
        <time>2025-09-10T10:24:26Z</time>
      </trkpt>
      <trkpt lat="22.5869539" lon="113.955545">
        <ele>14.251</ele>
        <time>2025-09-10T10:24:28Z</time>
      </trkpt>
      <trkpt lat="22.5869909" lon="113.9555608">
        <ele>13.01099</ele>
        <time>2025-09-10T10:24:30Z</time>
      </trkpt>
      <trkpt lat="22.5870269" lon="113.9555765">
        <ele>12.98099</ele>
        <time>2025-09-10T10:24:32Z</time>
      </trkpt>
      <trkpt lat="22.587063" lon="113.9555903">
        <ele>13.88899</ele>
        <time>2025-09-10T10:24:34Z</time>
      </trkpt>
      <trkpt lat="22.5870996" lon="113.9556019">
        <ele>14.14799</ele>
        <time>2025-09-10T10:24:36Z</time>
      </trkpt>
      <trkpt lat="22.5871388" lon="113.9556142">
        <ele>14.991</ele>
        <time>2025-09-10T10:24:38Z</time>
      </trkpt>
      <trkpt lat="22.5871789" lon="113.9556263">
        <ele>15.12199</ele>
        <time>2025-09-10T10:24:40Z</time>
      </trkpt>
      <trkpt lat="22.5872172" lon="113.9556383">
        <ele>14.468</ele>
        <time>2025-09-10T10:24:42Z</time>
      </trkpt>
      <trkpt lat="22.587252" lon="113.9556535">
        <ele>14.284</ele>
        <time>2025-09-10T10:24:44Z</time>
      </trkpt>
      <trkpt lat="22.587287" lon="113.9556693">
        <ele>14.253</ele>
        <time>2025-09-10T10:24:46Z</time>
      </trkpt>
      <trkpt lat="22.5873233" lon="113.9556837">
        <ele>13.10799</ele>
        <time>2025-09-10T10:24:48Z</time>
      </trkpt>
      <trkpt lat="22.587359" lon="113.9556979">
        <ele>13.24499</ele>
        <time>2025-09-10T10:24:50Z</time>
      </trkpt>
      <trkpt lat="22.5873945" lon="113.9557105">
        <ele>13.892</ele>
        <time>2025-09-10T10:24:52Z</time>
      </trkpt>
      <trkpt lat="22.5874322" lon="113.9557208">
        <ele>13.77999</ele>
        <time>2025-09-10T10:24:54Z</time>
      </trkpt>
      <trkpt lat="22.5874699" lon="113.955731">
        <ele>14.265</ele>
        <time>2025-09-10T10:24:56Z</time>
      </trkpt>
      <trkpt lat="22.5875073" lon="113.9557427">
        <ele>14.41699</ele>
        <time>2025-09-10T10:24:58Z</time>
      </trkpt>
      <trkpt lat="22.587548" lon="113.9557549">
        <ele>14.501</ele>
        <time>2025-09-10T10:25:00Z</time>
      </trkpt>
      <trkpt lat="22.5875898" lon="113.9557678">
        <ele>15.03199</ele>
        <time>2025-09-10T10:25:02Z</time>
      </trkpt>
      <trkpt lat="22.5876308" lon="113.955781">
        <ele>14.395</ele>
        <time>2025-09-10T10:25:04Z</time>
      </trkpt>
      <trkpt lat="22.5876721" lon="113.9557932">
        <ele>13.77099</ele>
        <time>2025-09-10T10:25:06Z</time>
      </trkpt>
      <trkpt lat="22.5877133" lon="113.9558024">
        <ele>13.46199</ele>
        <time>2025-09-10T10:25:08Z</time>
      </trkpt>
      <trkpt lat="22.5877503" lon="113.955812">
        <ele>13.942</ele>
        <time>2025-09-10T10:25:10Z</time>
      </trkpt>
      <trkpt lat="22.5877851" lon="113.9558222">
        <ele>14.791</ele>
        <time>2025-09-10T10:25:12Z</time>
      </trkpt>
      <trkpt lat="22.5878224" lon="113.9558321">
        <ele>14.869</ele>
        <time>2025-09-10T10:25:14Z</time>
      </trkpt>
      <trkpt lat="22.5878598" lon="113.9558427">
        <ele>14.892</ele>
        <time>2025-09-10T10:25:16Z</time>
      </trkpt>
      <trkpt lat="22.5878947" lon="113.955855">
        <ele>14.94499</ele>
        <time>2025-09-10T10:25:18Z</time>
      </trkpt>
      <trkpt lat="22.5879308" lon="113.9558679">
        <ele>15.213</ele>
        <time>2025-09-10T10:25:20Z</time>
      </trkpt>
      <trkpt lat="22.5879683" lon="113.9558816">
        <ele>14.548</ele>
        <time>2025-09-10T10:25:22Z</time>
      </trkpt>
      <trkpt lat="22.5880036" lon="113.955896">
        <ele>14.58199</ele>
        <time>2025-09-10T10:25:24Z</time>
      </trkpt>
      <trkpt lat="22.5880384" lon="113.9559112">
        <ele>12.751</ele>
        <time>2025-09-10T10:25:26Z</time>
      </trkpt>
      <trkpt lat="22.5880734" lon="113.9559263">
        <ele>11.62199</ele>
        <time>2025-09-10T10:25:28Z</time>
      </trkpt>
      <trkpt lat="22.5881084" lon="113.9559405">
        <ele>11.24499</ele>
        <time>2025-09-10T10:25:30Z</time>
      </trkpt>
      <trkpt lat="22.5881448" lon="113.9559546">
        <ele>11.78899</ele>
        <time>2025-09-10T10:25:32Z</time>
      </trkpt>
      <trkpt lat="22.5881828" lon="113.9559688">
        <ele>11.406</ele>
        <time>2025-09-10T10:25:34Z</time>
      </trkpt>
      <trkpt lat="22.5882242" lon="113.9559829">
        <ele>12.055</ele>
        <time>2025-09-10T10:25:36Z</time>
      </trkpt>
      <trkpt lat="22.5882661" lon="113.9559981">
        <ele>12.53199</ele>
        <time>2025-09-10T10:25:38Z</time>
      </trkpt>
      <trkpt lat="22.5883052" lon="113.9560123">
        <ele>13.35499</ele>
        <time>2025-09-10T10:25:40Z</time>
      </trkpt>
      <trkpt lat="22.588343" lon="113.9560267">
        <ele>12.911</ele>
        <time>2025-09-10T10:25:42Z</time>
      </trkpt>
      <trkpt lat="22.5883804" lon="113.9560408">
        <ele>12.795</ele>
        <time>2025-09-10T10:25:44Z</time>
      </trkpt>
      <trkpt lat="22.5884155" lon="113.9560551">
        <ele>12.46199</ele>
        <time>2025-09-10T10:25:46Z</time>
      </trkpt>
      <trkpt lat="22.5884504" lon="113.9560686">
        <ele>12.95199</ele>
        <time>2025-09-10T10:25:48Z</time>
      </trkpt>
      <trkpt lat="22.5884895" lon="113.9560839">
        <ele>14.47399</ele>
        <time>2025-09-10T10:25:50Z</time>
      </trkpt>
      <trkpt lat="22.5885298" lon="113.9560989">
        <ele>14.439</ele>
        <time>2025-09-10T10:25:52Z</time>
      </trkpt>
      <trkpt lat="22.5885706" lon="113.9561133">
        <ele>14.34399</ele>
        <time>2025-09-10T10:25:54Z</time>
      </trkpt>
      <trkpt lat="22.5886123" lon="113.9561286">
        <ele>13.055</ele>
        <time>2025-09-10T10:25:56Z</time>
      </trkpt>
      <trkpt lat="22.5886557" lon="113.9561429">
        <ele>12.73299</ele>
        <time>2025-09-10T10:25:58Z</time>
      </trkpt>
      <trkpt lat="22.5887001" lon="113.9561546">
        <ele>12.60499</ele>
        <time>2025-09-10T10:26:00Z</time>
      </trkpt>
      <trkpt lat="22.5887448" lon="113.9561647">
        <ele>13.56499</ele>
        <time>2025-09-10T10:26:02Z</time>
      </trkpt>
      <trkpt lat="22.5887871" lon="113.956175">
        <ele>13.602</ele>
        <time>2025-09-10T10:26:04Z</time>
      </trkpt>
      <trkpt lat="22.5888272" lon="113.9561848">
        <ele>13.352</ele>
        <time>2025-09-10T10:26:06Z</time>
      </trkpt>
      <trkpt lat="22.5888642" lon="113.9561972">
        <ele>13.562</ele>
        <time>2025-09-10T10:26:08Z</time>
      </trkpt>
      <trkpt lat="22.5888989" lon="113.9562106">
        <ele>13.80399</ele>
        <time>2025-09-10T10:26:10Z</time>
      </trkpt>
      <trkpt lat="22.5889352" lon="113.9562246">
        <ele>14.663</ele>
        <time>2025-09-10T10:26:12Z</time>
      </trkpt>
      <trkpt lat="22.5889711" lon="113.9562377">
        <ele>14.524</ele>
        <time>2025-09-10T10:26:14Z</time>
      </trkpt>
      <trkpt lat="22.5890059" lon="113.9562523">
        <ele>14.984</ele>
        <time>2025-09-10T10:26:16Z</time>
      </trkpt>
      <trkpt lat="22.5890413" lon="113.9562664">
        <ele>14.453</ele>
        <time>2025-09-10T10:26:18Z</time>
      </trkpt>
      <trkpt lat="22.5890764" lon="113.9562811">
        <ele>14.18299</ele>
        <time>2025-09-10T10:26:20Z</time>
      </trkpt>
      <trkpt lat="22.589111" lon="113.9562956">
        <ele>13.14599</ele>
        <time>2025-09-10T10:26:22Z</time>
      </trkpt>
      <trkpt lat="22.5891467" lon="113.9563105">
        <ele>13.28899</ele>
        <time>2025-09-10T10:26:24Z</time>
      </trkpt>
      <trkpt lat="22.5891828" lon="113.9563216">
        <ele>13.89299</ele>
        <time>2025-09-10T10:26:26Z</time>
      </trkpt>
      <trkpt lat="22.5892176" lon="113.9563327">
        <ele>13.43599</ele>
        <time>2025-09-10T10:26:28Z</time>
      </trkpt>
      <trkpt lat="22.589253" lon="113.9563455">
        <ele>13.28699</ele>
        <time>2025-09-10T10:26:30Z</time>
      </trkpt>
      <trkpt lat="22.5892876" lon="113.956359">
        <ele>12.90499</ele>
        <time>2025-09-10T10:26:32Z</time>
      </trkpt>
      <trkpt lat="22.5893246" lon="113.956373">
        <ele>13.15499</ele>
        <time>2025-09-10T10:26:34Z</time>
      </trkpt>
      <trkpt lat="22.5893614" lon="113.956389">
        <ele>13.842</ele>
        <time>2025-09-10T10:26:36Z</time>
      </trkpt>
      <trkpt lat="22.5894001" lon="113.9564045">
        <ele>13.63899</ele>
        <time>2025-09-10T10:26:38Z</time>
      </trkpt>
      <trkpt lat="22.5894412" lon="113.9564188">
        <ele>12.486</ele>
        <time>2025-09-10T10:26:40Z</time>
      </trkpt>
      <trkpt lat="22.5894815" lon="113.9564332">
        <ele>12.04199</ele>
        <time>2025-09-10T10:26:42Z</time>
      </trkpt>
      <trkpt lat="22.5895197" lon="113.9564486">
        <ele>11.562</ele>
        <time>2025-09-10T10:26:44Z</time>
      </trkpt>
      <trkpt lat="22.5895589" lon="113.9564649">
        <ele>11.446</ele>
        <time>2025-09-10T10:26:46Z</time>
      </trkpt>
      <trkpt lat="22.5895973" lon="113.9564817">
        <ele>11.498</ele>
        <time>2025-09-10T10:26:48Z</time>
      </trkpt>
      <trkpt lat="22.5896336" lon="113.9564988">
        <ele>11.00899</ele>
        <time>2025-09-10T10:26:50Z</time>
      </trkpt>
      <trkpt lat="22.5896687" lon="113.9565161">
        <ele>10.76</ele>
        <time>2025-09-10T10:26:52Z</time>
      </trkpt>
      <trkpt lat="22.5897039" lon="113.9565323">
        <ele>11.03699</ele>
        <time>2025-09-10T10:26:54Z</time>
      </trkpt>
      <trkpt lat="22.5897397" lon="113.9565479">
        <ele>11.137</ele>
        <time>2025-09-10T10:26:56Z</time>
      </trkpt>
      <trkpt lat="22.5897769" lon="113.9565626">
        <ele>10.953</ele>
        <time>2025-09-10T10:26:58Z</time>
      </trkpt>
      <trkpt lat="22.5898156" lon="113.9565771">
        <ele>11.24499</ele>
        <time>2025-09-10T10:27:00Z</time>
      </trkpt>
      <trkpt lat="22.5898558" lon="113.9565916">
        <ele>11.083</ele>
        <time>2025-09-10T10:27:02Z</time>
      </trkpt>
      <trkpt lat="22.5898971" lon="113.9566067">
        <ele>10.76099</ele>
        <time>2025-09-10T10:27:04Z</time>
      </trkpt>
      <trkpt lat="22.5899381" lon="113.956622">
        <ele>11.463</ele>
        <time>2025-09-10T10:27:06Z</time>
      </trkpt>
      <trkpt lat="22.5899772" lon="113.9566387">
        <ele>11.46</ele>
        <time>2025-09-10T10:27:08Z</time>
      </trkpt>
      <trkpt lat="22.590013" lon="113.9566564">
        <ele>11.84799</ele>
        <time>2025-09-10T10:27:10Z</time>
      </trkpt>
      <trkpt lat="22.5900482" lon="113.9566754">
        <ele>12.04699</ele>
        <time>2025-09-10T10:27:12Z</time>
      </trkpt>
      <trkpt lat="22.5900811" lon="113.9566949">
        <ele>12.229</ele>
        <time>2025-09-10T10:27:14Z</time>
      </trkpt>
      <trkpt lat="22.5901122" lon="113.9567139">
        <ele>11.743</ele>
        <time>2025-09-10T10:27:16Z</time>
      </trkpt>
      <trkpt lat="22.5901427" lon="113.9567334">
        <ele>10.89099</ele>
        <time>2025-09-10T10:27:18Z</time>
      </trkpt>
      <trkpt lat="22.5901752" lon="113.9567529">
        <ele>10.277</ele>
        <time>2025-09-10T10:27:20Z</time>
      </trkpt>
      <trkpt lat="22.590209" lon="113.9567723">
        <ele>10.22999</ele>
        <time>2025-09-10T10:27:22Z</time>
      </trkpt>
      <trkpt lat="22.5902456" lon="113.9567938">
        <ele>9.87399</ele>
        <time>2025-09-10T10:27:24Z</time>
      </trkpt>
      <trkpt lat="22.5902846" lon="113.9568173">
        <ele>11.59799</ele>
        <time>2025-09-10T10:27:26Z</time>
      </trkpt>
      <trkpt lat="22.590325" lon="113.9568409">
        <ele>12.336</ele>
        <time>2025-09-10T10:27:28Z</time>
      </trkpt>
      <trkpt lat="22.5903648" lon="113.9568631">
        <ele>12.036</ele>
        <time>2025-09-10T10:27:30Z</time>
      </trkpt>
      <trkpt lat="22.5904035" lon="113.9568849">
        <ele>12.609</ele>
        <time>2025-09-10T10:27:32Z</time>
      </trkpt>
      <trkpt lat="22.5904411" lon="113.9569051">
        <ele>12.35599</ele>
        <time>2025-09-10T10:27:34Z</time>
      </trkpt>
      <trkpt lat="22.5904785" lon="113.9569248">
        <ele>12.94799</ele>
        <time>2025-09-10T10:27:36Z</time>
      </trkpt>
      <trkpt lat="22.5905171" lon="113.9569451">
        <ele>13.57999</ele>
        <time>2025-09-10T10:27:38Z</time>
      </trkpt>
      <trkpt lat="22.5905556" lon="113.9569663">
        <ele>13.63799</ele>
        <time>2025-09-10T10:27:40Z</time>
      </trkpt>
      <trkpt lat="22.5905933" lon="113.9569866">
        <ele>14.1</ele>
        <time>2025-09-10T10:27:42Z</time>
      </trkpt>
      <trkpt lat="22.5906313" lon="113.9570059">
        <ele>13.18799</ele>
        <time>2025-09-10T10:27:44Z</time>
      </trkpt>
      <trkpt lat="22.5906671" lon="113.9570238">
        <ele>14.765</ele>
        <time>2025-09-10T10:27:46Z</time>
      </trkpt>
      <trkpt lat="22.5907004" lon="113.9570401">
        <ele>14.291</ele>
        <time>2025-09-10T10:27:48Z</time>
      </trkpt>
      <trkpt lat="22.5907329" lon="113.9570556">
        <ele>13.93599</ele>
        <time>2025-09-10T10:27:50Z</time>
      </trkpt>
      <trkpt lat="22.5907662" lon="113.9570723">
        <ele>12.64599</ele>
        <time>2025-09-10T10:27:52Z</time>
      </trkpt>
      <trkpt lat="22.5907992" lon="113.9570915">
        <ele>12.118</ele>
        <time>2025-09-10T10:27:54Z</time>
      </trkpt>
      <trkpt lat="22.5908338" lon="113.9571122">
        <ele>12.852</ele>
        <time>2025-09-10T10:27:56Z</time>
      </trkpt>
      <trkpt lat="22.5908694" lon="113.9571335">
        <ele>13.152</ele>
        <time>2025-09-10T10:27:58Z</time>
      </trkpt>
      <trkpt lat="22.5909043" lon="113.9571553">
        <ele>12.85999</ele>
        <time>2025-09-10T10:28:00Z</time>
      </trkpt>
      <trkpt lat="22.590938" lon="113.9571778">
        <ele>13.022</ele>
        <time>2025-09-10T10:28:02Z</time>
      </trkpt>
      <trkpt lat="22.5909701" lon="113.9571992">
        <ele>12.13599</ele>
        <time>2025-09-10T10:28:04Z</time>
      </trkpt>
      <trkpt lat="22.5910014" lon="113.9572205">
        <ele>10.57699</ele>
        <time>2025-09-10T10:28:06Z</time>
      </trkpt>
      <trkpt lat="22.5910332" lon="113.9572421">
        <ele>10.70699</ele>
        <time>2025-09-10T10:28:08Z</time>
      </trkpt>
      <trkpt lat="22.5910646" lon="113.9572645">
        <ele>11.00199</ele>
        <time>2025-09-10T10:28:10Z</time>
      </trkpt>
      <trkpt lat="22.5910955" lon="113.9572862">
        <ele>11.095</ele>
        <time>2025-09-10T10:28:12Z</time>
      </trkpt>
      <trkpt lat="22.5911274" lon="113.9573066">
        <ele>10.94999</ele>
        <time>2025-09-10T10:28:14Z</time>
      </trkpt>
      <trkpt lat="22.5911604" lon="113.9573273">
        <ele>10.821</ele>
        <time>2025-09-10T10:28:16Z</time>
      </trkpt>
      <trkpt lat="22.5911922" lon="113.957348">
        <ele>10.35299</ele>
        <time>2025-09-10T10:28:18Z</time>
      </trkpt>
      <trkpt lat="22.591226" lon="113.9573672">
        <ele>11.15499</ele>
        <time>2025-09-10T10:28:20Z</time>
      </trkpt>
      <trkpt lat="22.5912617" lon="113.9573861">
        <ele>11.399</ele>
        <time>2025-09-10T10:28:22Z</time>
      </trkpt>
      <trkpt lat="22.5912998" lon="113.9574054">
        <ele>11.336</ele>
        <time>2025-09-10T10:28:24Z</time>
      </trkpt>
      <trkpt lat="22.5913391" lon="113.9574253">
        <ele>12.13399</ele>
        <time>2025-09-10T10:28:26Z</time>
      </trkpt>
      <trkpt lat="22.5913812" lon="113.9574464">
        <ele>11.58399</ele>
        <time>2025-09-10T10:28:28Z</time>
      </trkpt>
      <trkpt lat="22.5914233" lon="113.9574693">
        <ele>12.604</ele>
        <time>2025-09-10T10:28:30Z</time>
      </trkpt>
      <trkpt lat="22.5914637" lon="113.9574934">
        <ele>14.552</ele>
        <time>2025-09-10T10:28:32Z</time>
      </trkpt>
      <trkpt lat="22.5915016" lon="113.9575188">
        <ele>14.26799</ele>
        <time>2025-09-10T10:28:34Z</time>
      </trkpt>
      <trkpt lat="22.5915371" lon="113.9575425">
        <ele>14.25</ele>
        <time>2025-09-10T10:28:36Z</time>
      </trkpt>
      <trkpt lat="22.5915703" lon="113.9575649">
        <ele>14.33699</ele>
        <time>2025-09-10T10:28:38Z</time>
      </trkpt>
      <trkpt lat="22.5916033" lon="113.9575864">
        <ele>14.336</ele>
        <time>2025-09-10T10:28:40Z</time>
      </trkpt>
      <trkpt lat="22.5916387" lon="113.9576065">
        <ele>13.64</ele>
        <time>2025-09-10T10:28:42Z</time>
      </trkpt>
      <trkpt lat="22.5916751" lon="113.9576258">
        <ele>15.189</ele>
        <time>2025-09-10T10:28:44Z</time>
      </trkpt>
      <trkpt lat="22.5917104" lon="113.9576458">
        <ele>16.415</ele>
        <time>2025-09-10T10:28:46Z</time>
      </trkpt>
      <trkpt lat="22.5917471" lon="113.9576668">
        <ele>14.96199</ele>
        <time>2025-09-10T10:28:48Z</time>
      </trkpt>
      <trkpt lat="22.5917859" lon="113.9576906">
        <ele>15.05799</ele>
        <time>2025-09-10T10:28:50Z</time>
      </trkpt>
      <trkpt lat="22.5918267" lon="113.9577144">
        <ele>15.211</ele>
        <time>2025-09-10T10:28:52Z</time>
      </trkpt>
      <trkpt lat="22.5918677" lon="113.9577383">
        <ele>17.874</ele>
        <time>2025-09-10T10:28:54Z</time>
      </trkpt>
      <trkpt lat="22.5919097" lon="113.9577626">
        <ele>17.791</ele>
        <time>2025-09-10T10:28:56Z</time>
      </trkpt>
      <trkpt lat="22.5919484" lon="113.9577894">
        <ele>17.46199</ele>
        <time>2025-09-10T10:28:58Z</time>
      </trkpt>
      <trkpt lat="22.5919831" lon="113.9578164">
        <ele>16.02899</ele>
        <time>2025-09-10T10:29:00Z</time>
      </trkpt>
      <trkpt lat="22.5920126" lon="113.9578467">
        <ele>15.38399</ele>
        <time>2025-09-10T10:29:02Z</time>
      </trkpt>
      <trkpt lat="22.5920392" lon="113.9578778">
        <ele>15.541</ele>
        <time>2025-09-10T10:29:04Z</time>
      </trkpt>
      <trkpt lat="22.5920641" lon="113.9579094">
        <ele>15.42099</ele>
        <time>2025-09-10T10:29:06Z</time>
      </trkpt>
      <trkpt lat="22.5920901" lon="113.957939">
        <ele>15.258</ele>
        <time>2025-09-10T10:29:08Z</time>
      </trkpt>
      <trkpt lat="22.5921179" lon="113.9579663">
        <ele>14.54399</ele>
        <time>2025-09-10T10:29:10Z</time>
      </trkpt>
      <trkpt lat="22.5921491" lon="113.957992">
        <ele>13.409</ele>
        <time>2025-09-10T10:29:12Z</time>
      </trkpt>
      <trkpt lat="22.5921825" lon="113.9580184">
        <ele>13.05599</ele>
        <time>2025-09-10T10:29:14Z</time>
      </trkpt>
      <trkpt lat="22.5922168" lon="113.9580467">
        <ele>13.769</ele>
        <time>2025-09-10T10:29:16Z</time>
      </trkpt>
      <trkpt lat="22.5922509" lon="113.958077">
        <ele>13.78699</ele>
        <time>2025-09-10T10:29:18Z</time>
      </trkpt>
      <trkpt lat="22.5922845" lon="113.9581095">
        <ele>14.576</ele>
        <time>2025-09-10T10:29:20Z</time>
      </trkpt>
      <trkpt lat="22.5923138" lon="113.9581426">
        <ele>14.293</ele>
        <time>2025-09-10T10:29:22Z</time>
      </trkpt>
      <trkpt lat="22.5923403" lon="113.9581777">
        <ele>14.28199</ele>
        <time>2025-09-10T10:29:24Z</time>
      </trkpt>
      <trkpt lat="22.5923649" lon="113.9582124">
        <ele>13.654</ele>
        <time>2025-09-10T10:29:26Z</time>
      </trkpt>
      <trkpt lat="22.5923869" lon="113.9582467">
        <ele>14.798</ele>
        <time>2025-09-10T10:29:28Z</time>
      </trkpt>
      <trkpt lat="22.5924063" lon="113.9582813">
        <ele>14.73499</ele>
        <time>2025-09-10T10:29:30Z</time>
      </trkpt>
      <trkpt lat="22.5924247" lon="113.9583184">
        <ele>14.031</ele>
        <time>2025-09-10T10:29:32Z</time>
      </trkpt>
      <trkpt lat="22.5924433" lon="113.9583557">
        <ele>13.40999</ele>
        <time>2025-09-10T10:29:34Z</time>
      </trkpt>
      <trkpt lat="22.5924616" lon="113.9583944">
        <ele>12.812</ele>
        <time>2025-09-10T10:29:36Z</time>
      </trkpt>
      <trkpt lat="22.592481" lon="113.9584324">
        <ele>12.899</ele>
        <time>2025-09-10T10:29:38Z</time>
      </trkpt>
      <trkpt lat="22.5925016" lon="113.958471">
        <ele>12.626</ele>
        <time>2025-09-10T10:29:40Z</time>
      </trkpt>
      <trkpt lat="22.5925226" lon="113.9585093">
        <ele>12.965</ele>
        <time>2025-09-10T10:29:42Z</time>
      </trkpt>
      <trkpt lat="22.5925435" lon="113.9585468">
        <ele>13.718</ele>
        <time>2025-09-10T10:29:44Z</time>
      </trkpt>
      <trkpt lat="22.5925651" lon="113.9585841">
        <ele>14.04199</ele>
        <time>2025-09-10T10:29:46Z</time>
      </trkpt>
      <trkpt lat="22.5925856" lon="113.9586231">
        <ele>12.55</ele>
        <time>2025-09-10T10:29:48Z</time>
      </trkpt>
      <trkpt lat="22.5926036" lon="113.9586628">
        <ele>12.40299</ele>
        <time>2025-09-10T10:29:50Z</time>
      </trkpt>
      <trkpt lat="22.59262" lon="113.9587031">
        <ele>13.64</ele>
        <time>2025-09-10T10:29:52Z</time>
      </trkpt>
      <trkpt lat="22.5926353" lon="113.9587439">
        <ele>13.064</ele>
        <time>2025-09-10T10:29:54Z</time>
      </trkpt>
      <trkpt lat="22.59265" lon="113.9587858">
        <ele>13.144</ele>
        <time>2025-09-10T10:29:56Z</time>
      </trkpt>
      <trkpt lat="22.5926654" lon="113.9588287">
        <ele>13.39799</ele>
        <time>2025-09-10T10:29:58Z</time>
      </trkpt>
      <trkpt lat="22.5926811" lon="113.9588715">
        <ele>14.72299</ele>
        <time>2025-09-10T10:30:00Z</time>
      </trkpt>
      <trkpt lat="22.5926966" lon="113.9589135">
        <ele>13.812</ele>
        <time>2025-09-10T10:30:02Z</time>
      </trkpt>
      <trkpt lat="22.592712" lon="113.9589554">
        <ele>13.73499</ele>
        <time>2025-09-10T10:30:04Z</time>
      </trkpt>
      <trkpt lat="22.592726" lon="113.9589978">
        <ele>14.24499</ele>
        <time>2025-09-10T10:30:06Z</time>
      </trkpt>
      <trkpt lat="22.5927377" lon="113.9590382">
        <ele>13.875</ele>
        <time>2025-09-10T10:30:08Z</time>
      </trkpt>
      <trkpt lat="22.5927472" lon="113.9590788">
        <ele>14.75399</ele>
        <time>2025-09-10T10:30:10Z</time>
      </trkpt>
      <trkpt lat="22.592755" lon="113.9591204">
        <ele>14.222</ele>
        <time>2025-09-10T10:30:12Z</time>
      </trkpt>
      <trkpt lat="22.5927601" lon="113.9591576">
        <ele>15.22999</ele>
        <time>2025-09-10T10:30:14Z</time>
      </trkpt>
      <trkpt lat="22.5927635" lon="113.9591957">
        <ele>15.91399</ele>
        <time>2025-09-10T10:30:16Z</time>
      </trkpt>
      <trkpt lat="22.5927683" lon="113.9592353">
        <ele>15.213</ele>
        <time>2025-09-10T10:30:18Z</time>
      </trkpt>
      <trkpt lat="22.5927781" lon="113.9592748">
        <ele>13.50199</ele>
        <time>2025-09-10T10:30:20Z</time>
      </trkpt>
      <trkpt lat="22.5927889" lon="113.9593168">
        <ele>12.99899</ele>
        <time>2025-09-10T10:30:22Z</time>
      </trkpt>
      <trkpt lat="22.5927987" lon="113.9593671">
        <ele>13.55</ele>
        <time>2025-09-10T10:30:24Z</time>
      </trkpt>
      <trkpt lat="22.5928077" lon="113.9594163">
        <ele>12.23499</ele>
        <time>2025-09-10T10:30:26Z</time>
      </trkpt>
      <trkpt lat="22.5928132" lon="113.9594662">
        <ele>14.11299</ele>
        <time>2025-09-10T10:30:28Z</time>
      </trkpt>
      <trkpt lat="22.5928124" lon="113.9595179">
        <ele>14.395</ele>
        <time>2025-09-10T10:30:30Z</time>
      </trkpt>
      <trkpt lat="22.5928084" lon="113.9595682">
        <ele>14.48499</ele>
        <time>2025-09-10T10:30:32Z</time>
      </trkpt>
      <trkpt lat="22.5928036" lon="113.9596152">
        <ele>15.15699</ele>
        <time>2025-09-10T10:30:34Z</time>
      </trkpt>
      <trkpt lat="22.5927986" lon="113.9596632">
        <ele>16.353</ele>
        <time>2025-09-10T10:30:36Z</time>
      </trkpt>
      <trkpt lat="22.5927942" lon="113.9597119">
        <ele>17.06399</ele>
        <time>2025-09-10T10:30:38Z</time>
      </trkpt>
      <trkpt lat="22.5927902" lon="113.9597614">
        <ele>17.82299</ele>
        <time>2025-09-10T10:30:40Z</time>
      </trkpt>
      <trkpt lat="22.5927869" lon="113.959811">
        <ele>18.02</ele>
        <time>2025-09-10T10:30:42Z</time>
      </trkpt>
      <trkpt lat="22.592785" lon="113.9598615">
        <ele>18.471</ele>
        <time>2025-09-10T10:30:44Z</time>
      </trkpt>
      <trkpt lat="22.5927838" lon="113.9599115">
        <ele>19.663</ele>
        <time>2025-09-10T10:30:46Z</time>
      </trkpt>
      <trkpt lat="22.5927836" lon="113.9599572">
        <ele>19.75699</ele>
        <time>2025-09-10T10:30:48Z</time>
      </trkpt>
      <trkpt lat="22.5927829" lon="113.9600013">
        <ele>20.93499</ele>
        <time>2025-09-10T10:30:50Z</time>
      </trkpt>
      <trkpt lat="22.5927814" lon="113.9600449">
        <ele>19.339</ele>
        <time>2025-09-10T10:30:52Z</time>
      </trkpt>
      <trkpt lat="22.5927788" lon="113.9600881">
        <ele>19.88599</ele>
        <time>2025-09-10T10:30:54Z</time>
      </trkpt>
      <trkpt lat="22.5927751" lon="113.9601304">
        <ele>20.20199</ele>
        <time>2025-09-10T10:30:56Z</time>
      </trkpt>
      <trkpt lat="22.5927708" lon="113.9601732">
        <ele>20.051</ele>
        <time>2025-09-10T10:30:58Z</time>
      </trkpt>
      <trkpt lat="22.5927671" lon="113.960215">
        <ele>20.575</ele>
        <time>2025-09-10T10:31:00Z</time>
      </trkpt>
      <trkpt lat="22.5927659" lon="113.9602567">
        <ele>20.308</ele>
        <time>2025-09-10T10:31:02Z</time>
      </trkpt>
      <trkpt lat="22.5927678" lon="113.9602992">
        <ele>19.96599</ele>
        <time>2025-09-10T10:31:04Z</time>
      </trkpt>
      <trkpt lat="22.59277" lon="113.9603404">
        <ele>20.211</ele>
        <time>2025-09-10T10:31:06Z</time>
      </trkpt>
      <trkpt lat="22.5927719" lon="113.9603839">
        <ele>20.95999</ele>
        <time>2025-09-10T10:31:08Z</time>
      </trkpt>
      <trkpt lat="22.5927746" lon="113.960428">
        <ele>21.31399</ele>
        <time>2025-09-10T10:31:10Z</time>
      </trkpt>
      <trkpt lat="22.5927771" lon="113.9604709">
        <ele>21.802</ele>
        <time>2025-09-10T10:31:12Z</time>
      </trkpt>
      <trkpt lat="22.5927768" lon="113.9605132">
        <ele>21.781</ele>
        <time>2025-09-10T10:31:14Z</time>
      </trkpt>
      <trkpt lat="22.5927796" lon="113.9605549">
        <ele>22.104</ele>
        <time>2025-09-10T10:31:16Z</time>
      </trkpt>
      <trkpt lat="22.5927844" lon="113.9605957">
        <ele>21.604</ele>
        <time>2025-09-10T10:31:18Z</time>
      </trkpt>
      <trkpt lat="22.5927895" lon="113.960636">
        <ele>22.589</ele>
        <time>2025-09-10T10:31:20Z</time>
      </trkpt>
      <trkpt lat="22.5927948" lon="113.9606756">
        <ele>23.12</ele>
        <time>2025-09-10T10:31:22Z</time>
      </trkpt>
      <trkpt lat="22.592803" lon="113.9607146">
        <ele>23.051</ele>
        <time>2025-09-10T10:31:24Z</time>
      </trkpt>
      <trkpt lat="22.592811" lon="113.9607563">
        <ele>22.36499</ele>
        <time>2025-09-10T10:31:26Z</time>
      </trkpt>
      <trkpt lat="22.5928173" lon="113.9607992">
        <ele>21.96899</ele>
        <time>2025-09-10T10:31:28Z</time>
      </trkpt>
      <trkpt lat="22.5928223" lon="113.9608436">
        <ele>22.187</ele>
        <time>2025-09-10T10:31:30Z</time>
      </trkpt>
      <trkpt lat="22.5928252" lon="113.9608888">
        <ele>22.72599</ele>
        <time>2025-09-10T10:31:32Z</time>
      </trkpt>
      <trkpt lat="22.5928251" lon="113.9609351">
        <ele>22.537</ele>
        <time>2025-09-10T10:31:34Z</time>
      </trkpt>
      <trkpt lat="22.5928211" lon="113.9609802">
        <ele>23.42099</ele>
        <time>2025-09-10T10:31:36Z</time>
      </trkpt>
      <trkpt lat="22.5928163" lon="113.961026">
        <ele>24.30599</ele>
        <time>2025-09-10T10:31:38Z</time>
      </trkpt>
      <trkpt lat="22.5928123" lon="113.9610712">
        <ele>24.856</ele>
        <time>2025-09-10T10:31:40Z</time>
      </trkpt>
      <trkpt lat="22.5928087" lon="113.9611155">
        <ele>25.024</ele>
        <time>2025-09-10T10:31:42Z</time>
      </trkpt>
      <trkpt lat="22.5928056" lon="113.9611587">
        <ele>25.913</ele>
        <time>2025-09-10T10:31:44Z</time>
      </trkpt>
      <trkpt lat="22.5928044" lon="113.9612013">
        <ele>24.406</ele>
        <time>2025-09-10T10:31:46Z</time>
      </trkpt>
      <trkpt lat="22.5928037" lon="113.9612414">
        <ele>24.208</ele>
        <time>2025-09-10T10:31:48Z</time>
      </trkpt>
      <trkpt lat="22.5928055" lon="113.9612781">
        <ele>23.93199</ele>
        <time>2025-09-10T10:31:50Z</time>
      </trkpt>
      <trkpt lat="22.5928125" lon="113.9613026">
        <ele>23.135</ele>
        <time>2025-09-10T10:31:52Z</time>
      </trkpt>
      <trkpt lat="22.5928188" lon="113.9613076">
        <ele>22.017</ele>
        <time>2025-09-10T10:31:54Z</time>
      </trkpt>
      <trkpt lat="22.5928239" lon="113.9612956">
        <ele>21.88999</ele>
        <time>2025-09-10T10:31:56Z</time>
      </trkpt>
      <trkpt lat="22.5928257" lon="113.9612687">
        <ele>22.194</ele>
        <time>2025-09-10T10:31:58Z</time>
      </trkpt>
      <trkpt lat="22.5928246" lon="113.9612283">
        <ele>21.93</ele>
        <time>2025-09-10T10:32:00Z</time>
      </trkpt>
      <trkpt lat="22.5928192" lon="113.9611842">
        <ele>22.458</ele>
        <time>2025-09-10T10:32:02Z</time>
      </trkpt>
      <trkpt lat="22.5928172" lon="113.9611427">
        <ele>22.045</ele>
        <time>2025-09-10T10:32:04Z</time>
      </trkpt>
      <trkpt lat="22.5928163" lon="113.9611027">
        <ele>22.56399</ele>
        <time>2025-09-10T10:32:06Z</time>
      </trkpt>
      <trkpt lat="22.5928194" lon="113.9610623">
        <ele>22.409</ele>
        <time>2025-09-10T10:32:08Z</time>
      </trkpt>
      <trkpt lat="22.5928237" lon="113.9610211">
        <ele>22.42099</ele>
        <time>2025-09-10T10:32:10Z</time>
      </trkpt>
      <trkpt lat="22.5928278" lon="113.9609806">
        <ele>22.65999</ele>
        <time>2025-09-10T10:32:12Z</time>
      </trkpt>
      <trkpt lat="22.5928299" lon="113.9609406">
        <ele>23.29899</ele>
        <time>2025-09-10T10:32:14Z</time>
      </trkpt>
      <trkpt lat="22.5928323" lon="113.9608998">
        <ele>22.17499</ele>
        <time>2025-09-10T10:32:16Z</time>
      </trkpt>
      <trkpt lat="22.5928342" lon="113.9608592">
        <ele>21.34799</ele>
        <time>2025-09-10T10:32:18Z</time>
      </trkpt>
      <trkpt lat="22.5928333" lon="113.9608191">
        <ele>21.724</ele>
        <time>2025-09-10T10:32:20Z</time>
      </trkpt>
      <trkpt lat="22.592831" lon="113.9607787">
        <ele>21.134</ele>
        <time>2025-09-10T10:32:22Z</time>
      </trkpt>
      <trkpt lat="22.5928273" lon="113.960738">
        <ele>20.988</ele>
        <time>2025-09-10T10:32:24Z</time>
      </trkpt>
      <trkpt lat="22.5928222" lon="113.9606968">
        <ele>21.38199</ele>
        <time>2025-09-10T10:32:26Z</time>
      </trkpt>
      <trkpt lat="22.5928174" lon="113.9606555">
        <ele>20.611</ele>
        <time>2025-09-10T10:32:28Z</time>
      </trkpt>
      <trkpt lat="22.5928141" lon="113.960614">
        <ele>21.055</ele>
        <time>2025-09-10T10:32:30Z</time>
      </trkpt>
      <trkpt lat="22.5928138" lon="113.9605703">
        <ele>21.43099</ele>
        <time>2025-09-10T10:32:32Z</time>
      </trkpt>
      <trkpt lat="22.5928136" lon="113.9605252">
        <ele>20.711</ele>
        <time>2025-09-10T10:32:34Z</time>
      </trkpt>
      <trkpt lat="22.5928138" lon="113.9604805">
        <ele>20.729</ele>
        <time>2025-09-10T10:32:36Z</time>
      </trkpt>
      <trkpt lat="22.5928125" lon="113.9604351">
        <ele>20.156</ele>
        <time>2025-09-10T10:32:38Z</time>
      </trkpt>
      <trkpt lat="22.5928109" lon="113.96039">
        <ele>19.225</ele>
        <time>2025-09-10T10:32:40Z</time>
      </trkpt>
      <trkpt lat="22.5928086" lon="113.9603481">
        <ele>18.95</ele>
        <time>2025-09-10T10:32:42Z</time>
      </trkpt>
      <trkpt lat="22.5928084" lon="113.9603092">
        <ele>19.11</ele>
        <time>2025-09-10T10:32:44Z</time>
      </trkpt>
      <trkpt lat="22.5928093" lon="113.9602711">
        <ele>19.194</ele>
        <time>2025-09-10T10:32:46Z</time>
      </trkpt>
      <trkpt lat="22.592812" lon="113.9602337">
        <ele>18.56999</ele>
        <time>2025-09-10T10:32:48Z</time>
      </trkpt>
      <trkpt lat="22.5928157" lon="113.9601954">
        <ele>18.38999</ele>
        <time>2025-09-10T10:32:50Z</time>
      </trkpt>
      <trkpt lat="22.59282" lon="113.9601553">
        <ele>18.416</ele>
        <time>2025-09-10T10:32:52Z</time>
      </trkpt>
      <trkpt lat="22.5928239" lon="113.9601126">
        <ele>19.315</ele>
        <time>2025-09-10T10:32:54Z</time>
      </trkpt>
      <trkpt lat="22.5928257" lon="113.9600704">
        <ele>20.02199</ele>
        <time>2025-09-10T10:32:56Z</time>
      </trkpt>
      <trkpt lat="22.5928263" lon="113.9600278">
        <ele>20.06299</ele>
        <time>2025-09-10T10:32:58Z</time>
      </trkpt>
      <trkpt lat="22.5928266" lon="113.9599859">
        <ele>19.87899</ele>
        <time>2025-09-10T10:33:00Z</time>
      </trkpt>
      <trkpt lat="22.5928247" lon="113.9599445">
        <ele>19.61</ele>
        <time>2025-09-10T10:33:02Z</time>
      </trkpt>
      <trkpt lat="22.5928219" lon="113.9599041">
        <ele>19.02799</ele>
        <time>2025-09-10T10:33:04Z</time>
      </trkpt>
      <trkpt lat="22.592821" lon="113.959863">
        <ele>19.81299</ele>
        <time>2025-09-10T10:33:06Z</time>
      </trkpt>
      <trkpt lat="22.5928209" lon="113.959821">
        <ele>20.17499</ele>
        <time>2025-09-10T10:33:08Z</time>
      </trkpt>
      <trkpt lat="22.5928201" lon="113.959779">
        <ele>20.322</ele>
        <time>2025-09-10T10:33:10Z</time>
      </trkpt>
      <trkpt lat="22.5928196" lon="113.9597377">
        <ele>20.513</ele>
        <time>2025-09-10T10:33:12Z</time>
      </trkpt>
      <trkpt lat="22.5928201" lon="113.9596956">
        <ele>20.625</ele>
        <time>2025-09-10T10:33:14Z</time>
      </trkpt>
      <trkpt lat="22.5928212" lon="113.9596518">
        <ele>20.274</ele>
        <time>2025-09-10T10:33:16Z</time>
      </trkpt>
      <trkpt lat="22.5928215" lon="113.9596078">
        <ele>21</ele>
        <time>2025-09-10T10:33:18Z</time>
      </trkpt>
      <trkpt lat="22.5928209" lon="113.9595639">
        <ele>20.436</ele>
        <time>2025-09-10T10:33:20Z</time>
      </trkpt>
      <trkpt lat="22.59282" lon="113.9595206">
        <ele>19.128</ele>
        <time>2025-09-10T10:33:22Z</time>
      </trkpt>
      <trkpt lat="22.5928182" lon="113.959482">
        <ele>18.22999</ele>
        <time>2025-09-10T10:33:24Z</time>
      </trkpt>
      <trkpt lat="22.592814" lon="113.9594476">
        <ele>18.06599</ele>
        <time>2025-09-10T10:33:26Z</time>
      </trkpt>
      <trkpt lat="22.5928092" lon="113.959415">
        <ele>16.981</ele>
        <time>2025-09-10T10:33:28Z</time>
      </trkpt>
      <trkpt lat="22.5928053" lon="113.9593854">
        <ele>16.534</ele>
        <time>2025-09-10T10:33:30Z</time>
      </trkpt>
      <trkpt lat="22.5928009" lon="113.959356">
        <ele>13.774</ele>
        <time>2025-09-10T10:33:32Z</time>
      </trkpt>
      <trkpt lat="22.5927953" lon="113.9593189">
        <ele>12.13</ele>
        <time>2025-09-10T10:33:34Z</time>
      </trkpt>
      <trkpt lat="22.5927895" lon="113.9592763">
        <ele>11.989</ele>
        <time>2025-09-10T10:33:36Z</time>
      </trkpt>
      <trkpt lat="22.5927839" lon="113.959231">
        <ele>11.88599</ele>
        <time>2025-09-10T10:33:38Z</time>
      </trkpt>
      <trkpt lat="22.592777" lon="113.9591813">
        <ele>12.831</ele>
        <time>2025-09-10T10:33:40Z</time>
      </trkpt>
      <trkpt lat="22.5927686" lon="113.9591288">
        <ele>13.62699</ele>
        <time>2025-09-10T10:33:42Z</time>
      </trkpt>
      <trkpt lat="22.5927584" lon="113.9590801">
        <ele>15.114</ele>
        <time>2025-09-10T10:33:44Z</time>
      </trkpt>
      <trkpt lat="22.5927456" lon="113.9590344">
        <ele>15.071</ele>
        <time>2025-09-10T10:33:46Z</time>
      </trkpt>
      <trkpt lat="22.592729" lon="113.958992">
        <ele>14.90799</ele>
        <time>2025-09-10T10:33:48Z</time>
      </trkpt>
      <trkpt lat="22.5927107" lon="113.9589511">
        <ele>16.75499</ele>
        <time>2025-09-10T10:33:50Z</time>
      </trkpt>
      <trkpt lat="22.5926933" lon="113.9589119">
        <ele>17.18899</ele>
        <time>2025-09-10T10:33:52Z</time>
      </trkpt>
      <trkpt lat="22.5926777" lon="113.9588735">
        <ele>18.04599</ele>
        <time>2025-09-10T10:33:54Z</time>
      </trkpt>
      <trkpt lat="22.592663" lon="113.958835">
        <ele>17.56299</ele>
        <time>2025-09-10T10:33:56Z</time>
      </trkpt>
      <trkpt lat="22.5926496" lon="113.9587955">
        <ele>17.002</ele>
        <time>2025-09-10T10:33:58Z</time>
      </trkpt>
      <trkpt lat="22.5926367" lon="113.9587548">
        <ele>17.11499</ele>
        <time>2025-09-10T10:34:00Z</time>
      </trkpt>
      <trkpt lat="22.5926229" lon="113.9587146">
        <ele>17.07999</ele>
        <time>2025-09-10T10:34:02Z</time>
      </trkpt>
      <trkpt lat="22.5926061" lon="113.9586738">
        <ele>16.493</ele>
        <time>2025-09-10T10:34:04Z</time>
      </trkpt>
      <trkpt lat="22.5925888" lon="113.9586328">
        <ele>16.61599</ele>
        <time>2025-09-10T10:34:06Z</time>
      </trkpt>
      <trkpt lat="22.5925709" lon="113.9585923">
        <ele>16.676</ele>
        <time>2025-09-10T10:34:08Z</time>
      </trkpt>
      <trkpt lat="22.5925534" lon="113.9585529">
        <ele>16.336</ele>
        <time>2025-09-10T10:34:10Z</time>
      </trkpt>
      <trkpt lat="22.5925358" lon="113.958512">
        <ele>15.392</ele>
        <time>2025-09-10T10:34:12Z</time>
      </trkpt>
      <trkpt lat="22.5925179" lon="113.958471">
        <ele>15.35099</ele>
        <time>2025-09-10T10:34:14Z</time>
      </trkpt>
      <trkpt lat="22.5924996" lon="113.9584296">
        <ele>16.34</ele>
        <time>2025-09-10T10:34:16Z</time>
      </trkpt>
      <trkpt lat="22.5924795" lon="113.9583857">
        <ele>16.26499</ele>
        <time>2025-09-10T10:34:18Z</time>
      </trkpt>
      <trkpt lat="22.5924575" lon="113.9583428">
        <ele>16.054</ele>
        <time>2025-09-10T10:34:20Z</time>
      </trkpt>
      <trkpt lat="22.5924338" lon="113.9582998">
        <ele>17.534</ele>
        <time>2025-09-10T10:34:22Z</time>
      </trkpt>
      <trkpt lat="22.592409" lon="113.9582592">
        <ele>16.753</ele>
        <time>2025-09-10T10:34:24Z</time>
      </trkpt>
      <trkpt lat="22.5923831" lon="113.9582233">
        <ele>17.94099</ele>
        <time>2025-09-10T10:34:26Z</time>
      </trkpt>
      <trkpt lat="22.5923581" lon="113.9581925">
        <ele>18.625</ele>
        <time>2025-09-10T10:34:28Z</time>
      </trkpt>
      <trkpt lat="22.5923317" lon="113.958163">
        <ele>17.86499</ele>
        <time>2025-09-10T10:34:30Z</time>
      </trkpt>
      <trkpt lat="22.5923043" lon="113.9581359">
        <ele>18.465</ele>
        <time>2025-09-10T10:34:32Z</time>
      </trkpt>
      <trkpt lat="22.5922786" lon="113.958108">
        <ele>19.287</ele>
        <time>2025-09-10T10:34:34Z</time>
      </trkpt>
      <trkpt lat="22.5922529" lon="113.9580785">
        <ele>20.18</ele>
        <time>2025-09-10T10:34:36Z</time>
      </trkpt>
      <trkpt lat="22.5922246" lon="113.9580459">
        <ele>18.809</ele>
        <time>2025-09-10T10:34:38Z</time>
      </trkpt>
      <trkpt lat="22.5921944" lon="113.9580117">
        <ele>18.62199</ele>
        <time>2025-09-10T10:34:40Z</time>
      </trkpt>
      <trkpt lat="22.5921633" lon="113.9579774">
        <ele>21.21199</ele>
        <time>2025-09-10T10:34:42Z</time>
      </trkpt>
      <trkpt lat="22.5921301" lon="113.957945">
        <ele>22.88599</ele>
        <time>2025-09-10T10:34:44Z</time>
      </trkpt>
      <trkpt lat="22.5920953" lon="113.9579133">
        <ele>23.48999</ele>
        <time>2025-09-10T10:34:46Z</time>
      </trkpt>
      <trkpt lat="22.5920605" lon="113.9578852">
        <ele>23.017</ele>
        <time>2025-09-10T10:34:48Z</time>
      </trkpt>
      <trkpt lat="22.5920269" lon="113.9578594">
        <ele>23.125</ele>
        <time>2025-09-10T10:34:50Z</time>
      </trkpt>
      <trkpt lat="22.5919938" lon="113.9578337">
        <ele>23.978</ele>
        <time>2025-09-10T10:34:52Z</time>
      </trkpt>
      <trkpt lat="22.5919604" lon="113.9578072">
        <ele>23.898</ele>
        <time>2025-09-10T10:34:54Z</time>
      </trkpt>
      <trkpt lat="22.5919277" lon="113.9577805">
        <ele>25.061</ele>
        <time>2025-09-10T10:34:56Z</time>
      </trkpt>
      <trkpt lat="22.5918974" lon="113.9577523">
        <ele>25.083</ele>
        <time>2025-09-10T10:34:58Z</time>
      </trkpt>
      <trkpt lat="22.5918678" lon="113.957724">
        <ele>25.20599</ele>
        <time>2025-09-10T10:35:00Z</time>
      </trkpt>
      <trkpt lat="22.591839" lon="113.9576994">
        <ele>25.09</ele>
        <time>2025-09-10T10:35:02Z</time>
      </trkpt>
      <trkpt lat="22.5918105" lon="113.9576786">
        <ele>25.59799</ele>
        <time>2025-09-10T10:35:04Z</time>
      </trkpt>
      <trkpt lat="22.5917806" lon="113.9576581">
        <ele>24.093</ele>
        <time>2025-09-10T10:35:06Z</time>
      </trkpt>
      <trkpt lat="22.5917475" lon="113.9576395">
        <ele>23.17</ele>
        <time>2025-09-10T10:35:08Z</time>
      </trkpt>
      <trkpt lat="22.591712" lon="113.9576228">
        <ele>24.266</ele>
        <time>2025-09-10T10:35:10Z</time>
      </trkpt>
      <trkpt lat="22.5916736" lon="113.957605">
        <ele>22.847</ele>
        <time>2025-09-10T10:35:12Z</time>
      </trkpt>
      <trkpt lat="22.5916339" lon="113.9575856">
        <ele>22.33799</ele>
        <time>2025-09-10T10:35:14Z</time>
      </trkpt>
      <trkpt lat="22.5915946" lon="113.9575669">
        <ele>21.78199</ele>
        <time>2025-09-10T10:35:16Z</time>
      </trkpt>
      <trkpt lat="22.5915571" lon="113.9575479">
        <ele>21.40099</ele>
        <time>2025-09-10T10:35:18Z</time>
      </trkpt>
      <trkpt lat="22.5915209" lon="113.9575265">
        <ele>21.52599</ele>
        <time>2025-09-10T10:35:20Z</time>
      </trkpt>
      <trkpt lat="22.5914862" lon="113.9575039">
        <ele>22.27099</ele>
        <time>2025-09-10T10:35:22Z</time>
      </trkpt>
      <trkpt lat="22.5914517" lon="113.9574823">
        <ele>23.11499</ele>
        <time>2025-09-10T10:35:24Z</time>
      </trkpt>
      <trkpt lat="22.5914168" lon="113.9574623">
        <ele>23.64399</ele>
        <time>2025-09-10T10:35:26Z</time>
      </trkpt>
      <trkpt lat="22.5913823" lon="113.9574471">
        <ele>23.054</ele>
        <time>2025-09-10T10:35:28Z</time>
      </trkpt>
      <trkpt lat="22.591349" lon="113.957435">
        <ele>23.155</ele>
        <time>2025-09-10T10:35:30Z</time>
      </trkpt>
      <trkpt lat="22.5913161" lon="113.9574242">
        <ele>22.04599</ele>
        <time>2025-09-10T10:35:32Z</time>
      </trkpt>
      <trkpt lat="22.5912846" lon="113.9574111">
        <ele>21.934</ele>
        <time>2025-09-10T10:35:34Z</time>
      </trkpt>
      <trkpt lat="22.5912545" lon="113.9573944">
        <ele>20.77599</ele>
        <time>2025-09-10T10:35:36Z</time>
      </trkpt>
      <trkpt lat="22.5912247" lon="113.9573729">
        <ele>20.611</ele>
        <time>2025-09-10T10:35:38Z</time>
      </trkpt>
      <trkpt lat="22.5911942" lon="113.9573503">
        <ele>19.465</ele>
        <time>2025-09-10T10:35:40Z</time>
      </trkpt>
      <trkpt lat="22.5911632" lon="113.9573285">
        <ele>18.25</ele>
        <time>2025-09-10T10:35:42Z</time>
      </trkpt>
      <trkpt lat="22.5911309" lon="113.9573088">
        <ele>17.32799</ele>
        <time>2025-09-10T10:35:44Z</time>
      </trkpt>
      <trkpt lat="22.5910974" lon="113.957293">
        <ele>17.738</ele>
        <time>2025-09-10T10:35:46Z</time>
      </trkpt>
      <trkpt lat="22.591063" lon="113.9572769">
        <ele>16.627</ele>
        <time>2025-09-10T10:35:48Z</time>
      </trkpt>
      <trkpt lat="22.5910288" lon="113.9572607">
        <ele>16.62599</ele>
        <time>2025-09-10T10:35:50Z</time>
      </trkpt>
      <trkpt lat="22.5909953" lon="113.9572435">
        <ele>16.76899</ele>
        <time>2025-09-10T10:35:52Z</time>
      </trkpt>
      <trkpt lat="22.5909619" lon="113.9572248">
        <ele>16.73999</ele>
        <time>2025-09-10T10:35:54Z</time>
      </trkpt>
      <trkpt lat="22.5909296" lon="113.9572051">
        <ele>15.965</ele>
        <time>2025-09-10T10:35:56Z</time>
      </trkpt>
      <trkpt lat="22.5908975" lon="113.9571858">
        <ele>14.90299</ele>
        <time>2025-09-10T10:35:58Z</time>
      </trkpt>
      <trkpt lat="22.590866" lon="113.9571638">
        <ele>15.034</ele>
        <time>2025-09-10T10:36:00Z</time>
      </trkpt>
      <trkpt lat="22.5908341" lon="113.9571401">
        <ele>16.55299</ele>
        <time>2025-09-10T10:36:02Z</time>
      </trkpt>
      <trkpt lat="22.5908025" lon="113.9571159">
        <ele>17.18099</ele>
        <time>2025-09-10T10:36:04Z</time>
      </trkpt>
      <trkpt lat="22.5907701" lon="113.9570908">
        <ele>16.611</ele>
        <time>2025-09-10T10:36:06Z</time>
      </trkpt>
      <trkpt lat="22.5907372" lon="113.9570657">
        <ele>16.57799</ele>
        <time>2025-09-10T10:36:08Z</time>
      </trkpt>
      <trkpt lat="22.5907023" lon="113.957042">
        <ele>16.993</ele>
        <time>2025-09-10T10:36:10Z</time>
      </trkpt>
      <trkpt lat="22.5906663" lon="113.957019">
        <ele>16.781</ele>
        <time>2025-09-10T10:36:12Z</time>
      </trkpt>
      <trkpt lat="22.5906298" lon="113.9569971">
        <ele>16.773</ele>
        <time>2025-09-10T10:36:14Z</time>
      </trkpt>
      <trkpt lat="22.5905923" lon="113.9569766">
        <ele>16.52</ele>
        <time>2025-09-10T10:36:16Z</time>
      </trkpt>
      <trkpt lat="22.5905546" lon="113.9569581">
        <ele>15.47999</ele>
        <time>2025-09-10T10:36:18Z</time>
      </trkpt>
      <trkpt lat="22.5905169" lon="113.9569399">
        <ele>16.48999</ele>
        <time>2025-09-10T10:36:20Z</time>
      </trkpt>
      <trkpt lat="22.590479" lon="113.9569212">
        <ele>16.135</ele>
        <time>2025-09-10T10:36:22Z</time>
      </trkpt>
      <trkpt lat="22.5904407" lon="113.9569006">
        <ele>15.78699</ele>
        <time>2025-09-10T10:36:24Z</time>
      </trkpt>
      <trkpt lat="22.5904027" lon="113.956879">
        <ele>16.53199</ele>
        <time>2025-09-10T10:36:26Z</time>
      </trkpt>
      <trkpt lat="22.5903649" lon="113.9568561">
        <ele>17.305</ele>
        <time>2025-09-10T10:36:28Z</time>
      </trkpt>
      <trkpt lat="22.5903276" lon="113.9568329">
        <ele>16.783</ele>
        <time>2025-09-10T10:36:30Z</time>
      </trkpt>
      <trkpt lat="22.5902918" lon="113.9568111">
        <ele>17.38599</ele>
        <time>2025-09-10T10:36:32Z</time>
      </trkpt>
      <trkpt lat="22.5902565" lon="113.9567914">
        <ele>18.062</ele>
        <time>2025-09-10T10:36:34Z</time>
      </trkpt>
      <trkpt lat="22.5902214" lon="113.9567726">
        <ele>19.193</ele>
        <time>2025-09-10T10:36:36Z</time>
      </trkpt>
      <trkpt lat="22.5901869" lon="113.9567547">
        <ele>17.93</ele>
        <time>2025-09-10T10:36:38Z</time>
      </trkpt>
      <trkpt lat="22.590153" lon="113.9567403">
        <ele>17.127</ele>
        <time>2025-09-10T10:36:40Z</time>
      </trkpt>
      <trkpt lat="22.5901192" lon="113.956727">
        <ele>16.37</ele>
        <time>2025-09-10T10:36:42Z</time>
      </trkpt>
      <trkpt lat="22.5900858" lon="113.9567147">
        <ele>14.63899</ele>
        <time>2025-09-10T10:36:44Z</time>
      </trkpt>
      <trkpt lat="22.5900531" lon="113.9567027">
        <ele>13.135</ele>
        <time>2025-09-10T10:36:46Z</time>
      </trkpt>
      <trkpt lat="22.5900202" lon="113.9566892">
        <ele>12.35799</ele>
        <time>2025-09-10T10:36:48Z</time>
      </trkpt>
      <trkpt lat="22.5899868" lon="113.9566722">
        <ele>11.18599</ele>
        <time>2025-09-10T10:36:50Z</time>
      </trkpt>
      <trkpt lat="22.5899516" lon="113.956653">
        <ele>10.786</ele>
        <time>2025-09-10T10:36:52Z</time>
      </trkpt>
      <trkpt lat="22.5899151" lon="113.9566316">
        <ele>11.06999</ele>
        <time>2025-09-10T10:36:54Z</time>
      </trkpt>
      <trkpt lat="22.5898774" lon="113.9566089">
        <ele>11.265</ele>
        <time>2025-09-10T10:36:56Z</time>
      </trkpt>
      <trkpt lat="22.5898411" lon="113.9565896">
        <ele>11.399</ele>
        <time>2025-09-10T10:36:58Z</time>
      </trkpt>
      <trkpt lat="22.589806" lon="113.9565737">
        <ele>10.63099</ele>
        <time>2025-09-10T10:37:00Z</time>
      </trkpt>
      <trkpt lat="22.5897714" lon="113.9565592">
        <ele>10.21399</ele>
        <time>2025-09-10T10:37:02Z</time>
      </trkpt>
      <trkpt lat="22.5897365" lon="113.956545">
        <ele>9.739</ele>
        <time>2025-09-10T10:37:04Z</time>
      </trkpt>
      <trkpt lat="22.5897011" lon="113.9565321">
        <ele>9.13399</ele>
        <time>2025-09-10T10:37:06Z</time>
      </trkpt>
      <trkpt lat="22.5896638" lon="113.9565178">
        <ele>8.413</ele>
        <time>2025-09-10T10:37:08Z</time>
      </trkpt>
      <trkpt lat="22.5896258" lon="113.9565036">
        <ele>7.215</ele>
        <time>2025-09-10T10:37:10Z</time>
      </trkpt>
      <trkpt lat="22.5895883" lon="113.9564905">
        <ele>6.85599</ele>
        <time>2025-09-10T10:37:12Z</time>
      </trkpt>
      <trkpt lat="22.589552" lon="113.9564785">
        <ele>6.084</ele>
        <time>2025-09-10T10:37:14Z</time>
      </trkpt>
      <trkpt lat="22.5895169" lon="113.9564671">
        <ele>5.88199</ele>
        <time>2025-09-10T10:37:16Z</time>
      </trkpt>
      <trkpt lat="22.5894821" lon="113.9564571">
        <ele>5.531</ele>
        <time>2025-09-10T10:37:18Z</time>
      </trkpt>
      <trkpt lat="22.5894464" lon="113.9564466">
        <ele>4.52299</ele>
        <time>2025-09-10T10:37:20Z</time>
      </trkpt>
      <trkpt lat="22.5894099" lon="113.9564359">
        <ele>4.01399</ele>
        <time>2025-09-10T10:37:22Z</time>
      </trkpt>
      <trkpt lat="22.5893729" lon="113.9564249">
        <ele>3.177</ele>
        <time>2025-09-10T10:37:24Z</time>
      </trkpt>
      <trkpt lat="22.5893353" lon="113.9564127">
        <ele>3.37299</ele>
        <time>2025-09-10T10:37:26Z</time>
      </trkpt>
      <trkpt lat="22.5892976" lon="113.9563995">
        <ele>3.775</ele>
        <time>2025-09-10T10:37:28Z</time>
      </trkpt>
      <trkpt lat="22.58926" lon="113.9563869">
        <ele>3.81599</ele>
        <time>2025-09-10T10:37:30Z</time>
      </trkpt>
      <trkpt lat="22.5892226" lon="113.9563748">
        <ele>3.99499</ele>
        <time>2025-09-10T10:37:32Z</time>
      </trkpt>
      <trkpt lat="22.5891851" lon="113.9563634">
        <ele>4.27699</ele>
        <time>2025-09-10T10:37:34Z</time>
      </trkpt>
      <trkpt lat="22.589148" lon="113.9563525">
        <ele>4.35099</ele>
        <time>2025-09-10T10:37:36Z</time>
      </trkpt>
      <trkpt lat="22.5891099" lon="113.9563413">
        <ele>4.61299</ele>
        <time>2025-09-10T10:37:38Z</time>
      </trkpt>
      <trkpt lat="22.5890717" lon="113.9563292">
        <ele>4.675</ele>
        <time>2025-09-10T10:37:40Z</time>
      </trkpt>
      <trkpt lat="22.589033" lon="113.9563142">
        <ele>4.793</ele>
        <time>2025-09-10T10:37:42Z</time>
      </trkpt>
      <trkpt lat="22.5889942" lon="113.9562988">
        <ele>5.85699</ele>
        <time>2025-09-10T10:37:44Z</time>
      </trkpt>
      <trkpt lat="22.5889545" lon="113.9562836">
        <ele>6.83699</ele>
        <time>2025-09-10T10:37:46Z</time>
      </trkpt>
      <trkpt lat="22.5889153" lon="113.9562698">
        <ele>7.294</ele>
        <time>2025-09-10T10:37:48Z</time>
      </trkpt>
      <trkpt lat="22.5888752" lon="113.9562548">
        <ele>7.61999</ele>
        <time>2025-09-10T10:37:50Z</time>
      </trkpt>
      <trkpt lat="22.5888343" lon="113.9562411">
        <ele>7.76599</ele>
        <time>2025-09-10T10:37:52Z</time>
      </trkpt>
      <trkpt lat="22.5887939" lon="113.9562292">
        <ele>8.008</ele>
        <time>2025-09-10T10:37:54Z</time>
      </trkpt>
      <trkpt lat="22.588753" lon="113.9562181">
        <ele>7.74599</ele>
        <time>2025-09-10T10:37:56Z</time>
      </trkpt>
      <trkpt lat="22.5887126" lon="113.9562062">
        <ele>7.44</ele>
        <time>2025-09-10T10:37:58Z</time>
      </trkpt>
      <trkpt lat="22.5886726" lon="113.9561957">
        <ele>8.39099</ele>
        <time>2025-09-10T10:38:00Z</time>
      </trkpt>
      <trkpt lat="22.5886336" lon="113.9561849">
        <ele>8.76299</ele>
        <time>2025-09-10T10:38:02Z</time>
      </trkpt>
      <trkpt lat="22.5885938" lon="113.9561715">
        <ele>8.77799</ele>
        <time>2025-09-10T10:38:04Z</time>
      </trkpt>
      <trkpt lat="22.5885543" lon="113.9561567">
        <ele>8.14</ele>
        <time>2025-09-10T10:38:06Z</time>
      </trkpt>
      <trkpt lat="22.5885139" lon="113.9561405">
        <ele>7.926</ele>
        <time>2025-09-10T10:38:08Z</time>
      </trkpt>
      <trkpt lat="22.5884729" lon="113.9561247">
        <ele>8.21899</ele>
        <time>2025-09-10T10:38:10Z</time>
      </trkpt>
      <trkpt lat="22.5884305" lon="113.9561094">
        <ele>7.906</ele>
        <time>2025-09-10T10:38:12Z</time>
      </trkpt>
      <trkpt lat="22.5883887" lon="113.9560927">
        <ele>9.026</ele>
        <time>2025-09-10T10:38:14Z</time>
      </trkpt>
      <trkpt lat="22.5883487" lon="113.9560739">
        <ele>8.63799</ele>
        <time>2025-09-10T10:38:16Z</time>
      </trkpt>
      <trkpt lat="22.5883091" lon="113.9560555">
        <ele>9.56099</ele>
        <time>2025-09-10T10:38:18Z</time>
      </trkpt>
      <trkpt lat="22.5882704" lon="113.9560369">
        <ele>9.64299</ele>
        <time>2025-09-10T10:38:20Z</time>
      </trkpt>
      <trkpt lat="22.5882327" lon="113.95602">
        <ele>10.05399</ele>
        <time>2025-09-10T10:38:22Z</time>
      </trkpt>
      <trkpt lat="22.5881952" lon="113.9560043">
        <ele>10.51599</ele>
        <time>2025-09-10T10:38:24Z</time>
      </trkpt>
      <trkpt lat="22.5881566" lon="113.95599">
        <ele>9.20499</ele>
        <time>2025-09-10T10:38:26Z</time>
      </trkpt>
      <trkpt lat="22.5881184" lon="113.9559762">
        <ele>9.934</ele>
        <time>2025-09-10T10:38:28Z</time>
      </trkpt>
      <trkpt lat="22.5880808" lon="113.9559622">
        <ele>9.401</ele>
        <time>2025-09-10T10:38:30Z</time>
      </trkpt>
      <trkpt lat="22.5880439" lon="113.9559466">
        <ele>8.10799</ele>
        <time>2025-09-10T10:38:32Z</time>
      </trkpt>
      <trkpt lat="22.5880074" lon="113.9559324">
        <ele>7.144</ele>
        <time>2025-09-10T10:38:34Z</time>
      </trkpt>
      <trkpt lat="22.5879712" lon="113.9559197">
        <ele>6.69</ele>
        <time>2025-09-10T10:38:36Z</time>
      </trkpt>
      <trkpt lat="22.5879348" lon="113.955907">
        <ele>5.94199</ele>
        <time>2025-09-10T10:38:38Z</time>
      </trkpt>
      <trkpt lat="22.5878982" lon="113.9558944">
        <ele>5.664</ele>
        <time>2025-09-10T10:38:40Z</time>
      </trkpt>
      <trkpt lat="22.5878613" lon="113.9558827">
        <ele>5.215</ele>
        <time>2025-09-10T10:38:42Z</time>
      </trkpt>
      <trkpt lat="22.587823" lon="113.9558702">
        <ele>4.90799</ele>
        <time>2025-09-10T10:38:44Z</time>
      </trkpt>
      <trkpt lat="22.5877841" lon="113.9558569">
        <ele>5.20599</ele>
        <time>2025-09-10T10:38:46Z</time>
      </trkpt>
      <trkpt lat="22.5877447" lon="113.9558428">
        <ele>5.57499</ele>
        <time>2025-09-10T10:38:48Z</time>
      </trkpt>
      <trkpt lat="22.5877043" lon="113.9558274">
        <ele>5.623</ele>
        <time>2025-09-10T10:38:50Z</time>
      </trkpt>
      <trkpt lat="22.587663" lon="113.9558112">
        <ele>5.572</ele>
        <time>2025-09-10T10:38:52Z</time>
      </trkpt>
      <trkpt lat="22.5876222" lon="113.9557957">
        <ele>5.91599</ele>
        <time>2025-09-10T10:38:54Z</time>
      </trkpt>
      <trkpt lat="22.5875823" lon="113.9557814">
        <ele>6.23099</ele>
        <time>2025-09-10T10:38:56Z</time>
      </trkpt>
      <trkpt lat="22.5875426" lon="113.9557683">
        <ele>6.412</ele>
        <time>2025-09-10T10:38:58Z</time>
      </trkpt>
      <trkpt lat="22.5875041" lon="113.9557578">
        <ele>5.393</ele>
        <time>2025-09-10T10:39:00Z</time>
      </trkpt>
      <trkpt lat="22.587466" lon="113.9557465">
        <ele>5.717</ele>
        <time>2025-09-10T10:39:02Z</time>
      </trkpt>
      <trkpt lat="22.5874273" lon="113.9557344">
        <ele>6.66099</ele>
        <time>2025-09-10T10:39:04Z</time>
      </trkpt>
      <trkpt lat="22.5873878" lon="113.9557217">
        <ele>7.09899</ele>
        <time>2025-09-10T10:39:06Z</time>
      </trkpt>
      <trkpt lat="22.5873483" lon="113.9557079">
        <ele>7.66499</ele>
        <time>2025-09-10T10:39:08Z</time>
      </trkpt>
      <trkpt lat="22.5873071" lon="113.9556898">
        <ele>8.001</ele>
        <time>2025-09-10T10:39:10Z</time>
      </trkpt>
      <trkpt lat="22.5872661" lon="113.9556719">
        <ele>7.401</ele>
        <time>2025-09-10T10:39:12Z</time>
      </trkpt>
      <trkpt lat="22.5872266" lon="113.9556556">
        <ele>8.734</ele>
        <time>2025-09-10T10:39:14Z</time>
      </trkpt>
      <trkpt lat="22.5871879" lon="113.9556391">
        <ele>8.38099</ele>
        <time>2025-09-10T10:39:16Z</time>
      </trkpt>
      <trkpt lat="22.58715" lon="113.9556223">
        <ele>7.743</ele>
        <time>2025-09-10T10:39:18Z</time>
      </trkpt>
      <trkpt lat="22.5871138" lon="113.9556052">
        <ele>8.494</ele>
        <time>2025-09-10T10:39:20Z</time>
      </trkpt>
      <trkpt lat="22.587078" lon="113.9555877">
        <ele>9.361</ele>
        <time>2025-09-10T10:39:22Z</time>
      </trkpt>
      <trkpt lat="22.587042" lon="113.9555688">
        <ele>9.092</ele>
        <time>2025-09-10T10:39:24Z</time>
      </trkpt>
      <trkpt lat="22.5870055" lon="113.9555484">
        <ele>9.927</ele>
        <time>2025-09-10T10:39:26Z</time>
      </trkpt>
      <trkpt lat="22.5869682" lon="113.9555278">
        <ele>9.81099</ele>
        <time>2025-09-10T10:39:28Z</time>
      </trkpt>
      <trkpt lat="22.5869301" lon="113.9555086">
        <ele>9.772</ele>
        <time>2025-09-10T10:39:30Z</time>
      </trkpt>
      <trkpt lat="22.5868914" lon="113.9554905">
        <ele>10.10099</ele>
        <time>2025-09-10T10:39:32Z</time>
      </trkpt>
      <trkpt lat="22.5868512" lon="113.9554736">
        <ele>9.939</ele>
        <time>2025-09-10T10:39:34Z</time>
      </trkpt>
      <trkpt lat="22.5868104" lon="113.9554581">
        <ele>10.16199</ele>
        <time>2025-09-10T10:39:36Z</time>
      </trkpt>
      <trkpt lat="22.5867703" lon="113.9554428">
        <ele>9.58699</ele>
        <time>2025-09-10T10:39:38Z</time>
      </trkpt>
      <trkpt lat="22.5867298" lon="113.9554279">
        <ele>9.746</ele>
        <time>2025-09-10T10:39:40Z</time>
      </trkpt>
      <trkpt lat="22.5866899" lon="113.9554139">
        <ele>9.769</ele>
        <time>2025-09-10T10:39:42Z</time>
      </trkpt>
      <trkpt lat="22.5866508" lon="113.9554001">
        <ele>10.01599</ele>
        <time>2025-09-10T10:39:44Z</time>
      </trkpt>
      <trkpt lat="22.5866121" lon="113.9553863">
        <ele>9.795</ele>
        <time>2025-09-10T10:39:46Z</time>
      </trkpt>
      <trkpt lat="22.5865725" lon="113.9553747">
        <ele>9.14</ele>
        <time>2025-09-10T10:39:48Z</time>
      </trkpt>
      <trkpt lat="22.5865331" lon="113.9553645">
        <ele>9.07999</ele>
        <time>2025-09-10T10:39:50Z</time>
      </trkpt>
      <trkpt lat="22.5864937" lon="113.9553546">
        <ele>9.42099</ele>
        <time>2025-09-10T10:39:52Z</time>
      </trkpt>
      <trkpt lat="22.5864548" lon="113.9553441">
        <ele>9.475</ele>
        <time>2025-09-10T10:39:54Z</time>
      </trkpt>
      <trkpt lat="22.5864149" lon="113.955333">
        <ele>9.18</ele>
        <time>2025-09-10T10:39:56Z</time>
      </trkpt>
      <trkpt lat="22.5863746" lon="113.9553193">
        <ele>8.279</ele>
        <time>2025-09-10T10:39:58Z</time>
      </trkpt>
      <trkpt lat="22.5863339" lon="113.9553038">
        <ele>8.678</ele>
        <time>2025-09-10T10:40:00Z</time>
      </trkpt>
      <trkpt lat="22.5862928" lon="113.955288">
        <ele>9.031</ele>
        <time>2025-09-10T10:40:02Z</time>
      </trkpt>
      <trkpt lat="22.5862507" lon="113.9552738">
        <ele>9.684</ele>
        <time>2025-09-10T10:40:04Z</time>
      </trkpt>
      <trkpt lat="22.586208" lon="113.9552607">
        <ele>10.51599</ele>
        <time>2025-09-10T10:40:06Z</time>
      </trkpt>
      <trkpt lat="22.5861668" lon="113.9552481">
        <ele>10.71399</ele>
        <time>2025-09-10T10:40:08Z</time>
      </trkpt>
      <trkpt lat="22.5861268" lon="113.9552358">
        <ele>11.69299</ele>
        <time>2025-09-10T10:40:10Z</time>
      </trkpt>
      <trkpt lat="22.5860874" lon="113.9552231">
        <ele>10.81299</ele>
        <time>2025-09-10T10:40:12Z</time>
      </trkpt>
      <trkpt lat="22.5860486" lon="113.9552094">
        <ele>9.92599</ele>
        <time>2025-09-10T10:40:14Z</time>
      </trkpt>
      <trkpt lat="22.586012" lon="113.9551968">
        <ele>9.958</ele>
        <time>2025-09-10T10:40:16Z</time>
      </trkpt>
      <trkpt lat="22.5859745" lon="113.955187">
        <ele>9.456</ele>
        <time>2025-09-10T10:40:18Z</time>
      </trkpt>
      <trkpt lat="22.5859365" lon="113.9551824">
        <ele>8.42399</ele>
        <time>2025-09-10T10:40:20Z</time>
      </trkpt>
      <trkpt lat="22.5858986" lon="113.9551782">
        <ele>8.093</ele>
        <time>2025-09-10T10:40:22Z</time>
      </trkpt>
      <trkpt lat="22.5858606" lon="113.9551732">
        <ele>8.32299</ele>
        <time>2025-09-10T10:40:24Z</time>
      </trkpt>
      <trkpt lat="22.5858225" lon="113.9551667">
        <ele>8.687</ele>
        <time>2025-09-10T10:40:26Z</time>
      </trkpt>
      <trkpt lat="22.5857837" lon="113.9551597">
        <ele>9.109</ele>
        <time>2025-09-10T10:40:28Z</time>
      </trkpt>
      <trkpt lat="22.5857445" lon="113.9551495">
        <ele>8.519</ele>
        <time>2025-09-10T10:40:30Z</time>
      </trkpt>
      <trkpt lat="22.5857052" lon="113.9551385">
        <ele>8.083</ele>
        <time>2025-09-10T10:40:32Z</time>
      </trkpt>
      <trkpt lat="22.5856664" lon="113.9551274">
        <ele>8.19799</ele>
        <time>2025-09-10T10:40:34Z</time>
      </trkpt>
      <trkpt lat="22.5856279" lon="113.9551169">
        <ele>8.277</ele>
        <time>2025-09-10T10:40:36Z</time>
      </trkpt>
      <trkpt lat="22.5855898" lon="113.9551063">
        <ele>7.888</ele>
        <time>2025-09-10T10:40:38Z</time>
      </trkpt>
      <trkpt lat="22.5855521" lon="113.9550945">
        <ele>7.149</ele>
        <time>2025-09-10T10:40:40Z</time>
      </trkpt>
      <trkpt lat="22.5855144" lon="113.9550827">
        <ele>6.703</ele>
        <time>2025-09-10T10:40:42Z</time>
      </trkpt>
      <trkpt lat="22.5854766" lon="113.9550709">
        <ele>6.085</ele>
        <time>2025-09-10T10:40:44Z</time>
      </trkpt>
      <trkpt lat="22.585439" lon="113.9550596">
        <ele>5.183</ele>
        <time>2025-09-10T10:40:46Z</time>
      </trkpt>
      <trkpt lat="22.5854017" lon="113.955047">
        <ele>4.60799</ele>
        <time>2025-09-10T10:40:48Z</time>
      </trkpt>
      <trkpt lat="22.5853647" lon="113.9550348">
        <ele>4.08099</ele>
        <time>2025-09-10T10:40:50Z</time>
      </trkpt>
      <trkpt lat="22.5853285" lon="113.9550236">
        <ele>4.30399</ele>
        <time>2025-09-10T10:40:52Z</time>
      </trkpt>
      <trkpt lat="22.5852928" lon="113.9550128">
        <ele>3.74399</ele>
        <time>2025-09-10T10:40:54Z</time>
      </trkpt>
      <trkpt lat="22.5852567" lon="113.9549991">
        <ele>2.61899</ele>
        <time>2025-09-10T10:40:56Z</time>
      </trkpt>
      <trkpt lat="22.5852207" lon="113.9549851">
        <ele>2.17499</ele>
        <time>2025-09-10T10:40:58Z</time>
      </trkpt>
      <trkpt lat="22.5851836" lon="113.9549706">
        <ele>2.4</ele>
        <time>2025-09-10T10:41:00Z</time>
      </trkpt>
      <trkpt lat="22.5851454" lon="113.9549551">
        <ele>1.564</ele>
        <time>2025-09-10T10:41:02Z</time>
      </trkpt>
      <trkpt lat="22.5851067" lon="113.9549399">
        <ele>1.432</ele>
        <time>2025-09-10T10:41:04Z</time>
      </trkpt>
      <trkpt lat="22.5850675" lon="113.9549278">
        <ele>1.95</ele>
        <time>2025-09-10T10:41:06Z</time>
      </trkpt>
      <trkpt lat="22.5850284" lon="113.9549175">
        <ele>2.588</ele>
        <time>2025-09-10T10:41:08Z</time>
      </trkpt>
      <trkpt lat="22.5849899" lon="113.9549082">
        <ele>2.82399</ele>
        <time>2025-09-10T10:41:10Z</time>
      </trkpt>
      <trkpt lat="22.5849518" lon="113.9549003">
        <ele>3.22699</ele>
        <time>2025-09-10T10:41:12Z</time>
      </trkpt>
      <trkpt lat="22.5849125" lon="113.9548922">
        <ele>2.49</ele>
        <time>2025-09-10T10:41:14Z</time>
      </trkpt>
      <trkpt lat="22.584872" lon="113.9548829">
        <ele>2.617</ele>
        <time>2025-09-10T10:41:16Z</time>
      </trkpt>
      <trkpt lat="22.5848306" lon="113.9548727">
        <ele>2.98799</ele>
        <time>2025-09-10T10:41:18Z</time>
      </trkpt>
      <trkpt lat="22.5847882" lon="113.9548609">
        <ele>3.775</ele>
        <time>2025-09-10T10:41:20Z</time>
      </trkpt>
      <trkpt lat="22.5847437" lon="113.9548475">
        <ele>4.419</ele>
        <time>2025-09-10T10:41:22Z</time>
      </trkpt>
      <trkpt lat="22.5846985" lon="113.9548337">
        <ele>3.81999</ele>
        <time>2025-09-10T10:41:24Z</time>
      </trkpt>
      <trkpt lat="22.5846528" lon="113.9548199">
        <ele>3.95799</ele>
        <time>2025-09-10T10:41:26Z</time>
      </trkpt>
      <trkpt lat="22.5846059" lon="113.9548058">
        <ele>4.638</ele>
        <time>2025-09-10T10:41:28Z</time>
      </trkpt>
      <trkpt lat="22.5845582" lon="113.9547917">
        <ele>5.92799</ele>
        <time>2025-09-10T10:41:30Z</time>
      </trkpt>
      <trkpt lat="22.584512" lon="113.9547788">
        <ele>7.642</ele>
        <time>2025-09-10T10:41:32Z</time>
      </trkpt>
      <trkpt lat="22.5844674" lon="113.9547657">
        <ele>8.89</ele>
        <time>2025-09-10T10:41:34Z</time>
      </trkpt>
      <trkpt lat="22.5844249" lon="113.9547498">
        <ele>10.20499</ele>
        <time>2025-09-10T10:41:36Z</time>
      </trkpt>
      <trkpt lat="22.5843852" lon="113.9547306">
        <ele>11.083</ele>
        <time>2025-09-10T10:41:38Z</time>
      </trkpt>
      <trkpt lat="22.5843478" lon="113.9547103">
        <ele>11.112</ele>
        <time>2025-09-10T10:41:40Z</time>
      </trkpt>
      <trkpt lat="22.5843105" lon="113.9546885">
        <ele>12.61299</ele>
        <time>2025-09-10T10:41:42Z</time>
      </trkpt>
      <trkpt lat="22.5842728" lon="113.9546672">
        <ele>12.89099</ele>
        <time>2025-09-10T10:41:44Z</time>
      </trkpt>
      <trkpt lat="22.5842345" lon="113.9546483">
        <ele>12.84899</ele>
        <time>2025-09-10T10:41:46Z</time>
      </trkpt>
      <trkpt lat="22.5841951" lon="113.9546352">
        <ele>13.75699</ele>
        <time>2025-09-10T10:41:48Z</time>
      </trkpt>
      <trkpt lat="22.5841564" lon="113.9546233">
        <ele>13.62699</ele>
        <time>2025-09-10T10:41:50Z</time>
      </trkpt>
      <trkpt lat="22.5841194" lon="113.9546124">
        <ele>14.083</ele>
        <time>2025-09-10T10:41:52Z</time>
      </trkpt>
      <trkpt lat="22.5840831" lon="113.9546019">
        <ele>13.01099</ele>
        <time>2025-09-10T10:41:54Z</time>
      </trkpt>
      <trkpt lat="22.584048" lon="113.954594">
        <ele>12.61699</ele>
        <time>2025-09-10T10:41:56Z</time>
      </trkpt>
      <trkpt lat="22.5840131" lon="113.9545885">
        <ele>12.562</ele>
        <time>2025-09-10T10:41:58Z</time>
      </trkpt>
      <trkpt lat="22.5839802" lon="113.9545855">
        <ele>12.40799</ele>
        <time>2025-09-10T10:42:00Z</time>
      </trkpt>
      <trkpt lat="22.5839447" lon="113.9545802">
        <ele>11.699</ele>
        <time>2025-09-10T10:42:02Z</time>
      </trkpt>
      <trkpt lat="22.583907" lon="113.9545681">
        <ele>9.18099</ele>
        <time>2025-09-10T10:42:04Z</time>
      </trkpt>
      <trkpt lat="22.5838681" lon="113.95455">
        <ele>7.098</ele>
        <time>2025-09-10T10:42:06Z</time>
      </trkpt>
      <trkpt lat="22.5838333" lon="113.9545251">
        <ele>11.99199</ele>
        <time>2025-09-10T10:42:08Z</time>
      </trkpt>
      <trkpt lat="22.583798" lon="113.9544966">
        <ele>13.251</ele>
        <time>2025-09-10T10:42:10Z</time>
      </trkpt>
      <trkpt lat="22.5837657" lon="113.9544712">
        <ele>12.67899</ele>
        <time>2025-09-10T10:42:12Z</time>
      </trkpt>
      <trkpt lat="22.5837383" lon="113.9544572">
        <ele>12.307</ele>
        <time>2025-09-10T10:42:14Z</time>
      </trkpt>
      <trkpt lat="22.5837147" lon="113.9544487">
        <ele>10.194</ele>
        <time>2025-09-10T10:42:16Z</time>
      </trkpt>
      <trkpt lat="22.5836873" lon="113.9544414">
        <ele>6.62599</ele>
        <time>2025-09-10T10:42:18Z</time>
      </trkpt>
      <trkpt lat="22.5836503" lon="113.9544321">
        <ele>5.17999</ele>
        <time>2025-09-10T10:42:20Z</time>
      </trkpt>
      <trkpt lat="22.583608" lon="113.9544177">
        <ele>3.266</ele>
        <time>2025-09-10T10:42:22Z</time>
      </trkpt>
      <trkpt lat="22.5835617" lon="113.954396">
        <ele>5.28499</ele>
        <time>2025-09-10T10:42:24Z</time>
      </trkpt>
      <trkpt lat="22.5835109" lon="113.9543696">
        <ele>7.644</ele>
        <time>2025-09-10T10:42:26Z</time>
      </trkpt>
      <trkpt lat="22.5834594" lon="113.9543426">
        <ele>8.925</ele>
        <time>2025-09-10T10:42:28Z</time>
      </trkpt>
      <trkpt lat="22.5834146" lon="113.9543177">
        <ele>9.647</ele>
        <time>2025-09-10T10:42:30Z</time>
      </trkpt>
      <trkpt lat="22.5833749" lon="113.9542928">
        <ele>9.468</ele>
        <time>2025-09-10T10:42:32Z</time>
      </trkpt>
      <trkpt lat="22.5833376" lon="113.9542669">
        <ele>11.46599</ele>
        <time>2025-09-10T10:42:34Z</time>
      </trkpt>
      <trkpt lat="22.5833016" lon="113.9542403">
        <ele>13.40699</ele>
        <time>2025-09-10T10:42:36Z</time>
      </trkpt>
      <trkpt lat="22.5832665" lon="113.9542125">
        <ele>16.319</ele>
        <time>2025-09-10T10:42:38Z</time>
      </trkpt>
      <trkpt lat="22.5832324" lon="113.9541841">
        <ele>17.12199</ele>
        <time>2025-09-10T10:42:40Z</time>
      </trkpt>
      <trkpt lat="22.5831977" lon="113.9541585">
        <ele>16.788</ele>
        <time>2025-09-10T10:42:42Z</time>
      </trkpt>
      <trkpt lat="22.5831639" lon="113.9541343">
        <ele>17.20599</ele>
        <time>2025-09-10T10:42:44Z</time>
      </trkpt>
      <trkpt lat="22.583131" lon="113.954111">
        <ele>16.561</ele>
        <time>2025-09-10T10:42:46Z</time>
      </trkpt>
      <trkpt lat="22.5830985" lon="113.9540872">
        <ele>17.038</ele>
        <time>2025-09-10T10:42:48Z</time>
      </trkpt>
      <trkpt lat="22.5830669" lon="113.9540633">
        <ele>17.53</ele>
        <time>2025-09-10T10:42:50Z</time>
      </trkpt>
      <trkpt lat="22.5830351" lon="113.9540392">
        <ele>17.79299</ele>
        <time>2025-09-10T10:42:52Z</time>
      </trkpt>
      <trkpt lat="22.5830027" lon="113.9540159">
        <ele>18.283</ele>
        <time>2025-09-10T10:42:54Z</time>
      </trkpt>
      <trkpt lat="22.5829708" lon="113.9539928">
        <ele>18.42099</ele>
        <time>2025-09-10T10:42:56Z</time>
      </trkpt>
      <trkpt lat="22.582939" lon="113.9539709">
        <ele>19.534</ele>
        <time>2025-09-10T10:42:58Z</time>
      </trkpt>
      <trkpt lat="22.5829074" lon="113.9539477">
        <ele>19.392</ele>
        <time>2025-09-10T10:43:00Z</time>
      </trkpt>
      <trkpt lat="22.5828761" lon="113.9539222">
        <ele>18.87899</ele>
        <time>2025-09-10T10:43:02Z</time>
      </trkpt>
      <trkpt lat="22.5828455" lon="113.9538952">
        <ele>18.63699</ele>
        <time>2025-09-10T10:43:04Z</time>
      </trkpt>
      <trkpt lat="22.5828143" lon="113.9538684">
        <ele>18.732</ele>
        <time>2025-09-10T10:43:06Z</time>
      </trkpt>
      <trkpt lat="22.5827828" lon="113.9538394">
        <ele>18.753</ele>
        <time>2025-09-10T10:43:08Z</time>
      </trkpt>
      <trkpt lat="22.5827507" lon="113.9538109">
        <ele>17.659</ele>
        <time>2025-09-10T10:43:10Z</time>
      </trkpt>
      <trkpt lat="22.5827181" lon="113.9537837">
        <ele>17.908</ele>
        <time>2025-09-10T10:43:12Z</time>
      </trkpt>
      <trkpt lat="22.5826853" lon="113.953757">
        <ele>17.707</ele>
        <time>2025-09-10T10:43:14Z</time>
      </trkpt>
      <trkpt lat="22.5826523" lon="113.9537319">
        <ele>17.576</ele>
        <time>2025-09-10T10:43:16Z</time>
      </trkpt>
      <trkpt lat="22.5826207" lon="113.9537081">
        <ele>17.118</ele>
        <time>2025-09-10T10:43:18Z</time>
      </trkpt>
      <trkpt lat="22.5825896" lon="113.9536841">
        <ele>16.804</ele>
        <time>2025-09-10T10:43:20Z</time>
      </trkpt>
      <trkpt lat="22.5825596" lon="113.9536599">
        <ele>15.21599</ele>
        <time>2025-09-10T10:43:22Z</time>
      </trkpt>
      <trkpt lat="22.5825291" lon="113.9536345">
        <ele>15.696</ele>
        <time>2025-09-10T10:43:24Z</time>
      </trkpt>
      <trkpt lat="22.5824985" lon="113.9536056">
        <ele>15.56099</ele>
        <time>2025-09-10T10:43:26Z</time>
      </trkpt>
      <trkpt lat="22.5824669" lon="113.953576">
        <ele>15.91499</ele>
        <time>2025-09-10T10:43:28Z</time>
      </trkpt>
      <trkpt lat="22.5824352" lon="113.9535463">
        <ele>16.24399</ele>
        <time>2025-09-10T10:43:30Z</time>
      </trkpt>
      <trkpt lat="22.5824032" lon="113.9535168">
        <ele>16.39599</ele>
        <time>2025-09-10T10:43:32Z</time>
      </trkpt>
      <trkpt lat="22.5823718" lon="113.9534878">
        <ele>16.89299</ele>
        <time>2025-09-10T10:43:34Z</time>
      </trkpt>
      <trkpt lat="22.5823405" lon="113.953459">
        <ele>16.805</ele>
        <time>2025-09-10T10:43:36Z</time>
      </trkpt>
      <trkpt lat="22.5823093" lon="113.9534317">
        <ele>17.35</ele>
        <time>2025-09-10T10:43:38Z</time>
      </trkpt>
      <trkpt lat="22.5822783" lon="113.953406">
        <ele>17.523</ele>
        <time>2025-09-10T10:43:40Z</time>
      </trkpt>
      <trkpt lat="22.5822476" lon="113.9533812">
        <ele>17.618</ele>
        <time>2025-09-10T10:43:42Z</time>
      </trkpt>
      <trkpt lat="22.5822173" lon="113.9533581">
        <ele>17.08699</ele>
        <time>2025-09-10T10:43:44Z</time>
      </trkpt>
      <trkpt lat="22.5821877" lon="113.9533354">
        <ele>17.21299</ele>
        <time>2025-09-10T10:43:46Z</time>
      </trkpt>
      <trkpt lat="22.5821597" lon="113.9533091">
        <ele>16.78499</ele>
        <time>2025-09-10T10:43:48Z</time>
      </trkpt>
      <trkpt lat="22.5821329" lon="113.9532801">
        <ele>17.01399</ele>
        <time>2025-09-10T10:43:50Z</time>
      </trkpt>
      <trkpt lat="22.582106" lon="113.9532509">
        <ele>18.124</ele>
        <time>2025-09-10T10:43:52Z</time>
      </trkpt>
      <trkpt lat="22.5820783" lon="113.9532186">
        <ele>17.09099</ele>
        <time>2025-09-10T10:43:54Z</time>
      </trkpt>
      <trkpt lat="22.5820505" lon="113.9531861">
        <ele>16.565</ele>
        <time>2025-09-10T10:43:56Z</time>
      </trkpt>
      <trkpt lat="22.582022" lon="113.9531546">
        <ele>18.06399</ele>
        <time>2025-09-10T10:43:58Z</time>
      </trkpt>
      <trkpt lat="22.5819929" lon="113.9531243">
        <ele>18.33699</ele>
        <time>2025-09-10T10:44:00Z</time>
      </trkpt>
      <trkpt lat="22.5819638" lon="113.9530938">
        <ele>18.76799</ele>
        <time>2025-09-10T10:44:02Z</time>
      </trkpt>
      <trkpt lat="22.5819355" lon="113.9530648">
        <ele>18.635</ele>
        <time>2025-09-10T10:44:04Z</time>
      </trkpt>
      <trkpt lat="22.5819076" lon="113.9530359">
        <ele>17.885</ele>
        <time>2025-09-10T10:44:06Z</time>
      </trkpt>
      <trkpt lat="22.5818789" lon="113.9530077">
        <ele>18.197</ele>
        <time>2025-09-10T10:44:08Z</time>
      </trkpt>
      <trkpt lat="22.5818496" lon="113.9529795">
        <ele>17.905</ele>
        <time>2025-09-10T10:44:10Z</time>
      </trkpt>
      <trkpt lat="22.5818208" lon="113.9529493">
        <ele>17.916</ele>
        <time>2025-09-10T10:44:12Z</time>
      </trkpt>
      <trkpt lat="22.5817922" lon="113.9529188">
        <ele>17.808</ele>
        <time>2025-09-10T10:44:14Z</time>
      </trkpt>
      <trkpt lat="22.5817636" lon="113.952889">
        <ele>18.24699</ele>
        <time>2025-09-10T10:44:16Z</time>
      </trkpt>
      <trkpt lat="22.5817355" lon="113.95286">
        <ele>17.392</ele>
        <time>2025-09-10T10:44:18Z</time>
      </trkpt>
      <trkpt lat="22.5817073" lon="113.9528313">
        <ele>17.305</ele>
        <time>2025-09-10T10:44:20Z</time>
      </trkpt>
      <trkpt lat="22.5816789" lon="113.9528048">
        <ele>16.603</ele>
        <time>2025-09-10T10:44:22Z</time>
      </trkpt>
      <trkpt lat="22.5816506" lon="113.9527781">
        <ele>15.185</ele>
        <time>2025-09-10T10:44:24Z</time>
      </trkpt>
      <trkpt lat="22.5816216" lon="113.9527507">
        <ele>14.81</ele>
        <time>2025-09-10T10:44:26Z</time>
      </trkpt>
      <trkpt lat="22.5815918" lon="113.9527236">
        <ele>15.01</ele>
        <time>2025-09-10T10:44:28Z</time>
      </trkpt>
      <trkpt lat="22.5815611" lon="113.9526958">
        <ele>15.39599</ele>
        <time>2025-09-10T10:44:30Z</time>
      </trkpt>
      <trkpt lat="22.5815297" lon="113.9526678">
        <ele>15.508</ele>
        <time>2025-09-10T10:44:32Z</time>
      </trkpt>
      <trkpt lat="22.5814977" lon="113.9526402">
        <ele>15.66899</ele>
        <time>2025-09-10T10:44:34Z</time>
      </trkpt>
      <trkpt lat="22.5814661" lon="113.9526131">
        <ele>16.39599</ele>
        <time>2025-09-10T10:44:36Z</time>
      </trkpt>
      <trkpt lat="22.5814341" lon="113.9525868">
        <ele>16.02599</ele>
        <time>2025-09-10T10:44:38Z</time>
      </trkpt>
      <trkpt lat="22.581403" lon="113.9525605">
        <ele>15.637</ele>
        <time>2025-09-10T10:44:40Z</time>
      </trkpt>
      <trkpt lat="22.5813721" lon="113.9525334">
        <ele>15.56</ele>
        <time>2025-09-10T10:44:42Z</time>
      </trkpt>
      <trkpt lat="22.5813403" lon="113.9525077">
        <ele>15.774</ele>
        <time>2025-09-10T10:44:44Z</time>
      </trkpt>
      <trkpt lat="22.581309" lon="113.9524848">
        <ele>15.862</ele>
        <time>2025-09-10T10:44:46Z</time>
      </trkpt>
      <trkpt lat="22.581278" lon="113.9524619">
        <ele>13.97599</ele>
        <time>2025-09-10T10:44:48Z</time>
      </trkpt>
      <trkpt lat="22.5812476" lon="113.9524385">
        <ele>13.394</ele>
        <time>2025-09-10T10:44:50Z</time>
      </trkpt>
      <trkpt lat="22.5812177" lon="113.9524153">
        <ele>12.258</ele>
        <time>2025-09-10T10:44:52Z</time>
      </trkpt>
      <trkpt lat="22.5811887" lon="113.9523909">
        <ele>11.555</ele>
        <time>2025-09-10T10:44:54Z</time>
      </trkpt>
      <trkpt lat="22.5811597" lon="113.9523642">
        <ele>11.83899</ele>
        <time>2025-09-10T10:44:56Z</time>
      </trkpt>
      <trkpt lat="22.5811312" lon="113.9523361">
        <ele>11.371</ele>
        <time>2025-09-10T10:44:58Z</time>
      </trkpt>
      <trkpt lat="22.5811024" lon="113.952308">
        <ele>11.41699</ele>
        <time>2025-09-10T10:45:00Z</time>
      </trkpt>
      <trkpt lat="22.5810737" lon="113.9522789">
        <ele>11.093</ele>
        <time>2025-09-10T10:45:02Z</time>
      </trkpt>
      <trkpt lat="22.581046" lon="113.9522487">
        <ele>12.192</ele>
        <time>2025-09-10T10:45:04Z</time>
      </trkpt>
      <trkpt lat="22.5810184" lon="113.9522163">
        <ele>12.03299</ele>
        <time>2025-09-10T10:45:06Z</time>
      </trkpt>
      <trkpt lat="22.5809912" lon="113.9521836">
        <ele>10.812</ele>
        <time>2025-09-10T10:45:08Z</time>
      </trkpt>
      <trkpt lat="22.5809648" lon="113.9521502">
        <ele>10.958</ele>
        <time>2025-09-10T10:45:10Z</time>
      </trkpt>
      <trkpt lat="22.5809389" lon="113.9521173">
        <ele>10.29399</ele>
        <time>2025-09-10T10:45:12Z</time>
      </trkpt>
      <trkpt lat="22.5809127" lon="113.952084">
        <ele>11.458</ele>
        <time>2025-09-10T10:45:14Z</time>
      </trkpt>
      <trkpt lat="22.580887" lon="113.9520506">
        <ele>11.09899</ele>
        <time>2025-09-10T10:45:16Z</time>
      </trkpt>
      <trkpt lat="22.5808616" lon="113.9520163">
        <ele>11.47</ele>
        <time>2025-09-10T10:45:18Z</time>
      </trkpt>
      <trkpt lat="22.5808368" lon="113.9519812">
        <ele>12.237</ele>
        <time>2025-09-10T10:45:20Z</time>
      </trkpt>
      <trkpt lat="22.5808124" lon="113.9519452">
        <ele>11.65799</ele>
        <time>2025-09-10T10:45:22Z</time>
      </trkpt>
      <trkpt lat="22.5807878" lon="113.951908">
        <ele>11.911</ele>
        <time>2025-09-10T10:45:24Z</time>
      </trkpt>
      <trkpt lat="22.5807629" lon="113.9518709">
        <ele>10.99699</ele>
        <time>2025-09-10T10:45:26Z</time>
      </trkpt>
      <trkpt lat="22.580738" lon="113.9518342">
        <ele>11.11499</ele>
        <time>2025-09-10T10:45:28Z</time>
      </trkpt>
      <trkpt lat="22.5807131" lon="113.9517985">
        <ele>11.076</ele>
        <time>2025-09-10T10:45:30Z</time>
      </trkpt>
      <trkpt lat="22.5806875" lon="113.9517645">
        <ele>10.67099</ele>
        <time>2025-09-10T10:45:32Z</time>
      </trkpt>
      <trkpt lat="22.5806619" lon="113.9517309">
        <ele>10.934</ele>
        <time>2025-09-10T10:45:34Z</time>
      </trkpt>
      <trkpt lat="22.580636" lon="113.9516975">
        <ele>11.26599</ele>
        <time>2025-09-10T10:45:36Z</time>
      </trkpt>
      <trkpt lat="22.5806102" lon="113.9516643">
        <ele>11.192</ele>
        <time>2025-09-10T10:45:38Z</time>
      </trkpt>
      <trkpt lat="22.5805833" lon="113.9516305">
        <ele>10.56099</ele>
        <time>2025-09-10T10:45:40Z</time>
      </trkpt>
      <trkpt lat="22.5805553" lon="113.9515964">
        <ele>11.024</ele>
        <time>2025-09-10T10:45:42Z</time>
      </trkpt>
      <trkpt lat="22.5805268" lon="113.9515628">
        <ele>12.22299</ele>
        <time>2025-09-10T10:45:44Z</time>
      </trkpt>
      <trkpt lat="22.5804986" lon="113.9515301">
        <ele>13.09099</ele>
        <time>2025-09-10T10:45:46Z</time>
      </trkpt>
      <trkpt lat="22.5804699" lon="113.9514969">
        <ele>13.80399</ele>
        <time>2025-09-10T10:45:48Z</time>
      </trkpt>
      <trkpt lat="22.5804416" lon="113.9514642">
        <ele>13.41399</ele>
        <time>2025-09-10T10:45:50Z</time>
      </trkpt>
      <trkpt lat="22.5804142" lon="113.9514306">
        <ele>12.87699</ele>
        <time>2025-09-10T10:45:52Z</time>
      </trkpt>
      <trkpt lat="22.5803866" lon="113.9513978">
        <ele>12.246</ele>
        <time>2025-09-10T10:45:54Z</time>
      </trkpt>
      <trkpt lat="22.5803581" lon="113.9513649">
        <ele>11.564</ele>
        <time>2025-09-10T10:45:56Z</time>
      </trkpt>
      <trkpt lat="22.5803283" lon="113.9513319">
        <ele>11.302</ele>
        <time>2025-09-10T10:45:58Z</time>
      </trkpt>
      <trkpt lat="22.5802975" lon="113.9512989">
        <ele>10.927</ele>
        <time>2025-09-10T10:46:00Z</time>
      </trkpt>
      <trkpt lat="22.580267" lon="113.9512653">
        <ele>10.677</ele>
        <time>2025-09-10T10:46:02Z</time>
      </trkpt>
      <trkpt lat="22.5802374" lon="113.9512306">
        <ele>10.836</ele>
        <time>2025-09-10T10:46:04Z</time>
      </trkpt>
      <trkpt lat="22.5802083" lon="113.9511956">
        <ele>11.206</ele>
        <time>2025-09-10T10:46:06Z</time>
      </trkpt>
      <trkpt lat="22.5801806" lon="113.951161">
        <ele>11.203</ele>
        <time>2025-09-10T10:46:08Z</time>
      </trkpt>
      <trkpt lat="22.580153" lon="113.9511259">
        <ele>11.32199</ele>
        <time>2025-09-10T10:46:10Z</time>
      </trkpt>
      <trkpt lat="22.5801251" lon="113.9510925">
        <ele>11.017</ele>
        <time>2025-09-10T10:46:12Z</time>
      </trkpt>
      <trkpt lat="22.5800969" lon="113.9510598">
        <ele>11.116</ele>
        <time>2025-09-10T10:46:14Z</time>
      </trkpt>
      <trkpt lat="22.5800682" lon="113.9510278">
        <ele>11.19499</ele>
        <time>2025-09-10T10:46:16Z</time>
      </trkpt>
      <trkpt lat="22.580039" lon="113.9509961">
        <ele>10.92399</ele>
        <time>2025-09-10T10:46:18Z</time>
      </trkpt>
      <trkpt lat="22.5800098" lon="113.9509661">
        <ele>11.012</ele>
        <time>2025-09-10T10:46:20Z</time>
      </trkpt>
      <trkpt lat="22.579979" lon="113.9509367">
        <ele>11.60299</ele>
        <time>2025-09-10T10:46:22Z</time>
      </trkpt>
      <trkpt lat="22.5799467" lon="113.9509083">
        <ele>11.102</ele>
        <time>2025-09-10T10:46:24Z</time>
      </trkpt>
      <trkpt lat="22.5799131" lon="113.9508799">
        <ele>10.253</ele>
        <time>2025-09-10T10:46:26Z</time>
      </trkpt>
      <trkpt lat="22.5798785" lon="113.9508515">
        <ele>10.44799</ele>
        <time>2025-09-10T10:46:28Z</time>
      </trkpt>
      <trkpt lat="22.5798438" lon="113.9508234">
        <ele>10.102</ele>
        <time>2025-09-10T10:46:30Z</time>
      </trkpt>
      <trkpt lat="22.5798102" lon="113.950798">
        <ele>9.82499</ele>
        <time>2025-09-10T10:46:32Z</time>
      </trkpt>
      <trkpt lat="22.5797766" lon="113.9507741">
        <ele>9.92599</ele>
        <time>2025-09-10T10:46:34Z</time>
      </trkpt>
      <trkpt lat="22.5797433" lon="113.9507518">
        <ele>9.68</ele>
        <time>2025-09-10T10:46:36Z</time>
      </trkpt>
      <trkpt lat="22.5797092" lon="113.9507332">
        <ele>10.08899</ele>
        <time>2025-09-10T10:46:38Z</time>
      </trkpt>
      <trkpt lat="22.5796744" lon="113.9507179">
        <ele>9.57699</ele>
        <time>2025-09-10T10:46:40Z</time>
      </trkpt>
      <trkpt lat="22.5796381" lon="113.9507045">
        <ele>9.63799</ele>
        <time>2025-09-10T10:46:42Z</time>
      </trkpt>
      <trkpt lat="22.5796023" lon="113.9506937">
        <ele>9.20199</ele>
        <time>2025-09-10T10:46:44Z</time>
      </trkpt>
      <trkpt lat="22.579567" lon="113.950685">
        <ele>8.25199</ele>
        <time>2025-09-10T10:46:46Z</time>
      </trkpt>
      <trkpt lat="22.5795331" lon="113.9506765">
        <ele>8.33399</ele>
        <time>2025-09-10T10:46:48Z</time>
      </trkpt>
      <trkpt lat="22.5795022" lon="113.9506652">
        <ele>8.95899</ele>
        <time>2025-09-10T10:46:50Z</time>
      </trkpt>
      <trkpt lat="22.5794755" lon="113.9506502">
        <ele>9.793</ele>
        <time>2025-09-10T10:46:52Z</time>
      </trkpt>
      <trkpt lat="22.5794524" lon="113.9506332">
        <ele>9.472</ele>
        <time>2025-09-10T10:46:54Z</time>
      </trkpt>
      <trkpt lat="22.5794334" lon="113.9506164">
        <ele>10.166</ele>
        <time>2025-09-10T10:46:56Z</time>
      </trkpt>
      <trkpt lat="22.5794108" lon="113.9506032">
        <ele>10.43</ele>
        <time>2025-09-10T10:46:58Z</time>
      </trkpt>
      <trkpt lat="22.5793787" lon="113.9505925">
        <ele>11.01599</ele>
        <time>2025-09-10T10:47:00Z</time>
      </trkpt>
      <trkpt lat="22.5793384" lon="113.9505806">
        <ele>9.531</ele>
        <time>2025-09-10T10:47:02Z</time>
      </trkpt>
      <trkpt lat="22.5792931" lon="113.9505679">
        <ele>11.10599</ele>
        <time>2025-09-10T10:47:04Z</time>
      </trkpt>
      <trkpt lat="22.5792436" lon="113.950553">
        <ele>12.78899</ele>
        <time>2025-09-10T10:47:06Z</time>
      </trkpt>
      <trkpt lat="22.5791966" lon="113.9505337">
        <ele>11.51599</ele>
        <time>2025-09-10T10:47:08Z</time>
      </trkpt>
      <trkpt lat="22.5791567" lon="113.9505129">
        <ele>11.02799</ele>
        <time>2025-09-10T10:47:10Z</time>
      </trkpt>
      <trkpt lat="22.5791207" lon="113.9504949">
        <ele>11.859</ele>
        <time>2025-09-10T10:47:12Z</time>
      </trkpt>
      <trkpt lat="22.5790858" lon="113.9504786">
        <ele>9.96199</ele>
        <time>2025-09-10T10:47:14Z</time>
      </trkpt>
      <trkpt lat="22.5790509" lon="113.9504641">
        <ele>10.423</ele>
        <time>2025-09-10T10:47:16Z</time>
      </trkpt>
      <trkpt lat="22.5790163" lon="113.9504499">
        <ele>9.77799</ele>
        <time>2025-09-10T10:47:18Z</time>
      </trkpt>
      <trkpt lat="22.5789811" lon="113.9504369">
        <ele>8.88599</ele>
        <time>2025-09-10T10:47:20Z</time>
      </trkpt>
      <trkpt lat="22.5789439" lon="113.9504239">
        <ele>8.34899</ele>
        <time>2025-09-10T10:47:22Z</time>
      </trkpt>
      <trkpt lat="22.5789061" lon="113.9504106">
        <ele>8.135</ele>
        <time>2025-09-10T10:47:24Z</time>
      </trkpt>
      <trkpt lat="22.5788668" lon="113.9503979">
        <ele>8.69799</ele>
        <time>2025-09-10T10:47:26Z</time>
      </trkpt>
      <trkpt lat="22.5788262" lon="113.9503847">
        <ele>7.84</ele>
        <time>2025-09-10T10:47:28Z</time>
      </trkpt>
      <trkpt lat="22.5787852" lon="113.9503709">
        <ele>7.49599</ele>
        <time>2025-09-10T10:47:30Z</time>
      </trkpt>
      <trkpt lat="22.5787448" lon="113.9503566">
        <ele>7.789</ele>
        <time>2025-09-10T10:47:32Z</time>
      </trkpt>
      <trkpt lat="22.5787044" lon="113.9503431">
        <ele>8.498</ele>
        <time>2025-09-10T10:47:34Z</time>
      </trkpt>
      <trkpt lat="22.5786646" lon="113.9503294">
        <ele>8.125</ele>
        <time>2025-09-10T10:47:36Z</time>
      </trkpt>
      <trkpt lat="22.5786255" lon="113.9503176">
        <ele>8.27</ele>
        <time>2025-09-10T10:47:38Z</time>
      </trkpt>
      <trkpt lat="22.5785867" lon="113.9503071">
        <ele>8.08699</ele>
        <time>2025-09-10T10:47:40Z</time>
      </trkpt>
      <trkpt lat="22.5785479" lon="113.9502986">
        <ele>8.73499</ele>
        <time>2025-09-10T10:47:42Z</time>
      </trkpt>
      <trkpt lat="22.5785082" lon="113.95029">
        <ele>9.05399</ele>
        <time>2025-09-10T10:47:44Z</time>
      </trkpt>
      <trkpt lat="22.5784683" lon="113.9502815">
        <ele>8.64</ele>
        <time>2025-09-10T10:47:46Z</time>
      </trkpt>
      <trkpt lat="22.5784276" lon="113.9502736">
        <ele>8.58699</ele>
        <time>2025-09-10T10:47:48Z</time>
      </trkpt>
      <trkpt lat="22.5783856" lon="113.9502654">
        <ele>8.73099</ele>
        <time>2025-09-10T10:47:50Z</time>
      </trkpt>
      <trkpt lat="22.5783431" lon="113.9502575">
        <ele>8.595</ele>
        <time>2025-09-10T10:47:52Z</time>
      </trkpt>
      <trkpt lat="22.5783011" lon="113.9502516">
        <ele>7.63899</ele>
        <time>2025-09-10T10:47:54Z</time>
      </trkpt>
      <trkpt lat="22.5782581" lon="113.9502462">
        <ele>7.879</ele>
        <time>2025-09-10T10:47:56Z</time>
      </trkpt>
      <trkpt lat="22.578215" lon="113.9502408">
        <ele>7.676</ele>
        <time>2025-09-10T10:47:58Z</time>
      </trkpt>
      <trkpt lat="22.5781727" lon="113.950238">
        <ele>7.907</ele>
        <time>2025-09-10T10:48:00Z</time>
      </trkpt>
      <trkpt lat="22.5781305" lon="113.9502353">
        <ele>8.32299</ele>
        <time>2025-09-10T10:48:02Z</time>
      </trkpt>
      <trkpt lat="22.5780874" lon="113.9502313">
        <ele>8.16399</ele>
        <time>2025-09-10T10:48:04Z</time>
      </trkpt>
      <trkpt lat="22.5780438" lon="113.9502275">
        <ele>8.166</ele>
        <time>2025-09-10T10:48:06Z</time>
      </trkpt>
      <trkpt lat="22.5779995" lon="113.9502238">
        <ele>7.19099</ele>
        <time>2025-09-10T10:48:08Z</time>
      </trkpt>
      <trkpt lat="22.5779549" lon="113.9502199">
        <ele>7.722</ele>
        <time>2025-09-10T10:48:10Z</time>
      </trkpt>
      <trkpt lat="22.5779109" lon="113.9502175">
        <ele>7.59499</ele>
        <time>2025-09-10T10:48:12Z</time>
      </trkpt>
      <trkpt lat="22.5778672" lon="113.9502168">
        <ele>7.557</ele>
        <time>2025-09-10T10:48:14Z</time>
      </trkpt>
      <trkpt lat="22.5778243" lon="113.9502178">
        <ele>7.853</ele>
        <time>2025-09-10T10:48:16Z</time>
      </trkpt>
      <trkpt lat="22.577782" lon="113.9502214">
        <ele>7.939</ele>
        <time>2025-09-10T10:48:18Z</time>
      </trkpt>
      <trkpt lat="22.5777406" lon="113.9502262">
        <ele>8.09899</ele>
        <time>2025-09-10T10:48:20Z</time>
      </trkpt>
      <trkpt lat="22.5776993" lon="113.9502318">
        <ele>8.18299</ele>
        <time>2025-09-10T10:48:22Z</time>
      </trkpt>
      <trkpt lat="22.5776586" lon="113.9502383">
        <ele>7.56199</ele>
        <time>2025-09-10T10:48:24Z</time>
      </trkpt>
      <trkpt lat="22.5776186" lon="113.9502451">
        <ele>8.178</ele>
        <time>2025-09-10T10:48:26Z</time>
      </trkpt>
      <trkpt lat="22.5775792" lon="113.9502504">
        <ele>7.52299</ele>
        <time>2025-09-10T10:48:28Z</time>
      </trkpt>
      <trkpt lat="22.5775397" lon="113.9502549">
        <ele>8.121</ele>
        <time>2025-09-10T10:48:30Z</time>
      </trkpt>
      <trkpt lat="22.5775005" lon="113.950259">
        <ele>7.643</ele>
        <time>2025-09-10T10:48:32Z</time>
      </trkpt>
      <trkpt lat="22.5774619" lon="113.9502637">
        <ele>7.30299</ele>
        <time>2025-09-10T10:48:34Z</time>
      </trkpt>
      <trkpt lat="22.5774227" lon="113.9502694">
        <ele>6.59</ele>
        <time>2025-09-10T10:48:36Z</time>
      </trkpt>
      <trkpt lat="22.5773827" lon="113.9502758">
        <ele>6.248</ele>
        <time>2025-09-10T10:48:38Z</time>
      </trkpt>
      <trkpt lat="22.5773422" lon="113.9502824">
        <ele>5.90399</ele>
        <time>2025-09-10T10:48:40Z</time>
      </trkpt>
      <trkpt lat="22.5773025" lon="113.9502888">
        <ele>6.14599</ele>
        <time>2025-09-10T10:48:42Z</time>
      </trkpt>
      <trkpt lat="22.5772642" lon="113.9502946">
        <ele>5.98899</ele>
        <time>2025-09-10T10:48:44Z</time>
      </trkpt>
      <trkpt lat="22.5772274" lon="113.9502999">
        <ele>4.93699</ele>
        <time>2025-09-10T10:48:46Z</time>
      </trkpt>
      <trkpt lat="22.5771915" lon="113.9503043">
        <ele>4.74599</ele>
        <time>2025-09-10T10:48:48Z</time>
      </trkpt>
      <trkpt lat="22.5771558" lon="113.9503084">
        <ele>3.88199</ele>
        <time>2025-09-10T10:48:50Z</time>
      </trkpt>
      <trkpt lat="22.5771183" lon="113.9503111">
        <ele>3.786</ele>
        <time>2025-09-10T10:48:52Z</time>
      </trkpt>
      <trkpt lat="22.5770782" lon="113.9503121">
        <ele>3.959</ele>
        <time>2025-09-10T10:48:54Z</time>
      </trkpt>
      <trkpt lat="22.5770382" lon="113.9503119">
        <ele>3.723</ele>
        <time>2025-09-10T10:48:56Z</time>
      </trkpt>
      <trkpt lat="22.5769978" lon="113.9503117">
        <ele>3.47199</ele>
        <time>2025-09-10T10:48:58Z</time>
      </trkpt>
      <trkpt lat="22.5769565" lon="113.9503105">
        <ele>2.732</ele>
        <time>2025-09-10T10:49:00Z</time>
      </trkpt>
      <trkpt lat="22.5769157" lon="113.9503103">
        <ele>2.414</ele>
        <time>2025-09-10T10:49:02Z</time>
      </trkpt>
      <trkpt lat="22.5768752" lon="113.9503109">
        <ele>2.97399</ele>
        <time>2025-09-10T10:49:04Z</time>
      </trkpt>
      <trkpt lat="22.5768334" lon="113.9503118">
        <ele>3.522</ele>
        <time>2025-09-10T10:49:06Z</time>
      </trkpt>
      <trkpt lat="22.5767914" lon="113.9503131">
        <ele>3.434</ele>
        <time>2025-09-10T10:49:08Z</time>
      </trkpt>
      <trkpt lat="22.5767495" lon="113.9503152">
        <ele>3.608</ele>
        <time>2025-09-10T10:49:10Z</time>
      </trkpt>
      <trkpt lat="22.5767078" lon="113.9503179">
        <ele>4.37599</ele>
        <time>2025-09-10T10:49:12Z</time>
      </trkpt>
      <trkpt lat="22.5766664" lon="113.9503221">
        <ele>4.28499</ele>
        <time>2025-09-10T10:49:14Z</time>
      </trkpt>
      <trkpt lat="22.5766252" lon="113.9503254">
        <ele>4.25299</ele>
        <time>2025-09-10T10:49:16Z</time>
      </trkpt>
      <trkpt lat="22.5765839" lon="113.9503258">
        <ele>4.491</ele>
        <time>2025-09-10T10:49:18Z</time>
      </trkpt>
      <trkpt lat="22.5765429" lon="113.9503247">
        <ele>4.83799</ele>
        <time>2025-09-10T10:49:20Z</time>
      </trkpt>
      <trkpt lat="22.576502" lon="113.9503239">
        <ele>5.00299</ele>
        <time>2025-09-10T10:49:22Z</time>
      </trkpt>
      <trkpt lat="22.5764606" lon="113.950322">
        <ele>5.47599</ele>
        <time>2025-09-10T10:49:24Z</time>
      </trkpt>
      <trkpt lat="22.5764191" lon="113.9503215">
        <ele>5.216</ele>
        <time>2025-09-10T10:49:26Z</time>
      </trkpt>
      <trkpt lat="22.5763772" lon="113.9503239">
        <ele>5.301</ele>
        <time>2025-09-10T10:49:28Z</time>
      </trkpt>
      <trkpt lat="22.5763351" lon="113.9503278">
        <ele>5.94399</ele>
        <time>2025-09-10T10:49:30Z</time>
      </trkpt>
      <trkpt lat="22.5762927" lon="113.9503314">
        <ele>6.27699</ele>
        <time>2025-09-10T10:49:32Z</time>
      </trkpt>
      <trkpt lat="22.5762508" lon="113.9503348">
        <ele>6.155</ele>
        <time>2025-09-10T10:49:34Z</time>
      </trkpt>
      <trkpt lat="22.5762087" lon="113.9503374">
        <ele>6.26999</ele>
        <time>2025-09-10T10:49:36Z</time>
      </trkpt>
      <trkpt lat="22.5761666" lon="113.9503397">
        <ele>6.45599</ele>
        <time>2025-09-10T10:49:38Z</time>
      </trkpt>
      <trkpt lat="22.5761246" lon="113.9503412">
        <ele>6.3</ele>
        <time>2025-09-10T10:49:40Z</time>
      </trkpt>
      <trkpt lat="22.5760829" lon="113.9503423">
        <ele>6.506</ele>
        <time>2025-09-10T10:49:42Z</time>
      </trkpt>
      <trkpt lat="22.5760379" lon="113.9503436">
        <ele>6.53</ele>
        <time>2025-09-10T10:49:44Z</time>
      </trkpt>
      <trkpt lat="22.5759939" lon="113.9503447">
        <ele>6.504</ele>
        <time>2025-09-10T10:49:46Z</time>
      </trkpt>
      <trkpt lat="22.5759505" lon="113.950345">
        <ele>6.565</ele>
        <time>2025-09-10T10:49:49Z</time>
      </trkpt>
      <trkpt lat="22.5759086" lon="113.9503456">
        <ele>6.81599</ele>
        <time>2025-09-10T10:49:51Z</time>
      </trkpt>
      <trkpt lat="22.5758607" lon="113.9503443">
        <ele>6.248</ele>
        <time>2025-09-10T10:49:53Z</time>
      </trkpt>
      <trkpt lat="22.5758112" lon="113.9503432">
        <ele>5.933</ele>
        <time>2025-09-10T10:49:55Z</time>
      </trkpt>
      <trkpt lat="22.5757586" lon="113.9503421">
        <ele>4.00699</ele>
        <time>2025-09-10T10:49:58Z</time>
      </trkpt>
      <trkpt lat="22.5757059" lon="113.9503425">
        <ele>5.373</ele>
        <time>2025-09-10T10:50:01Z</time>
      </trkpt>
      <trkpt lat="22.5756527" lon="113.950344">
        <ele>6.52699</ele>
        <time>2025-09-10T10:50:03Z</time>
      </trkpt>
      <trkpt lat="22.5756045" lon="113.9503476">
        <ele>6.76</ele>
        <time>2025-09-10T10:50:05Z</time>
      </trkpt>
      <trkpt lat="22.5755615" lon="113.950351">
        <ele>8.01099</ele>
        <time>2025-09-10T10:50:07Z</time>
      </trkpt>
      <trkpt lat="22.5755212" lon="113.9503557">
        <ele>8.36999</ele>
        <time>2025-09-10T10:50:09Z</time>
      </trkpt>
      <trkpt lat="22.5754815" lon="113.9503626">
        <ele>9.73999</ele>
        <time>2025-09-10T10:50:11Z</time>
      </trkpt>
      <trkpt lat="22.5754438" lon="113.9503705">
        <ele>11.203</ele>
        <time>2025-09-10T10:50:13Z</time>
      </trkpt>
      <trkpt lat="22.5754126" lon="113.9503796">
        <ele>11.84399</ele>
        <time>2025-09-10T10:50:15Z</time>
      </trkpt>
      <trkpt lat="22.5753867" lon="113.9503873">
        <ele>15.008</ele>
        <time>2025-09-10T10:50:17Z</time>
      </trkpt>
      <trkpt lat="22.5753648" lon="113.9503909">
        <ele>12.75199</ele>
        <time>2025-09-10T10:50:19Z</time>
      </trkpt>
      <trkpt lat="22.5753441" lon="113.950389">
        <ele>7.19</ele>
        <time>2025-09-10T10:50:21Z</time>
      </trkpt>
      <trkpt lat="22.575324" lon="113.9503837">
        <ele>2.255</ele>
        <time>2025-09-10T10:50:23Z</time>
      </trkpt>
      <trkpt lat="22.5753024" lon="113.9503763">
        <ele>-0.518</ele>
        <time>2025-09-10T10:50:25Z</time>
      </trkpt>
      <trkpt lat="22.5752766" lon="113.9503693">
        <ele>-3.76399</ele>
        <time>2025-09-10T10:50:27Z</time>
      </trkpt>
      <trkpt lat="22.5752494" lon="113.9503647">
        <ele>-7.20699</ele>
        <time>2025-09-10T10:50:29Z</time>
      </trkpt>
      <trkpt lat="22.5752218" lon="113.9503656">
        <ele>-10.68799</ele>
        <time>2025-09-10T10:50:31Z</time>
      </trkpt>
      <trkpt lat="22.5751901" lon="113.9503746">
        <ele>-16.759</ele>
        <time>2025-09-10T10:50:33Z</time>
      </trkpt>
      <trkpt lat="22.5751517" lon="113.9503892">
        <ele>-17.35199</ele>
        <time>2025-09-10T10:50:35Z</time>
      </trkpt>
      <trkpt lat="22.5751093" lon="113.9504077">
        <ele>-14.121</ele>
        <time>2025-09-10T10:50:37Z</time>
      </trkpt>
      <trkpt lat="22.5750611" lon="113.9504285">
        <ele>-10.60299</ele>
        <time>2025-09-10T10:50:39Z</time>
      </trkpt>
      <trkpt lat="22.5750064" lon="113.9504452">
        <ele>-7.96099</ele>
        <time>2025-09-10T10:50:41Z</time>
      </trkpt>
      <trkpt lat="22.5749473" lon="113.9504531">
        <ele>-6.222</ele>
        <time>2025-09-10T10:50:43Z</time>
      </trkpt>
      <trkpt lat="22.5748882" lon="113.9504549">
        <ele>-5.23099</ele>
        <time>2025-09-10T10:50:45Z</time>
      </trkpt>
      <trkpt lat="22.5748309" lon="113.9504529">
        <ele>-2.86599</ele>
        <time>2025-09-10T10:50:47Z</time>
      </trkpt>
      <trkpt lat="22.5747774" lon="113.9504499">
        <ele>-1.34399</ele>
        <time>2025-09-10T10:50:49Z</time>
      </trkpt>
      <trkpt lat="22.5747293" lon="113.9504492">
        <ele>-1.75399</ele>
        <time>2025-09-10T10:50:51Z</time>
      </trkpt>
      <trkpt lat="22.5746865" lon="113.9504502">
        <ele>-1.072</ele>
        <time>2025-09-10T10:50:53Z</time>
      </trkpt>
      <trkpt lat="22.5746469" lon="113.9504505">
        <ele>0.851</ele>
        <time>2025-09-10T10:50:55Z</time>
      </trkpt>
      <trkpt lat="22.5746094" lon="113.9504503">
        <ele>0.90899</ele>
        <time>2025-09-10T10:50:57Z</time>
      </trkpt>
      <trkpt lat="22.5745714" lon="113.9504489">
        <ele>0.06499</ele>
        <time>2025-09-10T10:50:59Z</time>
      </trkpt>
      <trkpt lat="22.5745337" lon="113.9504457">
        <ele>-0.037</ele>
        <time>2025-09-10T10:51:01Z</time>
      </trkpt>
      <trkpt lat="22.5744963" lon="113.950442">
        <ele>-0.15899</ele>
        <time>2025-09-10T10:51:03Z</time>
      </trkpt>
      <trkpt lat="22.5744588" lon="113.9504386">
        <ele>-0.46299</ele>
        <time>2025-09-10T10:51:05Z</time>
      </trkpt>
      <trkpt lat="22.5744193" lon="113.9504367">
        <ele>-1.628</ele>
        <time>2025-09-10T10:51:07Z</time>
      </trkpt>
      <trkpt lat="22.574377" lon="113.9504368">
        <ele>-1.94299</ele>
        <time>2025-09-10T10:51:09Z</time>
      </trkpt>
      <trkpt lat="22.574332" lon="113.9504388">
        <ele>-0.34299</ele>
        <time>2025-09-10T10:51:11Z</time>
      </trkpt>
      <trkpt lat="22.5742869" lon="113.9504433">
        <ele>0.67799</ele>
        <time>2025-09-10T10:51:13Z</time>
      </trkpt>
      <trkpt lat="22.5742405" lon="113.9504509">
        <ele>0.82599</ele>
        <time>2025-09-10T10:51:15Z</time>
      </trkpt>
      <trkpt lat="22.5741939" lon="113.9504611">
        <ele>-0.929</ele>
        <time>2025-09-10T10:51:17Z</time>
      </trkpt>
      <trkpt lat="22.5741499" lon="113.9504746">
        <ele>-0.63899</ele>
        <time>2025-09-10T10:51:19Z</time>
      </trkpt>
      <trkpt lat="22.5741099" lon="113.9504926">
        <ele>0.24199</ele>
        <time>2025-09-10T10:51:21Z</time>
      </trkpt>
      <trkpt lat="22.5740719" lon="113.9505158">
        <ele>1.47</ele>
        <time>2025-09-10T10:51:23Z</time>
      </trkpt>
      <trkpt lat="22.5740379" lon="113.9505427">
        <ele>3.42899</ele>
        <time>2025-09-10T10:51:25Z</time>
      </trkpt>
      <trkpt lat="22.5740071" lon="113.9505719">
        <ele>4.8</ele>
        <time>2025-09-10T10:51:27Z</time>
      </trkpt>
      <trkpt lat="22.5739775" lon="113.950601">
        <ele>4.40899</ele>
        <time>2025-09-10T10:51:29Z</time>
      </trkpt>
      <trkpt lat="22.5739473" lon="113.9506268">
        <ele>4.87699</ele>
        <time>2025-09-10T10:51:31Z</time>
      </trkpt>
      <trkpt lat="22.5739121" lon="113.9506461">
        <ele>4.727</ele>
        <time>2025-09-10T10:51:33Z</time>
      </trkpt>
      <trkpt lat="22.5738685" lon="113.9506586">
        <ele>4.097</ele>
        <time>2025-09-10T10:51:35Z</time>
      </trkpt>
      <trkpt lat="22.5738197" lon="113.9506646">
        <ele>4.477</ele>
        <time>2025-09-10T10:51:37Z</time>
      </trkpt>
      <trkpt lat="22.5737685" lon="113.950666">
        <ele>5.789</ele>
        <time>2025-09-10T10:51:39Z</time>
      </trkpt>
      <trkpt lat="22.5737135" lon="113.9506657">
        <ele>5.445</ele>
        <time>2025-09-10T10:51:41Z</time>
      </trkpt>
      <trkpt lat="22.5736595" lon="113.9506657">
        <ele>6.486</ele>
        <time>2025-09-10T10:51:43Z</time>
      </trkpt>
      <trkpt lat="22.5736109" lon="113.9506669">
        <ele>6.75199</ele>
        <time>2025-09-10T10:51:45Z</time>
      </trkpt>
      <trkpt lat="22.5735666" lon="113.9506699">
        <ele>6.69899</ele>
        <time>2025-09-10T10:51:47Z</time>
      </trkpt>
      <trkpt lat="22.5735245" lon="113.9506729">
        <ele>8.17099</ele>
        <time>2025-09-10T10:51:49Z</time>
      </trkpt>
      <trkpt lat="22.5734855" lon="113.9506746">
        <ele>9.61999</ele>
        <time>2025-09-10T10:51:51Z</time>
      </trkpt>
      <trkpt lat="22.5734493" lon="113.9506741">
        <ele>10.34</ele>
        <time>2025-09-10T10:51:53Z</time>
      </trkpt>
      <trkpt lat="22.573412" lon="113.950672">
        <ele>10.37899</ele>
        <time>2025-09-10T10:51:55Z</time>
      </trkpt>
      <trkpt lat="22.5733693" lon="113.9506718">
        <ele>10.00899</ele>
        <time>2025-09-10T10:51:57Z</time>
      </trkpt>
      <trkpt lat="22.5733235" lon="113.9506735">
        <ele>9.331</ele>
        <time>2025-09-10T10:51:59Z</time>
      </trkpt>
      <trkpt lat="22.5732759" lon="113.9506753">
        <ele>7.881</ele>
        <time>2025-09-10T10:52:01Z</time>
      </trkpt>
      <trkpt lat="22.5732264" lon="113.9506786">
        <ele>6.203</ele>
        <time>2025-09-10T10:52:03Z</time>
      </trkpt>
      <trkpt lat="22.573174" lon="113.950684">
        <ele>5.688</ele>
        <time>2025-09-10T10:52:05Z</time>
      </trkpt>
      <trkpt lat="22.5731224" lon="113.9506862">
        <ele>5.73</ele>
        <time>2025-09-10T10:52:07Z</time>
      </trkpt>
      <trkpt lat="22.5730726" lon="113.9506851">
        <ele>5.368</ele>
        <time>2025-09-10T10:52:09Z</time>
      </trkpt>
      <trkpt lat="22.5730238" lon="113.9506856">
        <ele>5.499</ele>
        <time>2025-09-10T10:52:11Z</time>
      </trkpt>
      <trkpt lat="22.5729735" lon="113.9506877">
        <ele>4.394</ele>
        <time>2025-09-10T10:52:13Z</time>
      </trkpt>
      <trkpt lat="22.5729254" lon="113.9506915">
        <ele>3.80999</ele>
        <time>2025-09-10T10:52:15Z</time>
      </trkpt>
      <trkpt lat="22.5728778" lon="113.9506989">
        <ele>3.40499</ele>
        <time>2025-09-10T10:52:17Z</time>
      </trkpt>
      <trkpt lat="22.5728297" lon="113.95071">
        <ele>3.358</ele>
        <time>2025-09-10T10:52:19Z</time>
      </trkpt>
      <trkpt lat="22.5727806" lon="113.9507229">
        <ele>2.407</ele>
        <time>2025-09-10T10:52:21Z</time>
      </trkpt>
      <trkpt lat="22.572733" lon="113.9507383">
        <ele>1.86699</ele>
        <time>2025-09-10T10:52:23Z</time>
      </trkpt>
      <trkpt lat="22.5726862" lon="113.9507553">
        <ele>1.44799</ele>
        <time>2025-09-10T10:52:25Z</time>
      </trkpt>
      <trkpt lat="22.5726419" lon="113.9507727">
        <ele>1.521</ele>
        <time>2025-09-10T10:52:27Z</time>
      </trkpt>
      <trkpt lat="22.572598" lon="113.9507907">
        <ele>2.937</ele>
        <time>2025-09-10T10:52:29Z</time>
      </trkpt>
      <trkpt lat="22.5725558" lon="113.9508093">
        <ele>2.936</ele>
        <time>2025-09-10T10:52:31Z</time>
      </trkpt>
      <trkpt lat="22.5725149" lon="113.9508269">
        <ele>2.06699</ele>
        <time>2025-09-10T10:52:33Z</time>
      </trkpt>
      <trkpt lat="22.5724745" lon="113.9508437">
        <ele>1.79799</ele>
        <time>2025-09-10T10:52:35Z</time>
      </trkpt>
      <trkpt lat="22.5724322" lon="113.9508612">
        <ele>1.54299</ele>
        <time>2025-09-10T10:52:37Z</time>
      </trkpt>
      <trkpt lat="22.5723906" lon="113.9508785">
        <ele>1.388</ele>
        <time>2025-09-10T10:52:39Z</time>
      </trkpt>
      <trkpt lat="22.5723497" lon="113.9508965">
        <ele>1.31799</ele>
        <time>2025-09-10T10:52:41Z</time>
      </trkpt>
      <trkpt lat="22.5723093" lon="113.9509187">
        <ele>2.59299</ele>
        <time>2025-09-10T10:52:43Z</time>
      </trkpt>
      <trkpt lat="22.5722701" lon="113.9509444">
        <ele>5.418</ele>
        <time>2025-09-10T10:52:45Z</time>
      </trkpt>
      <trkpt lat="22.5722329" lon="113.9509726">
        <ele>5.826</ele>
        <time>2025-09-10T10:52:47Z</time>
      </trkpt>
      <trkpt lat="22.572196" lon="113.9510039">
        <ele>5.649</ele>
        <time>2025-09-10T10:52:49Z</time>
      </trkpt>
      <trkpt lat="22.5721588" lon="113.9510373">
        <ele>5.64599</ele>
        <time>2025-09-10T10:52:51Z</time>
      </trkpt>
      <trkpt lat="22.5721226" lon="113.9510707">
        <ele>5.083</ele>
        <time>2025-09-10T10:52:53Z</time>
      </trkpt>
      <trkpt lat="22.5720904" lon="113.9511042">
        <ele>3.99499</ele>
        <time>2025-09-10T10:52:55Z</time>
      </trkpt>
      <trkpt lat="22.5720651" lon="113.9511411">
        <ele>3.528</ele>
        <time>2025-09-10T10:52:57Z</time>
      </trkpt>
      <trkpt lat="22.5720479" lon="113.9511808">
        <ele>3.74499</ele>
        <time>2025-09-10T10:52:59Z</time>
      </trkpt>
      <trkpt lat="22.5720363" lon="113.9512215">
        <ele>3.61999</ele>
        <time>2025-09-10T10:53:01Z</time>
      </trkpt>
      <trkpt lat="22.5720285" lon="113.9512616">
        <ele>3.95499</ele>
        <time>2025-09-10T10:53:03Z</time>
      </trkpt>
      <trkpt lat="22.572027" lon="113.9513054">
        <ele>6.20399</ele>
        <time>2025-09-10T10:53:05Z</time>
      </trkpt>
      <trkpt lat="22.5720317" lon="113.9513501">
        <ele>7.30499</ele>
        <time>2025-09-10T10:53:07Z</time>
      </trkpt>
      <trkpt lat="22.5720392" lon="113.9513942">
        <ele>8.305</ele>
        <time>2025-09-10T10:53:09Z</time>
      </trkpt>
      <trkpt lat="22.5720502" lon="113.9514366">
        <ele>10.526</ele>
        <time>2025-09-10T10:53:11Z</time>
      </trkpt>
      <trkpt lat="22.5720636" lon="113.9514797">
        <ele>10.56499</ele>
        <time>2025-09-10T10:53:13Z</time>
      </trkpt>
      <trkpt lat="22.5720727" lon="113.9515216">
        <ele>9.32999</ele>
        <time>2025-09-10T10:53:15Z</time>
      </trkpt>
      <trkpt lat="22.5720712" lon="113.9515611">
        <ele>9.23299</ele>
        <time>2025-09-10T10:53:17Z</time>
      </trkpt>
      <trkpt lat="22.5720579" lon="113.9515952">
        <ele>8.58199</ele>
        <time>2025-09-10T10:53:19Z</time>
      </trkpt>
      <trkpt lat="22.5720316" lon="113.9516257">
        <ele>9.01299</ele>
        <time>2025-09-10T10:53:21Z</time>
      </trkpt>
      <trkpt lat="22.5719947" lon="113.9516502">
        <ele>9.833</ele>
        <time>2025-09-10T10:53:23Z</time>
      </trkpt>
      <trkpt lat="22.5719501" lon="113.9516677">
        <ele>9.612</ele>
        <time>2025-09-10T10:53:25Z</time>
      </trkpt>
      <trkpt lat="22.5719039" lon="113.9516826">
        <ele>9.847</ele>
        <time>2025-09-10T10:53:27Z</time>
      </trkpt>
      <trkpt lat="22.5718621" lon="113.9517027">
        <ele>11.184</ele>
        <time>2025-09-10T10:53:29Z</time>
      </trkpt>
      <trkpt lat="22.5718283" lon="113.951728">
        <ele>10.083</ele>
        <time>2025-09-10T10:53:31Z</time>
      </trkpt>
      <trkpt lat="22.571801" lon="113.9517603">
        <ele>9.116</ele>
        <time>2025-09-10T10:53:33Z</time>
      </trkpt>
      <trkpt lat="22.5717754" lon="113.9517948">
        <ele>7.656</ele>
        <time>2025-09-10T10:53:35Z</time>
      </trkpt>
      <trkpt lat="22.5717483" lon="113.9518222">
        <ele>7.55399</ele>
        <time>2025-09-10T10:53:37Z</time>
      </trkpt>
      <trkpt lat="22.5717207" lon="113.9518349">
        <ele>7.464</ele>
        <time>2025-09-10T10:53:39Z</time>
      </trkpt>
      <trkpt lat="22.5716966" lon="113.9518297">
        <ele>8.272</ele>
        <time>2025-09-10T10:53:41Z</time>
      </trkpt>
      <trkpt lat="22.5716784" lon="113.9518056">
        <ele>8.82199</ele>
        <time>2025-09-10T10:53:43Z</time>
      </trkpt>
      <trkpt lat="22.5716692" lon="113.9517656">
        <ele>9.178</ele>
        <time>2025-09-10T10:53:45Z</time>
      </trkpt>
      <trkpt lat="22.5716696" lon="113.951715">
        <ele>9.923</ele>
        <time>2025-09-10T10:53:47Z</time>
      </trkpt>
      <trkpt lat="22.5716741" lon="113.9516624">
        <ele>8.987</ele>
        <time>2025-09-10T10:53:49Z</time>
      </trkpt>
      <trkpt lat="22.5716773" lon="113.9516131">
        <ele>8.53899</ele>
        <time>2025-09-10T10:53:51Z</time>
      </trkpt>
      <trkpt lat="22.5716785" lon="113.9515646">
        <ele>7.00199</ele>
        <time>2025-09-10T10:53:53Z</time>
      </trkpt>
      <trkpt lat="22.5716786" lon="113.9515196">
        <ele>7.44099</ele>
        <time>2025-09-10T10:53:55Z</time>
      </trkpt>
      <trkpt lat="22.571679" lon="113.9514775">
        <ele>8.19099</ele>
        <time>2025-09-10T10:53:57Z</time>
      </trkpt>
      <trkpt lat="22.5716797" lon="113.9514355">
        <ele>8.56299</ele>
        <time>2025-09-10T10:53:59Z</time>
      </trkpt>
      <trkpt lat="22.5716804" lon="113.9513908">
        <ele>7.79699</ele>
        <time>2025-09-10T10:54:01Z</time>
      </trkpt>
      <trkpt lat="22.5716805" lon="113.9513446">
        <ele>8.385</ele>
        <time>2025-09-10T10:54:03Z</time>
      </trkpt>
      <trkpt lat="22.5716801" lon="113.9512954">
        <ele>7.518</ele>
        <time>2025-09-10T10:54:05Z</time>
      </trkpt>
      <trkpt lat="22.5716787" lon="113.951244">
        <ele>7.76499</ele>
        <time>2025-09-10T10:54:07Z</time>
      </trkpt>
      <trkpt lat="22.571677" lon="113.9511906">
        <ele>7.985</ele>
        <time>2025-09-10T10:54:09Z</time>
      </trkpt>
      <trkpt lat="22.5716759" lon="113.9511361">
        <ele>8.809</ele>
        <time>2025-09-10T10:54:11Z</time>
      </trkpt>
      <trkpt lat="22.5716756" lon="113.9510811">
        <ele>9.04199</ele>
        <time>2025-09-10T10:54:13Z</time>
      </trkpt>
      <trkpt lat="22.5716749" lon="113.9510252">
        <ele>8.65999</ele>
        <time>2025-09-10T10:54:15Z</time>
      </trkpt>
      <trkpt lat="22.5716741" lon="113.9509689">
        <ele>8.38799</ele>
        <time>2025-09-10T10:54:17Z</time>
      </trkpt>
      <trkpt lat="22.5716742" lon="113.9509115">
        <ele>8.25599</ele>
        <time>2025-09-10T10:54:19Z</time>
      </trkpt>
      <trkpt lat="22.5716748" lon="113.9508524">
        <ele>8.56</ele>
        <time>2025-09-10T10:54:21Z</time>
      </trkpt>
      <trkpt lat="22.5716751" lon="113.9507927">
        <ele>8.347</ele>
        <time>2025-09-10T10:54:23Z</time>
      </trkpt>
      <trkpt lat="22.5716754" lon="113.9507337">
        <ele>7.741</ele>
        <time>2025-09-10T10:54:25Z</time>
      </trkpt>
      <trkpt lat="22.5716745" lon="113.9506752">
        <ele>7.86899</ele>
        <time>2025-09-10T10:54:27Z</time>
      </trkpt>
      <trkpt lat="22.5716723" lon="113.9506174">
        <ele>7.677</ele>
        <time>2025-09-10T10:54:29Z</time>
      </trkpt>
      <trkpt lat="22.5716697" lon="113.9505625">
        <ele>8.12899</ele>
        <time>2025-09-10T10:54:31Z</time>
      </trkpt>
      <trkpt lat="22.5716684" lon="113.9505126">
        <ele>7.61499</ele>
        <time>2025-09-10T10:54:33Z</time>
      </trkpt>
      <trkpt lat="22.5716674" lon="113.9504738">
        <ele>6.54099</ele>
        <time>2025-09-10T10:54:35Z</time>
      </trkpt>
      <trkpt lat="22.5716699" lon="113.950422">
        <ele>5.43699</ele>
        <time>2025-09-10T10:54:37Z</time>
      </trkpt>
      <trkpt lat="22.5716793" lon="113.9503912">
        <ele>5.747</ele>
        <time>2025-09-10T10:54:39Z</time>
      </trkpt>
      <trkpt lat="22.5716846" lon="113.9503647">
        <ele>5.98699</ele>
        <time>2025-09-10T10:54:41Z</time>
      </trkpt>
    </trkseg>
  </trk>
</gpx>