<?xml version="1.0" encoding="UTF-8"?>
<gpx xmlns="http://www.topografix.com/GPX/1/1" xmlns:gpxtpx="http://www.garmin.com/xmlschemas/TrackPointExtension/v1" xmlns:xsi="http://www.w3.org/2001/XMLSchema-instance" xsi:schemaLocation="http://www.topografix.com/GPX/1/1 http://www.topografix.com/GPX/1/1/gpx.xsd" version="1.1" creator="gpx.py -- https://github.com/tkrajina/gpxpy">
  <trk>
    <name>gpx from codoon</name>
    <type>Run</type>
    <trkseg>
      <trkpt lat="22.5739363" lon="113.9436785">
        <ele>26.107</ele>
        <time>2025-11-05T10:04:43Z</time>
      </trkpt>
      <trkpt lat="22.5739128" lon="113.9436804">
        <ele>24.91799</ele>
        <time>2025-11-05T10:04:46Z</time>
      </trkpt>
      <trkpt lat="22.5738946" lon="113.9436804">
        <ele>24.988</ele>
        <time>2025-11-05T10:04:48Z</time>
      </trkpt>
      <trkpt lat="22.5738707" lon="113.9436817">
        <ele>25.031</ele>
        <time>2025-11-05T10:04:51Z</time>
      </trkpt>
      <trkpt lat="22.5738376" lon="113.9436802">
        <ele>25.228</ele>
        <time>2025-11-05T10:04:55Z</time>
      </trkpt>
      <trkpt lat="22.5737996" lon="113.9436772">
        <ele>26.38999</ele>
        <time>2025-11-05T10:04:57Z</time>
      </trkpt>
      <trkpt lat="22.5737595" lon="113.943673">
        <ele>25.31699</ele>
        <time>2025-11-05T10:04:59Z</time>
      </trkpt>
      <trkpt lat="22.5737181" lon="113.9436685">
        <ele>25.856</ele>
        <time>2025-11-05T10:05:02Z</time>
      </trkpt>
      <trkpt lat="22.5736738" lon="113.9436629">
        <ele>23.74099</ele>
        <time>2025-11-05T10:05:04Z</time>
      </trkpt>
      <trkpt lat="22.5736339" lon="113.9436594">
        <ele>22.07799</ele>
        <time>2025-11-05T10:05:06Z</time>
      </trkpt>
      <trkpt lat="22.573595" lon="113.9436573">
        <ele>19.49399</ele>
        <time>2025-11-05T10:05:08Z</time>
      </trkpt>
      <trkpt lat="22.5735577" lon="113.9436572">
        <ele>16.84799</ele>
        <time>2025-11-05T10:05:10Z</time>
      </trkpt>
      <trkpt lat="22.5735202" lon="113.943659">
        <ele>15.19799</ele>
        <time>2025-11-05T10:05:12Z</time>
      </trkpt>
      <trkpt lat="22.5734847" lon="113.9436626">
        <ele>15.034</ele>
        <time>2025-11-05T10:05:14Z</time>
      </trkpt>
      <trkpt lat="22.5734501" lon="113.943667">
        <ele>15.11499</ele>
        <time>2025-11-05T10:05:16Z</time>
      </trkpt>
      <trkpt lat="22.5734147" lon="113.9436729">
        <ele>14.78999</ele>
        <time>2025-11-05T10:05:18Z</time>
      </trkpt>
      <trkpt lat="22.5733796" lon="113.9436784">
        <ele>15.20499</ele>
        <time>2025-11-05T10:05:20Z</time>
      </trkpt>
      <trkpt lat="22.5733423" lon="113.9436809">
        <ele>15.708</ele>
        <time>2025-11-05T10:05:22Z</time>
      </trkpt>
      <trkpt lat="22.5733038" lon="113.9436799">
        <ele>16.85499</ele>
        <time>2025-11-05T10:05:24Z</time>
      </trkpt>
      <trkpt lat="22.5732646" lon="113.9436763">
        <ele>16.46299</ele>
        <time>2025-11-05T10:05:26Z</time>
      </trkpt>
      <trkpt lat="22.5732257" lon="113.9436712">
        <ele>15.53499</ele>
        <time>2025-11-05T10:05:28Z</time>
      </trkpt>
      <trkpt lat="22.5731869" lon="113.9436662">
        <ele>14.255</ele>
        <time>2025-11-05T10:05:30Z</time>
      </trkpt>
      <trkpt lat="22.5731496" lon="113.9436633">
        <ele>13.826</ele>
        <time>2025-11-05T10:05:32Z</time>
      </trkpt>
      <trkpt lat="22.5731132" lon="113.9436617">
        <ele>13.397</ele>
        <time>2025-11-05T10:05:34Z</time>
      </trkpt>
      <trkpt lat="22.573078" lon="113.9436617">
        <ele>12.35499</ele>
        <time>2025-11-05T10:05:36Z</time>
      </trkpt>
      <trkpt lat="22.5730448" lon="113.943662">
        <ele>12.17599</ele>
        <time>2025-11-05T10:05:38Z</time>
      </trkpt>
      <trkpt lat="22.5730149" lon="113.943663">
        <ele>12.581</ele>
        <time>2025-11-05T10:05:40Z</time>
      </trkpt>
      <trkpt lat="22.5729871" lon="113.9436638">
        <ele>12.795</ele>
        <time>2025-11-05T10:05:42Z</time>
      </trkpt>
      <trkpt lat="22.5729592" lon="113.9436642">
        <ele>10.795</ele>
        <time>2025-11-05T10:05:44Z</time>
      </trkpt>
      <trkpt lat="22.5729317" lon="113.943666">
        <ele>13.321</ele>
        <time>2025-11-05T10:05:46Z</time>
      </trkpt>
      <trkpt lat="22.5729033" lon="113.9436675">
        <ele>16.18099</ele>
        <time>2025-11-05T10:05:48Z</time>
      </trkpt>
      <trkpt lat="22.5728717" lon="113.9436675">
        <ele>17.283</ele>
        <time>2025-11-05T10:05:50Z</time>
      </trkpt>
      <trkpt lat="22.5728385" lon="113.9436684">
        <ele>18.26899</ele>
        <time>2025-11-05T10:05:52Z</time>
      </trkpt>
      <trkpt lat="22.5728054" lon="113.943671">
        <ele>18.7</ele>
        <time>2025-11-05T10:05:54Z</time>
      </trkpt>
      <trkpt lat="22.5727721" lon="113.9436743">
        <ele>18.836</ele>
        <time>2025-11-05T10:05:56Z</time>
      </trkpt>
      <trkpt lat="22.5727386" lon="113.9436796">
        <ele>18.627</ele>
        <time>2025-11-05T10:05:58Z</time>
      </trkpt>
      <trkpt lat="22.5727074" lon="113.9436873">
        <ele>17.73299</ele>
        <time>2025-11-05T10:06:00Z</time>
      </trkpt>
      <trkpt lat="22.5726761" lon="113.9436952">
        <ele>16.96299</ele>
        <time>2025-11-05T10:06:02Z</time>
      </trkpt>
      <trkpt lat="22.5726455" lon="113.9437024">
        <ele>15.39</ele>
        <time>2025-11-05T10:06:04Z</time>
      </trkpt>
      <trkpt lat="22.5726145" lon="113.9437088">
        <ele>14.28299</ele>
        <time>2025-11-05T10:06:06Z</time>
      </trkpt>
      <trkpt lat="22.5725843" lon="113.9437143">
        <ele>13.04599</ele>
        <time>2025-11-05T10:06:08Z</time>
      </trkpt>
      <trkpt lat="22.5725529" lon="113.9437179">
        <ele>12.774</ele>
        <time>2025-11-05T10:06:10Z</time>
      </trkpt>
      <trkpt lat="22.5725217" lon="113.9437201">
        <ele>12.83399</ele>
        <time>2025-11-05T10:06:12Z</time>
      </trkpt>
      <trkpt lat="22.5724916" lon="113.9437219">
        <ele>11.331</ele>
        <time>2025-11-05T10:06:14Z</time>
      </trkpt>
      <trkpt lat="22.5724625" lon="113.9437208">
        <ele>11.95199</ele>
        <time>2025-11-05T10:06:16Z</time>
      </trkpt>
      <trkpt lat="22.5724315" lon="113.9437168">
        <ele>11.866</ele>
        <time>2025-11-05T10:06:18Z</time>
      </trkpt>
      <trkpt lat="22.5723981" lon="113.9437132">
        <ele>12.35799</ele>
        <time>2025-11-05T10:06:20Z</time>
      </trkpt>
      <trkpt lat="22.5723617" lon="113.9437115">
        <ele>12.71599</ele>
        <time>2025-11-05T10:06:22Z</time>
      </trkpt>
      <trkpt lat="22.5723228" lon="113.9437109">
        <ele>12.427</ele>
        <time>2025-11-05T10:06:24Z</time>
      </trkpt>
      <trkpt lat="22.5722817" lon="113.9437129">
        <ele>12.38</ele>
        <time>2025-11-05T10:06:26Z</time>
      </trkpt>
      <trkpt lat="22.5722402" lon="113.9437166">
        <ele>11.361</ele>
        <time>2025-11-05T10:06:28Z</time>
      </trkpt>
      <trkpt lat="22.5722" lon="113.9437208">
        <ele>11.23799</ele>
        <time>2025-11-05T10:06:30Z</time>
      </trkpt>
      <trkpt lat="22.572162" lon="113.9437241">
        <ele>11.43099</ele>
        <time>2025-11-05T10:06:32Z</time>
      </trkpt>
      <trkpt lat="22.5721245" lon="113.9437254">
        <ele>11.13599</ele>
        <time>2025-11-05T10:06:34Z</time>
      </trkpt>
      <trkpt lat="22.5720886" lon="113.9437265">
        <ele>12.36499</ele>
        <time>2025-11-05T10:06:36Z</time>
      </trkpt>
      <trkpt lat="22.572055" lon="113.9437281">
        <ele>12.07199</ele>
        <time>2025-11-05T10:06:38Z</time>
      </trkpt>
      <trkpt lat="22.5720223" lon="113.9437304">
        <ele>11.34099</ele>
        <time>2025-11-05T10:06:40Z</time>
      </trkpt>
      <trkpt lat="22.5719902" lon="113.9437346">
        <ele>10.34799</ele>
        <time>2025-11-05T10:06:42Z</time>
      </trkpt>
      <trkpt lat="22.5719589" lon="113.9437414">
        <ele>9.23099</ele>
        <time>2025-11-05T10:06:44Z</time>
      </trkpt>
      <trkpt lat="22.5719273" lon="113.9437502">
        <ele>7.21099</ele>
        <time>2025-11-05T10:06:46Z</time>
      </trkpt>
      <trkpt lat="22.5718951" lon="113.943761">
        <ele>4.79799</ele>
        <time>2025-11-05T10:06:48Z</time>
      </trkpt>
      <trkpt lat="22.5718623" lon="113.943774">
        <ele>2.947</ele>
        <time>2025-11-05T10:06:50Z</time>
      </trkpt>
      <trkpt lat="22.5718315" lon="113.9437895">
        <ele>2.42899</ele>
        <time>2025-11-05T10:06:52Z</time>
      </trkpt>
      <trkpt lat="22.5718024" lon="113.94381">
        <ele>2.421</ele>
        <time>2025-11-05T10:06:54Z</time>
      </trkpt>
      <trkpt lat="22.5717776" lon="113.9438376">
        <ele>4.21999</ele>
        <time>2025-11-05T10:06:56Z</time>
      </trkpt>
      <trkpt lat="22.5717586" lon="113.9438699">
        <ele>6.097</ele>
        <time>2025-11-05T10:06:58Z</time>
      </trkpt>
      <trkpt lat="22.5717457" lon="113.9439038">
        <ele>7.14699</ele>
        <time>2025-11-05T10:07:00Z</time>
      </trkpt>
      <trkpt lat="22.5717373" lon="113.9439377">
        <ele>9.46</ele>
        <time>2025-11-05T10:07:02Z</time>
      </trkpt>
      <trkpt lat="22.5717348" lon="113.9439696">
        <ele>12.06499</ele>
        <time>2025-11-05T10:07:04Z</time>
      </trkpt>
      <trkpt lat="22.571737" lon="113.9439978">
        <ele>14.034</ele>
        <time>2025-11-05T10:07:06Z</time>
      </trkpt>
      <trkpt lat="22.5717413" lon="113.9440241">
        <ele>14.21399</ele>
        <time>2025-11-05T10:07:08Z</time>
      </trkpt>
      <trkpt lat="22.5717462" lon="113.9440503">
        <ele>13.625</ele>
        <time>2025-11-05T10:07:10Z</time>
      </trkpt>
      <trkpt lat="22.5717521" lon="113.9440751">
        <ele>13.52099</ele>
        <time>2025-11-05T10:07:12Z</time>
      </trkpt>
      <trkpt lat="22.5717572" lon="113.9440979">
        <ele>12.76399</ele>
        <time>2025-11-05T10:07:14Z</time>
      </trkpt>
      <trkpt lat="22.5717611" lon="113.9441215">
        <ele>14.809</ele>
        <time>2025-11-05T10:07:16Z</time>
      </trkpt>
      <trkpt lat="22.5717652" lon="113.9441479">
        <ele>15.623</ele>
        <time>2025-11-05T10:07:18Z</time>
      </trkpt>
      <trkpt lat="22.5717691" lon="113.9441746">
        <ele>15.111</ele>
        <time>2025-11-05T10:07:20Z</time>
      </trkpt>
      <trkpt lat="22.5717707" lon="113.9442037">
        <ele>16.5</ele>
        <time>2025-11-05T10:07:22Z</time>
      </trkpt>
      <trkpt lat="22.5717708" lon="113.9442382">
        <ele>16.88899</ele>
        <time>2025-11-05T10:07:24Z</time>
      </trkpt>
      <trkpt lat="22.5717701" lon="113.9442742">
        <ele>17.572</ele>
        <time>2025-11-05T10:07:26Z</time>
      </trkpt>
      <trkpt lat="22.5717666" lon="113.9443082">
        <ele>18.32799</ele>
        <time>2025-11-05T10:07:28Z</time>
      </trkpt>
      <trkpt lat="22.5717613" lon="113.9443436">
        <ele>16.70199</ele>
        <time>2025-11-05T10:07:30Z</time>
      </trkpt>
      <trkpt lat="22.5717577" lon="113.9443798">
        <ele>17.87199</ele>
        <time>2025-11-05T10:07:32Z</time>
      </trkpt>
      <trkpt lat="22.5717548" lon="113.944416">
        <ele>20.617</ele>
        <time>2025-11-05T10:07:34Z</time>
      </trkpt>
      <trkpt lat="22.5717494" lon="113.944452">
        <ele>19.936</ele>
        <time>2025-11-05T10:07:36Z</time>
      </trkpt>
      <trkpt lat="22.5717423" lon="113.9444902">
        <ele>19.42799</ele>
        <time>2025-11-05T10:07:38Z</time>
      </trkpt>
      <trkpt lat="22.5717354" lon="113.9445283">
        <ele>18.20199</ele>
        <time>2025-11-05T10:07:40Z</time>
      </trkpt>
      <trkpt lat="22.5717297" lon="113.9445675">
        <ele>17.60099</ele>
        <time>2025-11-05T10:07:42Z</time>
      </trkpt>
      <trkpt lat="22.5717253" lon="113.9446067">
        <ele>19.864</ele>
        <time>2025-11-05T10:07:44Z</time>
      </trkpt>
      <trkpt lat="22.5717257" lon="113.9446465">
        <ele>16.871</ele>
        <time>2025-11-05T10:07:46Z</time>
      </trkpt>
      <trkpt lat="22.5717318" lon="113.9446865">
        <ele>15.647</ele>
        <time>2025-11-05T10:07:48Z</time>
      </trkpt>
      <trkpt lat="22.5717402" lon="113.9447295">
        <ele>12.25399</ele>
        <time>2025-11-05T10:07:50Z</time>
      </trkpt>
      <trkpt lat="22.571747" lon="113.944775">
        <ele>10.302</ele>
        <time>2025-11-05T10:07:52Z</time>
      </trkpt>
      <trkpt lat="22.5717527" lon="113.9448213">
        <ele>8.123</ele>
        <time>2025-11-05T10:07:54Z</time>
      </trkpt>
      <trkpt lat="22.5717573" lon="113.9448667">
        <ele>5.808</ele>
        <time>2025-11-05T10:07:56Z</time>
      </trkpt>
      <trkpt lat="22.5717604" lon="113.9449109">
        <ele>8.08899</ele>
        <time>2025-11-05T10:07:58Z</time>
      </trkpt>
      <trkpt lat="22.5717624" lon="113.9449533">
        <ele>7.38399</ele>
        <time>2025-11-05T10:08:00Z</time>
      </trkpt>
      <trkpt lat="22.5717627" lon="113.9449931">
        <ele>8.77</ele>
        <time>2025-11-05T10:08:02Z</time>
      </trkpt>
      <trkpt lat="22.5717607" lon="113.9450299">
        <ele>8.989</ele>
        <time>2025-11-05T10:08:04Z</time>
      </trkpt>
      <trkpt lat="22.571757" lon="113.9450627">
        <ele>8.149</ele>
        <time>2025-11-05T10:08:06Z</time>
      </trkpt>
      <trkpt lat="22.5717524" lon="113.9450956">
        <ele>7.86499</ele>
        <time>2025-11-05T10:08:08Z</time>
      </trkpt>
      <trkpt lat="22.5717479" lon="113.945129">
        <ele>7.465</ele>
        <time>2025-11-05T10:08:10Z</time>
      </trkpt>
      <trkpt lat="22.5717453" lon="113.9451612">
        <ele>7.54899</ele>
        <time>2025-11-05T10:08:12Z</time>
      </trkpt>
      <trkpt lat="22.5717436" lon="113.9451958">
        <ele>8.28499</ele>
        <time>2025-11-05T10:08:14Z</time>
      </trkpt>
      <trkpt lat="22.5717412" lon="113.9452343">
        <ele>8.402</ele>
        <time>2025-11-05T10:08:16Z</time>
      </trkpt>
      <trkpt lat="22.5717381" lon="113.9452746">
        <ele>8.43099</ele>
        <time>2025-11-05T10:08:18Z</time>
      </trkpt>
      <trkpt lat="22.5717345" lon="113.9453143">
        <ele>9.684</ele>
        <time>2025-11-05T10:08:20Z</time>
      </trkpt>
      <trkpt lat="22.5717309" lon="113.9453524">
        <ele>12.02</ele>
        <time>2025-11-05T10:08:22Z</time>
      </trkpt>
      <trkpt lat="22.5717293" lon="113.9453888">
        <ele>13.659</ele>
        <time>2025-11-05T10:08:24Z</time>
      </trkpt>
      <trkpt lat="22.5717291" lon="113.9454287">
        <ele>13.63799</ele>
        <time>2025-11-05T10:08:26Z</time>
      </trkpt>
      <trkpt lat="22.5717312" lon="113.9454695">
        <ele>16.22699</ele>
        <time>2025-11-05T10:08:28Z</time>
      </trkpt>
      <trkpt lat="22.5717362" lon="113.9455122">
        <ele>16.625</ele>
        <time>2025-11-05T10:08:30Z</time>
      </trkpt>
      <trkpt lat="22.5717436" lon="113.9455577">
        <ele>18.673</ele>
        <time>2025-11-05T10:08:32Z</time>
      </trkpt>
      <trkpt lat="22.5717499" lon="113.9456016">
        <ele>19.856</ele>
        <time>2025-11-05T10:08:34Z</time>
      </trkpt>
      <trkpt lat="22.5717571" lon="113.9456437">
        <ele>20.929</ele>
        <time>2025-11-05T10:08:36Z</time>
      </trkpt>
      <trkpt lat="22.5717671" lon="113.9456838">
        <ele>22.68899</ele>
        <time>2025-11-05T10:08:38Z</time>
      </trkpt>
      <trkpt lat="22.5717776" lon="113.9457232">
        <ele>24.43</ele>
        <time>2025-11-05T10:08:40Z</time>
      </trkpt>
      <trkpt lat="22.5717873" lon="113.9457636">
        <ele>29.339</ele>
        <time>2025-11-05T10:08:42Z</time>
      </trkpt>
      <trkpt lat="22.5717997" lon="113.9458089">
        <ele>32.846</ele>
        <time>2025-11-05T10:08:44Z</time>
      </trkpt>
      <trkpt lat="22.5718121" lon="113.9458542">
        <ele>34.18199</ele>
        <time>2025-11-05T10:08:46Z</time>
      </trkpt>
      <trkpt lat="22.5718206" lon="113.9458952">
        <ele>36.59</ele>
        <time>2025-11-05T10:08:48Z</time>
      </trkpt>
      <trkpt lat="22.5718224" lon="113.9459295">
        <ele>37.337</ele>
        <time>2025-11-05T10:08:50Z</time>
      </trkpt>
      <trkpt lat="22.5718202" lon="113.9459586">
        <ele>34.381</ele>
        <time>2025-11-05T10:08:52Z</time>
      </trkpt>
      <trkpt lat="22.5718148" lon="113.945984">
        <ele>27.128</ele>
        <time>2025-11-05T10:08:55Z</time>
      </trkpt>
      <trkpt lat="22.5718075" lon="113.9460062">
        <ele>27.686</ele>
        <time>2025-11-05T10:08:57Z</time>
      </trkpt>
      <trkpt lat="22.5717989" lon="113.9460294">
        <ele>26.322</ele>
        <time>2025-11-05T10:08:59Z</time>
      </trkpt>
      <trkpt lat="22.5717905" lon="113.9460542">
        <ele>25.93499</ele>
        <time>2025-11-05T10:09:01Z</time>
      </trkpt>
      <trkpt lat="22.5717811" lon="113.9460815">
        <ele>22.02199</ele>
        <time>2025-11-05T10:09:03Z</time>
      </trkpt>
      <trkpt lat="22.5717711" lon="113.9461117">
        <ele>18.60799</ele>
        <time>2025-11-05T10:09:05Z</time>
      </trkpt>
      <trkpt lat="22.5717611" lon="113.9461459">
        <ele>17.22699</ele>
        <time>2025-11-05T10:09:07Z</time>
      </trkpt>
      <trkpt lat="22.5717517" lon="113.9461843">
        <ele>17.20899</ele>
        <time>2025-11-05T10:09:09Z</time>
      </trkpt>
      <trkpt lat="22.5717454" lon="113.946226">
        <ele>19.76399</ele>
        <time>2025-11-05T10:09:11Z</time>
      </trkpt>
      <trkpt lat="22.571742" lon="113.9462697">
        <ele>20.083</ele>
        <time>2025-11-05T10:09:13Z</time>
      </trkpt>
      <trkpt lat="22.5717389" lon="113.9463135">
        <ele>18.71599</ele>
        <time>2025-11-05T10:09:15Z</time>
      </trkpt>
      <trkpt lat="22.5717344" lon="113.9463562">
        <ele>19.41699</ele>
        <time>2025-11-05T10:09:17Z</time>
      </trkpt>
      <trkpt lat="22.5717289" lon="113.946399">
        <ele>19.88299</ele>
        <time>2025-11-05T10:09:19Z</time>
      </trkpt>
      <trkpt lat="22.5717225" lon="113.9464426">
        <ele>19.999</ele>
        <time>2025-11-05T10:09:21Z</time>
      </trkpt>
      <trkpt lat="22.5717151" lon="113.9464863">
        <ele>20.51899</ele>
        <time>2025-11-05T10:09:23Z</time>
      </trkpt>
      <trkpt lat="22.5717064" lon="113.9465286">
        <ele>20.74699</ele>
        <time>2025-11-05T10:09:25Z</time>
      </trkpt>
      <trkpt lat="22.5716977" lon="113.9465709">
        <ele>23.742</ele>
        <time>2025-11-05T10:09:27Z</time>
      </trkpt>
      <trkpt lat="22.571691" lon="113.9466123">
        <ele>27.25499</ele>
        <time>2025-11-05T10:09:29Z</time>
      </trkpt>
      <trkpt lat="22.5716875" lon="113.946651">
        <ele>29.49799</ele>
        <time>2025-11-05T10:09:31Z</time>
      </trkpt>
      <trkpt lat="22.5716877" lon="113.9466862">
        <ele>32.012</ele>
        <time>2025-11-05T10:09:33Z</time>
      </trkpt>
      <trkpt lat="22.5716916" lon="113.946719">
        <ele>31.179</ele>
        <time>2025-11-05T10:09:35Z</time>
      </trkpt>
      <trkpt lat="22.5716982" lon="113.9467505">
        <ele>32.192</ele>
        <time>2025-11-05T10:09:37Z</time>
      </trkpt>
      <trkpt lat="22.5717058" lon="113.9467785">
        <ele>33.567</ele>
        <time>2025-11-05T10:09:39Z</time>
      </trkpt>
      <trkpt lat="22.5717132" lon="113.9468075">
        <ele>31.569</ele>
        <time>2025-11-05T10:09:41Z</time>
      </trkpt>
      <trkpt lat="22.5717198" lon="113.946836">
        <ele>30.378</ele>
        <time>2025-11-05T10:09:43Z</time>
      </trkpt>
      <trkpt lat="22.5717265" lon="113.9468643">
        <ele>28.10499</ele>
        <time>2025-11-05T10:09:45Z</time>
      </trkpt>
      <trkpt lat="22.5717325" lon="113.9468914">
        <ele>29.086</ele>
        <time>2025-11-05T10:09:47Z</time>
      </trkpt>
      <trkpt lat="22.5717375" lon="113.9469202">
        <ele>30.29299</ele>
        <time>2025-11-05T10:09:49Z</time>
      </trkpt>
      <trkpt lat="22.5717383" lon="113.946948">
        <ele>26.565</ele>
        <time>2025-11-05T10:09:51Z</time>
      </trkpt>
      <trkpt lat="22.5717344" lon="113.9469828">
        <ele>24.34199</ele>
        <time>2025-11-05T10:09:53Z</time>
      </trkpt>
      <trkpt lat="22.5717262" lon="113.9470226">
        <ele>20.70299</ele>
        <time>2025-11-05T10:09:55Z</time>
      </trkpt>
      <trkpt lat="22.5717164" lon="113.9470651">
        <ele>20.075</ele>
        <time>2025-11-05T10:09:57Z</time>
      </trkpt>
      <trkpt lat="22.5717057" lon="113.9471106">
        <ele>19.26899</ele>
        <time>2025-11-05T10:09:59Z</time>
      </trkpt>
      <trkpt lat="22.571697" lon="113.9471579">
        <ele>18.35899</ele>
        <time>2025-11-05T10:10:01Z</time>
      </trkpt>
      <trkpt lat="22.5716917" lon="113.947202">
        <ele>17.07999</ele>
        <time>2025-11-05T10:10:03Z</time>
      </trkpt>
      <trkpt lat="22.5716897" lon="113.9472425">
        <ele>16.17399</ele>
        <time>2025-11-05T10:10:05Z</time>
      </trkpt>
      <trkpt lat="22.5716901" lon="113.9472829">
        <ele>17.766</ele>
        <time>2025-11-05T10:10:07Z</time>
      </trkpt>
      <trkpt lat="22.5716927" lon="113.947321">
        <ele>19.309</ele>
        <time>2025-11-05T10:10:09Z</time>
      </trkpt>
      <trkpt lat="22.571698" lon="113.9473562">
        <ele>20.03599</ele>
        <time>2025-11-05T10:10:11Z</time>
      </trkpt>
      <trkpt lat="22.571708" lon="113.9473893">
        <ele>21.49399</ele>
        <time>2025-11-05T10:10:13Z</time>
      </trkpt>
      <trkpt lat="22.5717222" lon="113.9474222">
        <ele>24.242</ele>
        <time>2025-11-05T10:10:15Z</time>
      </trkpt>
      <trkpt lat="22.5717404" lon="113.9474501">
        <ele>27.052</ele>
        <time>2025-11-05T10:10:17Z</time>
      </trkpt>
      <trkpt lat="22.5717588" lon="113.947477">
        <ele>29.318</ele>
        <time>2025-11-05T10:10:19Z</time>
      </trkpt>
      <trkpt lat="22.571775" lon="113.9475095">
        <ele>29.857</ele>
        <time>2025-11-05T10:10:21Z</time>
      </trkpt>
      <trkpt lat="22.5717856" lon="113.9475431">
        <ele>30.20199</ele>
        <time>2025-11-05T10:10:23Z</time>
      </trkpt>
      <trkpt lat="22.5717898" lon="113.9475755">
        <ele>26.53</ele>
        <time>2025-11-05T10:10:25Z</time>
      </trkpt>
      <trkpt lat="22.5717893" lon="113.9476117">
        <ele>25.235</ele>
        <time>2025-11-05T10:10:27Z</time>
      </trkpt>
      <trkpt lat="22.5717863" lon="113.9476535">
        <ele>22.42399</ele>
        <time>2025-11-05T10:10:29Z</time>
      </trkpt>
      <trkpt lat="22.5717787" lon="113.9476932">
        <ele>21.40699</ele>
        <time>2025-11-05T10:10:31Z</time>
      </trkpt>
      <trkpt lat="22.5717684" lon="113.9477308">
        <ele>18.569</ele>
        <time>2025-11-05T10:10:33Z</time>
      </trkpt>
      <trkpt lat="22.5717609" lon="113.9477665">
        <ele>18.208</ele>
        <time>2025-11-05T10:10:35Z</time>
      </trkpt>
      <trkpt lat="22.5717551" lon="113.9478012">
        <ele>17.433</ele>
        <time>2025-11-05T10:10:37Z</time>
      </trkpt>
      <trkpt lat="22.57175" lon="113.9478334">
        <ele>14.612</ele>
        <time>2025-11-05T10:10:40Z</time>
      </trkpt>
      <trkpt lat="22.5717486" lon="113.9478663">
        <ele>13.961</ele>
        <time>2025-11-05T10:10:42Z</time>
      </trkpt>
      <trkpt lat="22.5717526" lon="113.9479008">
        <ele>16.16799</ele>
        <time>2025-11-05T10:10:44Z</time>
      </trkpt>
      <trkpt lat="22.5717571" lon="113.9479385">
        <ele>17.36</ele>
        <time>2025-11-05T10:10:46Z</time>
      </trkpt>
      <trkpt lat="22.5717603" lon="113.9479742">
        <ele>15.612</ele>
        <time>2025-11-05T10:10:48Z</time>
      </trkpt>
      <trkpt lat="22.5717675" lon="113.9480073">
        <ele>16.76199</ele>
        <time>2025-11-05T10:10:50Z</time>
      </trkpt>
      <trkpt lat="22.5717742" lon="113.9480413">
        <ele>15.66899</ele>
        <time>2025-11-05T10:10:52Z</time>
      </trkpt>
      <trkpt lat="22.5717773" lon="113.9480762">
        <ele>12.40999</ele>
        <time>2025-11-05T10:10:54Z</time>
      </trkpt>
      <trkpt lat="22.5717793" lon="113.9481127">
        <ele>10.72</ele>
        <time>2025-11-05T10:10:56Z</time>
      </trkpt>
      <trkpt lat="22.5717825" lon="113.9481557">
        <ele>14.17199</ele>
        <time>2025-11-05T10:10:58Z</time>
      </trkpt>
      <trkpt lat="22.5717805" lon="113.9482015">
        <ele>12.02499</ele>
        <time>2025-11-05T10:11:00Z</time>
      </trkpt>
      <trkpt lat="22.5717779" lon="113.9482438">
        <ele>12.90499</ele>
        <time>2025-11-05T10:11:02Z</time>
      </trkpt>
      <trkpt lat="22.5717761" lon="113.9482847">
        <ele>15.095</ele>
        <time>2025-11-05T10:11:04Z</time>
      </trkpt>
      <trkpt lat="22.5717749" lon="113.9483235">
        <ele>17.145</ele>
        <time>2025-11-05T10:11:06Z</time>
      </trkpt>
      <trkpt lat="22.5717741" lon="113.9483577">
        <ele>16.24399</ele>
        <time>2025-11-05T10:11:08Z</time>
      </trkpt>
      <trkpt lat="22.5717767" lon="113.9483878">
        <ele>16.20899</ele>
        <time>2025-11-05T10:11:10Z</time>
      </trkpt>
      <trkpt lat="22.5717834" lon="113.9484212">
        <ele>16.017</ele>
        <time>2025-11-05T10:11:12Z</time>
      </trkpt>
      <trkpt lat="22.5717919" lon="113.948454">
        <ele>9.991</ele>
        <time>2025-11-05T10:11:14Z</time>
      </trkpt>
      <trkpt lat="22.5717993" lon="113.9484903">
        <ele>10.48099</ele>
        <time>2025-11-05T10:11:16Z</time>
      </trkpt>
      <trkpt lat="22.5718047" lon="113.9485287">
        <ele>12.755</ele>
        <time>2025-11-05T10:11:18Z</time>
      </trkpt>
      <trkpt lat="22.5718083" lon="113.9485682">
        <ele>15.017</ele>
        <time>2025-11-05T10:11:20Z</time>
      </trkpt>
      <trkpt lat="22.5718101" lon="113.9486058">
        <ele>14.56999</ele>
        <time>2025-11-05T10:11:22Z</time>
      </trkpt>
      <trkpt lat="22.5718118" lon="113.9486453">
        <ele>14.14999</ele>
        <time>2025-11-05T10:11:24Z</time>
      </trkpt>
      <trkpt lat="22.5718139" lon="113.9486787">
        <ele>13.704</ele>
        <time>2025-11-05T10:11:26Z</time>
      </trkpt>
      <trkpt lat="22.5718184" lon="113.9487109">
        <ele>15.20199</ele>
        <time>2025-11-05T10:11:28Z</time>
      </trkpt>
      <trkpt lat="22.5718212" lon="113.9487452">
        <ele>16.686</ele>
        <time>2025-11-05T10:11:30Z</time>
      </trkpt>
      <trkpt lat="22.5718209" lon="113.9487811">
        <ele>15.453</ele>
        <time>2025-11-05T10:11:32Z</time>
      </trkpt>
      <trkpt lat="22.5718177" lon="113.948819">
        <ele>10.192</ele>
        <time>2025-11-05T10:11:34Z</time>
      </trkpt>
      <trkpt lat="22.5718121" lon="113.9488663">
        <ele>7.69199</ele>
        <time>2025-11-05T10:11:36Z</time>
      </trkpt>
      <trkpt lat="22.5718046" lon="113.9489189">
        <ele>6.55299</ele>
        <time>2025-11-05T10:11:38Z</time>
      </trkpt>
      <trkpt lat="22.5717982" lon="113.9489736">
        <ele>5.31599</ele>
        <time>2025-11-05T10:11:40Z</time>
      </trkpt>
      <trkpt lat="22.5717923" lon="113.9490276">
        <ele>6.13299</ele>
        <time>2025-11-05T10:11:42Z</time>
      </trkpt>
      <trkpt lat="22.5717886" lon="113.9490788">
        <ele>5.71899</ele>
        <time>2025-11-05T10:11:44Z</time>
      </trkpt>
      <trkpt lat="22.5717865" lon="113.9491248">
        <ele>2.936</ele>
        <time>2025-11-05T10:11:46Z</time>
      </trkpt>
      <trkpt lat="22.5717841" lon="113.9491677">
        <ele>1.302</ele>
        <time>2025-11-05T10:11:48Z</time>
      </trkpt>
      <trkpt lat="22.5717817" lon="113.9492083">
        <ele>0.555</ele>
        <time>2025-11-05T10:11:50Z</time>
      </trkpt>
      <trkpt lat="22.5717803" lon="113.9492492">
        <ele>1.276</ele>
        <time>2025-11-05T10:11:52Z</time>
      </trkpt>
      <trkpt lat="22.5717788" lon="113.9492904">
        <ele>1.944</ele>
        <time>2025-11-05T10:11:54Z</time>
      </trkpt>
      <trkpt lat="22.571777" lon="113.9493299">
        <ele>2.197</ele>
        <time>2025-11-05T10:11:56Z</time>
      </trkpt>
      <trkpt lat="22.5717743" lon="113.9493671">
        <ele>1.391</ele>
        <time>2025-11-05T10:11:58Z</time>
      </trkpt>
      <trkpt lat="22.5717686" lon="113.9494048">
        <ele>4.92299</ele>
        <time>2025-11-05T10:12:00Z</time>
      </trkpt>
      <trkpt lat="22.571757" lon="113.949444">
        <ele>8.13</ele>
        <time>2025-11-05T10:12:02Z</time>
      </trkpt>
      <trkpt lat="22.5717395" lon="113.9494842">
        <ele>8.404</ele>
        <time>2025-11-05T10:12:04Z</time>
      </trkpt>
      <trkpt lat="22.5717227" lon="113.9495189">
        <ele>8.62199</ele>
        <time>2025-11-05T10:12:06Z</time>
      </trkpt>
      <trkpt lat="22.5716867" lon="113.9495723">
        <ele>4.32899</ele>
        <time>2025-11-05T10:12:08Z</time>
      </trkpt>
      <trkpt lat="22.5716639" lon="113.9495995">
        <ele>2.87199</ele>
        <time>2025-11-05T10:12:10Z</time>
      </trkpt>
      <trkpt lat="22.5716527" lon="113.949618">
        <ele>1.77699</ele>
        <time>2025-11-05T10:12:12Z</time>
      </trkpt>
      <trkpt lat="22.5716341" lon="113.9496484">
        <ele>2.295</ele>
        <time>2025-11-05T10:12:14Z</time>
      </trkpt>
      <trkpt lat="22.5716223" lon="113.9496689">
        <ele>3.788</ele>
        <time>2025-11-05T10:12:16Z</time>
      </trkpt>
      <trkpt lat="22.5716223" lon="113.9496689">
        <ele>3.788</ele>
        <time>2025-11-05T10:12:16Z</time>
      </trkpt>
      <trkpt lat="22.5716605" lon="113.9501062">
        <ele>6.592</ele>
        <time>2025-11-05T10:12:16Z</time>
      </trkpt>
      <trkpt lat="22.5716719" lon="113.9501359">
        <ele>4.66699</ele>
        <time>2025-11-05T10:12:18Z</time>
      </trkpt>
      <trkpt lat="22.5716714" lon="113.9501616">
        <ele>4.57399</ele>
        <time>2025-11-05T10:12:20Z</time>
      </trkpt>
      <trkpt lat="22.5716675" lon="113.9501957">
        <ele>4.097</ele>
        <time>2025-11-05T10:12:22Z</time>
      </trkpt>
      <trkpt lat="22.5716581" lon="113.9502349">
        <ele>4.247</ele>
        <time>2025-11-05T10:12:24Z</time>
      </trkpt>
      <trkpt lat="22.5716477" lon="113.9502777">
        <ele>2.81699</ele>
        <time>2025-11-05T10:12:26Z</time>
      </trkpt>
      <trkpt lat="22.5716387" lon="113.9503216">
        <ele>2.255</ele>
        <time>2025-11-05T10:12:28Z</time>
      </trkpt>
      <trkpt lat="22.5716339" lon="113.9503652">
        <ele>1.56599</ele>
        <time>2025-11-05T10:12:30Z</time>
      </trkpt>
      <trkpt lat="22.5716327" lon="113.9504092">
        <ele>1.498</ele>
        <time>2025-11-05T10:12:32Z</time>
      </trkpt>
      <trkpt lat="22.5716329" lon="113.9504525">
        <ele>1.416</ele>
        <time>2025-11-05T10:12:34Z</time>
      </trkpt>
      <trkpt lat="22.5716321" lon="113.9504952">
        <ele>1.20599</ele>
        <time>2025-11-05T10:12:36Z</time>
      </trkpt>
      <trkpt lat="22.5716318" lon="113.9505372">
        <ele>1.733</ele>
        <time>2025-11-05T10:12:38Z</time>
      </trkpt>
      <trkpt lat="22.5716313" lon="113.950579">
        <ele>2.101</ele>
        <time>2025-11-05T10:12:40Z</time>
      </trkpt>
      <trkpt lat="22.5716311" lon="113.9506198">
        <ele>1.955</ele>
        <time>2025-11-05T10:12:42Z</time>
      </trkpt>
      <trkpt lat="22.5716314" lon="113.9506595">
        <ele>2.19099</ele>
        <time>2025-11-05T10:12:44Z</time>
      </trkpt>
      <trkpt lat="22.5716319" lon="113.9506984">
        <ele>1.82599</ele>
        <time>2025-11-05T10:12:46Z</time>
      </trkpt>
      <trkpt lat="22.571631" lon="113.9507358">
        <ele>2.137</ele>
        <time>2025-11-05T10:12:48Z</time>
      </trkpt>
      <trkpt lat="22.5716286" lon="113.9507726">
        <ele>2.06299</ele>
        <time>2025-11-05T10:12:50Z</time>
      </trkpt>
      <trkpt lat="22.5716263" lon="113.9508088">
        <ele>1.38399</ele>
        <time>2025-11-05T10:12:52Z</time>
      </trkpt>
      <trkpt lat="22.5716248" lon="113.9508456">
        <ele>1.43799</ele>
        <time>2025-11-05T10:12:54Z</time>
      </trkpt>
      <trkpt lat="22.571624" lon="113.9508826">
        <ele>2.00399</ele>
        <time>2025-11-05T10:12:56Z</time>
      </trkpt>
      <trkpt lat="22.5716246" lon="113.9509208">
        <ele>1.501</ele>
        <time>2025-11-05T10:12:58Z</time>
      </trkpt>
      <trkpt lat="22.5716265" lon="113.9509583">
        <ele>1.82099</ele>
        <time>2025-11-05T10:13:00Z</time>
      </trkpt>
      <trkpt lat="22.5716271" lon="113.9509965">
        <ele>2.12899</ele>
        <time>2025-11-05T10:13:02Z</time>
      </trkpt>
      <trkpt lat="22.5716273" lon="113.9510339">
        <ele>2.03099</ele>
        <time>2025-11-05T10:13:04Z</time>
      </trkpt>
      <trkpt lat="22.5716275" lon="113.9510715">
        <ele>2.29299</ele>
        <time>2025-11-05T10:13:06Z</time>
      </trkpt>
      <trkpt lat="22.5716274" lon="113.9511088">
        <ele>2.00399</ele>
        <time>2025-11-05T10:13:08Z</time>
      </trkpt>
      <trkpt lat="22.5716271" lon="113.9511461">
        <ele>2.43899</ele>
        <time>2025-11-05T10:13:10Z</time>
      </trkpt>
      <trkpt lat="22.5716281" lon="113.951183">
        <ele>2.315</ele>
        <time>2025-11-05T10:13:12Z</time>
      </trkpt>
      <trkpt lat="22.5716301" lon="113.9512198">
        <ele>2.69</ele>
        <time>2025-11-05T10:13:14Z</time>
      </trkpt>
      <trkpt lat="22.5716327" lon="113.9512557">
        <ele>2.775</ele>
        <time>2025-11-05T10:13:16Z</time>
      </trkpt>
      <trkpt lat="22.5716364" lon="113.9512903">
        <ele>3.486</ele>
        <time>2025-11-05T10:13:18Z</time>
      </trkpt>
      <trkpt lat="22.5716406" lon="113.9513254">
        <ele>3.34899</ele>
        <time>2025-11-05T10:13:20Z</time>
      </trkpt>
      <trkpt lat="22.5716437" lon="113.95136">
        <ele>3.50699</ele>
        <time>2025-11-05T10:13:22Z</time>
      </trkpt>
      <trkpt lat="22.5716458" lon="113.9513957">
        <ele>3.79099</ele>
        <time>2025-11-05T10:13:24Z</time>
      </trkpt>
      <trkpt lat="22.5716474" lon="113.9514323">
        <ele>3.519</ele>
        <time>2025-11-05T10:13:26Z</time>
      </trkpt>
      <trkpt lat="22.5716473" lon="113.9514706">
        <ele>3.443</ele>
        <time>2025-11-05T10:13:28Z</time>
      </trkpt>
      <trkpt lat="22.5716457" lon="113.9515086">
        <ele>3.39</ele>
        <time>2025-11-05T10:13:30Z</time>
      </trkpt>
      <trkpt lat="22.5716443" lon="113.9515472">
        <ele>4.038</ele>
        <time>2025-11-05T10:13:32Z</time>
      </trkpt>
      <trkpt lat="22.5716424" lon="113.9515853">
        <ele>3.818</ele>
        <time>2025-11-05T10:13:34Z</time>
      </trkpt>
      <trkpt lat="22.5716401" lon="113.9516229">
        <ele>3.41499</ele>
        <time>2025-11-05T10:13:36Z</time>
      </trkpt>
      <trkpt lat="22.571638" lon="113.951661">
        <ele>3.55599</ele>
        <time>2025-11-05T10:13:38Z</time>
      </trkpt>
      <trkpt lat="22.5716371" lon="113.9516999">
        <ele>3.288</ele>
        <time>2025-11-05T10:13:40Z</time>
      </trkpt>
      <trkpt lat="22.5716376" lon="113.9517382">
        <ele>3.766</ele>
        <time>2025-11-05T10:13:42Z</time>
      </trkpt>
      <trkpt lat="22.5716447" lon="113.9517726">
        <ele>4.287</ele>
        <time>2025-11-05T10:13:44Z</time>
      </trkpt>
      <trkpt lat="22.5716602" lon="113.9517995">
        <ele>4.926</ele>
        <time>2025-11-05T10:13:46Z</time>
      </trkpt>
      <trkpt lat="22.571684" lon="113.9518167">
        <ele>6.296</ele>
        <time>2025-11-05T10:13:48Z</time>
      </trkpt>
      <trkpt lat="22.5717116" lon="113.9518196">
        <ele>8.96599</ele>
        <time>2025-11-05T10:13:50Z</time>
      </trkpt>
      <trkpt lat="22.5717415" lon="113.9518085">
        <ele>9.805</ele>
        <time>2025-11-05T10:13:52Z</time>
      </trkpt>
      <trkpt lat="22.5717682" lon="113.9517875">
        <ele>9.93</ele>
        <time>2025-11-05T10:13:54Z</time>
      </trkpt>
      <trkpt lat="22.57179" lon="113.9517617">
        <ele>9.41399</ele>
        <time>2025-11-05T10:13:56Z</time>
      </trkpt>
      <trkpt lat="22.5718094" lon="113.9517316">
        <ele>8.895</ele>
        <time>2025-11-05T10:13:58Z</time>
      </trkpt>
      <trkpt lat="22.5718287" lon="113.9517032">
        <ele>7.52799</ele>
        <time>2025-11-05T10:14:00Z</time>
      </trkpt>
      <trkpt lat="22.5718488" lon="113.9516737">
        <ele>7.419</ele>
        <time>2025-11-05T10:14:02Z</time>
      </trkpt>
      <trkpt lat="22.5718717" lon="113.9516467">
        <ele>8.44799</ele>
        <time>2025-11-05T10:14:04Z</time>
      </trkpt>
      <trkpt lat="22.5718991" lon="113.951621">
        <ele>7.88999</ele>
        <time>2025-11-05T10:14:06Z</time>
      </trkpt>
      <trkpt lat="22.5719289" lon="113.9515965">
        <ele>8.626</ele>
        <time>2025-11-05T10:14:08Z</time>
      </trkpt>
      <trkpt lat="22.5719591" lon="113.9515714">
        <ele>9.222</ele>
        <time>2025-11-05T10:14:10Z</time>
      </trkpt>
      <trkpt lat="22.5719872" lon="113.9515487">
        <ele>8.687</ele>
        <time>2025-11-05T10:14:12Z</time>
      </trkpt>
      <trkpt lat="22.5720113" lon="113.9515228">
        <ele>8.55099</ele>
        <time>2025-11-05T10:14:14Z</time>
      </trkpt>
      <trkpt lat="22.5720276" lon="113.9514938">
        <ele>8.28699</ele>
        <time>2025-11-05T10:14:16Z</time>
      </trkpt>
      <trkpt lat="22.5720383" lon="113.9514624">
        <ele>10.071</ele>
        <time>2025-11-05T10:14:18Z</time>
      </trkpt>
      <trkpt lat="22.5720447" lon="113.9514303">
        <ele>10.90699</ele>
        <time>2025-11-05T10:14:20Z</time>
      </trkpt>
      <trkpt lat="22.5720478" lon="113.9513947">
        <ele>10.913</ele>
        <time>2025-11-05T10:14:22Z</time>
      </trkpt>
      <trkpt lat="22.572045" lon="113.9513587">
        <ele>10.52499</ele>
        <time>2025-11-05T10:14:24Z</time>
      </trkpt>
      <trkpt lat="22.5720379" lon="113.9513234">
        <ele>12.159</ele>
        <time>2025-11-05T10:14:26Z</time>
      </trkpt>
      <trkpt lat="22.5720247" lon="113.9512909">
        <ele>12.19299</ele>
        <time>2025-11-05T10:14:28Z</time>
      </trkpt>
      <trkpt lat="22.5720098" lon="113.9512586">
        <ele>13.137</ele>
        <time>2025-11-05T10:14:30Z</time>
      </trkpt>
      <trkpt lat="22.5719976" lon="113.9512267">
        <ele>13.96899</ele>
        <time>2025-11-05T10:14:32Z</time>
      </trkpt>
      <trkpt lat="22.5719935" lon="113.9511974">
        <ele>12.32299</ele>
        <time>2025-11-05T10:14:34Z</time>
      </trkpt>
      <trkpt lat="22.5719988" lon="113.9511696">
        <ele>11.993</ele>
        <time>2025-11-05T10:14:36Z</time>
      </trkpt>
      <trkpt lat="22.5720145" lon="113.9511409">
        <ele>12.928</ele>
        <time>2025-11-05T10:14:38Z</time>
      </trkpt>
      <trkpt lat="22.5720424" lon="113.951112">
        <ele>14.05099</ele>
        <time>2025-11-05T10:14:40Z</time>
      </trkpt>
      <trkpt lat="22.5720802" lon="113.9510877">
        <ele>14.13899</ele>
        <time>2025-11-05T10:14:42Z</time>
      </trkpt>
      <trkpt lat="22.5721208" lon="113.9510637">
        <ele>15.06099</ele>
        <time>2025-11-05T10:14:44Z</time>
      </trkpt>
      <trkpt lat="22.5721638" lon="113.9510386">
        <ele>15.22799</ele>
        <time>2025-11-05T10:14:46Z</time>
      </trkpt>
      <trkpt lat="22.5722086" lon="113.9510137">
        <ele>16</ele>
        <time>2025-11-05T10:14:48Z</time>
      </trkpt>
      <trkpt lat="22.5722491" lon="113.9509909">
        <ele>17.853</ele>
        <time>2025-11-05T10:14:50Z</time>
      </trkpt>
      <trkpt lat="22.572282" lon="113.9509679">
        <ele>18.13999</ele>
        <time>2025-11-05T10:14:52Z</time>
      </trkpt>
      <trkpt lat="22.5723118" lon="113.9509472">
        <ele>17.06999</ele>
        <time>2025-11-05T10:14:54Z</time>
      </trkpt>
      <trkpt lat="22.5723383" lon="113.9509301">
        <ele>12.60999</ele>
        <time>2025-11-05T10:14:56Z</time>
      </trkpt>
      <trkpt lat="22.5723624" lon="113.9509162">
        <ele>9.677</ele>
        <time>2025-11-05T10:14:58Z</time>
      </trkpt>
      <trkpt lat="22.572388" lon="113.9509048">
        <ele>7.71799</ele>
        <time>2025-11-05T10:15:00Z</time>
      </trkpt>
      <trkpt lat="22.5724164" lon="113.9508969">
        <ele>6.3</ele>
        <time>2025-11-05T10:15:02Z</time>
      </trkpt>
      <trkpt lat="22.5724462" lon="113.9508882">
        <ele>4.142</ele>
        <time>2025-11-05T10:15:04Z</time>
      </trkpt>
      <trkpt lat="22.5724749" lon="113.9508778">
        <ele>4.83599</ele>
        <time>2025-11-05T10:15:06Z</time>
      </trkpt>
      <trkpt lat="22.5725034" lon="113.9508689">
        <ele>6.39699</ele>
        <time>2025-11-05T10:15:08Z</time>
      </trkpt>
      <trkpt lat="22.5725297" lon="113.95086">
        <ele>6.69799</ele>
        <time>2025-11-05T10:15:10Z</time>
      </trkpt>
      <trkpt lat="22.5725578" lon="113.9508494">
        <ele>7.135</ele>
        <time>2025-11-05T10:15:12Z</time>
      </trkpt>
      <trkpt lat="22.57259" lon="113.9508382">
        <ele>7.039</ele>
        <time>2025-11-05T10:15:14Z</time>
      </trkpt>
      <trkpt lat="22.5726277" lon="113.9508283">
        <ele>4.116</ele>
        <time>2025-11-05T10:15:16Z</time>
      </trkpt>
      <trkpt lat="22.5726682" lon="113.9508172">
        <ele>3.50799</ele>
        <time>2025-11-05T10:15:18Z</time>
      </trkpt>
      <trkpt lat="22.5727105" lon="113.9508039">
        <ele>3.344</ele>
        <time>2025-11-05T10:15:20Z</time>
      </trkpt>
      <trkpt lat="22.5727507" lon="113.9507903">
        <ele>2.88199</ele>
        <time>2025-11-05T10:15:22Z</time>
      </trkpt>
      <trkpt lat="22.5727877" lon="113.9507784">
        <ele>3.25799</ele>
        <time>2025-11-05T10:15:24Z</time>
      </trkpt>
      <trkpt lat="22.5728233" lon="113.9507687">
        <ele>4.40999</ele>
        <time>2025-11-05T10:15:26Z</time>
      </trkpt>
      <trkpt lat="22.572858" lon="113.9507596">
        <ele>5.39799</ele>
        <time>2025-11-05T10:15:28Z</time>
      </trkpt>
      <trkpt lat="22.5728912" lon="113.9507509">
        <ele>6.06199</ele>
        <time>2025-11-05T10:15:30Z</time>
      </trkpt>
      <trkpt lat="22.5729264" lon="113.9507435">
        <ele>6.38899</ele>
        <time>2025-11-05T10:15:32Z</time>
      </trkpt>
      <trkpt lat="22.5729636" lon="113.9507376">
        <ele>7.14599</ele>
        <time>2025-11-05T10:15:34Z</time>
      </trkpt>
      <trkpt lat="22.5730008" lon="113.9507312">
        <ele>7.393</ele>
        <time>2025-11-05T10:15:36Z</time>
      </trkpt>
      <trkpt lat="22.5730385" lon="113.9507253">
        <ele>6.80299</ele>
        <time>2025-11-05T10:15:38Z</time>
      </trkpt>
      <trkpt lat="22.5730783" lon="113.9507204">
        <ele>6.524</ele>
        <time>2025-11-05T10:15:40Z</time>
      </trkpt>
      <trkpt lat="22.573117" lon="113.9507169">
        <ele>7.918</ele>
        <time>2025-11-05T10:15:42Z</time>
      </trkpt>
      <trkpt lat="22.5731527" lon="113.9507123">
        <ele>7.026</ele>
        <time>2025-11-05T10:15:44Z</time>
      </trkpt>
      <trkpt lat="22.5731901" lon="113.9507069">
        <ele>6.26499</ele>
        <time>2025-11-05T10:15:46Z</time>
      </trkpt>
      <trkpt lat="22.5732262" lon="113.9507069">
        <ele>5.596</ele>
        <time>2025-11-05T10:15:51Z</time>
      </trkpt>
      <trkpt lat="22.57326" lon="113.9507083">
        <ele>7.241</ele>
        <time>2025-11-05T10:15:53Z</time>
      </trkpt>
      <trkpt lat="22.5732935" lon="113.9507097">
        <ele>4.11899</ele>
        <time>2025-11-05T10:15:55Z</time>
      </trkpt>
      <trkpt lat="22.5733294" lon="113.9507116">
        <ele>6.55999</ele>
        <time>2025-11-05T10:15:57Z</time>
      </trkpt>
      <trkpt lat="22.5733636" lon="113.9507148">
        <ele>7.44399</ele>
        <time>2025-11-05T10:15:59Z</time>
      </trkpt>
      <trkpt lat="22.5733973" lon="113.9507127">
        <ele>7.52899</ele>
        <time>2025-11-05T10:16:01Z</time>
      </trkpt>
      <trkpt lat="22.5734322" lon="113.9507096">
        <ele>9.416</ele>
        <time>2025-11-05T10:16:03Z</time>
      </trkpt>
      <trkpt lat="22.5734674" lon="113.9507057">
        <ele>8.30399</ele>
        <time>2025-11-05T10:16:05Z</time>
      </trkpt>
      <trkpt lat="22.5735022" lon="113.950702">
        <ele>7.227</ele>
        <time>2025-11-05T10:16:07Z</time>
      </trkpt>
      <trkpt lat="22.5735351" lon="113.9506981">
        <ele>7.326</ele>
        <time>2025-11-05T10:16:09Z</time>
      </trkpt>
      <trkpt lat="22.5735683" lon="113.9506938">
        <ele>7.66699</ele>
        <time>2025-11-05T10:16:11Z</time>
      </trkpt>
      <trkpt lat="22.573602" lon="113.95069">
        <ele>6.32899</ele>
        <time>2025-11-05T10:16:13Z</time>
      </trkpt>
      <trkpt lat="22.5736367" lon="113.9506862">
        <ele>5.346</ele>
        <time>2025-11-05T10:16:15Z</time>
      </trkpt>
      <trkpt lat="22.5736716" lon="113.9506822">
        <ele>5.04199</ele>
        <time>2025-11-05T10:16:17Z</time>
      </trkpt>
      <trkpt lat="22.5737091" lon="113.9506771">
        <ele>4.40799</ele>
        <time>2025-11-05T10:16:19Z</time>
      </trkpt>
      <trkpt lat="22.5737484" lon="113.9506714">
        <ele>3.89</ele>
        <time>2025-11-05T10:16:21Z</time>
      </trkpt>
      <trkpt lat="22.5737872" lon="113.9506654">
        <ele>2.798</ele>
        <time>2025-11-05T10:16:23Z</time>
      </trkpt>
      <trkpt lat="22.5738252" lon="113.9506594">
        <ele>3.203</ele>
        <time>2025-11-05T10:16:25Z</time>
      </trkpt>
      <trkpt lat="22.5738619" lon="113.9506533">
        <ele>2.52399</ele>
        <time>2025-11-05T10:16:27Z</time>
      </trkpt>
      <trkpt lat="22.5738976" lon="113.9506475">
        <ele>2.90599</ele>
        <time>2025-11-05T10:16:29Z</time>
      </trkpt>
      <trkpt lat="22.5739307" lon="113.9506421">
        <ele>3.53299</ele>
        <time>2025-11-05T10:16:31Z</time>
      </trkpt>
      <trkpt lat="22.5739636" lon="113.9506381">
        <ele>4.176</ele>
        <time>2025-11-05T10:16:33Z</time>
      </trkpt>
      <trkpt lat="22.573996" lon="113.950635">
        <ele>3.47699</ele>
        <time>2025-11-05T10:16:35Z</time>
      </trkpt>
      <trkpt lat="22.5740283" lon="113.9506329">
        <ele>4.52699</ele>
        <time>2025-11-05T10:16:37Z</time>
      </trkpt>
      <trkpt lat="22.5740594" lon="113.9506318">
        <ele>5.23799</ele>
        <time>2025-11-05T10:16:39Z</time>
      </trkpt>
      <trkpt lat="22.5740915" lon="113.950631">
        <ele>7.51599</ele>
        <time>2025-11-05T10:16:41Z</time>
      </trkpt>
      <trkpt lat="22.5741243" lon="113.9506293">
        <ele>7.657</ele>
        <time>2025-11-05T10:16:43Z</time>
      </trkpt>
      <trkpt lat="22.5741579" lon="113.9506271">
        <ele>7.77699</ele>
        <time>2025-11-05T10:16:45Z</time>
      </trkpt>
      <trkpt lat="22.5741927" lon="113.9506243">
        <ele>9.215</ele>
        <time>2025-11-05T10:16:47Z</time>
      </trkpt>
      <trkpt lat="22.5742278" lon="113.9506217">
        <ele>8.835</ele>
        <time>2025-11-05T10:16:49Z</time>
      </trkpt>
      <trkpt lat="22.5742617" lon="113.9506199">
        <ele>7.934</ele>
        <time>2025-11-05T10:16:51Z</time>
      </trkpt>
      <trkpt lat="22.5742869" lon="113.9506133">
        <ele>6.52099</ele>
        <time>2025-11-05T10:16:53Z</time>
      </trkpt>
      <trkpt lat="22.5743067" lon="113.9506014">
        <ele>5.69199</ele>
        <time>2025-11-05T10:16:55Z</time>
      </trkpt>
      <trkpt lat="22.5743204" lon="113.9505847">
        <ele>4.717</ele>
        <time>2025-11-05T10:16:59Z</time>
      </trkpt>
      <trkpt lat="22.5743278" lon="113.9505639">
        <ele>4.00699</ele>
        <time>2025-11-05T10:17:01Z</time>
      </trkpt>
      <trkpt lat="22.57433" lon="113.9505394">
        <ele>3.186</ele>
        <time>2025-11-05T10:17:03Z</time>
      </trkpt>
      <trkpt lat="22.5743346" lon="113.9505163">
        <ele>0.786</ele>
        <time>2025-11-05T10:17:05Z</time>
      </trkpt>
      <trkpt lat="22.5743392" lon="113.9504945">
        <ele>-1.633</ele>
        <time>2025-11-05T10:17:07Z</time>
      </trkpt>
      <trkpt lat="22.5743489" lon="113.9504755">
        <ele>-2.51999</ele>
        <time>2025-11-05T10:17:09Z</time>
      </trkpt>
      <trkpt lat="22.5743659" lon="113.9504605">
        <ele>-2.069</ele>
        <time>2025-11-05T10:17:11Z</time>
      </trkpt>
      <trkpt lat="22.5743899" lon="113.9504494">
        <ele>-1.83099</ele>
        <time>2025-11-05T10:17:13Z</time>
      </trkpt>
      <trkpt lat="22.5744197" lon="113.9504422">
        <ele>-1.014</ele>
        <time>2025-11-05T10:17:15Z</time>
      </trkpt>
      <trkpt lat="22.574454" lon="113.9504393">
        <ele>-0.39599</ele>
        <time>2025-11-05T10:17:17Z</time>
      </trkpt>
      <trkpt lat="22.5744892" lon="113.9504392">
        <ele>-0.68599</ele>
        <time>2025-11-05T10:17:19Z</time>
      </trkpt>
      <trkpt lat="22.5745235" lon="113.9504391">
        <ele>0.1</ele>
        <time>2025-11-05T10:17:21Z</time>
      </trkpt>
      <trkpt lat="22.5745576" lon="113.9504382">
        <ele>1.085</ele>
        <time>2025-11-05T10:17:23Z</time>
      </trkpt>
      <trkpt lat="22.5745912" lon="113.9504369">
        <ele>1.34099</ele>
        <time>2025-11-05T10:17:25Z</time>
      </trkpt>
      <trkpt lat="22.5746241" lon="113.9504358">
        <ele>2.493</ele>
        <time>2025-11-05T10:17:27Z</time>
      </trkpt>
      <trkpt lat="22.574656" lon="113.9504347">
        <ele>4.709</ele>
        <time>2025-11-05T10:17:29Z</time>
      </trkpt>
      <trkpt lat="22.5746862" lon="113.9504347">
        <ele>4.183</ele>
        <time>2025-11-05T10:17:31Z</time>
      </trkpt>
      <trkpt lat="22.574715" lon="113.950436">
        <ele>4.32899</ele>
        <time>2025-11-05T10:17:33Z</time>
      </trkpt>
      <trkpt lat="22.5747438" lon="113.9504369">
        <ele>4.951</ele>
        <time>2025-11-05T10:17:35Z</time>
      </trkpt>
      <trkpt lat="22.5747724" lon="113.9504375">
        <ele>5.14499</ele>
        <time>2025-11-05T10:17:37Z</time>
      </trkpt>
      <trkpt lat="22.5748022" lon="113.9504374">
        <ele>5.624</ele>
        <time>2025-11-05T10:17:39Z</time>
      </trkpt>
      <trkpt lat="22.5748343" lon="113.9504346">
        <ele>5.051</ele>
        <time>2025-11-05T10:17:41Z</time>
      </trkpt>
      <trkpt lat="22.5748648" lon="113.9504283">
        <ele>6.99499</ele>
        <time>2025-11-05T10:17:43Z</time>
      </trkpt>
      <trkpt lat="22.5748912" lon="113.9504199">
        <ele>8.328</ele>
        <time>2025-11-05T10:17:45Z</time>
      </trkpt>
      <trkpt lat="22.5749103" lon="113.9504085">
        <ele>8.71899</ele>
        <time>2025-11-05T10:17:47Z</time>
      </trkpt>
      <trkpt lat="22.5749248" lon="113.9504003">
        <ele>8.01</ele>
        <time>2025-11-05T10:17:49Z</time>
      </trkpt>
      <trkpt lat="22.574936" lon="113.9503944">
        <ele>5.44899</ele>
        <time>2025-11-05T10:17:52Z</time>
      </trkpt>
      <trkpt lat="22.5749494" lon="113.9503961">
        <ele>-1.01999</ele>
        <time>2025-11-05T10:17:58Z</time>
      </trkpt>
      <trkpt lat="22.5749666" lon="113.9504086">
        <ele>-6.69099</ele>
        <time>2025-11-05T10:18:02Z</time>
      </trkpt>
      <trkpt lat="22.5749892" lon="113.9504301">
        <ele>-13.83899</ele>
        <time>2025-11-05T10:18:04Z</time>
      </trkpt>
      <trkpt lat="22.5750168" lon="113.9504488">
        <ele>-18.80699</ele>
        <time>2025-11-05T10:18:06Z</time>
      </trkpt>
      <trkpt lat="22.5750507" lon="113.9504623">
        <ele>-19.87299</ele>
        <time>2025-11-05T10:18:08Z</time>
      </trkpt>
      <trkpt lat="22.5750929" lon="113.9504648">
        <ele>-21.055</ele>
        <time>2025-11-05T10:18:10Z</time>
      </trkpt>
      <trkpt lat="22.5751475" lon="113.9504546">
        <ele>-16.45599</ele>
        <time>2025-11-05T10:18:12Z</time>
      </trkpt>
      <trkpt lat="22.5752158" lon="113.9504354">
        <ele>-11.21399</ele>
        <time>2025-11-05T10:18:14Z</time>
      </trkpt>
      <trkpt lat="22.575293" lon="113.950415">
        <ele>-6.559</ele>
        <time>2025-11-05T10:18:16Z</time>
      </trkpt>
      <trkpt lat="22.575375" lon="113.9503995">
        <ele>-0.68999</ele>
        <time>2025-11-05T10:18:18Z</time>
      </trkpt>
      <trkpt lat="22.575453" lon="113.9503903">
        <ele>2.28299</ele>
        <time>2025-11-05T10:18:20Z</time>
      </trkpt>
      <trkpt lat="22.5755203" lon="113.9503857">
        <ele>5.19999</ele>
        <time>2025-11-05T10:18:22Z</time>
      </trkpt>
      <trkpt lat="22.5755768" lon="113.9503846">
        <ele>6.61299</ele>
        <time>2025-11-05T10:18:24Z</time>
      </trkpt>
      <trkpt lat="22.5756242" lon="113.950385">
        <ele>8.40799</ele>
        <time>2025-11-05T10:18:26Z</time>
      </trkpt>
      <trkpt lat="22.5756642" lon="113.9503841">
        <ele>8.99899</ele>
        <time>2025-11-05T10:18:28Z</time>
      </trkpt>
      <trkpt lat="22.5757" lon="113.9503808">
        <ele>9.01299</ele>
        <time>2025-11-05T10:18:30Z</time>
      </trkpt>
      <trkpt lat="22.5757344" lon="113.9503762">
        <ele>10.187</ele>
        <time>2025-11-05T10:18:32Z</time>
      </trkpt>
      <trkpt lat="22.5757686" lon="113.9503702">
        <ele>11.51099</ele>
        <time>2025-11-05T10:18:34Z</time>
      </trkpt>
      <trkpt lat="22.5758013" lon="113.9503636">
        <ele>12.29699</ele>
        <time>2025-11-05T10:18:36Z</time>
      </trkpt>
      <trkpt lat="22.5758339" lon="113.9503575">
        <ele>13.39</ele>
        <time>2025-11-05T10:18:38Z</time>
      </trkpt>
      <trkpt lat="22.5758683" lon="113.9503533">
        <ele>15.324</ele>
        <time>2025-11-05T10:18:40Z</time>
      </trkpt>
      <trkpt lat="22.5759042" lon="113.9503508">
        <ele>17.15099</ele>
        <time>2025-11-05T10:18:42Z</time>
      </trkpt>
      <trkpt lat="22.5759378" lon="113.9503511">
        <ele>16.97699</ele>
        <time>2025-11-05T10:18:44Z</time>
      </trkpt>
      <trkpt lat="22.5759726" lon="113.9503529">
        <ele>17.59</ele>
        <time>2025-11-05T10:18:46Z</time>
      </trkpt>
      <trkpt lat="22.5760091" lon="113.9503544">
        <ele>17.09199</ele>
        <time>2025-11-05T10:18:48Z</time>
      </trkpt>
      <trkpt lat="22.576044" lon="113.9503553">
        <ele>15.72999</ele>
        <time>2025-11-05T10:18:50Z</time>
      </trkpt>
      <trkpt lat="22.5760764" lon="113.9503565">
        <ele>13.989</ele>
        <time>2025-11-05T10:18:52Z</time>
      </trkpt>
      <trkpt lat="22.5761101" lon="113.9503564">
        <ele>13.111</ele>
        <time>2025-11-05T10:18:54Z</time>
      </trkpt>
      <trkpt lat="22.5761447" lon="113.9503537">
        <ele>13.984</ele>
        <time>2025-11-05T10:18:56Z</time>
      </trkpt>
      <trkpt lat="22.5761779" lon="113.9503505">
        <ele>14.35099</ele>
        <time>2025-11-05T10:18:58Z</time>
      </trkpt>
      <trkpt lat="22.5762114" lon="113.9503469">
        <ele>14.135</ele>
        <time>2025-11-05T10:19:00Z</time>
      </trkpt>
      <trkpt lat="22.5762456" lon="113.9503412">
        <ele>14.272</ele>
        <time>2025-11-05T10:19:02Z</time>
      </trkpt>
      <trkpt lat="22.57628" lon="113.9503341">
        <ele>15.09399</ele>
        <time>2025-11-05T10:19:04Z</time>
      </trkpt>
      <trkpt lat="22.5763143" lon="113.9503276">
        <ele>15.39799</ele>
        <time>2025-11-05T10:19:06Z</time>
      </trkpt>
      <trkpt lat="22.5763467" lon="113.9503209">
        <ele>16.024</ele>
        <time>2025-11-05T10:19:08Z</time>
      </trkpt>
      <trkpt lat="22.5763773" lon="113.9503142">
        <ele>16.84499</ele>
        <time>2025-11-05T10:19:10Z</time>
      </trkpt>
      <trkpt lat="22.5764069" lon="113.9503085">
        <ele>17.76899</ele>
        <time>2025-11-05T10:19:12Z</time>
      </trkpt>
      <trkpt lat="22.5764352" lon="113.9503035">
        <ele>18.39599</ele>
        <time>2025-11-05T10:19:14Z</time>
      </trkpt>
      <trkpt lat="22.5764623" lon="113.950299">
        <ele>17.544</ele>
        <time>2025-11-05T10:19:16Z</time>
      </trkpt>
      <trkpt lat="22.5764911" lon="113.9502957">
        <ele>17.368</ele>
        <time>2025-11-05T10:19:18Z</time>
      </trkpt>
      <trkpt lat="22.5765223" lon="113.950294">
        <ele>16.451</ele>
        <time>2025-11-05T10:19:20Z</time>
      </trkpt>
      <trkpt lat="22.5765562" lon="113.9502931">
        <ele>13.74699</ele>
        <time>2025-11-05T10:19:22Z</time>
      </trkpt>
      <trkpt lat="22.5765924" lon="113.9502929">
        <ele>12.66899</ele>
        <time>2025-11-05T10:19:24Z</time>
      </trkpt>
      <trkpt lat="22.57663" lon="113.9502934">
        <ele>11.892</ele>
        <time>2025-11-05T10:19:26Z</time>
      </trkpt>
      <trkpt lat="22.5766658" lon="113.9502937">
        <ele>10.682</ele>
        <time>2025-11-05T10:19:28Z</time>
      </trkpt>
      <trkpt lat="22.5766994" lon="113.9502926">
        <ele>10.06</ele>
        <time>2025-11-05T10:19:30Z</time>
      </trkpt>
      <trkpt lat="22.5767312" lon="113.9502907">
        <ele>9.97299</ele>
        <time>2025-11-05T10:19:32Z</time>
      </trkpt>
      <trkpt lat="22.5767615" lon="113.9502889">
        <ele>11.295</ele>
        <time>2025-11-05T10:19:34Z</time>
      </trkpt>
      <trkpt lat="22.5767903" lon="113.9502866">
        <ele>12.25699</ele>
        <time>2025-11-05T10:19:36Z</time>
      </trkpt>
      <trkpt lat="22.5768195" lon="113.950284">
        <ele>12.663</ele>
        <time>2025-11-05T10:19:38Z</time>
      </trkpt>
      <trkpt lat="22.5768502" lon="113.9502821">
        <ele>13.54399</ele>
        <time>2025-11-05T10:19:40Z</time>
      </trkpt>
      <trkpt lat="22.5768818" lon="113.9502808">
        <ele>14.331</ele>
        <time>2025-11-05T10:19:42Z</time>
      </trkpt>
      <trkpt lat="22.5769136" lon="113.9502796">
        <ele>14.317</ele>
        <time>2025-11-05T10:19:44Z</time>
      </trkpt>
      <trkpt lat="22.5769462" lon="113.9502784">
        <ele>14.60099</ele>
        <time>2025-11-05T10:19:46Z</time>
      </trkpt>
      <trkpt lat="22.5769801" lon="113.9502773">
        <ele>15.774</ele>
        <time>2025-11-05T10:19:48Z</time>
      </trkpt>
      <trkpt lat="22.5770141" lon="113.9502763">
        <ele>15.55</ele>
        <time>2025-11-05T10:19:50Z</time>
      </trkpt>
      <trkpt lat="22.5770476" lon="113.950275">
        <ele>14.76399</ele>
        <time>2025-11-05T10:19:52Z</time>
      </trkpt>
      <trkpt lat="22.5770819" lon="113.9502748">
        <ele>15.37399</ele>
        <time>2025-11-05T10:19:54Z</time>
      </trkpt>
      <trkpt lat="22.5771167" lon="113.9502764">
        <ele>13.934</ele>
        <time>2025-11-05T10:19:56Z</time>
      </trkpt>
      <trkpt lat="22.5771504" lon="113.9502783">
        <ele>12.33699</ele>
        <time>2025-11-05T10:19:58Z</time>
      </trkpt>
      <trkpt lat="22.577184" lon="113.9502801">
        <ele>11.65499</ele>
        <time>2025-11-05T10:20:00Z</time>
      </trkpt>
      <trkpt lat="22.5772181" lon="113.9502812">
        <ele>11.81599</ele>
        <time>2025-11-05T10:20:02Z</time>
      </trkpt>
      <trkpt lat="22.5772518" lon="113.9502801">
        <ele>12.04699</ele>
        <time>2025-11-05T10:20:04Z</time>
      </trkpt>
      <trkpt lat="22.5772837" lon="113.950277">
        <ele>12.093</ele>
        <time>2025-11-05T10:20:06Z</time>
      </trkpt>
      <trkpt lat="22.5773154" lon="113.9502741">
        <ele>12.76299</ele>
        <time>2025-11-05T10:20:08Z</time>
      </trkpt>
      <trkpt lat="22.5773475" lon="113.9502705">
        <ele>13.378</ele>
        <time>2025-11-05T10:20:10Z</time>
      </trkpt>
      <trkpt lat="22.5773803" lon="113.9502653">
        <ele>13.52299</ele>
        <time>2025-11-05T10:20:12Z</time>
      </trkpt>
      <trkpt lat="22.5774148" lon="113.9502592">
        <ele>13.36499</ele>
        <time>2025-11-05T10:20:14Z</time>
      </trkpt>
      <trkpt lat="22.577452" lon="113.9502524">
        <ele>13.154</ele>
        <time>2025-11-05T10:20:16Z</time>
      </trkpt>
      <trkpt lat="22.5774898" lon="113.9502449">
        <ele>13.765</ele>
        <time>2025-11-05T10:20:18Z</time>
      </trkpt>
      <trkpt lat="22.5775274" lon="113.950238">
        <ele>14.479</ele>
        <time>2025-11-05T10:20:20Z</time>
      </trkpt>
      <trkpt lat="22.5775652" lon="113.9502311">
        <ele>14.81599</ele>
        <time>2025-11-05T10:20:22Z</time>
      </trkpt>
      <trkpt lat="22.5776014" lon="113.9502249">
        <ele>16.05999</ele>
        <time>2025-11-05T10:20:24Z</time>
      </trkpt>
      <trkpt lat="22.577635" lon="113.9502209">
        <ele>16.986</ele>
        <time>2025-11-05T10:20:26Z</time>
      </trkpt>
      <trkpt lat="22.5776675" lon="113.9502191">
        <ele>16.35</ele>
        <time>2025-11-05T10:20:28Z</time>
      </trkpt>
      <trkpt lat="22.5776987" lon="113.9502194">
        <ele>16.45299</ele>
        <time>2025-11-05T10:20:30Z</time>
      </trkpt>
      <trkpt lat="22.5777291" lon="113.9502229">
        <ele>13.994</ele>
        <time>2025-11-05T10:20:32Z</time>
      </trkpt>
      <trkpt lat="22.5777593" lon="113.9502275">
        <ele>12.73499</ele>
        <time>2025-11-05T10:20:34Z</time>
      </trkpt>
      <trkpt lat="22.5777896" lon="113.9502317">
        <ele>12.187</ele>
        <time>2025-11-05T10:20:36Z</time>
      </trkpt>
      <trkpt lat="22.57782" lon="113.9502344">
        <ele>12.05799</ele>
        <time>2025-11-05T10:20:38Z</time>
      </trkpt>
      <trkpt lat="22.5778495" lon="113.9502348">
        <ele>13.00699</ele>
        <time>2025-11-05T10:20:40Z</time>
      </trkpt>
      <trkpt lat="22.5778774" lon="113.9502331">
        <ele>15.16499</ele>
        <time>2025-11-05T10:20:42Z</time>
      </trkpt>
      <trkpt lat="22.5779033" lon="113.9502301">
        <ele>16.533</ele>
        <time>2025-11-05T10:20:44Z</time>
      </trkpt>
      <trkpt lat="22.57793" lon="113.9502259">
        <ele>17.91099</ele>
        <time>2025-11-05T10:20:46Z</time>
      </trkpt>
      <trkpt lat="22.5779566" lon="113.9502228">
        <ele>16.47299</ele>
        <time>2025-11-05T10:20:48Z</time>
      </trkpt>
      <trkpt lat="22.5779844" lon="113.9502214">
        <ele>16.02899</ele>
        <time>2025-11-05T10:20:50Z</time>
      </trkpt>
      <trkpt lat="22.5780139" lon="113.9502219">
        <ele>15.253</ele>
        <time>2025-11-05T10:20:52Z</time>
      </trkpt>
      <trkpt lat="22.5780447" lon="113.9502236">
        <ele>15.842</ele>
        <time>2025-11-05T10:20:54Z</time>
      </trkpt>
      <trkpt lat="22.5780761" lon="113.9502259">
        <ele>17.784</ele>
        <time>2025-11-05T10:20:56Z</time>
      </trkpt>
      <trkpt lat="22.57811" lon="113.9502272">
        <ele>18.576</ele>
        <time>2025-11-05T10:20:58Z</time>
      </trkpt>
      <trkpt lat="22.5781465" lon="113.9502283">
        <ele>19.936</ele>
        <time>2025-11-05T10:21:00Z</time>
      </trkpt>
      <trkpt lat="22.5781845" lon="113.9502299">
        <ele>19.84099</ele>
        <time>2025-11-05T10:21:02Z</time>
      </trkpt>
      <trkpt lat="22.5782238" lon="113.9502313">
        <ele>20.12999</ele>
        <time>2025-11-05T10:21:04Z</time>
      </trkpt>
      <trkpt lat="22.5782628" lon="113.9502329">
        <ele>20.263</ele>
        <time>2025-11-05T10:21:06Z</time>
      </trkpt>
      <trkpt lat="22.5782998" lon="113.9502346">
        <ele>20.041</ele>
        <time>2025-11-05T10:21:08Z</time>
      </trkpt>
      <trkpt lat="22.5783339" lon="113.950236">
        <ele>19.75</ele>
        <time>2025-11-05T10:21:10Z</time>
      </trkpt>
      <trkpt lat="22.5783651" lon="113.9502377">
        <ele>20.93499</ele>
        <time>2025-11-05T10:21:12Z</time>
      </trkpt>
      <trkpt lat="22.5783945" lon="113.9502412">
        <ele>20.57099</ele>
        <time>2025-11-05T10:21:14Z</time>
      </trkpt>
      <trkpt lat="22.5784235" lon="113.9502463">
        <ele>20.96599</ele>
        <time>2025-11-05T10:21:16Z</time>
      </trkpt>
      <trkpt lat="22.578453" lon="113.9502526">
        <ele>20.471</ele>
        <time>2025-11-05T10:21:18Z</time>
      </trkpt>
      <trkpt lat="22.5784828" lon="113.9502592">
        <ele>21.215</ele>
        <time>2025-11-05T10:21:20Z</time>
      </trkpt>
      <trkpt lat="22.5785133" lon="113.950265">
        <ele>21.15299</ele>
        <time>2025-11-05T10:21:22Z</time>
      </trkpt>
      <trkpt lat="22.5785441" lon="113.9502709">
        <ele>21.04</ele>
        <time>2025-11-05T10:21:24Z</time>
      </trkpt>
      <trkpt lat="22.5785743" lon="113.9502772">
        <ele>21.287</ele>
        <time>2025-11-05T10:21:26Z</time>
      </trkpt>
      <trkpt lat="22.5786035" lon="113.950284">
        <ele>20.43099</ele>
        <time>2025-11-05T10:21:28Z</time>
      </trkpt>
      <trkpt lat="22.5786325" lon="113.9502921">
        <ele>20.75499</ele>
        <time>2025-11-05T10:21:30Z</time>
      </trkpt>
      <trkpt lat="22.5786604" lon="113.9503011">
        <ele>20.58799</ele>
        <time>2025-11-05T10:21:32Z</time>
      </trkpt>
      <trkpt lat="22.5786892" lon="113.95031">
        <ele>20.201</ele>
        <time>2025-11-05T10:21:34Z</time>
      </trkpt>
      <trkpt lat="22.5787192" lon="113.9503195">
        <ele>20.05299</ele>
        <time>2025-11-05T10:21:36Z</time>
      </trkpt>
      <trkpt lat="22.5787505" lon="113.9503301">
        <ele>20.32799</ele>
        <time>2025-11-05T10:21:38Z</time>
      </trkpt>
      <trkpt lat="22.5787836" lon="113.9503405">
        <ele>20.627</ele>
        <time>2025-11-05T10:21:40Z</time>
      </trkpt>
      <trkpt lat="22.57882" lon="113.9503517">
        <ele>20.731</ele>
        <time>2025-11-05T10:21:42Z</time>
      </trkpt>
      <trkpt lat="22.5788585" lon="113.9503626">
        <ele>19.246</ele>
        <time>2025-11-05T10:21:44Z</time>
      </trkpt>
      <trkpt lat="22.5788975" lon="113.9503741">
        <ele>17.90699</ele>
        <time>2025-11-05T10:21:46Z</time>
      </trkpt>
      <trkpt lat="22.5789359" lon="113.9503867">
        <ele>17.90999</ele>
        <time>2025-11-05T10:21:48Z</time>
      </trkpt>
      <trkpt lat="22.5789725" lon="113.9504018">
        <ele>14.894</ele>
        <time>2025-11-05T10:21:50Z</time>
      </trkpt>
      <trkpt lat="22.5790066" lon="113.9504177">
        <ele>14.772</ele>
        <time>2025-11-05T10:21:52Z</time>
      </trkpt>
      <trkpt lat="22.5790376" lon="113.9504348">
        <ele>13.88799</ele>
        <time>2025-11-05T10:21:54Z</time>
      </trkpt>
      <trkpt lat="22.5790675" lon="113.9504516">
        <ele>13.54899</ele>
        <time>2025-11-05T10:21:56Z</time>
      </trkpt>
      <trkpt lat="22.5790962" lon="113.950467">
        <ele>12.58199</ele>
        <time>2025-11-05T10:21:58Z</time>
      </trkpt>
      <trkpt lat="22.5791232" lon="113.9504808">
        <ele>13.314</ele>
        <time>2025-11-05T10:22:00Z</time>
      </trkpt>
      <trkpt lat="22.5791473" lon="113.9504937">
        <ele>13.13199</ele>
        <time>2025-11-05T10:22:02Z</time>
      </trkpt>
      <trkpt lat="22.5791686" lon="113.9505066">
        <ele>13.519</ele>
        <time>2025-11-05T10:22:04Z</time>
      </trkpt>
      <trkpt lat="22.5791861" lon="113.9505197">
        <ele>14.416</ele>
        <time>2025-11-05T10:22:06Z</time>
      </trkpt>
      <trkpt lat="22.5792025" lon="113.9505328">
        <ele>15.93799</ele>
        <time>2025-11-05T10:22:08Z</time>
      </trkpt>
      <trkpt lat="22.5792212" lon="113.9505483">
        <ele>15.927</ele>
        <time>2025-11-05T10:22:11Z</time>
      </trkpt>
      <trkpt lat="22.5792444" lon="113.9505652">
        <ele>12.85499</ele>
        <time>2025-11-05T10:22:13Z</time>
      </trkpt>
      <trkpt lat="22.5792732" lon="113.9505825">
        <ele>11.57999</ele>
        <time>2025-11-05T10:22:15Z</time>
      </trkpt>
      <trkpt lat="22.5793055" lon="113.9505996">
        <ele>10.58199</ele>
        <time>2025-11-05T10:22:17Z</time>
      </trkpt>
      <trkpt lat="22.57934" lon="113.9506176">
        <ele>7.25699</ele>
        <time>2025-11-05T10:22:19Z</time>
      </trkpt>
      <trkpt lat="22.5793742" lon="113.950634">
        <ele>2.54299</ele>
        <time>2025-11-05T10:22:21Z</time>
      </trkpt>
      <trkpt lat="22.5794075" lon="113.9506503">
        <ele>5.70599</ele>
        <time>2025-11-05T10:22:23Z</time>
      </trkpt>
      <trkpt lat="22.5794403" lon="113.9506668">
        <ele>9.027</ele>
        <time>2025-11-05T10:22:25Z</time>
      </trkpt>
      <trkpt lat="22.5794763" lon="113.9506822">
        <ele>9.68099</ele>
        <time>2025-11-05T10:22:27Z</time>
      </trkpt>
      <trkpt lat="22.5795147" lon="113.9506958">
        <ele>10.84799</ele>
        <time>2025-11-05T10:22:29Z</time>
      </trkpt>
      <trkpt lat="22.5795538" lon="113.9507088">
        <ele>11.604</ele>
        <time>2025-11-05T10:22:31Z</time>
      </trkpt>
      <trkpt lat="22.5795935" lon="113.950722">
        <ele>12.68799</ele>
        <time>2025-11-05T10:22:33Z</time>
      </trkpt>
      <trkpt lat="22.5796324" lon="113.9507346">
        <ele>12.35099</ele>
        <time>2025-11-05T10:22:35Z</time>
      </trkpt>
      <trkpt lat="22.5796698" lon="113.9507477">
        <ele>12.59399</ele>
        <time>2025-11-05T10:22:37Z</time>
      </trkpt>
      <trkpt lat="22.5797062" lon="113.9507618">
        <ele>14.781</ele>
        <time>2025-11-05T10:22:39Z</time>
      </trkpt>
      <trkpt lat="22.5797411" lon="113.9507759">
        <ele>14.984</ele>
        <time>2025-11-05T10:22:41Z</time>
      </trkpt>
      <trkpt lat="22.579774" lon="113.9507898">
        <ele>13.49499</ele>
        <time>2025-11-05T10:22:43Z</time>
      </trkpt>
      <trkpt lat="22.5798059" lon="113.9508054">
        <ele>12.62699</ele>
        <time>2025-11-05T10:22:45Z</time>
      </trkpt>
      <trkpt lat="22.5798369" lon="113.9508234">
        <ele>13.23999</ele>
        <time>2025-11-05T10:22:47Z</time>
      </trkpt>
      <trkpt lat="22.5798664" lon="113.9508429">
        <ele>13.25399</ele>
        <time>2025-11-05T10:22:49Z</time>
      </trkpt>
      <trkpt lat="22.5798968" lon="113.950864">
        <ele>12.918</ele>
        <time>2025-11-05T10:22:51Z</time>
      </trkpt>
      <trkpt lat="22.5799272" lon="113.9508855">
        <ele>13.456</ele>
        <time>2025-11-05T10:22:53Z</time>
      </trkpt>
      <trkpt lat="22.5799564" lon="113.9509072">
        <ele>13.81799</ele>
        <time>2025-11-05T10:22:55Z</time>
      </trkpt>
      <trkpt lat="22.5799834" lon="113.9509293">
        <ele>13.84799</ele>
        <time>2025-11-05T10:22:57Z</time>
      </trkpt>
      <trkpt lat="22.5800084" lon="113.9509523">
        <ele>14.06999</ele>
        <time>2025-11-05T10:22:59Z</time>
      </trkpt>
      <trkpt lat="22.5800318" lon="113.9509764">
        <ele>14.17399</ele>
        <time>2025-11-05T10:23:01Z</time>
      </trkpt>
      <trkpt lat="22.5800547" lon="113.9510018">
        <ele>14.49699</ele>
        <time>2025-11-05T10:23:03Z</time>
      </trkpt>
      <trkpt lat="22.5800773" lon="113.9510276">
        <ele>14.791</ele>
        <time>2025-11-05T10:23:05Z</time>
      </trkpt>
      <trkpt lat="22.5801001" lon="113.9510532">
        <ele>15.3</ele>
        <time>2025-11-05T10:23:07Z</time>
      </trkpt>
      <trkpt lat="22.5801236" lon="113.9510781">
        <ele>15.43</ele>
        <time>2025-11-05T10:23:09Z</time>
      </trkpt>
      <trkpt lat="22.5801471" lon="113.9511025">
        <ele>15.17099</ele>
        <time>2025-11-05T10:23:11Z</time>
      </trkpt>
      <trkpt lat="22.5801703" lon="113.9511271">
        <ele>15.22599</ele>
        <time>2025-11-05T10:23:13Z</time>
      </trkpt>
      <trkpt lat="22.5801928" lon="113.9511521">
        <ele>15.621</ele>
        <time>2025-11-05T10:23:15Z</time>
      </trkpt>
      <trkpt lat="22.5802145" lon="113.9511775">
        <ele>14.84899</ele>
        <time>2025-11-05T10:23:17Z</time>
      </trkpt>
      <trkpt lat="22.5802357" lon="113.9512038">
        <ele>15.00199</ele>
        <time>2025-11-05T10:23:19Z</time>
      </trkpt>
      <trkpt lat="22.5802565" lon="113.95123">
        <ele>15.798</ele>
        <time>2025-11-05T10:23:21Z</time>
      </trkpt>
      <trkpt lat="22.5802767" lon="113.9512552">
        <ele>15.67199</ele>
        <time>2025-11-05T10:23:23Z</time>
      </trkpt>
      <trkpt lat="22.5802966" lon="113.9512791">
        <ele>15.258</ele>
        <time>2025-11-05T10:23:25Z</time>
      </trkpt>
      <trkpt lat="22.5803162" lon="113.9513012">
        <ele>15.305</ele>
        <time>2025-11-05T10:23:27Z</time>
      </trkpt>
      <trkpt lat="22.5803366" lon="113.9513234">
        <ele>13.482</ele>
        <time>2025-11-05T10:23:29Z</time>
      </trkpt>
      <trkpt lat="22.5803572" lon="113.9513455">
        <ele>13.70699</ele>
        <time>2025-11-05T10:23:31Z</time>
      </trkpt>
      <trkpt lat="22.5803783" lon="113.9513682">
        <ele>13.29899</ele>
        <time>2025-11-05T10:23:33Z</time>
      </trkpt>
      <trkpt lat="22.5804002" lon="113.9513924">
        <ele>12.602</ele>
        <time>2025-11-05T10:23:35Z</time>
      </trkpt>
      <trkpt lat="22.5804225" lon="113.9514182">
        <ele>11.967</ele>
        <time>2025-11-05T10:23:37Z</time>
      </trkpt>
      <trkpt lat="22.5804444" lon="113.9514441">
        <ele>12.57699</ele>
        <time>2025-11-05T10:23:39Z</time>
      </trkpt>
      <trkpt lat="22.5804662" lon="113.9514706">
        <ele>11.97299</ele>
        <time>2025-11-05T10:23:41Z</time>
      </trkpt>
      <trkpt lat="22.5804875" lon="113.9514974">
        <ele>12.79599</ele>
        <time>2025-11-05T10:23:43Z</time>
      </trkpt>
      <trkpt lat="22.5805094" lon="113.9515244">
        <ele>13.619</ele>
        <time>2025-11-05T10:23:45Z</time>
      </trkpt>
      <trkpt lat="22.5805307" lon="113.9515518">
        <ele>13.951</ele>
        <time>2025-11-05T10:23:47Z</time>
      </trkpt>
      <trkpt lat="22.5805515" lon="113.9515794">
        <ele>13.78699</ele>
        <time>2025-11-05T10:23:49Z</time>
      </trkpt>
      <trkpt lat="22.580572" lon="113.9516068">
        <ele>14.41699</ele>
        <time>2025-11-05T10:23:51Z</time>
      </trkpt>
      <trkpt lat="22.5805926" lon="113.9516341">
        <ele>14.69799</ele>
        <time>2025-11-05T10:23:53Z</time>
      </trkpt>
      <trkpt lat="22.5806132" lon="113.951661">
        <ele>14.036</ele>
        <time>2025-11-05T10:23:55Z</time>
      </trkpt>
      <trkpt lat="22.5806353" lon="113.9516877">
        <ele>13.767</ele>
        <time>2025-11-05T10:23:57Z</time>
      </trkpt>
      <trkpt lat="22.5806575" lon="113.9517142">
        <ele>14.222</ele>
        <time>2025-11-05T10:23:59Z</time>
      </trkpt>
      <trkpt lat="22.5806785" lon="113.9517415">
        <ele>13.758</ele>
        <time>2025-11-05T10:24:01Z</time>
      </trkpt>
      <trkpt lat="22.5806985" lon="113.9517691">
        <ele>13.265</ele>
        <time>2025-11-05T10:24:03Z</time>
      </trkpt>
      <trkpt lat="22.5807164" lon="113.9517972">
        <ele>12.52799</ele>
        <time>2025-11-05T10:24:05Z</time>
      </trkpt>
      <trkpt lat="22.5807334" lon="113.9518259">
        <ele>12.597</ele>
        <time>2025-11-05T10:24:07Z</time>
      </trkpt>
      <trkpt lat="22.5807504" lon="113.9518545">
        <ele>12.72099</ele>
        <time>2025-11-05T10:24:09Z</time>
      </trkpt>
      <trkpt lat="22.5807682" lon="113.9518827">
        <ele>12.338</ele>
        <time>2025-11-05T10:24:11Z</time>
      </trkpt>
      <trkpt lat="22.5807872" lon="113.951911">
        <ele>11.684</ele>
        <time>2025-11-05T10:24:13Z</time>
      </trkpt>
      <trkpt lat="22.5808074" lon="113.9519395">
        <ele>11.75399</ele>
        <time>2025-11-05T10:24:15Z</time>
      </trkpt>
      <trkpt lat="22.5808275" lon="113.9519686">
        <ele>12.342</ele>
        <time>2025-11-05T10:24:17Z</time>
      </trkpt>
      <trkpt lat="22.5808475" lon="113.9519984">
        <ele>11.916</ele>
        <time>2025-11-05T10:24:19Z</time>
      </trkpt>
      <trkpt lat="22.5808679" lon="113.9520289">
        <ele>11.732</ele>
        <time>2025-11-05T10:24:21Z</time>
      </trkpt>
      <trkpt lat="22.5808874" lon="113.9520591">
        <ele>11.795</ele>
        <time>2025-11-05T10:24:23Z</time>
      </trkpt>
      <trkpt lat="22.5809062" lon="113.952089">
        <ele>11.916</ele>
        <time>2025-11-05T10:24:25Z</time>
      </trkpt>
      <trkpt lat="22.5809245" lon="113.9521186">
        <ele>12.968</ele>
        <time>2025-11-05T10:24:27Z</time>
      </trkpt>
      <trkpt lat="22.5809435" lon="113.9521482">
        <ele>13.26099</ele>
        <time>2025-11-05T10:24:29Z</time>
      </trkpt>
      <trkpt lat="22.5809633" lon="113.9521778">
        <ele>13.05099</ele>
        <time>2025-11-05T10:24:31Z</time>
      </trkpt>
      <trkpt lat="22.5809843" lon="113.9522069">
        <ele>11.918</ele>
        <time>2025-11-05T10:24:33Z</time>
      </trkpt>
      <trkpt lat="22.5810069" lon="113.9522351">
        <ele>11.954</ele>
        <time>2025-11-05T10:24:35Z</time>
      </trkpt>
      <trkpt lat="22.5810305" lon="113.9522621">
        <ele>12.618</ele>
        <time>2025-11-05T10:24:37Z</time>
      </trkpt>
      <trkpt lat="22.5810546" lon="113.9522886">
        <ele>13.85299</ele>
        <time>2025-11-05T10:24:39Z</time>
      </trkpt>
      <trkpt lat="22.5810784" lon="113.9523143">
        <ele>13.60299</ele>
        <time>2025-11-05T10:24:41Z</time>
      </trkpt>
      <trkpt lat="22.5811017" lon="113.9523404">
        <ele>12.8</ele>
        <time>2025-11-05T10:24:43Z</time>
      </trkpt>
      <trkpt lat="22.5811248" lon="113.9523675">
        <ele>12.33699</ele>
        <time>2025-11-05T10:24:45Z</time>
      </trkpt>
      <trkpt lat="22.5811486" lon="113.9523944">
        <ele>12.17199</ele>
        <time>2025-11-05T10:24:47Z</time>
      </trkpt>
      <trkpt lat="22.5811713" lon="113.9524193">
        <ele>11.72599</ele>
        <time>2025-11-05T10:24:49Z</time>
      </trkpt>
      <trkpt lat="22.5811933" lon="113.9524424">
        <ele>11.642</ele>
        <time>2025-11-05T10:24:51Z</time>
      </trkpt>
      <trkpt lat="22.5812167" lon="113.9524649">
        <ele>12.184</ele>
        <time>2025-11-05T10:24:53Z</time>
      </trkpt>
      <trkpt lat="22.5812414" lon="113.9524878">
        <ele>13.16699</ele>
        <time>2025-11-05T10:24:55Z</time>
      </trkpt>
      <trkpt lat="22.5812664" lon="113.9525093">
        <ele>12.81599</ele>
        <time>2025-11-05T10:24:57Z</time>
      </trkpt>
      <trkpt lat="22.5812926" lon="113.95253">
        <ele>12.935</ele>
        <time>2025-11-05T10:24:59Z</time>
      </trkpt>
      <trkpt lat="22.58132" lon="113.9525501">
        <ele>11.76599</ele>
        <time>2025-11-05T10:25:01Z</time>
      </trkpt>
      <trkpt lat="22.581347" lon="113.9525692">
        <ele>10.51599</ele>
        <time>2025-11-05T10:25:03Z</time>
      </trkpt>
      <trkpt lat="22.581373" lon="113.9525867">
        <ele>7.787</ele>
        <time>2025-11-05T10:25:05Z</time>
      </trkpt>
      <trkpt lat="22.5813964" lon="113.9526039">
        <ele>7.75799</ele>
        <time>2025-11-05T10:25:07Z</time>
      </trkpt>
      <trkpt lat="22.5814188" lon="113.9526218">
        <ele>6.905</ele>
        <time>2025-11-05T10:25:09Z</time>
      </trkpt>
      <trkpt lat="22.5814419" lon="113.9526413">
        <ele>6.701</ele>
        <time>2025-11-05T10:25:11Z</time>
      </trkpt>
      <trkpt lat="22.581464" lon="113.9526615">
        <ele>8.40299</ele>
        <time>2025-11-05T10:25:13Z</time>
      </trkpt>
      <trkpt lat="22.5814861" lon="113.9526825">
        <ele>8.059</ele>
        <time>2025-11-05T10:25:15Z</time>
      </trkpt>
      <trkpt lat="22.5815107" lon="113.952707">
        <ele>7.559</ele>
        <time>2025-11-05T10:25:17Z</time>
      </trkpt>
      <trkpt lat="22.581536" lon="113.9527338">
        <ele>7.498</ele>
        <time>2025-11-05T10:25:19Z</time>
      </trkpt>
      <trkpt lat="22.5815608" lon="113.9527613">
        <ele>8.987</ele>
        <time>2025-11-05T10:25:21Z</time>
      </trkpt>
      <trkpt lat="22.5815848" lon="113.9527891">
        <ele>9.04699</ele>
        <time>2025-11-05T10:25:23Z</time>
      </trkpt>
      <trkpt lat="22.5816089" lon="113.952818">
        <ele>8.586</ele>
        <time>2025-11-05T10:25:25Z</time>
      </trkpt>
      <trkpt lat="22.5816346" lon="113.9528461">
        <ele>7.21099</ele>
        <time>2025-11-05T10:25:27Z</time>
      </trkpt>
      <trkpt lat="22.58166" lon="113.9528723">
        <ele>7.07999</ele>
        <time>2025-11-05T10:25:29Z</time>
      </trkpt>
      <trkpt lat="22.5816841" lon="113.9528976">
        <ele>8.06799</ele>
        <time>2025-11-05T10:25:31Z</time>
      </trkpt>
      <trkpt lat="22.5817069" lon="113.9529207">
        <ele>7.81599</ele>
        <time>2025-11-05T10:25:33Z</time>
      </trkpt>
      <trkpt lat="22.5817306" lon="113.9529432">
        <ele>9.88</ele>
        <time>2025-11-05T10:25:35Z</time>
      </trkpt>
      <trkpt lat="22.5817542" lon="113.9529655">
        <ele>11.965</ele>
        <time>2025-11-05T10:25:37Z</time>
      </trkpt>
      <trkpt lat="22.5817792" lon="113.9529893">
        <ele>13.37199</ele>
        <time>2025-11-05T10:25:39Z</time>
      </trkpt>
      <trkpt lat="22.5818065" lon="113.9530151">
        <ele>12.737</ele>
        <time>2025-11-05T10:25:41Z</time>
      </trkpt>
      <trkpt lat="22.5818366" lon="113.9530439">
        <ele>11.90499</ele>
        <time>2025-11-05T10:25:43Z</time>
      </trkpt>
      <trkpt lat="22.581866" lon="113.9530733">
        <ele>12.095</ele>
        <time>2025-11-05T10:25:45Z</time>
      </trkpt>
      <trkpt lat="22.5818942" lon="113.953102">
        <ele>11.928</ele>
        <time>2025-11-05T10:25:47Z</time>
      </trkpt>
      <trkpt lat="22.5819206" lon="113.9531301">
        <ele>12.31099</ele>
        <time>2025-11-05T10:25:49Z</time>
      </trkpt>
      <trkpt lat="22.5819452" lon="113.9531576">
        <ele>11.611</ele>
        <time>2025-11-05T10:25:51Z</time>
      </trkpt>
      <trkpt lat="22.5819697" lon="113.9531855">
        <ele>11.94999</ele>
        <time>2025-11-05T10:25:53Z</time>
      </trkpt>
      <trkpt lat="22.5819943" lon="113.9532117">
        <ele>11.012</ele>
        <time>2025-11-05T10:25:55Z</time>
      </trkpt>
      <trkpt lat="22.5820175" lon="113.9532367">
        <ele>11.345</ele>
        <time>2025-11-05T10:25:57Z</time>
      </trkpt>
      <trkpt lat="22.5820426" lon="113.9532607">
        <ele>12.052</ele>
        <time>2025-11-05T10:25:59Z</time>
      </trkpt>
      <trkpt lat="22.5820697" lon="113.9532823">
        <ele>11.78899</ele>
        <time>2025-11-05T10:26:01Z</time>
      </trkpt>
      <trkpt lat="22.5820969" lon="113.9533005">
        <ele>11.98999</ele>
        <time>2025-11-05T10:26:03Z</time>
      </trkpt>
      <trkpt lat="22.5821236" lon="113.9533182">
        <ele>11.996</ele>
        <time>2025-11-05T10:26:05Z</time>
      </trkpt>
      <trkpt lat="22.5821492" lon="113.9533375">
        <ele>10.925</ele>
        <time>2025-11-05T10:26:07Z</time>
      </trkpt>
      <trkpt lat="22.5821725" lon="113.9533584">
        <ele>10.70199</ele>
        <time>2025-11-05T10:26:09Z</time>
      </trkpt>
      <trkpt lat="22.5821949" lon="113.9533814">
        <ele>11.25</ele>
        <time>2025-11-05T10:26:11Z</time>
      </trkpt>
      <trkpt lat="22.5822179" lon="113.9534058">
        <ele>11.27499</ele>
        <time>2025-11-05T10:26:13Z</time>
      </trkpt>
      <trkpt lat="22.5822413" lon="113.9534297">
        <ele>11.69799</ele>
        <time>2025-11-05T10:26:15Z</time>
      </trkpt>
      <trkpt lat="22.5822659" lon="113.9534522">
        <ele>12.085</ele>
        <time>2025-11-05T10:26:17Z</time>
      </trkpt>
      <trkpt lat="22.5822913" lon="113.9534743">
        <ele>10.96199</ele>
        <time>2025-11-05T10:26:19Z</time>
      </trkpt>
      <trkpt lat="22.5823159" lon="113.9534954">
        <ele>11.03299</ele>
        <time>2025-11-05T10:26:21Z</time>
      </trkpt>
      <trkpt lat="22.5823393" lon="113.9535171">
        <ele>12.25699</ele>
        <time>2025-11-05T10:26:23Z</time>
      </trkpt>
      <trkpt lat="22.5823639" lon="113.9535404">
        <ele>11.807</ele>
        <time>2025-11-05T10:26:25Z</time>
      </trkpt>
      <trkpt lat="22.5823885" lon="113.953564">
        <ele>11.897</ele>
        <time>2025-11-05T10:26:27Z</time>
      </trkpt>
      <trkpt lat="22.5824122" lon="113.9535867">
        <ele>12.902</ele>
        <time>2025-11-05T10:26:29Z</time>
      </trkpt>
      <trkpt lat="22.5824371" lon="113.9536083">
        <ele>12.90699</ele>
        <time>2025-11-05T10:26:31Z</time>
      </trkpt>
      <trkpt lat="22.582463" lon="113.9536287">
        <ele>15.482</ele>
        <time>2025-11-05T10:26:33Z</time>
      </trkpt>
      <trkpt lat="22.582488" lon="113.9536477">
        <ele>16.75</ele>
        <time>2025-11-05T10:26:35Z</time>
      </trkpt>
      <trkpt lat="22.5825147" lon="113.9536662">
        <ele>17.72599</ele>
        <time>2025-11-05T10:26:37Z</time>
      </trkpt>
      <trkpt lat="22.582542" lon="113.9536844">
        <ele>17.229</ele>
        <time>2025-11-05T10:26:39Z</time>
      </trkpt>
      <trkpt lat="22.5825682" lon="113.9537029">
        <ele>17.76199</ele>
        <time>2025-11-05T10:26:41Z</time>
      </trkpt>
      <trkpt lat="22.5825945" lon="113.9537214">
        <ele>18.63199</ele>
        <time>2025-11-05T10:26:43Z</time>
      </trkpt>
      <trkpt lat="22.5826214" lon="113.9537398">
        <ele>21.26799</ele>
        <time>2025-11-05T10:26:45Z</time>
      </trkpt>
      <trkpt lat="22.5826476" lon="113.9537579">
        <ele>24.12</ele>
        <time>2025-11-05T10:26:47Z</time>
      </trkpt>
      <trkpt lat="22.582674" lon="113.953776">
        <ele>25.50499</ele>
        <time>2025-11-05T10:26:49Z</time>
      </trkpt>
      <trkpt lat="22.5827004" lon="113.9537941">
        <ele>27.62</ele>
        <time>2025-11-05T10:26:51Z</time>
      </trkpt>
      <trkpt lat="22.5827248" lon="113.9538109">
        <ele>28.371</ele>
        <time>2025-11-05T10:26:53Z</time>
      </trkpt>
      <trkpt lat="22.5827514" lon="113.95383">
        <ele>29.07299</ele>
        <time>2025-11-05T10:26:55Z</time>
      </trkpt>
      <trkpt lat="22.5827792" lon="113.9538502">
        <ele>30.45499</ele>
        <time>2025-11-05T10:26:58Z</time>
      </trkpt>
      <trkpt lat="22.5828074" lon="113.9538704">
        <ele>31.603</ele>
        <time>2025-11-05T10:27:00Z</time>
      </trkpt>
      <trkpt lat="22.5828375" lon="113.9538911">
        <ele>31.49699</ele>
        <time>2025-11-05T10:27:02Z</time>
      </trkpt>
      <trkpt lat="22.5828704" lon="113.9539142">
        <ele>30.81999</ele>
        <time>2025-11-05T10:27:04Z</time>
      </trkpt>
      <trkpt lat="22.5829019" lon="113.953937">
        <ele>29.85199</ele>
        <time>2025-11-05T10:27:06Z</time>
      </trkpt>
      <trkpt lat="22.5829306" lon="113.9539599">
        <ele>28.225</ele>
        <time>2025-11-05T10:27:08Z</time>
      </trkpt>
      <trkpt lat="22.5829602" lon="113.9539844">
        <ele>27.638</ele>
        <time>2025-11-05T10:27:10Z</time>
      </trkpt>
      <trkpt lat="22.5829891" lon="113.9540092">
        <ele>26.29599</ele>
        <time>2025-11-05T10:27:12Z</time>
      </trkpt>
      <trkpt lat="22.5830178" lon="113.9540343">
        <ele>25.95499</ele>
        <time>2025-11-05T10:27:14Z</time>
      </trkpt>
      <trkpt lat="22.5830455" lon="113.9540585">
        <ele>24.981</ele>
        <time>2025-11-05T10:27:16Z</time>
      </trkpt>
      <trkpt lat="22.5830739" lon="113.9540821">
        <ele>25.867</ele>
        <time>2025-11-05T10:27:18Z</time>
      </trkpt>
      <trkpt lat="22.5831007" lon="113.9541041">
        <ele>26.55699</ele>
        <time>2025-11-05T10:27:20Z</time>
      </trkpt>
      <trkpt lat="22.5831267" lon="113.9541254">
        <ele>27.07399</ele>
        <time>2025-11-05T10:27:22Z</time>
      </trkpt>
      <trkpt lat="22.5831518" lon="113.9541455">
        <ele>26.43</ele>
        <time>2025-11-05T10:27:24Z</time>
      </trkpt>
      <trkpt lat="22.583177" lon="113.9541645">
        <ele>26.614</ele>
        <time>2025-11-05T10:27:26Z</time>
      </trkpt>
      <trkpt lat="22.5832032" lon="113.9541828">
        <ele>26.78599</ele>
        <time>2025-11-05T10:27:28Z</time>
      </trkpt>
      <trkpt lat="22.58323" lon="113.954201">
        <ele>26.42099</ele>
        <time>2025-11-05T10:27:30Z</time>
      </trkpt>
      <trkpt lat="22.5832579" lon="113.9542193">
        <ele>26.451</ele>
        <time>2025-11-05T10:27:32Z</time>
      </trkpt>
      <trkpt lat="22.5832871" lon="113.9542377">
        <ele>25.56599</ele>
        <time>2025-11-05T10:27:34Z</time>
      </trkpt>
      <trkpt lat="22.5833179" lon="113.9542567">
        <ele>24.989</ele>
        <time>2025-11-05T10:27:36Z</time>
      </trkpt>
      <trkpt lat="22.583352" lon="113.9542755">
        <ele>24.69599</ele>
        <time>2025-11-05T10:27:38Z</time>
      </trkpt>
      <trkpt lat="22.5833878" lon="113.9542929">
        <ele>22.993</ele>
        <time>2025-11-05T10:27:40Z</time>
      </trkpt>
      <trkpt lat="22.5834232" lon="113.9543096">
        <ele>21.76399</ele>
        <time>2025-11-05T10:27:42Z</time>
      </trkpt>
      <trkpt lat="22.5834572" lon="113.9543266">
        <ele>20.43899</ele>
        <time>2025-11-05T10:27:44Z</time>
      </trkpt>
      <trkpt lat="22.5834876" lon="113.9543433">
        <ele>19.18499</ele>
        <time>2025-11-05T10:27:46Z</time>
      </trkpt>
      <trkpt lat="22.5835095" lon="113.9543596">
        <ele>17.915</ele>
        <time>2025-11-05T10:27:48Z</time>
      </trkpt>
      <trkpt lat="22.5835247" lon="113.9543781">
        <ele>15.00599</ele>
        <time>2025-11-05T10:27:50Z</time>
      </trkpt>
      <trkpt lat="22.5835371" lon="113.9544008">
        <ele>12.125</ele>
        <time>2025-11-05T10:27:52Z</time>
      </trkpt>
      <trkpt lat="22.5835463" lon="113.9544291">
        <ele>9.22399</ele>
        <time>2025-11-05T10:27:55Z</time>
      </trkpt>
      <trkpt lat="22.5835559" lon="113.9544605">
        <ele>8.86699</ele>
        <time>2025-11-05T10:27:57Z</time>
      </trkpt>
      <trkpt lat="22.5835702" lon="113.9544927">
        <ele>8.04699</ele>
        <time>2025-11-05T10:27:59Z</time>
      </trkpt>
      <trkpt lat="22.5835913" lon="113.9545203">
        <ele>6.208</ele>
        <time>2025-11-05T10:28:01Z</time>
      </trkpt>
      <trkpt lat="22.5836198" lon="113.9545419">
        <ele>4.776</ele>
        <time>2025-11-05T10:28:03Z</time>
      </trkpt>
      <trkpt lat="22.5836518" lon="113.954554">
        <ele>4.168</ele>
        <time>2025-11-05T10:28:05Z</time>
      </trkpt>
      <trkpt lat="22.5836862" lon="113.9545622">
        <ele>7.032</ele>
        <time>2025-11-05T10:28:07Z</time>
      </trkpt>
      <trkpt lat="22.5837248" lon="113.9545721">
        <ele>7.96099</ele>
        <time>2025-11-05T10:28:09Z</time>
      </trkpt>
      <trkpt lat="22.5837629" lon="113.9545871">
        <ele>7.03</ele>
        <time>2025-11-05T10:28:11Z</time>
      </trkpt>
      <trkpt lat="22.5837963" lon="113.9546029">
        <ele>6.56099</ele>
        <time>2025-11-05T10:28:13Z</time>
      </trkpt>
      <trkpt lat="22.5838275" lon="113.9546192">
        <ele>6.684</ele>
        <time>2025-11-05T10:28:15Z</time>
      </trkpt>
      <trkpt lat="22.5838551" lon="113.9546296">
        <ele>6.73699</ele>
        <time>2025-11-05T10:28:17Z</time>
      </trkpt>
      <trkpt lat="22.5838778" lon="113.9546353">
        <ele>6.164</ele>
        <time>2025-11-05T10:28:19Z</time>
      </trkpt>
      <trkpt lat="22.5839065" lon="113.9546378">
        <ele>7.79799</ele>
        <time>2025-11-05T10:28:21Z</time>
      </trkpt>
      <trkpt lat="22.5839447" lon="113.954637">
        <ele>9.02499</ele>
        <time>2025-11-05T10:28:23Z</time>
      </trkpt>
      <trkpt lat="22.5839928" lon="113.9546353">
        <ele>10.229</ele>
        <time>2025-11-05T10:28:25Z</time>
      </trkpt>
      <trkpt lat="22.584051" lon="113.9546393">
        <ele>12.17099</ele>
        <time>2025-11-05T10:28:27Z</time>
      </trkpt>
      <trkpt lat="22.5841173" lon="113.9546454">
        <ele>15.16399</ele>
        <time>2025-11-05T10:28:29Z</time>
      </trkpt>
      <trkpt lat="22.5841808" lon="113.9546526">
        <ele>17.572</ele>
        <time>2025-11-05T10:28:31Z</time>
      </trkpt>
      <trkpt lat="22.5842355" lon="113.9546638">
        <ele>18.32999</ele>
        <time>2025-11-05T10:28:33Z</time>
      </trkpt>
      <trkpt lat="22.5842844" lon="113.9546771">
        <ele>18.104</ele>
        <time>2025-11-05T10:28:35Z</time>
      </trkpt>
      <trkpt lat="22.5843265" lon="113.9546892">
        <ele>17.19799</ele>
        <time>2025-11-05T10:28:37Z</time>
      </trkpt>
      <trkpt lat="22.5843617" lon="113.9547003">
        <ele>17.70999</ele>
        <time>2025-11-05T10:28:39Z</time>
      </trkpt>
      <trkpt lat="22.5843933" lon="113.9547129">
        <ele>19.72599</ele>
        <time>2025-11-05T10:28:41Z</time>
      </trkpt>
      <trkpt lat="22.5844268" lon="113.9547259">
        <ele>18.162</ele>
        <time>2025-11-05T10:28:43Z</time>
      </trkpt>
      <trkpt lat="22.5844582" lon="113.9547388">
        <ele>17.919</ele>
        <time>2025-11-05T10:28:45Z</time>
      </trkpt>
      <trkpt lat="22.5844868" lon="113.954753">
        <ele>17.62899</ele>
        <time>2025-11-05T10:28:47Z</time>
      </trkpt>
      <trkpt lat="22.5845145" lon="113.954769">
        <ele>12.47399</ele>
        <time>2025-11-05T10:28:49Z</time>
      </trkpt>
      <trkpt lat="22.5845423" lon="113.9547846">
        <ele>6.39799</ele>
        <time>2025-11-05T10:28:51Z</time>
      </trkpt>
      <trkpt lat="22.5845683" lon="113.9547999">
        <ele>4.98</ele>
        <time>2025-11-05T10:28:53Z</time>
      </trkpt>
      <trkpt lat="22.5845957" lon="113.9548147">
        <ele>3.29399</ele>
        <time>2025-11-05T10:28:55Z</time>
      </trkpt>
      <trkpt lat="22.5846263" lon="113.9548292">
        <ele>0.89999</ele>
        <time>2025-11-05T10:28:57Z</time>
      </trkpt>
      <trkpt lat="22.5846598" lon="113.9548416">
        <ele>-1.31099</ele>
        <time>2025-11-05T10:28:59Z</time>
      </trkpt>
      <trkpt lat="22.5846944" lon="113.9548515">
        <ele>-2.463</ele>
        <time>2025-11-05T10:29:01Z</time>
      </trkpt>
      <trkpt lat="22.5847282" lon="113.9548599">
        <ele>-0.74299</ele>
        <time>2025-11-05T10:29:03Z</time>
      </trkpt>
      <trkpt lat="22.5847619" lon="113.9548675">
        <ele>0.386</ele>
        <time>2025-11-05T10:29:05Z</time>
      </trkpt>
      <trkpt lat="22.5847971" lon="113.9548752">
        <ele>1.37699</ele>
        <time>2025-11-05T10:29:07Z</time>
      </trkpt>
      <trkpt lat="22.5848328" lon="113.9548851">
        <ele>1.799</ele>
        <time>2025-11-05T10:29:09Z</time>
      </trkpt>
      <trkpt lat="22.5848672" lon="113.9548957">
        <ele>0.804</ele>
        <time>2025-11-05T10:29:11Z</time>
      </trkpt>
      <trkpt lat="22.5849024" lon="113.954906">
        <ele>-0.60699</ele>
        <time>2025-11-05T10:29:13Z</time>
      </trkpt>
      <trkpt lat="22.5849376" lon="113.9549167">
        <ele>-2.30699</ele>
        <time>2025-11-05T10:29:15Z</time>
      </trkpt>
      <trkpt lat="22.5849724" lon="113.954926">
        <ele>-2.82699</ele>
        <time>2025-11-05T10:29:17Z</time>
      </trkpt>
      <trkpt lat="22.5850059" lon="113.9549334">
        <ele>-2.46099</ele>
        <time>2025-11-05T10:29:19Z</time>
      </trkpt>
      <trkpt lat="22.5850421" lon="113.9549415">
        <ele>-2.552</ele>
        <time>2025-11-05T10:29:21Z</time>
      </trkpt>
      <trkpt lat="22.5850791" lon="113.9549506">
        <ele>-3.492</ele>
        <time>2025-11-05T10:29:23Z</time>
      </trkpt>
      <trkpt lat="22.5851157" lon="113.9549598">
        <ele>-3.70799</ele>
        <time>2025-11-05T10:29:25Z</time>
      </trkpt>
      <trkpt lat="22.5851512" lon="113.9549695">
        <ele>-4.28299</ele>
        <time>2025-11-05T10:29:27Z</time>
      </trkpt>
      <trkpt lat="22.5851864" lon="113.9549795">
        <ele>-4.31099</ele>
        <time>2025-11-05T10:29:29Z</time>
      </trkpt>
      <trkpt lat="22.5852191" lon="113.9549886">
        <ele>-3.27699</ele>
        <time>2025-11-05T10:29:31Z</time>
      </trkpt>
      <trkpt lat="22.5852505" lon="113.9549988">
        <ele>-3.73</ele>
        <time>2025-11-05T10:29:33Z</time>
      </trkpt>
      <trkpt lat="22.5852821" lon="113.9550105">
        <ele>-4.33599</ele>
        <time>2025-11-05T10:29:35Z</time>
      </trkpt>
      <trkpt lat="22.5853142" lon="113.9550216">
        <ele>-4.375</ele>
        <time>2025-11-05T10:29:37Z</time>
      </trkpt>
      <trkpt lat="22.5853459" lon="113.9550312">
        <ele>-4.46899</ele>
        <time>2025-11-05T10:29:39Z</time>
      </trkpt>
      <trkpt lat="22.5853774" lon="113.9550393">
        <ele>-3.009</ele>
        <time>2025-11-05T10:29:41Z</time>
      </trkpt>
      <trkpt lat="22.5854087" lon="113.9550442">
        <ele>-2.127</ele>
        <time>2025-11-05T10:29:43Z</time>
      </trkpt>
      <trkpt lat="22.585439" lon="113.9550467">
        <ele>-1.92599</ele>
        <time>2025-11-05T10:29:45Z</time>
      </trkpt>
      <trkpt lat="22.5854687" lon="113.9550499">
        <ele>-1.79499</ele>
        <time>2025-11-05T10:29:47Z</time>
      </trkpt>
      <trkpt lat="22.5854997" lon="113.9550557">
        <ele>-1.63999</ele>
        <time>2025-11-05T10:29:49Z</time>
      </trkpt>
      <trkpt lat="22.5855312" lon="113.9550631">
        <ele>-1.444</ele>
        <time>2025-11-05T10:29:51Z</time>
      </trkpt>
      <trkpt lat="22.585564" lon="113.9550724">
        <ele>-0.526</ele>
        <time>2025-11-05T10:29:53Z</time>
      </trkpt>
      <trkpt lat="22.5855981" lon="113.955083">
        <ele>-0.89499</ele>
        <time>2025-11-05T10:29:55Z</time>
      </trkpt>
      <trkpt lat="22.5856326" lon="113.9550935">
        <ele>-0.46299</ele>
        <time>2025-11-05T10:29:57Z</time>
      </trkpt>
      <trkpt lat="22.5856667" lon="113.955103">
        <ele>-0.465</ele>
        <time>2025-11-05T10:29:59Z</time>
      </trkpt>
      <trkpt lat="22.5857003" lon="113.9551132">
        <ele>-1.358</ele>
        <time>2025-11-05T10:30:01Z</time>
      </trkpt>
      <trkpt lat="22.5857326" lon="113.9551239">
        <ele>-0.455</ele>
        <time>2025-11-05T10:30:03Z</time>
      </trkpt>
      <trkpt lat="22.5857643" lon="113.9551354">
        <ele>-0.307</ele>
        <time>2025-11-05T10:30:05Z</time>
      </trkpt>
      <trkpt lat="22.5857951" lon="113.9551481">
        <ele>-0.65799</ele>
        <time>2025-11-05T10:30:07Z</time>
      </trkpt>
      <trkpt lat="22.5858254" lon="113.9551612">
        <ele>-0.688</ele>
        <time>2025-11-05T10:30:09Z</time>
      </trkpt>
      <trkpt lat="22.5858558" lon="113.9551727">
        <ele>-0.42399</ele>
        <time>2025-11-05T10:30:11Z</time>
      </trkpt>
      <trkpt lat="22.5858868" lon="113.9551835">
        <ele>-1.023</ele>
        <time>2025-11-05T10:30:13Z</time>
      </trkpt>
      <trkpt lat="22.5859179" lon="113.9551932">
        <ele>-0.99</ele>
        <time>2025-11-05T10:30:15Z</time>
      </trkpt>
      <trkpt lat="22.58595" lon="113.9552012">
        <ele>-2.60299</ele>
        <time>2025-11-05T10:30:17Z</time>
      </trkpt>
      <trkpt lat="22.5859831" lon="113.9552077">
        <ele>-2.68</ele>
        <time>2025-11-05T10:30:19Z</time>
      </trkpt>
      <trkpt lat="22.5860167" lon="113.9552146">
        <ele>-1.807</ele>
        <time>2025-11-05T10:30:21Z</time>
      </trkpt>
      <trkpt lat="22.58605" lon="113.9552208">
        <ele>-1.449</ele>
        <time>2025-11-05T10:30:23Z</time>
      </trkpt>
      <trkpt lat="22.5860842" lon="113.955227">
        <ele>-1.314</ele>
        <time>2025-11-05T10:30:25Z</time>
      </trkpt>
      <trkpt lat="22.5861187" lon="113.9552339">
        <ele>-1.58599</ele>
        <time>2025-11-05T10:30:27Z</time>
      </trkpt>
      <trkpt lat="22.586152" lon="113.9552418">
        <ele>-0.731</ele>
        <time>2025-11-05T10:30:29Z</time>
      </trkpt>
      <trkpt lat="22.5861848" lon="113.9552506">
        <ele>-0.38299</ele>
        <time>2025-11-05T10:30:31Z</time>
      </trkpt>
      <trkpt lat="22.5862162" lon="113.955261">
        <ele>0.592</ele>
        <time>2025-11-05T10:30:33Z</time>
      </trkpt>
      <trkpt lat="22.5862469" lon="113.9552726">
        <ele>0.995</ele>
        <time>2025-11-05T10:30:35Z</time>
      </trkpt>
      <trkpt lat="22.5862773" lon="113.955284">
        <ele>0.89099</ele>
        <time>2025-11-05T10:30:37Z</time>
      </trkpt>
      <trkpt lat="22.5863083" lon="113.9552954">
        <ele>1.35599</ele>
        <time>2025-11-05T10:30:39Z</time>
      </trkpt>
      <trkpt lat="22.5863402" lon="113.9553071">
        <ele>0.984</ele>
        <time>2025-11-05T10:30:41Z</time>
      </trkpt>
      <trkpt lat="22.5863741" lon="113.9553188">
        <ele>0.00999</ele>
        <time>2025-11-05T10:30:43Z</time>
      </trkpt>
      <trkpt lat="22.5864074" lon="113.9553302">
        <ele>-1.164</ele>
        <time>2025-11-05T10:30:45Z</time>
      </trkpt>
      <trkpt lat="22.5864398" lon="113.9553411">
        <ele>-1.452</ele>
        <time>2025-11-05T10:30:47Z</time>
      </trkpt>
      <trkpt lat="22.5864709" lon="113.9553511">
        <ele>-2.53699</ele>
        <time>2025-11-05T10:30:49Z</time>
      </trkpt>
      <trkpt lat="22.5865014" lon="113.9553609">
        <ele>-1.48699</ele>
        <time>2025-11-05T10:30:51Z</time>
      </trkpt>
      <trkpt lat="22.5865321" lon="113.9553701">
        <ele>-1.419</ele>
        <time>2025-11-05T10:30:53Z</time>
      </trkpt>
      <trkpt lat="22.5865645" lon="113.9553793">
        <ele>-1.146</ele>
        <time>2025-11-05T10:30:55Z</time>
      </trkpt>
      <trkpt lat="22.5865982" lon="113.9553889">
        <ele>-1.376</ele>
        <time>2025-11-05T10:30:57Z</time>
      </trkpt>
      <trkpt lat="22.5866337" lon="113.9553995">
        <ele>-1.24</ele>
        <time>2025-11-05T10:30:59Z</time>
      </trkpt>
      <trkpt lat="22.5866687" lon="113.9554107">
        <ele>-0.79799</ele>
        <time>2025-11-05T10:31:01Z</time>
      </trkpt>
      <trkpt lat="22.5867024" lon="113.9554225">
        <ele>-0.72799</ele>
        <time>2025-11-05T10:31:03Z</time>
      </trkpt>
      <trkpt lat="22.5867358" lon="113.955434">
        <ele>-1.70899</ele>
        <time>2025-11-05T10:31:05Z</time>
      </trkpt>
      <trkpt lat="22.5867698" lon="113.9554453">
        <ele>-1.115</ele>
        <time>2025-11-05T10:31:07Z</time>
      </trkpt>
      <trkpt lat="22.5868029" lon="113.9554565">
        <ele>-1.62899</ele>
        <time>2025-11-05T10:31:09Z</time>
      </trkpt>
      <trkpt lat="22.5868363" lon="113.9554666">
        <ele>-0.95499</ele>
        <time>2025-11-05T10:31:11Z</time>
      </trkpt>
      <trkpt lat="22.5868697" lon="113.9554768">
        <ele>-0.51899</ele>
        <time>2025-11-05T10:31:13Z</time>
      </trkpt>
      <trkpt lat="22.5869019" lon="113.9554878">
        <ele>0.261</ele>
        <time>2025-11-05T10:31:15Z</time>
      </trkpt>
      <trkpt lat="22.5869329" lon="113.9554999">
        <ele>-0.04699</ele>
        <time>2025-11-05T10:31:17Z</time>
      </trkpt>
      <trkpt lat="22.5869633" lon="113.9555124">
        <ele>-0.254</ele>
        <time>2025-11-05T10:31:19Z</time>
      </trkpt>
      <trkpt lat="22.5869938" lon="113.9555255">
        <ele>-0.421</ele>
        <time>2025-11-05T10:31:21Z</time>
      </trkpt>
      <trkpt lat="22.5870264" lon="113.9555391">
        <ele>-0.541</ele>
        <time>2025-11-05T10:31:23Z</time>
      </trkpt>
      <trkpt lat="22.5870589" lon="113.9555527">
        <ele>-0.68699</ele>
        <time>2025-11-05T10:31:25Z</time>
      </trkpt>
      <trkpt lat="22.5870902" lon="113.9555661">
        <ele>-0.21999</ele>
        <time>2025-11-05T10:31:27Z</time>
      </trkpt>
      <trkpt lat="22.5871215" lon="113.9555794">
        <ele>-1.50499</ele>
        <time>2025-11-05T10:31:29Z</time>
      </trkpt>
      <trkpt lat="22.5871519" lon="113.9555921">
        <ele>-1.72899</ele>
        <time>2025-11-05T10:31:31Z</time>
      </trkpt>
      <trkpt lat="22.5871798" lon="113.9556045">
        <ele>-2.335</ele>
        <time>2025-11-05T10:31:33Z</time>
      </trkpt>
      <trkpt lat="22.587208" lon="113.9556175">
        <ele>-2.913</ele>
        <time>2025-11-05T10:31:35Z</time>
      </trkpt>
      <trkpt lat="22.5872371" lon="113.9556307">
        <ele>-2.68</ele>
        <time>2025-11-05T10:31:37Z</time>
      </trkpt>
      <trkpt lat="22.5872668" lon="113.9556434">
        <ele>-2.417</ele>
        <time>2025-11-05T10:31:39Z</time>
      </trkpt>
      <trkpt lat="22.5872973" lon="113.9556561">
        <ele>-2.384</ele>
        <time>2025-11-05T10:31:41Z</time>
      </trkpt>
      <trkpt lat="22.587329" lon="113.9556684">
        <ele>-2.38499</ele>
        <time>2025-11-05T10:31:43Z</time>
      </trkpt>
      <trkpt lat="22.5873614" lon="113.9556798">
        <ele>-2.262</ele>
        <time>2025-11-05T10:31:45Z</time>
      </trkpt>
      <trkpt lat="22.5873929" lon="113.9556903">
        <ele>-2.183</ele>
        <time>2025-11-05T10:31:47Z</time>
      </trkpt>
      <trkpt lat="22.5874247" lon="113.9557009">
        <ele>-2.355</ele>
        <time>2025-11-05T10:31:49Z</time>
      </trkpt>
      <trkpt lat="22.5874561" lon="113.955711">
        <ele>-1.85899</ele>
        <time>2025-11-05T10:31:51Z</time>
      </trkpt>
      <trkpt lat="22.5874872" lon="113.9557204">
        <ele>-1.86</ele>
        <time>2025-11-05T10:31:53Z</time>
      </trkpt>
      <trkpt lat="22.5875183" lon="113.9557299">
        <ele>-2.01699</ele>
        <time>2025-11-05T10:31:55Z</time>
      </trkpt>
      <trkpt lat="22.5875495" lon="113.9557397">
        <ele>-1.95799</ele>
        <time>2025-11-05T10:31:57Z</time>
      </trkpt>
      <trkpt lat="22.5875708" lon="113.955747">
        <ele>-1.97699</ele>
        <time>2025-11-05T10:31:59Z</time>
      </trkpt>
      <trkpt lat="22.5875817" lon="113.9557519">
        <ele>-1.77699</ele>
        <time>2025-11-05T10:32:01Z</time>
      </trkpt>
      <trkpt lat="22.5875816" lon="113.9557544">
        <ele>-2.424</ele>
        <time>2025-11-05T10:32:06Z</time>
      </trkpt>
      <trkpt lat="22.587569" lon="113.9557537">
        <ele>-2.06999</ele>
        <time>2025-11-05T10:32:08Z</time>
      </trkpt>
      <trkpt lat="22.5875458" lon="113.9557505">
        <ele>-1.552</ele>
        <time>2025-11-05T10:32:10Z</time>
      </trkpt>
      <trkpt lat="22.5875218" lon="113.9557461">
        <ele>-1.222</ele>
        <time>2025-11-05T10:32:12Z</time>
      </trkpt>
      <trkpt lat="22.5874975" lon="113.9557409">
        <ele>-2.11199</ele>
        <time>2025-11-05T10:32:14Z</time>
      </trkpt>
      <trkpt lat="22.5874733" lon="113.9557351">
        <ele>-2.74399</ele>
        <time>2025-11-05T10:32:16Z</time>
      </trkpt>
      <trkpt lat="22.5874502" lon="113.9557294">
        <ele>-2.65499</ele>
        <time>2025-11-05T10:32:18Z</time>
      </trkpt>
      <trkpt lat="22.5874321" lon="113.9557241">
        <ele>-2.39199</ele>
        <time>2025-11-05T10:32:20Z</time>
      </trkpt>
      <trkpt lat="22.5874038" lon="113.9557177">
        <ele>-2.36899</ele>
        <time>2025-11-05T10:32:22Z</time>
      </trkpt>
      <trkpt lat="22.5873826" lon="113.9557101">
        <ele>-2.56599</ele>
        <time>2025-11-05T10:32:24Z</time>
      </trkpt>
      <trkpt lat="22.5873582" lon="113.955701">
        <ele>-2.154</ele>
        <time>2025-11-05T10:32:26Z</time>
      </trkpt>
      <trkpt lat="22.5873338" lon="113.9556936">
        <ele>-1.455</ele>
        <time>2025-11-05T10:32:28Z</time>
      </trkpt>
      <trkpt lat="22.5873338" lon="113.9556936">
        <ele>-1.455</ele>
        <time>2025-11-05T10:32:29Z</time>
      </trkpt>
      <trkpt lat="22.5860853" lon="113.9548845">
        <ele>0.23</ele>
        <time>2025-11-05T10:32:30Z</time>
      </trkpt>
      <trkpt lat="22.5860379" lon="113.9548688">
        <ele>0.34099</ele>
        <time>2025-11-05T10:32:32Z</time>
      </trkpt>
      <trkpt lat="22.5860064" lon="113.95486">
        <ele>1.592</ele>
        <time>2025-11-05T10:32:34Z</time>
      </trkpt>
      <trkpt lat="22.585967" lon="113.9548497">
        <ele>1.74699</ele>
        <time>2025-11-05T10:32:36Z</time>
      </trkpt>
      <trkpt lat="22.5859285" lon="113.9548408">
        <ele>2.45099</ele>
        <time>2025-11-05T10:32:38Z</time>
      </trkpt>
      <trkpt lat="22.5858912" lon="113.9548326">
        <ele>2.41199</ele>
        <time>2025-11-05T10:32:40Z</time>
      </trkpt>
      <trkpt lat="22.5858553" lon="113.9548236">
        <ele>2.48499</ele>
        <time>2025-11-05T10:32:42Z</time>
      </trkpt>
      <trkpt lat="22.5858198" lon="113.9548141">
        <ele>1.58899</ele>
        <time>2025-11-05T10:32:44Z</time>
      </trkpt>
      <trkpt lat="22.585785" lon="113.9548035">
        <ele>0.68</ele>
        <time>2025-11-05T10:32:46Z</time>
      </trkpt>
      <trkpt lat="22.58575" lon="113.954792">
        <ele>-0.12099</ele>
        <time>2025-11-05T10:32:48Z</time>
      </trkpt>
      <trkpt lat="22.5857151" lon="113.9547804">
        <ele>-0.034</ele>
        <time>2025-11-05T10:32:50Z</time>
      </trkpt>
      <trkpt lat="22.5856803" lon="113.954769">
        <ele>-0.623</ele>
        <time>2025-11-05T10:32:52Z</time>
      </trkpt>
      <trkpt lat="22.5856465" lon="113.9547577">
        <ele>-0.878</ele>
        <time>2025-11-05T10:32:54Z</time>
      </trkpt>
      <trkpt lat="22.5856139" lon="113.9547471">
        <ele>-0.20299</ele>
        <time>2025-11-05T10:32:56Z</time>
      </trkpt>
      <trkpt lat="22.5855815" lon="113.9547369">
        <ele>-1.041</ele>
        <time>2025-11-05T10:32:58Z</time>
      </trkpt>
      <trkpt lat="22.5855483" lon="113.9547271">
        <ele>-2.15899</ele>
        <time>2025-11-05T10:33:00Z</time>
      </trkpt>
      <trkpt lat="22.5855137" lon="113.9547172">
        <ele>-2.411</ele>
        <time>2025-11-05T10:33:02Z</time>
      </trkpt>
      <trkpt lat="22.5854787" lon="113.9547061">
        <ele>-2.296</ele>
        <time>2025-11-05T10:33:04Z</time>
      </trkpt>
      <trkpt lat="22.585443" lon="113.954694">
        <ele>-1.06599</ele>
        <time>2025-11-05T10:33:06Z</time>
      </trkpt>
      <trkpt lat="22.5854072" lon="113.9546812">
        <ele>-1.66299</ele>
        <time>2025-11-05T10:33:08Z</time>
      </trkpt>
      <trkpt lat="22.5853726" lon="113.9546683">
        <ele>-1.315</ele>
        <time>2025-11-05T10:33:10Z</time>
      </trkpt>
      <trkpt lat="22.5853395" lon="113.9546557">
        <ele>-1.264</ele>
        <time>2025-11-05T10:33:12Z</time>
      </trkpt>
      <trkpt lat="22.5853064" lon="113.9546436">
        <ele>-0.135</ele>
        <time>2025-11-05T10:33:14Z</time>
      </trkpt>
      <trkpt lat="22.5852733" lon="113.9546315">
        <ele>0.052</ele>
        <time>2025-11-05T10:33:16Z</time>
      </trkpt>
      <trkpt lat="22.5852399" lon="113.9546184">
        <ele>1.88199</ele>
        <time>2025-11-05T10:33:18Z</time>
      </trkpt>
      <trkpt lat="22.5852069" lon="113.9546046">
        <ele>2.17</ele>
        <time>2025-11-05T10:33:20Z</time>
      </trkpt>
      <trkpt lat="22.5851741" lon="113.9545908">
        <ele>2.94</ele>
        <time>2025-11-05T10:33:22Z</time>
      </trkpt>
      <trkpt lat="22.5851421" lon="113.9545775">
        <ele>2.22799</ele>
        <time>2025-11-05T10:33:24Z</time>
      </trkpt>
      <trkpt lat="22.58511" lon="113.9545648">
        <ele>2.74</ele>
        <time>2025-11-05T10:33:26Z</time>
      </trkpt>
      <trkpt lat="22.5850783" lon="113.9545536">
        <ele>3.29299</ele>
        <time>2025-11-05T10:33:28Z</time>
      </trkpt>
      <trkpt lat="22.5850449" lon="113.9545436">
        <ele>4.36999</ele>
        <time>2025-11-05T10:33:30Z</time>
      </trkpt>
      <trkpt lat="22.5850093" lon="113.9545342">
        <ele>5.32999</ele>
        <time>2025-11-05T10:33:32Z</time>
      </trkpt>
      <trkpt lat="22.5849715" lon="113.9545262">
        <ele>6.56699</ele>
        <time>2025-11-05T10:33:34Z</time>
      </trkpt>
      <trkpt lat="22.5849321" lon="113.9545198">
        <ele>6.87099</ele>
        <time>2025-11-05T10:33:36Z</time>
      </trkpt>
      <trkpt lat="22.5848913" lon="113.9545138">
        <ele>7.669</ele>
        <time>2025-11-05T10:33:38Z</time>
      </trkpt>
      <trkpt lat="22.5848509" lon="113.9545073">
        <ele>8.46399</ele>
        <time>2025-11-05T10:33:40Z</time>
      </trkpt>
      <trkpt lat="22.5848126" lon="113.9545002">
        <ele>9.59</ele>
        <time>2025-11-05T10:33:42Z</time>
      </trkpt>
      <trkpt lat="22.5847753" lon="113.9544918">
        <ele>8.70199</ele>
        <time>2025-11-05T10:33:44Z</time>
      </trkpt>
      <trkpt lat="22.5847391" lon="113.9544811">
        <ele>9.20199</ele>
        <time>2025-11-05T10:33:46Z</time>
      </trkpt>
      <trkpt lat="22.5847043" lon="113.9544685">
        <ele>10.91699</ele>
        <time>2025-11-05T10:33:48Z</time>
      </trkpt>
      <trkpt lat="22.584671" lon="113.9544553">
        <ele>10.461</ele>
        <time>2025-11-05T10:33:50Z</time>
      </trkpt>
      <trkpt lat="22.5846388" lon="113.9544412">
        <ele>9.53899</ele>
        <time>2025-11-05T10:33:52Z</time>
      </trkpt>
      <trkpt lat="22.5846097" lon="113.9544249">
        <ele>9.13199</ele>
        <time>2025-11-05T10:33:54Z</time>
      </trkpt>
      <trkpt lat="22.5845821" lon="113.9544083">
        <ele>8.03899</ele>
        <time>2025-11-05T10:33:56Z</time>
      </trkpt>
      <trkpt lat="22.5845542" lon="113.9543919">
        <ele>7.19399</ele>
        <time>2025-11-05T10:33:58Z</time>
      </trkpt>
      <trkpt lat="22.5845253" lon="113.9543753">
        <ele>6.86499</ele>
        <time>2025-11-05T10:34:00Z</time>
      </trkpt>
      <trkpt lat="22.5844958" lon="113.9543588">
        <ele>5.75299</ele>
        <time>2025-11-05T10:34:02Z</time>
      </trkpt>
      <trkpt lat="22.5844645" lon="113.9543453">
        <ele>7.491</ele>
        <time>2025-11-05T10:34:04Z</time>
      </trkpt>
      <trkpt lat="22.5844318" lon="113.954333">
        <ele>7.368</ele>
        <time>2025-11-05T10:34:06Z</time>
      </trkpt>
      <trkpt lat="22.5843994" lon="113.9543203">
        <ele>6.96199</ele>
        <time>2025-11-05T10:34:08Z</time>
      </trkpt>
      <trkpt lat="22.5843671" lon="113.9543072">
        <ele>7.406</ele>
        <time>2025-11-05T10:34:10Z</time>
      </trkpt>
      <trkpt lat="22.5843338" lon="113.9542943">
        <ele>6.59299</ele>
        <time>2025-11-05T10:34:12Z</time>
      </trkpt>
      <trkpt lat="22.584301" lon="113.9542798">
        <ele>5.71299</ele>
        <time>2025-11-05T10:34:14Z</time>
      </trkpt>
      <trkpt lat="22.5842688" lon="113.9542638">
        <ele>5.794</ele>
        <time>2025-11-05T10:34:16Z</time>
      </trkpt>
      <trkpt lat="22.584237" lon="113.9542484">
        <ele>5.34399</ele>
        <time>2025-11-05T10:34:18Z</time>
      </trkpt>
      <trkpt lat="22.5842057" lon="113.9542336">
        <ele>6.269</ele>
        <time>2025-11-05T10:34:20Z</time>
      </trkpt>
      <trkpt lat="22.5841758" lon="113.9542182">
        <ele>6.539</ele>
        <time>2025-11-05T10:34:22Z</time>
      </trkpt>
      <trkpt lat="22.5841458" lon="113.9542027">
        <ele>6.9</ele>
        <time>2025-11-05T10:34:24Z</time>
      </trkpt>
      <trkpt lat="22.5841165" lon="113.9541888">
        <ele>6.793</ele>
        <time>2025-11-05T10:34:26Z</time>
      </trkpt>
      <trkpt lat="22.5840896" lon="113.9541744">
        <ele>5.75099</ele>
        <time>2025-11-05T10:34:28Z</time>
      </trkpt>
      <trkpt lat="22.5840677" lon="113.9541588">
        <ele>5.241</ele>
        <time>2025-11-05T10:34:30Z</time>
      </trkpt>
      <trkpt lat="22.5840495" lon="113.9541427">
        <ele>4.842</ele>
        <time>2025-11-05T10:34:32Z</time>
      </trkpt>
      <trkpt lat="22.5840323" lon="113.9541266">
        <ele>4.47599</ele>
        <time>2025-11-05T10:34:34Z</time>
      </trkpt>
      <trkpt lat="22.5840137" lon="113.9541116">
        <ele>4.01499</ele>
        <time>2025-11-05T10:34:36Z</time>
      </trkpt>
      <trkpt lat="22.583992" lon="113.9540984">
        <ele>2.937</ele>
        <time>2025-11-05T10:34:38Z</time>
      </trkpt>
      <trkpt lat="22.5839657" lon="113.9540822">
        <ele>2.028</ele>
        <time>2025-11-05T10:34:40Z</time>
      </trkpt>
      <trkpt lat="22.58394" lon="113.9540561">
        <ele>1.289</ele>
        <time>2025-11-05T10:34:42Z</time>
      </trkpt>
      <trkpt lat="22.5839186" lon="113.9540239">
        <ele>-0.51899</ele>
        <time>2025-11-05T10:34:44Z</time>
      </trkpt>
      <trkpt lat="22.5838933" lon="113.9539926">
        <ele>-1.02799</ele>
        <time>2025-11-05T10:34:46Z</time>
      </trkpt>
      <trkpt lat="22.5838635" lon="113.9539658">
        <ele>-4.722</ele>
        <time>2025-11-05T10:34:48Z</time>
      </trkpt>
      <trkpt lat="22.5838344" lon="113.9539478">
        <ele>-2.55999</ele>
        <time>2025-11-05T10:34:50Z</time>
      </trkpt>
      <trkpt lat="22.5838021" lon="113.953943">
        <ele>0.202</ele>
        <time>2025-11-05T10:34:52Z</time>
      </trkpt>
      <trkpt lat="22.5837654" lon="113.9539424">
        <ele>-2.207</ele>
        <time>2025-11-05T10:34:54Z</time>
      </trkpt>
      <trkpt lat="22.5837342" lon="113.9539372">
        <ele>-3.38599</ele>
        <time>2025-11-05T10:34:56Z</time>
      </trkpt>
      <trkpt lat="22.5837097" lon="113.9539256">
        <ele>-4.769</ele>
        <time>2025-11-05T10:34:58Z</time>
      </trkpt>
      <trkpt lat="22.5836846" lon="113.9539106">
        <ele>-4.88199</ele>
        <time>2025-11-05T10:35:00Z</time>
      </trkpt>
      <trkpt lat="22.5836588" lon="113.9538991">
        <ele>-5.56099</ele>
        <time>2025-11-05T10:35:02Z</time>
      </trkpt>
      <trkpt lat="22.583632" lon="113.9538934">
        <ele>-6.90899</ele>
        <time>2025-11-05T10:35:04Z</time>
      </trkpt>
      <trkpt lat="22.5835999" lon="113.9538912">
        <ele>-9.23299</ele>
        <time>2025-11-05T10:35:06Z</time>
      </trkpt>
      <trkpt lat="22.5835646" lon="113.9538899">
        <ele>-7.53399</ele>
        <time>2025-11-05T10:35:08Z</time>
      </trkpt>
      <trkpt lat="22.5835287" lon="113.9538859">
        <ele>-4.045</ele>
        <time>2025-11-05T10:35:10Z</time>
      </trkpt>
      <trkpt lat="22.5834921" lon="113.9538737">
        <ele>-1.42599</ele>
        <time>2025-11-05T10:35:12Z</time>
      </trkpt>
      <trkpt lat="22.5834568" lon="113.9538565">
        <ele>-1.75</ele>
        <time>2025-11-05T10:35:14Z</time>
      </trkpt>
      <trkpt lat="22.5834269" lon="113.9538363">
        <ele>-1.26499</ele>
        <time>2025-11-05T10:35:16Z</time>
      </trkpt>
      <trkpt lat="22.5834004" lon="113.953813">
        <ele>-0.492</ele>
        <time>2025-11-05T10:35:18Z</time>
      </trkpt>
      <trkpt lat="22.5833757" lon="113.9537905">
        <ele>0.208</ele>
        <time>2025-11-05T10:35:20Z</time>
      </trkpt>
      <trkpt lat="22.5833534" lon="113.9537697">
        <ele>2.131</ele>
        <time>2025-11-05T10:35:22Z</time>
      </trkpt>
      <trkpt lat="22.5833338" lon="113.9537497">
        <ele>4.26399</ele>
        <time>2025-11-05T10:35:24Z</time>
      </trkpt>
      <trkpt lat="22.5833152" lon="113.9537308">
        <ele>2.591</ele>
        <time>2025-11-05T10:35:26Z</time>
      </trkpt>
      <trkpt lat="22.5832986" lon="113.9537148">
        <ele>1.89199</ele>
        <time>2025-11-05T10:35:28Z</time>
      </trkpt>
      <trkpt lat="22.5832829" lon="113.9536964">
        <ele>1.79999</ele>
        <time>2025-11-05T10:35:30Z</time>
      </trkpt>
      <trkpt lat="22.5832662" lon="113.9536757">
        <ele>1.42999</ele>
        <time>2025-11-05T10:35:32Z</time>
      </trkpt>
      <trkpt lat="22.5832468" lon="113.9536523">
        <ele>1.434</ele>
        <time>2025-11-05T10:35:34Z</time>
      </trkpt>
      <trkpt lat="22.5832252" lon="113.9536278">
        <ele>2.229</ele>
        <time>2025-11-05T10:35:36Z</time>
      </trkpt>
      <trkpt lat="22.5832016" lon="113.9536024">
        <ele>2.926</ele>
        <time>2025-11-05T10:35:38Z</time>
      </trkpt>
      <trkpt lat="22.5831763" lon="113.9535778">
        <ele>3.37199</ele>
        <time>2025-11-05T10:35:40Z</time>
      </trkpt>
      <trkpt lat="22.5831475" lon="113.9535528">
        <ele>3.18099</ele>
        <time>2025-11-05T10:35:42Z</time>
      </trkpt>
      <trkpt lat="22.5831159" lon="113.9535293">
        <ele>3.565</ele>
        <time>2025-11-05T10:35:44Z</time>
      </trkpt>
      <trkpt lat="22.5830825" lon="113.9535067">
        <ele>3.749</ele>
        <time>2025-11-05T10:35:46Z</time>
      </trkpt>
      <trkpt lat="22.5830483" lon="113.9534818">
        <ele>3.973</ele>
        <time>2025-11-05T10:35:48Z</time>
      </trkpt>
      <trkpt lat="22.5830134" lon="113.9534558">
        <ele>4.92399</ele>
        <time>2025-11-05T10:35:50Z</time>
      </trkpt>
      <trkpt lat="22.5829812" lon="113.9534318">
        <ele>5.585</ele>
        <time>2025-11-05T10:35:52Z</time>
      </trkpt>
      <trkpt lat="22.5829539" lon="113.9534074">
        <ele>5.69999</ele>
        <time>2025-11-05T10:35:54Z</time>
      </trkpt>
      <trkpt lat="22.5829308" lon="113.9533826">
        <ele>7.339</ele>
        <time>2025-11-05T10:35:56Z</time>
      </trkpt>
      <trkpt lat="22.5829068" lon="113.9533588">
        <ele>6.59899</ele>
        <time>2025-11-05T10:35:58Z</time>
      </trkpt>
      <trkpt lat="22.5828812" lon="113.9533368">
        <ele>5.977</ele>
        <time>2025-11-05T10:36:00Z</time>
      </trkpt>
      <trkpt lat="22.5828526" lon="113.9533152">
        <ele>5.967</ele>
        <time>2025-11-05T10:36:02Z</time>
      </trkpt>
      <trkpt lat="22.5828208" lon="113.9532939">
        <ele>6.28499</ele>
        <time>2025-11-05T10:36:04Z</time>
      </trkpt>
      <trkpt lat="22.5827882" lon="113.9532716">
        <ele>7.04799</ele>
        <time>2025-11-05T10:36:06Z</time>
      </trkpt>
      <trkpt lat="22.582757" lon="113.9532471">
        <ele>8.00199</ele>
        <time>2025-11-05T10:36:08Z</time>
      </trkpt>
      <trkpt lat="22.5827284" lon="113.9532215">
        <ele>7.74499</ele>
        <time>2025-11-05T10:36:10Z</time>
      </trkpt>
      <trkpt lat="22.5827022" lon="113.9531956">
        <ele>7.947</ele>
        <time>2025-11-05T10:36:12Z</time>
      </trkpt>
      <trkpt lat="22.582677" lon="113.9531689">
        <ele>8.482</ele>
        <time>2025-11-05T10:36:14Z</time>
      </trkpt>
      <trkpt lat="22.5826499" lon="113.9531414">
        <ele>8.78199</ele>
        <time>2025-11-05T10:36:16Z</time>
      </trkpt>
      <trkpt lat="22.5826249" lon="113.9531166">
        <ele>9.687</ele>
        <time>2025-11-05T10:36:18Z</time>
      </trkpt>
      <trkpt lat="22.5826006" lon="113.9530933">
        <ele>11.354</ele>
        <time>2025-11-05T10:36:20Z</time>
      </trkpt>
      <trkpt lat="22.5825742" lon="113.9530692">
        <ele>9.093</ele>
        <time>2025-11-05T10:36:22Z</time>
      </trkpt>
      <trkpt lat="22.5825458" lon="113.9530467">
        <ele>9.67099</ele>
        <time>2025-11-05T10:36:24Z</time>
      </trkpt>
      <trkpt lat="22.5825188" lon="113.9530274">
        <ele>10.586</ele>
        <time>2025-11-05T10:36:26Z</time>
      </trkpt>
      <trkpt lat="22.5824906" lon="113.9530064">
        <ele>11.397</ele>
        <time>2025-11-05T10:36:28Z</time>
      </trkpt>
      <trkpt lat="22.5824653" lon="113.9529823">
        <ele>9.302</ele>
        <time>2025-11-05T10:36:30Z</time>
      </trkpt>
      <trkpt lat="22.5824437" lon="113.9529561">
        <ele>9.23299</ele>
        <time>2025-11-05T10:36:32Z</time>
      </trkpt>
      <trkpt lat="22.5824255" lon="113.9529255">
        <ele>8.06099</ele>
        <time>2025-11-05T10:36:34Z</time>
      </trkpt>
      <trkpt lat="22.5824033" lon="113.9528933">
        <ele>6.35799</ele>
        <time>2025-11-05T10:36:36Z</time>
      </trkpt>
      <trkpt lat="22.5823787" lon="113.9528636">
        <ele>5.524</ele>
        <time>2025-11-05T10:36:38Z</time>
      </trkpt>
      <trkpt lat="22.5823552" lon="113.9528367">
        <ele>8.31999</ele>
        <time>2025-11-05T10:36:40Z</time>
      </trkpt>
      <trkpt lat="22.5823333" lon="113.9528112">
        <ele>8.80099</ele>
        <time>2025-11-05T10:36:42Z</time>
      </trkpt>
      <trkpt lat="22.5823114" lon="113.9527888">
        <ele>6.04699</ele>
        <time>2025-11-05T10:36:45Z</time>
      </trkpt>
      <trkpt lat="22.5822919" lon="113.952767">
        <ele>5.723</ele>
        <time>2025-11-05T10:36:47Z</time>
      </trkpt>
      <trkpt lat="22.5822729" lon="113.9527445">
        <ele>5.486</ele>
        <time>2025-11-05T10:36:49Z</time>
      </trkpt>
      <trkpt lat="22.5822479" lon="113.9527221">
        <ele>5.57399</ele>
        <time>2025-11-05T10:36:51Z</time>
      </trkpt>
      <trkpt lat="22.582218" lon="113.9527023">
        <ele>7.307</ele>
        <time>2025-11-05T10:36:53Z</time>
      </trkpt>
      <trkpt lat="22.5821856" lon="113.9526828">
        <ele>9.35799</ele>
        <time>2025-11-05T10:36:55Z</time>
      </trkpt>
      <trkpt lat="22.5821545" lon="113.9526639">
        <ele>10.71199</ele>
        <time>2025-11-05T10:36:57Z</time>
      </trkpt>
      <trkpt lat="22.5821259" lon="113.9526451">
        <ele>11.909</ele>
        <time>2025-11-05T10:36:59Z</time>
      </trkpt>
      <trkpt lat="22.5820995" lon="113.9526244">
        <ele>10.84599</ele>
        <time>2025-11-05T10:37:01Z</time>
      </trkpt>
      <trkpt lat="22.5820755" lon="113.9526011">
        <ele>10.05399</ele>
        <time>2025-11-05T10:37:03Z</time>
      </trkpt>
      <trkpt lat="22.5820539" lon="113.9525777">
        <ele>10.06499</ele>
        <time>2025-11-05T10:37:05Z</time>
      </trkpt>
      <trkpt lat="22.5820338" lon="113.9525529">
        <ele>10.765</ele>
        <time>2025-11-05T10:37:07Z</time>
      </trkpt>
      <trkpt lat="22.5820137" lon="113.9525276">
        <ele>10.166</ele>
        <time>2025-11-05T10:37:09Z</time>
      </trkpt>
      <trkpt lat="22.5819928" lon="113.9525037">
        <ele>9.43999</ele>
        <time>2025-11-05T10:37:11Z</time>
      </trkpt>
      <trkpt lat="22.5819721" lon="113.9524804">
        <ele>8.27</ele>
        <time>2025-11-05T10:37:13Z</time>
      </trkpt>
      <trkpt lat="22.5819504" lon="113.9524562">
        <ele>7.774</ele>
        <time>2025-11-05T10:37:15Z</time>
      </trkpt>
      <trkpt lat="22.581928" lon="113.9524319">
        <ele>8.442</ele>
        <time>2025-11-05T10:37:17Z</time>
      </trkpt>
      <trkpt lat="22.5819039" lon="113.952407">
        <ele>9.661</ele>
        <time>2025-11-05T10:37:19Z</time>
      </trkpt>
      <trkpt lat="22.5818798" lon="113.9523808">
        <ele>10.03699</ele>
        <time>2025-11-05T10:37:21Z</time>
      </trkpt>
      <trkpt lat="22.581856" lon="113.9523545">
        <ele>9.56099</ele>
        <time>2025-11-05T10:37:23Z</time>
      </trkpt>
      <trkpt lat="22.5818333" lon="113.9523285">
        <ele>8.30099</ele>
        <time>2025-11-05T10:37:25Z</time>
      </trkpt>
      <trkpt lat="22.58181" lon="113.9523032">
        <ele>7.958</ele>
        <time>2025-11-05T10:37:27Z</time>
      </trkpt>
      <trkpt lat="22.5817865" lon="113.9522784">
        <ele>7.004</ele>
        <time>2025-11-05T10:37:29Z</time>
      </trkpt>
      <trkpt lat="22.581763" lon="113.9522553">
        <ele>7.63399</ele>
        <time>2025-11-05T10:37:31Z</time>
      </trkpt>
      <trkpt lat="22.5817378" lon="113.9522324">
        <ele>7.985</ele>
        <time>2025-11-05T10:37:33Z</time>
      </trkpt>
      <trkpt lat="22.5817108" lon="113.9522094">
        <ele>8.522</ele>
        <time>2025-11-05T10:37:35Z</time>
      </trkpt>
      <trkpt lat="22.5816818" lon="113.9521847">
        <ele>8.375</ele>
        <time>2025-11-05T10:37:37Z</time>
      </trkpt>
      <trkpt lat="22.5816524" lon="113.9521584">
        <ele>8.338</ele>
        <time>2025-11-05T10:37:39Z</time>
      </trkpt>
      <trkpt lat="22.5816227" lon="113.9521309">
        <ele>9.255</ele>
        <time>2025-11-05T10:37:41Z</time>
      </trkpt>
      <trkpt lat="22.5815937" lon="113.9521025">
        <ele>8.93099</ele>
        <time>2025-11-05T10:37:43Z</time>
      </trkpt>
      <trkpt lat="22.5815654" lon="113.9520734">
        <ele>8.244</ele>
        <time>2025-11-05T10:37:45Z</time>
      </trkpt>
      <trkpt lat="22.581539" lon="113.9520438">
        <ele>8.22099</ele>
        <time>2025-11-05T10:37:47Z</time>
      </trkpt>
      <trkpt lat="22.5815153" lon="113.9520146">
        <ele>8.30799</ele>
        <time>2025-11-05T10:37:49Z</time>
      </trkpt>
      <trkpt lat="22.5814921" lon="113.951985">
        <ele>8.35599</ele>
        <time>2025-11-05T10:37:51Z</time>
      </trkpt>
      <trkpt lat="22.5814692" lon="113.9519562">
        <ele>8.059</ele>
        <time>2025-11-05T10:37:53Z</time>
      </trkpt>
      <trkpt lat="22.5814466" lon="113.951929">
        <ele>9.314</ele>
        <time>2025-11-05T10:37:55Z</time>
      </trkpt>
      <trkpt lat="22.5814247" lon="113.9519035">
        <ele>8.116</ele>
        <time>2025-11-05T10:37:57Z</time>
      </trkpt>
      <trkpt lat="22.5814019" lon="113.9518786">
        <ele>7.309</ele>
        <time>2025-11-05T10:37:59Z</time>
      </trkpt>
      <trkpt lat="22.5813799" lon="113.9518535">
        <ele>6.129</ele>
        <time>2025-11-05T10:38:01Z</time>
      </trkpt>
      <trkpt lat="22.5813574" lon="113.9518274">
        <ele>6.151</ele>
        <time>2025-11-05T10:38:03Z</time>
      </trkpt>
      <trkpt lat="22.5813345" lon="113.9518011">
        <ele>6.22599</ele>
        <time>2025-11-05T10:38:05Z</time>
      </trkpt>
      <trkpt lat="22.5813115" lon="113.9517759">
        <ele>4.12099</ele>
        <time>2025-11-05T10:38:07Z</time>
      </trkpt>
      <trkpt lat="22.5812882" lon="113.9517519">
        <ele>2.70799</ele>
        <time>2025-11-05T10:38:09Z</time>
      </trkpt>
      <trkpt lat="22.5812637" lon="113.9517309">
        <ele>2.253</ele>
        <time>2025-11-05T10:38:11Z</time>
      </trkpt>
      <trkpt lat="22.5812402" lon="113.9517126">
        <ele>4.092</ele>
        <time>2025-11-05T10:38:13Z</time>
      </trkpt>
      <trkpt lat="22.5812179" lon="113.9516925">
        <ele>1.92999</ele>
        <time>2025-11-05T10:38:15Z</time>
      </trkpt>
      <trkpt lat="22.5811957" lon="113.95167">
        <ele>1.64199</ele>
        <time>2025-11-05T10:38:17Z</time>
      </trkpt>
      <trkpt lat="22.5811741" lon="113.9516444">
        <ele>1.942</ele>
        <time>2025-11-05T10:38:19Z</time>
      </trkpt>
      <trkpt lat="22.5811532" lon="113.9516147">
        <ele>1.784</ele>
        <time>2025-11-05T10:38:21Z</time>
      </trkpt>
      <trkpt lat="22.5811316" lon="113.9515818">
        <ele>2.819</ele>
        <time>2025-11-05T10:38:23Z</time>
      </trkpt>
      <trkpt lat="22.5811098" lon="113.9515495">
        <ele>4.96799</ele>
        <time>2025-11-05T10:38:25Z</time>
      </trkpt>
      <trkpt lat="22.5810921" lon="113.9515234">
        <ele>4.48199</ele>
        <time>2025-11-05T10:38:27Z</time>
      </trkpt>
      <trkpt lat="22.5810649" lon="113.9514859">
        <ele>3.107</ele>
        <time>2025-11-05T10:38:29Z</time>
      </trkpt>
      <trkpt lat="22.5810402" lon="113.9514534">
        <ele>2.479</ele>
        <time>2025-11-05T10:38:31Z</time>
      </trkpt>
      <trkpt lat="22.5810171" lon="113.9514256">
        <ele>2.772</ele>
        <time>2025-11-05T10:38:33Z</time>
      </trkpt>
      <trkpt lat="22.5809955" lon="113.951399">
        <ele>4.25699</ele>
        <time>2025-11-05T10:38:35Z</time>
      </trkpt>
      <trkpt lat="22.5809836" lon="113.9513735">
        <ele>6.248</ele>
        <time>2025-11-05T10:38:37Z</time>
      </trkpt>
      <trkpt lat="22.5809836" lon="113.9513735">
        <ele>6.248</ele>
        <time>2025-11-05T10:38:37Z</time>
      </trkpt>
      <trkpt lat="22.580964" lon="113.9513394">
        <ele>7.95499</ele>
        <time>2025-11-05T10:38:38Z</time>
      </trkpt>
      <trkpt lat="22.5809423" lon="113.951306">
        <ele>7.40399</ele>
        <time>2025-11-05T10:38:40Z</time>
      </trkpt>
      <trkpt lat="22.5809271" lon="113.9512838">
        <ele>7.236</ele>
        <time>2025-11-05T10:38:42Z</time>
      </trkpt>
      <trkpt lat="22.5809098" lon="113.9512579">
        <ele>6.11999</ele>
        <time>2025-11-05T10:38:44Z</time>
      </trkpt>
      <trkpt lat="22.5808921" lon="113.9512305">
        <ele>5.87799</ele>
        <time>2025-11-05T10:38:46Z</time>
      </trkpt>
      <trkpt lat="22.5808757" lon="113.9512014">
        <ele>6.19099</ele>
        <time>2025-11-05T10:38:48Z</time>
      </trkpt>
      <trkpt lat="22.5808605" lon="113.9511722">
        <ele>7.59299</ele>
        <time>2025-11-05T10:38:50Z</time>
      </trkpt>
      <trkpt lat="22.5808446" lon="113.9511449">
        <ele>6.421</ele>
        <time>2025-11-05T10:38:52Z</time>
      </trkpt>
      <trkpt lat="22.5808263" lon="113.951118">
        <ele>4.5</ele>
        <time>2025-11-05T10:38:54Z</time>
      </trkpt>
      <trkpt lat="22.5808063" lon="113.9510911">
        <ele>4.76999</ele>
        <time>2025-11-05T10:38:56Z</time>
      </trkpt>
      <trkpt lat="22.5807847" lon="113.9510666">
        <ele>4.12599</ele>
        <time>2025-11-05T10:38:58Z</time>
      </trkpt>
      <trkpt lat="22.5807618" lon="113.9510425">
        <ele>3.219</ele>
        <time>2025-11-05T10:39:00Z</time>
      </trkpt>
      <trkpt lat="22.5807365" lon="113.951013">
        <ele>2.358</ele>
        <time>2025-11-05T10:39:02Z</time>
      </trkpt>
      <trkpt lat="22.5807105" lon="113.9509794">
        <ele>3.29099</ele>
        <time>2025-11-05T10:39:04Z</time>
      </trkpt>
      <trkpt lat="22.5806851" lon="113.9509459">
        <ele>2.38899</ele>
        <time>2025-11-05T10:39:06Z</time>
      </trkpt>
      <trkpt lat="22.5806591" lon="113.9509101">
        <ele>2.22499</ele>
        <time>2025-11-05T10:39:08Z</time>
      </trkpt>
      <trkpt lat="22.5806324" lon="113.9508751">
        <ele>0.558</ele>
        <time>2025-11-05T10:39:10Z</time>
      </trkpt>
      <trkpt lat="22.5806067" lon="113.950844">
        <ele>1.207</ele>
        <time>2025-11-05T10:39:12Z</time>
      </trkpt>
      <trkpt lat="22.5805817" lon="113.9508156">
        <ele>-0.467</ele>
        <time>2025-11-05T10:39:14Z</time>
      </trkpt>
      <trkpt lat="22.5805562" lon="113.9507896">
        <ele>0.49399</ele>
        <time>2025-11-05T10:39:16Z</time>
      </trkpt>
      <trkpt lat="22.5805298" lon="113.9507664">
        <ele>0.76499</ele>
        <time>2025-11-05T10:39:18Z</time>
      </trkpt>
      <trkpt lat="22.5805033" lon="113.9507448">
        <ele>1.416</ele>
        <time>2025-11-05T10:39:20Z</time>
      </trkpt>
      <trkpt lat="22.5804768" lon="113.9507228">
        <ele>1.73</ele>
        <time>2025-11-05T10:39:22Z</time>
      </trkpt>
      <trkpt lat="22.5804513" lon="113.9507009">
        <ele>2.08699</ele>
        <time>2025-11-05T10:39:24Z</time>
      </trkpt>
      <trkpt lat="22.5804233" lon="113.9506775">
        <ele>2.776</ele>
        <time>2025-11-05T10:39:26Z</time>
      </trkpt>
      <trkpt lat="22.5803889" lon="113.9506507">
        <ele>4.776</ele>
        <time>2025-11-05T10:39:28Z</time>
      </trkpt>
      <trkpt lat="22.5803558" lon="113.9506209">
        <ele>6.973</ele>
        <time>2025-11-05T10:39:30Z</time>
      </trkpt>
      <trkpt lat="22.5803259" lon="113.9505887">
        <ele>10.187</ele>
        <time>2025-11-05T10:39:32Z</time>
      </trkpt>
      <trkpt lat="22.5802947" lon="113.9505546">
        <ele>8.18299</ele>
        <time>2025-11-05T10:39:34Z</time>
      </trkpt>
      <trkpt lat="22.5802655" lon="113.9505209">
        <ele>8.37199</ele>
        <time>2025-11-05T10:39:36Z</time>
      </trkpt>
      <trkpt lat="22.5802455" lon="113.950491">
        <ele>7.16099</ele>
        <time>2025-11-05T10:39:38Z</time>
      </trkpt>
      <trkpt lat="22.5802266" lon="113.950464">
        <ele>7.556</ele>
        <time>2025-11-05T10:39:40Z</time>
      </trkpt>
      <trkpt lat="22.5802028" lon="113.9504406">
        <ele>7.40999</ele>
        <time>2025-11-05T10:39:42Z</time>
      </trkpt>
      <trkpt lat="22.5801766" lon="113.950422">
        <ele>7.492</ele>
        <time>2025-11-05T10:39:44Z</time>
      </trkpt>
      <trkpt lat="22.5801492" lon="113.950407">
        <ele>7.794</ele>
        <time>2025-11-05T10:39:46Z</time>
      </trkpt>
      <trkpt lat="22.5801196" lon="113.9503921">
        <ele>7.34299</ele>
        <time>2025-11-05T10:39:48Z</time>
      </trkpt>
      <trkpt lat="22.5800874" lon="113.9503765">
        <ele>6.46299</ele>
        <time>2025-11-05T10:39:50Z</time>
      </trkpt>
      <trkpt lat="22.5800547" lon="113.950361">
        <ele>6.08799</ele>
        <time>2025-11-05T10:39:52Z</time>
      </trkpt>
      <trkpt lat="22.5800236" lon="113.9503465">
        <ele>6.373</ele>
        <time>2025-11-05T10:39:54Z</time>
      </trkpt>
      <trkpt lat="22.5799996" lon="113.9503393">
        <ele>7.25299</ele>
        <time>2025-11-05T10:39:56Z</time>
      </trkpt>
      <trkpt lat="22.5799867" lon="113.9503421">
        <ele>6.40299</ele>
        <time>2025-11-05T10:39:58Z</time>
      </trkpt>
      <trkpt lat="22.5799856" lon="113.950355">
        <ele>5.735</ele>
        <time>2025-11-05T10:40:00Z</time>
      </trkpt>
      <trkpt lat="22.5799973" lon="113.9503768">
        <ele>7.322</ele>
        <time>2025-11-05T10:40:02Z</time>
      </trkpt>
      <trkpt lat="22.5800197" lon="113.9504039">
        <ele>5.60799</ele>
        <time>2025-11-05T10:40:04Z</time>
      </trkpt>
      <trkpt lat="22.5800469" lon="113.9504297">
        <ele>5.63299</ele>
        <time>2025-11-05T10:40:06Z</time>
      </trkpt>
      <trkpt lat="22.5800721" lon="113.9504548">
        <ele>5.35099</ele>
        <time>2025-11-05T10:40:08Z</time>
      </trkpt>
      <trkpt lat="22.580092" lon="113.9504806">
        <ele>5.63399</ele>
        <time>2025-11-05T10:40:10Z</time>
      </trkpt>
      <trkpt lat="22.5801021" lon="113.9505036">
        <ele>6.011</ele>
        <time>2025-11-05T10:40:12Z</time>
      </trkpt>
      <trkpt lat="22.5800999" lon="113.9505171">
        <ele>5.56199</ele>
        <time>2025-11-05T10:40:14Z</time>
      </trkpt>
      <trkpt lat="22.5800879" lon="113.9505237">
        <ele>4.99499</ele>
        <time>2025-11-05T10:40:16Z</time>
      </trkpt>
      <trkpt lat="22.580066" lon="113.9505192">
        <ele>3.72099</ele>
        <time>2025-11-05T10:40:18Z</time>
      </trkpt>
      <trkpt lat="22.5800378" lon="113.9505048">
        <ele>3.69499</ele>
        <time>2025-11-05T10:40:21Z</time>
      </trkpt>
      <trkpt lat="22.5800091" lon="113.9504826">
        <ele>4.06599</ele>
        <time>2025-11-05T10:40:23Z</time>
      </trkpt>
      <trkpt lat="22.5799828" lon="113.9504614">
        <ele>4.032</ele>
        <time>2025-11-05T10:40:25Z</time>
      </trkpt>
      <trkpt lat="22.5799553" lon="113.9504398">
        <ele>4.434</ele>
        <time>2025-11-05T10:40:27Z</time>
      </trkpt>
      <trkpt lat="22.5799288" lon="113.9504201">
        <ele>4.51</ele>
        <time>2025-11-05T10:40:29Z</time>
      </trkpt>
      <trkpt lat="22.5799034" lon="113.9504009">
        <ele>3.723</ele>
        <time>2025-11-05T10:40:31Z</time>
      </trkpt>
      <trkpt lat="22.5798794" lon="113.9503833">
        <ele>4.004</ele>
        <time>2025-11-05T10:40:33Z</time>
      </trkpt>
      <trkpt lat="22.579856" lon="113.9503659">
        <ele>3.611</ele>
        <time>2025-11-05T10:40:35Z</time>
      </trkpt>
      <trkpt lat="22.579833" lon="113.950348">
        <ele>3.009</ele>
        <time>2025-11-05T10:40:37Z</time>
      </trkpt>
      <trkpt lat="22.5798098" lon="113.9503303">
        <ele>2.94</ele>
        <time>2025-11-05T10:40:39Z</time>
      </trkpt>
      <trkpt lat="22.5797859" lon="113.9503132">
        <ele>2.44099</ele>
        <time>2025-11-05T10:40:41Z</time>
      </trkpt>
      <trkpt lat="22.5797609" lon="113.950297">
        <ele>2.50699</ele>
        <time>2025-11-05T10:40:43Z</time>
      </trkpt>
      <trkpt lat="22.579736" lon="113.9502821">
        <ele>2.59999</ele>
        <time>2025-11-05T10:40:45Z</time>
      </trkpt>
      <trkpt lat="22.5797109" lon="113.950269">
        <ele>1.73199</ele>
        <time>2025-11-05T10:40:47Z</time>
      </trkpt>
      <trkpt lat="22.5796863" lon="113.9502557">
        <ele>0.902</ele>
        <time>2025-11-05T10:40:49Z</time>
      </trkpt>
      <trkpt lat="22.5796658" lon="113.9502411">
        <ele>1.501</ele>
        <time>2025-11-05T10:40:51Z</time>
      </trkpt>
      <trkpt lat="22.5796472" lon="113.9502252">
        <ele>1.53699</ele>
        <time>2025-11-05T10:40:53Z</time>
      </trkpt>
      <trkpt lat="22.5796255" lon="113.9502064">
        <ele>2.50999</ele>
        <time>2025-11-05T10:40:55Z</time>
      </trkpt>
      <trkpt lat="22.5796024" lon="113.9501847">
        <ele>2.322</ele>
        <time>2025-11-05T10:40:57Z</time>
      </trkpt>
      <trkpt lat="22.5795785" lon="113.9501624">
        <ele>1.25999</ele>
        <time>2025-11-05T10:40:59Z</time>
      </trkpt>
      <trkpt lat="22.5795506" lon="113.9501377">
        <ele>0.103</ele>
        <time>2025-11-05T10:41:01Z</time>
      </trkpt>
      <trkpt lat="22.5795178" lon="113.9501114">
        <ele>-1.07099</ele>
        <time>2025-11-05T10:41:03Z</time>
      </trkpt>
      <trkpt lat="22.5794923" lon="113.9500904">
        <ele>-3.59999</ele>
        <time>2025-11-05T10:41:05Z</time>
      </trkpt>
      <trkpt lat="22.5794529" lon="113.9500569">
        <ele>-4.96</ele>
        <time>2025-11-05T10:41:07Z</time>
      </trkpt>
      <trkpt lat="22.5794171" lon="113.9500409">
        <ele>-2.68899</ele>
        <time>2025-11-05T10:41:09Z</time>
      </trkpt>
    </trkseg>
  </trk>
</gpx>