<?xml version="1.0" encoding="UTF-8"?>
<gpx xmlns="http://www.topografix.com/GPX/1/1" xmlns:gpxtpx="http://www.garmin.com/xmlschemas/TrackPointExtension/v1" xmlns:xsi="http://www.w3.org/2001/XMLSchema-instance" xsi:schemaLocation="http://www.topografix.com/GPX/1/1 http://www.topografix.com/GPX/1/1/gpx.xsd" version="1.1" creator="gpx.py -- https://github.com/tkrajina/gpxpy">
  <trk>
    <name>gpx from codoon</name>
    <type>Run</type>
    <trkseg>
      <trkpt lat="22.5740834" lon="113.9436419">
        <ele>129.34599</ele>
        <time>2025-12-17T10:08:08Z</time>
      </trkpt>
      <trkpt lat="22.5740694" lon="113.9436425">
        <ele>33.019</ele>
        <time>2025-12-17T10:08:12Z</time>
      </trkpt>
      <trkpt lat="22.5740414" lon="113.9436463">
        <ele>28.61</ele>
        <time>2025-12-17T10:08:16Z</time>
      </trkpt>
      <trkpt lat="22.5740062" lon="113.9436491">
        <ele>28.326</ele>
        <time>2025-12-17T10:08:18Z</time>
      </trkpt>
      <trkpt lat="22.5739546" lon="113.9436486">
        <ele>29.25</ele>
        <time>2025-12-17T10:08:20Z</time>
      </trkpt>
      <trkpt lat="22.5739067" lon="113.9436507">
        <ele>29.631</ele>
        <time>2025-12-17T10:08:22Z</time>
      </trkpt>
      <trkpt lat="22.5738647" lon="113.9436593">
        <ele>29.85099</ele>
        <time>2025-12-17T10:08:24Z</time>
      </trkpt>
      <trkpt lat="22.5738257" lon="113.9436568">
        <ele>31.35499</ele>
        <time>2025-12-17T10:08:26Z</time>
      </trkpt>
      <trkpt lat="22.5737865" lon="113.9436547">
        <ele>32.408</ele>
        <time>2025-12-17T10:08:28Z</time>
      </trkpt>
      <trkpt lat="22.5737489" lon="113.9436512">
        <ele>31.55299</ele>
        <time>2025-12-17T10:08:30Z</time>
      </trkpt>
      <trkpt lat="22.573711" lon="113.9436479">
        <ele>30.361</ele>
        <time>2025-12-17T10:08:32Z</time>
      </trkpt>
      <trkpt lat="22.5736711" lon="113.943645">
        <ele>30.42499</ele>
        <time>2025-12-17T10:08:34Z</time>
      </trkpt>
      <trkpt lat="22.5736301" lon="113.9436413">
        <ele>30.569</ele>
        <time>2025-12-17T10:08:36Z</time>
      </trkpt>
      <trkpt lat="22.5735889" lon="113.943639">
        <ele>30.60499</ele>
        <time>2025-12-17T10:08:38Z</time>
      </trkpt>
      <trkpt lat="22.5735462" lon="113.9436391">
        <ele>30.301</ele>
        <time>2025-12-17T10:08:40Z</time>
      </trkpt>
      <trkpt lat="22.5735068" lon="113.9436393">
        <ele>29.642</ele>
        <time>2025-12-17T10:08:42Z</time>
      </trkpt>
      <trkpt lat="22.5734712" lon="113.9436414">
        <ele>30.381</ele>
        <time>2025-12-17T10:08:44Z</time>
      </trkpt>
      <trkpt lat="22.5734368" lon="113.9436464">
        <ele>29.64399</ele>
        <time>2025-12-17T10:08:46Z</time>
      </trkpt>
      <trkpt lat="22.5734033" lon="113.9436517">
        <ele>28.43799</ele>
        <time>2025-12-17T10:08:48Z</time>
      </trkpt>
      <trkpt lat="22.5733698" lon="113.9436543">
        <ele>28.864</ele>
        <time>2025-12-17T10:08:50Z</time>
      </trkpt>
      <trkpt lat="22.5733327" lon="113.9436536">
        <ele>27.77</ele>
        <time>2025-12-17T10:08:52Z</time>
      </trkpt>
      <trkpt lat="22.5732916" lon="113.943648">
        <ele>29.23999</ele>
        <time>2025-12-17T10:08:54Z</time>
      </trkpt>
      <trkpt lat="22.5732501" lon="113.9436405">
        <ele>29.878</ele>
        <time>2025-12-17T10:08:56Z</time>
      </trkpt>
      <trkpt lat="22.5732087" lon="113.9436334">
        <ele>29.708</ele>
        <time>2025-12-17T10:08:58Z</time>
      </trkpt>
      <trkpt lat="22.5731674" lon="113.9436278">
        <ele>29.288</ele>
        <time>2025-12-17T10:09:00Z</time>
      </trkpt>
      <trkpt lat="22.5731274" lon="113.9436262">
        <ele>28.12199</ele>
        <time>2025-12-17T10:09:02Z</time>
      </trkpt>
      <trkpt lat="22.5730892" lon="113.9436305">
        <ele>27.604</ele>
        <time>2025-12-17T10:09:04Z</time>
      </trkpt>
      <trkpt lat="22.5730521" lon="113.9436371">
        <ele>29.666</ele>
        <time>2025-12-17T10:09:06Z</time>
      </trkpt>
      <trkpt lat="22.573016" lon="113.9436444">
        <ele>29.94899</ele>
        <time>2025-12-17T10:09:08Z</time>
      </trkpt>
      <trkpt lat="22.5729816" lon="113.9436511">
        <ele>31.06599</ele>
        <time>2025-12-17T10:09:10Z</time>
      </trkpt>
      <trkpt lat="22.572949" lon="113.9436565">
        <ele>31.11</ele>
        <time>2025-12-17T10:09:12Z</time>
      </trkpt>
      <trkpt lat="22.5729201" lon="113.943662">
        <ele>31.37299</ele>
        <time>2025-12-17T10:09:14Z</time>
      </trkpt>
      <trkpt lat="22.5728923" lon="113.9436687">
        <ele>32.311</ele>
        <time>2025-12-17T10:09:16Z</time>
      </trkpt>
      <trkpt lat="22.5728647" lon="113.9436737">
        <ele>33.64099</ele>
        <time>2025-12-17T10:09:18Z</time>
      </trkpt>
      <trkpt lat="22.5728371" lon="113.9436782">
        <ele>31.989</ele>
        <time>2025-12-17T10:09:20Z</time>
      </trkpt>
      <trkpt lat="22.5728097" lon="113.9436814">
        <ele>31.002</ele>
        <time>2025-12-17T10:09:22Z</time>
      </trkpt>
      <trkpt lat="22.5727816" lon="113.9436812">
        <ele>28.99099</ele>
        <time>2025-12-17T10:09:24Z</time>
      </trkpt>
      <trkpt lat="22.572753" lon="113.9436773">
        <ele>27.38999</ele>
        <time>2025-12-17T10:09:26Z</time>
      </trkpt>
      <trkpt lat="22.5727233" lon="113.943674">
        <ele>25.89699</ele>
        <time>2025-12-17T10:09:28Z</time>
      </trkpt>
      <trkpt lat="22.5726931" lon="113.9436727">
        <ele>24.96299</ele>
        <time>2025-12-17T10:09:30Z</time>
      </trkpt>
      <trkpt lat="22.572662" lon="113.9436745">
        <ele>23.12899</ele>
        <time>2025-12-17T10:09:32Z</time>
      </trkpt>
      <trkpt lat="22.5726281" lon="113.9436784">
        <ele>23.08099</ele>
        <time>2025-12-17T10:09:34Z</time>
      </trkpt>
      <trkpt lat="22.5725915" lon="113.9436822">
        <ele>22.041</ele>
        <time>2025-12-17T10:09:36Z</time>
      </trkpt>
      <trkpt lat="22.5725535" lon="113.9436849">
        <ele>21.38899</ele>
        <time>2025-12-17T10:09:38Z</time>
      </trkpt>
      <trkpt lat="22.5725149" lon="113.9436853">
        <ele>22.52599</ele>
        <time>2025-12-17T10:09:40Z</time>
      </trkpt>
      <trkpt lat="22.5724732" lon="113.9436839">
        <ele>23.45199</ele>
        <time>2025-12-17T10:09:42Z</time>
      </trkpt>
      <trkpt lat="22.5724291" lon="113.943682">
        <ele>22.652</ele>
        <time>2025-12-17T10:09:44Z</time>
      </trkpt>
      <trkpt lat="22.5723849" lon="113.9436808">
        <ele>23.63299</ele>
        <time>2025-12-17T10:09:46Z</time>
      </trkpt>
      <trkpt lat="22.5723409" lon="113.9436793">
        <ele>21.95299</ele>
        <time>2025-12-17T10:09:48Z</time>
      </trkpt>
      <trkpt lat="22.5722952" lon="113.9436783">
        <ele>22.04299</ele>
        <time>2025-12-17T10:09:50Z</time>
      </trkpt>
      <trkpt lat="22.5722508" lon="113.9436798">
        <ele>20.864</ele>
        <time>2025-12-17T10:09:52Z</time>
      </trkpt>
      <trkpt lat="22.5722073" lon="113.9436839">
        <ele>21.57099</ele>
        <time>2025-12-17T10:09:54Z</time>
      </trkpt>
      <trkpt lat="22.5721631" lon="113.9436891">
        <ele>20.52599</ele>
        <time>2025-12-17T10:09:56Z</time>
      </trkpt>
      <trkpt lat="22.5721202" lon="113.9436952">
        <ele>21.68199</ele>
        <time>2025-12-17T10:09:58Z</time>
      </trkpt>
      <trkpt lat="22.5720799" lon="113.9437018">
        <ele>22.18799</ele>
        <time>2025-12-17T10:10:00Z</time>
      </trkpt>
      <trkpt lat="22.5720421" lon="113.9437073">
        <ele>21.631</ele>
        <time>2025-12-17T10:10:02Z</time>
      </trkpt>
      <trkpt lat="22.5720074" lon="113.9437125">
        <ele>20.433</ele>
        <time>2025-12-17T10:10:04Z</time>
      </trkpt>
      <trkpt lat="22.5719721" lon="113.9437189">
        <ele>19.944</ele>
        <time>2025-12-17T10:10:06Z</time>
      </trkpt>
      <trkpt lat="22.5719324" lon="113.943727">
        <ele>18.41799</ele>
        <time>2025-12-17T10:10:08Z</time>
      </trkpt>
      <trkpt lat="22.5718911" lon="113.9437387">
        <ele>20.134</ele>
        <time>2025-12-17T10:10:10Z</time>
      </trkpt>
      <trkpt lat="22.5718529" lon="113.943754">
        <ele>21.73999</ele>
        <time>2025-12-17T10:10:12Z</time>
      </trkpt>
      <trkpt lat="22.5718194" lon="113.9437724">
        <ele>22.76199</ele>
        <time>2025-12-17T10:10:14Z</time>
      </trkpt>
      <trkpt lat="22.5717956" lon="113.9437953">
        <ele>22.51199</ele>
        <time>2025-12-17T10:10:16Z</time>
      </trkpt>
      <trkpt lat="22.5717833" lon="113.9438228">
        <ele>22.23299</ele>
        <time>2025-12-17T10:10:18Z</time>
      </trkpt>
      <trkpt lat="22.5717771" lon="113.9438558">
        <ele>21.613</ele>
        <time>2025-12-17T10:10:20Z</time>
      </trkpt>
      <trkpt lat="22.5717723" lon="113.9438957">
        <ele>21.684</ele>
        <time>2025-12-17T10:10:22Z</time>
      </trkpt>
      <trkpt lat="22.5717703" lon="113.9439405">
        <ele>21.752</ele>
        <time>2025-12-17T10:10:24Z</time>
      </trkpt>
      <trkpt lat="22.5717695" lon="113.9439838">
        <ele>22.045</ele>
        <time>2025-12-17T10:10:26Z</time>
      </trkpt>
      <trkpt lat="22.5717686" lon="113.944024">
        <ele>22.333</ele>
        <time>2025-12-17T10:10:28Z</time>
      </trkpt>
      <trkpt lat="22.5717684" lon="113.9440591">
        <ele>24.239</ele>
        <time>2025-12-17T10:10:30Z</time>
      </trkpt>
      <trkpt lat="22.5717697" lon="113.9440911">
        <ele>24.867</ele>
        <time>2025-12-17T10:10:33Z</time>
      </trkpt>
      <trkpt lat="22.5717688" lon="113.9441224">
        <ele>24.44899</ele>
        <time>2025-12-17T10:10:35Z</time>
      </trkpt>
      <trkpt lat="22.5717657" lon="113.9441541">
        <ele>24.27099</ele>
        <time>2025-12-17T10:10:37Z</time>
      </trkpt>
      <trkpt lat="22.5717632" lon="113.944186">
        <ele>25.10499</ele>
        <time>2025-12-17T10:10:39Z</time>
      </trkpt>
      <trkpt lat="22.5717631" lon="113.9442171">
        <ele>24.53499</ele>
        <time>2025-12-17T10:10:41Z</time>
      </trkpt>
      <trkpt lat="22.5717647" lon="113.944246">
        <ele>26.43099</ele>
        <time>2025-12-17T10:10:43Z</time>
      </trkpt>
      <trkpt lat="22.5717677" lon="113.9442708">
        <ele>25.57299</ele>
        <time>2025-12-17T10:10:45Z</time>
      </trkpt>
      <trkpt lat="22.5717722" lon="113.9442982">
        <ele>25.98399</ele>
        <time>2025-12-17T10:10:47Z</time>
      </trkpt>
      <trkpt lat="22.5717759" lon="113.9443308">
        <ele>27.77799</ele>
        <time>2025-12-17T10:10:49Z</time>
      </trkpt>
      <trkpt lat="22.5717789" lon="113.9443669">
        <ele>27.478</ele>
        <time>2025-12-17T10:10:51Z</time>
      </trkpt>
      <trkpt lat="22.571781" lon="113.9444077">
        <ele>26.538</ele>
        <time>2025-12-17T10:10:53Z</time>
      </trkpt>
      <trkpt lat="22.5717836" lon="113.9444536">
        <ele>26.929</ele>
        <time>2025-12-17T10:10:55Z</time>
      </trkpt>
      <trkpt lat="22.5717855" lon="113.9445009">
        <ele>26.378</ele>
        <time>2025-12-17T10:10:57Z</time>
      </trkpt>
      <trkpt lat="22.5717873" lon="113.9445501">
        <ele>26.933</ele>
        <time>2025-12-17T10:10:59Z</time>
      </trkpt>
      <trkpt lat="22.5717883" lon="113.9445999">
        <ele>27.49799</ele>
        <time>2025-12-17T10:11:01Z</time>
      </trkpt>
      <trkpt lat="22.5717884" lon="113.9446452">
        <ele>28.31399</ele>
        <time>2025-12-17T10:11:03Z</time>
      </trkpt>
      <trkpt lat="22.571787" lon="113.9446911">
        <ele>27.024</ele>
        <time>2025-12-17T10:11:05Z</time>
      </trkpt>
      <trkpt lat="22.5717857" lon="113.9447355">
        <ele>23.794</ele>
        <time>2025-12-17T10:11:07Z</time>
      </trkpt>
      <trkpt lat="22.5717856" lon="113.9447744">
        <ele>22.32299</ele>
        <time>2025-12-17T10:11:09Z</time>
      </trkpt>
      <trkpt lat="22.5717871" lon="113.9448135">
        <ele>22.686</ele>
        <time>2025-12-17T10:11:11Z</time>
      </trkpt>
      <trkpt lat="22.57179" lon="113.9448548">
        <ele>20.80999</ele>
        <time>2025-12-17T10:11:13Z</time>
      </trkpt>
      <trkpt lat="22.571793" lon="113.9448957">
        <ele>21.287</ele>
        <time>2025-12-17T10:11:15Z</time>
      </trkpt>
      <trkpt lat="22.5717958" lon="113.9449388">
        <ele>22.374</ele>
        <time>2025-12-17T10:11:17Z</time>
      </trkpt>
      <trkpt lat="22.5717982" lon="113.9449848">
        <ele>22.20299</ele>
        <time>2025-12-17T10:11:19Z</time>
      </trkpt>
      <trkpt lat="22.5717999" lon="113.945027">
        <ele>23.61499</ele>
        <time>2025-12-17T10:11:21Z</time>
      </trkpt>
      <trkpt lat="22.5718003" lon="113.9450657">
        <ele>25.53899</ele>
        <time>2025-12-17T10:11:23Z</time>
      </trkpt>
      <trkpt lat="22.5717993" lon="113.9450996">
        <ele>25.694</ele>
        <time>2025-12-17T10:11:25Z</time>
      </trkpt>
      <trkpt lat="22.5717968" lon="113.9451301">
        <ele>26.329</ele>
        <time>2025-12-17T10:11:27Z</time>
      </trkpt>
      <trkpt lat="22.5717915" lon="113.9451614">
        <ele>26.62</ele>
        <time>2025-12-17T10:11:29Z</time>
      </trkpt>
      <trkpt lat="22.5717845" lon="113.945196">
        <ele>27.732</ele>
        <time>2025-12-17T10:11:31Z</time>
      </trkpt>
      <trkpt lat="22.5717773" lon="113.945231">
        <ele>27.02799</ele>
        <time>2025-12-17T10:11:33Z</time>
      </trkpt>
      <trkpt lat="22.5717702" lon="113.9452643">
        <ele>26.49699</ele>
        <time>2025-12-17T10:11:35Z</time>
      </trkpt>
      <trkpt lat="22.5717648" lon="113.9452972">
        <ele>25.10099</ele>
        <time>2025-12-17T10:11:37Z</time>
      </trkpt>
      <trkpt lat="22.5717627" lon="113.9453286">
        <ele>26.246</ele>
        <time>2025-12-17T10:11:39Z</time>
      </trkpt>
      <trkpt lat="22.571764" lon="113.945361">
        <ele>24.738</ele>
        <time>2025-12-17T10:11:41Z</time>
      </trkpt>
      <trkpt lat="22.5717673" lon="113.9453983">
        <ele>25.45899</ele>
        <time>2025-12-17T10:11:43Z</time>
      </trkpt>
      <trkpt lat="22.5717723" lon="113.9454412">
        <ele>25.906</ele>
        <time>2025-12-17T10:11:45Z</time>
      </trkpt>
      <trkpt lat="22.5717773" lon="113.9454865">
        <ele>25.638</ele>
        <time>2025-12-17T10:11:47Z</time>
      </trkpt>
      <trkpt lat="22.5717809" lon="113.9455325">
        <ele>26.804</ele>
        <time>2025-12-17T10:11:49Z</time>
      </trkpt>
      <trkpt lat="22.5717835" lon="113.9455795">
        <ele>27.17099</ele>
        <time>2025-12-17T10:11:51Z</time>
      </trkpt>
      <trkpt lat="22.5717859" lon="113.945624">
        <ele>28.135</ele>
        <time>2025-12-17T10:11:53Z</time>
      </trkpt>
      <trkpt lat="22.5717896" lon="113.9456669">
        <ele>26.41699</ele>
        <time>2025-12-17T10:11:55Z</time>
      </trkpt>
      <trkpt lat="22.5717949" lon="113.9457071">
        <ele>26.44499</ele>
        <time>2025-12-17T10:11:57Z</time>
      </trkpt>
      <trkpt lat="22.5718007" lon="113.9457439">
        <ele>27.04</ele>
        <time>2025-12-17T10:11:59Z</time>
      </trkpt>
      <trkpt lat="22.5718055" lon="113.9457767">
        <ele>24.781</ele>
        <time>2025-12-17T10:12:01Z</time>
      </trkpt>
      <trkpt lat="22.5718093" lon="113.9458093">
        <ele>26.552</ele>
        <time>2025-12-17T10:12:03Z</time>
      </trkpt>
      <trkpt lat="22.5718109" lon="113.9458413">
        <ele>31.51899</ele>
        <time>2025-12-17T10:12:05Z</time>
      </trkpt>
      <trkpt lat="22.5718091" lon="113.9458738">
        <ele>33.59199</ele>
        <time>2025-12-17T10:12:07Z</time>
      </trkpt>
      <trkpt lat="22.5718031" lon="113.9459092">
        <ele>33.83599</ele>
        <time>2025-12-17T10:12:09Z</time>
      </trkpt>
      <trkpt lat="22.5717954" lon="113.9459437">
        <ele>34.11299</ele>
        <time>2025-12-17T10:12:11Z</time>
      </trkpt>
      <trkpt lat="22.5717877" lon="113.9459753">
        <ele>35.13299</ele>
        <time>2025-12-17T10:12:13Z</time>
      </trkpt>
      <trkpt lat="22.5717801" lon="113.9460084">
        <ele>34.55199</ele>
        <time>2025-12-17T10:12:15Z</time>
      </trkpt>
      <trkpt lat="22.5717741" lon="113.9460472">
        <ele>33.43</ele>
        <time>2025-12-17T10:12:17Z</time>
      </trkpt>
      <trkpt lat="22.5717724" lon="113.9460909">
        <ele>33.68799</ele>
        <time>2025-12-17T10:12:19Z</time>
      </trkpt>
      <trkpt lat="22.5717727" lon="113.9461377">
        <ele>35.37699</ele>
        <time>2025-12-17T10:12:21Z</time>
      </trkpt>
      <trkpt lat="22.5717738" lon="113.9461882">
        <ele>37.215</ele>
        <time>2025-12-17T10:12:23Z</time>
      </trkpt>
      <trkpt lat="22.5717763" lon="113.9462388">
        <ele>38.401</ele>
        <time>2025-12-17T10:12:25Z</time>
      </trkpt>
      <trkpt lat="22.5717797" lon="113.9462846">
        <ele>39.05599</ele>
        <time>2025-12-17T10:12:27Z</time>
      </trkpt>
      <trkpt lat="22.5717825" lon="113.946325">
        <ele>39.16999</ele>
        <time>2025-12-17T10:12:29Z</time>
      </trkpt>
      <trkpt lat="22.5717843" lon="113.9463641">
        <ele>39.547</ele>
        <time>2025-12-17T10:12:31Z</time>
      </trkpt>
      <trkpt lat="22.5717853" lon="113.9464031">
        <ele>40.30899</ele>
        <time>2025-12-17T10:12:33Z</time>
      </trkpt>
      <trkpt lat="22.5717849" lon="113.9464424">
        <ele>38.41699</ele>
        <time>2025-12-17T10:12:35Z</time>
      </trkpt>
      <trkpt lat="22.5717785" lon="113.9464826">
        <ele>36.30599</ele>
        <time>2025-12-17T10:12:37Z</time>
      </trkpt>
      <trkpt lat="22.5717649" lon="113.9465241">
        <ele>32.52999</ele>
        <time>2025-12-17T10:12:39Z</time>
      </trkpt>
      <trkpt lat="22.5717515" lon="113.9465656">
        <ele>30.048</ele>
        <time>2025-12-17T10:12:41Z</time>
      </trkpt>
      <trkpt lat="22.571742" lon="113.9466036">
        <ele>28.22999</ele>
        <time>2025-12-17T10:12:43Z</time>
      </trkpt>
      <trkpt lat="22.5717357" lon="113.9466372">
        <ele>27.94799</ele>
        <time>2025-12-17T10:12:45Z</time>
      </trkpt>
      <trkpt lat="22.5717394" lon="113.9466691">
        <ele>27.98299</ele>
        <time>2025-12-17T10:12:47Z</time>
      </trkpt>
      <trkpt lat="22.5717546" lon="113.9466988">
        <ele>30.635</ele>
        <time>2025-12-17T10:12:49Z</time>
      </trkpt>
      <trkpt lat="22.5717733" lon="113.9467315">
        <ele>31.02199</ele>
        <time>2025-12-17T10:12:51Z</time>
      </trkpt>
      <trkpt lat="22.5717902" lon="113.9467643">
        <ele>32.91999</ele>
        <time>2025-12-17T10:12:53Z</time>
      </trkpt>
      <trkpt lat="22.5718032" lon="113.9467987">
        <ele>34.254</ele>
        <time>2025-12-17T10:12:55Z</time>
      </trkpt>
      <trkpt lat="22.5718093" lon="113.9468323">
        <ele>30.77499</ele>
        <time>2025-12-17T10:12:57Z</time>
      </trkpt>
      <trkpt lat="22.5718089" lon="113.9468644">
        <ele>28.322</ele>
        <time>2025-12-17T10:12:59Z</time>
      </trkpt>
      <trkpt lat="22.5718034" lon="113.9468931">
        <ele>29.41699</ele>
        <time>2025-12-17T10:13:01Z</time>
      </trkpt>
      <trkpt lat="22.5717935" lon="113.9469236">
        <ele>30.66799</ele>
        <time>2025-12-17T10:13:03Z</time>
      </trkpt>
      <trkpt lat="22.571782" lon="113.9469549">
        <ele>27.32999</ele>
        <time>2025-12-17T10:13:05Z</time>
      </trkpt>
      <trkpt lat="22.5717721" lon="113.9469886">
        <ele>24.53199</ele>
        <time>2025-12-17T10:13:07Z</time>
      </trkpt>
      <trkpt lat="22.5717637" lon="113.9470276">
        <ele>22.818</ele>
        <time>2025-12-17T10:13:09Z</time>
      </trkpt>
      <trkpt lat="22.5717588" lon="113.9470696">
        <ele>22.683</ele>
        <time>2025-12-17T10:13:11Z</time>
      </trkpt>
      <trkpt lat="22.5717614" lon="113.9471147">
        <ele>23.43199</ele>
        <time>2025-12-17T10:13:13Z</time>
      </trkpt>
      <trkpt lat="22.5717683" lon="113.9471632">
        <ele>24.415</ele>
        <time>2025-12-17T10:13:15Z</time>
      </trkpt>
      <trkpt lat="22.571776" lon="113.9472157">
        <ele>23.798</ele>
        <time>2025-12-17T10:13:17Z</time>
      </trkpt>
      <trkpt lat="22.5717867" lon="113.9472714">
        <ele>23.28599</ele>
        <time>2025-12-17T10:13:19Z</time>
      </trkpt>
      <trkpt lat="22.571796" lon="113.9473274">
        <ele>24.84799</ele>
        <time>2025-12-17T10:13:21Z</time>
      </trkpt>
      <trkpt lat="22.571799" lon="113.9473826">
        <ele>24.28499</ele>
        <time>2025-12-17T10:13:23Z</time>
      </trkpt>
      <trkpt lat="22.5717985" lon="113.9474343">
        <ele>25.783</ele>
        <time>2025-12-17T10:13:25Z</time>
      </trkpt>
      <trkpt lat="22.5717982" lon="113.9474798">
        <ele>24.25099</ele>
        <time>2025-12-17T10:13:27Z</time>
      </trkpt>
      <trkpt lat="22.5717951" lon="113.9475156">
        <ele>19.127</ele>
        <time>2025-12-17T10:13:29Z</time>
      </trkpt>
      <trkpt lat="22.5717887" lon="113.9475477">
        <ele>18.51799</ele>
        <time>2025-12-17T10:13:31Z</time>
      </trkpt>
      <trkpt lat="22.571782" lon="113.9475766">
        <ele>15.92199</ele>
        <time>2025-12-17T10:13:33Z</time>
      </trkpt>
      <trkpt lat="22.5717769" lon="113.9476061">
        <ele>18.434</ele>
        <time>2025-12-17T10:13:35Z</time>
      </trkpt>
      <trkpt lat="22.5717706" lon="113.9476375">
        <ele>19.936</ele>
        <time>2025-12-17T10:13:37Z</time>
      </trkpt>
      <trkpt lat="22.5717626" lon="113.9476703">
        <ele>19.40299</ele>
        <time>2025-12-17T10:13:39Z</time>
      </trkpt>
      <trkpt lat="22.5717563" lon="113.9477013">
        <ele>19.475</ele>
        <time>2025-12-17T10:13:41Z</time>
      </trkpt>
      <trkpt lat="22.5717526" lon="113.947732">
        <ele>18.19799</ele>
        <time>2025-12-17T10:13:43Z</time>
      </trkpt>
      <trkpt lat="22.5717484" lon="113.9477638">
        <ele>18.173</ele>
        <time>2025-12-17T10:13:45Z</time>
      </trkpt>
      <trkpt lat="22.5717448" lon="113.9477962">
        <ele>18.03599</ele>
        <time>2025-12-17T10:13:47Z</time>
      </trkpt>
      <trkpt lat="22.5717414" lon="113.9478322">
        <ele>20.28899</ele>
        <time>2025-12-17T10:13:49Z</time>
      </trkpt>
      <trkpt lat="22.5717363" lon="113.9478719">
        <ele>22.287</ele>
        <time>2025-12-17T10:13:51Z</time>
      </trkpt>
      <trkpt lat="22.5717284" lon="113.9479128">
        <ele>20.745</ele>
        <time>2025-12-17T10:13:53Z</time>
      </trkpt>
      <trkpt lat="22.5717212" lon="113.947951">
        <ele>20.922</ele>
        <time>2025-12-17T10:13:55Z</time>
      </trkpt>
      <trkpt lat="22.5717147" lon="113.9479865">
        <ele>22.68199</ele>
        <time>2025-12-17T10:13:57Z</time>
      </trkpt>
      <trkpt lat="22.5717096" lon="113.9480205">
        <ele>22.20999</ele>
        <time>2025-12-17T10:13:59Z</time>
      </trkpt>
      <trkpt lat="22.571707" lon="113.9480556">
        <ele>22.989</ele>
        <time>2025-12-17T10:14:01Z</time>
      </trkpt>
      <trkpt lat="22.5717098" lon="113.9480959">
        <ele>25.406</ele>
        <time>2025-12-17T10:14:03Z</time>
      </trkpt>
      <trkpt lat="22.5717145" lon="113.9481364">
        <ele>24.825</ele>
        <time>2025-12-17T10:14:05Z</time>
      </trkpt>
      <trkpt lat="22.5717202" lon="113.9481779">
        <ele>22.99699</ele>
        <time>2025-12-17T10:14:07Z</time>
      </trkpt>
      <trkpt lat="22.5717281" lon="113.9482199">
        <ele>23.861</ele>
        <time>2025-12-17T10:14:09Z</time>
      </trkpt>
      <trkpt lat="22.5717391" lon="113.9482615">
        <ele>26.291</ele>
        <time>2025-12-17T10:14:11Z</time>
      </trkpt>
      <trkpt lat="22.5717473" lon="113.948301">
        <ele>23.881</ele>
        <time>2025-12-17T10:14:13Z</time>
      </trkpt>
      <trkpt lat="22.5717518" lon="113.9483413">
        <ele>22.31399</ele>
        <time>2025-12-17T10:14:15Z</time>
      </trkpt>
      <trkpt lat="22.5717527" lon="113.9483823">
        <ele>25.43099</ele>
        <time>2025-12-17T10:14:17Z</time>
      </trkpt>
      <trkpt lat="22.571751" lon="113.9484237">
        <ele>26.086</ele>
        <time>2025-12-17T10:14:19Z</time>
      </trkpt>
      <trkpt lat="22.5717464" lon="113.948464">
        <ele>27.503</ele>
        <time>2025-12-17T10:14:21Z</time>
      </trkpt>
      <trkpt lat="22.571743" lon="113.9485028">
        <ele>27.989</ele>
        <time>2025-12-17T10:14:23Z</time>
      </trkpt>
      <trkpt lat="22.5717429" lon="113.9485415">
        <ele>27.47699</ele>
        <time>2025-12-17T10:14:25Z</time>
      </trkpt>
      <trkpt lat="22.5717476" lon="113.9485813">
        <ele>27.749</ele>
        <time>2025-12-17T10:14:27Z</time>
      </trkpt>
      <trkpt lat="22.5717555" lon="113.9486201">
        <ele>28.795</ele>
        <time>2025-12-17T10:14:29Z</time>
      </trkpt>
      <trkpt lat="22.571765" lon="113.9486565">
        <ele>26.95499</ele>
        <time>2025-12-17T10:14:31Z</time>
      </trkpt>
      <trkpt lat="22.5717749" lon="113.9486912">
        <ele>26.75</ele>
        <time>2025-12-17T10:14:33Z</time>
      </trkpt>
      <trkpt lat="22.5717808" lon="113.9487346">
        <ele>27.815</ele>
        <time>2025-12-17T10:14:35Z</time>
      </trkpt>
      <trkpt lat="22.5717822" lon="113.9487882">
        <ele>26.57799</ele>
        <time>2025-12-17T10:14:37Z</time>
      </trkpt>
      <trkpt lat="22.5717797" lon="113.9488443">
        <ele>26.905</ele>
        <time>2025-12-17T10:14:39Z</time>
      </trkpt>
      <trkpt lat="22.5717734" lon="113.9489007">
        <ele>24.575</ele>
        <time>2025-12-17T10:14:41Z</time>
      </trkpt>
      <trkpt lat="22.5717643" lon="113.9489543">
        <ele>24.242</ele>
        <time>2025-12-17T10:14:43Z</time>
      </trkpt>
      <trkpt lat="22.5717607" lon="113.948997">
        <ele>22.95499</ele>
        <time>2025-12-17T10:14:45Z</time>
      </trkpt>
      <trkpt lat="22.5717627" lon="113.949028">
        <ele>22.18099</ele>
        <time>2025-12-17T10:14:47Z</time>
      </trkpt>
      <trkpt lat="22.5717712" lon="113.9490543">
        <ele>20.70299</ele>
        <time>2025-12-17T10:14:50Z</time>
      </trkpt>
      <trkpt lat="22.5717851" lon="113.9490759">
        <ele>15.13199</ele>
        <time>2025-12-17T10:14:52Z</time>
      </trkpt>
      <trkpt lat="22.5718012" lon="113.9491002">
        <ele>14.76799</ele>
        <time>2025-12-17T10:14:54Z</time>
      </trkpt>
      <trkpt lat="22.5718129" lon="113.9491326">
        <ele>16.655</ele>
        <time>2025-12-17T10:14:56Z</time>
      </trkpt>
      <trkpt lat="22.571819" lon="113.9491711">
        <ele>15.69499</ele>
        <time>2025-12-17T10:14:58Z</time>
      </trkpt>
      <trkpt lat="22.5718189" lon="113.9492137">
        <ele>16.81999</ele>
        <time>2025-12-17T10:15:00Z</time>
      </trkpt>
      <trkpt lat="22.5718136" lon="113.9492632">
        <ele>16.069</ele>
        <time>2025-12-17T10:15:02Z</time>
      </trkpt>
      <trkpt lat="22.5718053" lon="113.9493156">
        <ele>17.06999</ele>
        <time>2025-12-17T10:15:04Z</time>
      </trkpt>
      <trkpt lat="22.5717966" lon="113.9493639">
        <ele>17.958</ele>
        <time>2025-12-17T10:15:06Z</time>
      </trkpt>
      <trkpt lat="22.5717883" lon="113.9494106">
        <ele>19.194</ele>
        <time>2025-12-17T10:15:08Z</time>
      </trkpt>
      <trkpt lat="22.5717784" lon="113.9494587">
        <ele>15.989</ele>
        <time>2025-12-17T10:15:10Z</time>
      </trkpt>
      <trkpt lat="22.5717649" lon="113.9495053">
        <ele>14.08399</ele>
        <time>2025-12-17T10:15:12Z</time>
      </trkpt>
      <trkpt lat="22.5717466" lon="113.9495463">
        <ele>10.54399</ele>
        <time>2025-12-17T10:15:14Z</time>
      </trkpt>
      <trkpt lat="22.5717252" lon="113.9495799">
        <ele>7.92</ele>
        <time>2025-12-17T10:15:16Z</time>
      </trkpt>
      <trkpt lat="22.5717015" lon="113.9496041">
        <ele>6.62099</ele>
        <time>2025-12-17T10:15:18Z</time>
      </trkpt>
      <trkpt lat="22.5716808" lon="113.9496176">
        <ele>7.102</ele>
        <time>2025-12-17T10:15:20Z</time>
      </trkpt>
      <trkpt lat="22.5716528" lon="113.9496301">
        <ele>7.117</ele>
        <time>2025-12-17T10:15:22Z</time>
      </trkpt>
      <trkpt lat="22.5716452" lon="113.9496452">
        <ele>7.39599</ele>
        <time>2025-12-17T10:15:24Z</time>
      </trkpt>
      <trkpt lat="22.5716452" lon="113.9496452">
        <ele>7.39599</ele>
        <time>2025-12-17T10:15:32Z</time>
      </trkpt>
      <trkpt lat="22.5716488" lon="113.9503385">
        <ele>7.40199</ele>
        <time>2025-12-17T10:15:32Z</time>
      </trkpt>
      <trkpt lat="22.5716475" lon="113.9504025">
        <ele>7.663</ele>
        <time>2025-12-17T10:15:34Z</time>
      </trkpt>
      <trkpt lat="22.5716469" lon="113.9504441">
        <ele>8.491</ele>
        <time>2025-12-17T10:15:36Z</time>
      </trkpt>
      <trkpt lat="22.5716469" lon="113.9504942">
        <ele>7.64699</ele>
        <time>2025-12-17T10:15:38Z</time>
      </trkpt>
      <trkpt lat="22.5716485" lon="113.9505429">
        <ele>7.48299</ele>
        <time>2025-12-17T10:15:40Z</time>
      </trkpt>
      <trkpt lat="22.5716506" lon="113.9505888">
        <ele>7.94099</ele>
        <time>2025-12-17T10:15:42Z</time>
      </trkpt>
      <trkpt lat="22.5716523" lon="113.9506336">
        <ele>8.12199</ele>
        <time>2025-12-17T10:15:44Z</time>
      </trkpt>
      <trkpt lat="22.5716535" lon="113.9506781">
        <ele>8.446</ele>
        <time>2025-12-17T10:15:46Z</time>
      </trkpt>
      <trkpt lat="22.5716542" lon="113.9507217">
        <ele>9.14599</ele>
        <time>2025-12-17T10:15:48Z</time>
      </trkpt>
      <trkpt lat="22.5716543" lon="113.9507663">
        <ele>9.666</ele>
        <time>2025-12-17T10:15:50Z</time>
      </trkpt>
      <trkpt lat="22.5716538" lon="113.9508122">
        <ele>10.05399</ele>
        <time>2025-12-17T10:15:52Z</time>
      </trkpt>
      <trkpt lat="22.5716531" lon="113.9508579">
        <ele>10.35799</ele>
        <time>2025-12-17T10:15:54Z</time>
      </trkpt>
      <trkpt lat="22.5716534" lon="113.9509025">
        <ele>9.39999</ele>
        <time>2025-12-17T10:15:56Z</time>
      </trkpt>
      <trkpt lat="22.5716549" lon="113.9509466">
        <ele>9.19499</ele>
        <time>2025-12-17T10:15:58Z</time>
      </trkpt>
      <trkpt lat="22.5716566" lon="113.9509895">
        <ele>9.232</ele>
        <time>2025-12-17T10:16:00Z</time>
      </trkpt>
      <trkpt lat="22.5716572" lon="113.9510307">
        <ele>9.746</ele>
        <time>2025-12-17T10:16:02Z</time>
      </trkpt>
      <trkpt lat="22.5716575" lon="113.9510707">
        <ele>11.041</ele>
        <time>2025-12-17T10:16:04Z</time>
      </trkpt>
      <trkpt lat="22.5716578" lon="113.9511109">
        <ele>10.961</ele>
        <time>2025-12-17T10:16:06Z</time>
      </trkpt>
      <trkpt lat="22.5716565" lon="113.9511542">
        <ele>11.38799</ele>
        <time>2025-12-17T10:16:08Z</time>
      </trkpt>
      <trkpt lat="22.5716546" lon="113.9511992">
        <ele>10.63899</ele>
        <time>2025-12-17T10:16:10Z</time>
      </trkpt>
      <trkpt lat="22.5716541" lon="113.9512443">
        <ele>10.555</ele>
        <time>2025-12-17T10:16:12Z</time>
      </trkpt>
      <trkpt lat="22.571654" lon="113.9512903">
        <ele>11.09399</ele>
        <time>2025-12-17T10:16:14Z</time>
      </trkpt>
      <trkpt lat="22.5716534" lon="113.9513387">
        <ele>10.118</ele>
        <time>2025-12-17T10:16:16Z</time>
      </trkpt>
      <trkpt lat="22.5716531" lon="113.9513875">
        <ele>9.178</ele>
        <time>2025-12-17T10:16:18Z</time>
      </trkpt>
      <trkpt lat="22.5716526" lon="113.9514351">
        <ele>8.661</ele>
        <time>2025-12-17T10:16:20Z</time>
      </trkpt>
      <trkpt lat="22.5716529" lon="113.9514835">
        <ele>8.65799</ele>
        <time>2025-12-17T10:16:22Z</time>
      </trkpt>
      <trkpt lat="22.5716548" lon="113.9515315">
        <ele>9.128</ele>
        <time>2025-12-17T10:16:24Z</time>
      </trkpt>
      <trkpt lat="22.5716577" lon="113.9515783">
        <ele>9.92399</ele>
        <time>2025-12-17T10:16:26Z</time>
      </trkpt>
      <trkpt lat="22.571662" lon="113.9516221">
        <ele>10.41899</ele>
        <time>2025-12-17T10:16:28Z</time>
      </trkpt>
      <trkpt lat="22.571667" lon="113.9516641">
        <ele>11.27499</ele>
        <time>2025-12-17T10:16:30Z</time>
      </trkpt>
      <trkpt lat="22.5716708" lon="113.9517044">
        <ele>12.173</ele>
        <time>2025-12-17T10:16:32Z</time>
      </trkpt>
      <trkpt lat="22.5716725" lon="113.9517438">
        <ele>12.717</ele>
        <time>2025-12-17T10:16:34Z</time>
      </trkpt>
      <trkpt lat="22.5716762" lon="113.9517794">
        <ele>12.97399</ele>
        <time>2025-12-17T10:16:36Z</time>
      </trkpt>
      <trkpt lat="22.5716843" lon="113.9518092">
        <ele>13.208</ele>
        <time>2025-12-17T10:16:38Z</time>
      </trkpt>
      <trkpt lat="22.5716996" lon="113.9518325">
        <ele>13.59799</ele>
        <time>2025-12-17T10:16:40Z</time>
      </trkpt>
      <trkpt lat="22.5717219" lon="113.9518461">
        <ele>14.456</ele>
        <time>2025-12-17T10:16:42Z</time>
      </trkpt>
      <trkpt lat="22.5717487" lon="113.9518451">
        <ele>14.847</ele>
        <time>2025-12-17T10:16:44Z</time>
      </trkpt>
      <trkpt lat="22.5717732" lon="113.951832">
        <ele>16.08799</ele>
        <time>2025-12-17T10:16:46Z</time>
      </trkpt>
      <trkpt lat="22.5717938" lon="113.9518129">
        <ele>15.88399</ele>
        <time>2025-12-17T10:16:48Z</time>
      </trkpt>
      <trkpt lat="22.5718118" lon="113.9517867">
        <ele>16.55299</ele>
        <time>2025-12-17T10:16:50Z</time>
      </trkpt>
      <trkpt lat="22.5718286" lon="113.9517542">
        <ele>15.61299</ele>
        <time>2025-12-17T10:16:52Z</time>
      </trkpt>
      <trkpt lat="22.5718451" lon="113.9517209">
        <ele>16.232</ele>
        <time>2025-12-17T10:16:54Z</time>
      </trkpt>
      <trkpt lat="22.5718632" lon="113.9516857">
        <ele>16.76899</ele>
        <time>2025-12-17T10:16:56Z</time>
      </trkpt>
      <trkpt lat="22.5718851" lon="113.9516492">
        <ele>17.041</ele>
        <time>2025-12-17T10:16:58Z</time>
      </trkpt>
      <trkpt lat="22.5719085" lon="113.9516172">
        <ele>18.48299</ele>
        <time>2025-12-17T10:17:00Z</time>
      </trkpt>
      <trkpt lat="22.5719319" lon="113.9515925">
        <ele>17.74699</ele>
        <time>2025-12-17T10:17:02Z</time>
      </trkpt>
      <trkpt lat="22.5719576" lon="113.9515734">
        <ele>16.97999</ele>
        <time>2025-12-17T10:17:04Z</time>
      </trkpt>
      <trkpt lat="22.5719871" lon="113.9515602">
        <ele>15.081</ele>
        <time>2025-12-17T10:17:06Z</time>
      </trkpt>
      <trkpt lat="22.5720157" lon="113.9515499">
        <ele>14.78299</ele>
        <time>2025-12-17T10:17:08Z</time>
      </trkpt>
      <trkpt lat="22.5720445" lon="113.9515387">
        <ele>14.45499</ele>
        <time>2025-12-17T10:17:10Z</time>
      </trkpt>
      <trkpt lat="22.5720684" lon="113.951523">
        <ele>15.14999</ele>
        <time>2025-12-17T10:17:12Z</time>
      </trkpt>
      <trkpt lat="22.5720885" lon="113.9515071">
        <ele>16.103</ele>
        <time>2025-12-17T10:17:14Z</time>
      </trkpt>
      <trkpt lat="22.5721061" lon="113.9514933">
        <ele>15.63899</ele>
        <time>2025-12-17T10:17:16Z</time>
      </trkpt>
      <trkpt lat="22.5721188" lon="113.951482">
        <ele>15.156</ele>
        <time>2025-12-17T10:17:18Z</time>
      </trkpt>
      <trkpt lat="22.572134" lon="113.9514705">
        <ele>14.67599</ele>
        <time>2025-12-17T10:17:20Z</time>
      </trkpt>
      <trkpt lat="22.572134" lon="113.9514705">
        <ele>14.67599</ele>
        <time>2025-12-17T10:17:22Z</time>
      </trkpt>
      <trkpt lat="22.5720523" lon="113.9512578">
        <ele>9.69299</ele>
        <time>2025-12-17T10:17:23Z</time>
      </trkpt>
      <trkpt lat="22.5720504" lon="113.9512142">
        <ele>8.76399</ele>
        <time>2025-12-17T10:17:25Z</time>
      </trkpt>
      <trkpt lat="22.5720528" lon="113.9511857">
        <ele>7.63299</ele>
        <time>2025-12-17T10:17:27Z</time>
      </trkpt>
      <trkpt lat="22.572061" lon="113.9511526">
        <ele>7.98699</ele>
        <time>2025-12-17T10:17:29Z</time>
      </trkpt>
      <trkpt lat="22.5720774" lon="113.9511206">
        <ele>8.81299</ele>
        <time>2025-12-17T10:17:31Z</time>
      </trkpt>
      <trkpt lat="22.572102" lon="113.9510923">
        <ele>8.86999</ele>
        <time>2025-12-17T10:17:33Z</time>
      </trkpt>
      <trkpt lat="22.5721345" lon="113.9510648">
        <ele>9.09899</ele>
        <time>2025-12-17T10:17:35Z</time>
      </trkpt>
      <trkpt lat="22.5721682" lon="113.9510376">
        <ele>9.942</ele>
        <time>2025-12-17T10:17:37Z</time>
      </trkpt>
      <trkpt lat="22.5722032" lon="113.9510115">
        <ele>10.97</ele>
        <time>2025-12-17T10:17:39Z</time>
      </trkpt>
      <trkpt lat="22.5722357" lon="113.9509853">
        <ele>11.40799</ele>
        <time>2025-12-17T10:17:41Z</time>
      </trkpt>
      <trkpt lat="22.572268" lon="113.9509607">
        <ele>10.88899</ele>
        <time>2025-12-17T10:17:43Z</time>
      </trkpt>
      <trkpt lat="22.572299" lon="113.9509402">
        <ele>12.371</ele>
        <time>2025-12-17T10:17:45Z</time>
      </trkpt>
      <trkpt lat="22.572333" lon="113.9509227">
        <ele>14.196</ele>
        <time>2025-12-17T10:17:47Z</time>
      </trkpt>
      <trkpt lat="22.5723687" lon="113.9509054">
        <ele>14.1</ele>
        <time>2025-12-17T10:17:49Z</time>
      </trkpt>
      <trkpt lat="22.5724065" lon="113.9508903">
        <ele>15.37399</ele>
        <time>2025-12-17T10:17:51Z</time>
      </trkpt>
      <trkpt lat="22.5724462" lon="113.9508783">
        <ele>15.23099</ele>
        <time>2025-12-17T10:17:53Z</time>
      </trkpt>
      <trkpt lat="22.5724898" lon="113.9508659">
        <ele>15.284</ele>
        <time>2025-12-17T10:17:55Z</time>
      </trkpt>
      <trkpt lat="22.5725296" lon="113.9508523">
        <ele>15.78199</ele>
        <time>2025-12-17T10:17:57Z</time>
      </trkpt>
      <trkpt lat="22.5725667" lon="113.9508399">
        <ele>16.975</ele>
        <time>2025-12-17T10:17:59Z</time>
      </trkpt>
      <trkpt lat="22.572605" lon="113.9508282">
        <ele>16.78899</ele>
        <time>2025-12-17T10:18:01Z</time>
      </trkpt>
      <trkpt lat="22.572642" lon="113.9508152">
        <ele>14.67399</ele>
        <time>2025-12-17T10:18:03Z</time>
      </trkpt>
      <trkpt lat="22.5726761" lon="113.9508027">
        <ele>12.43799</ele>
        <time>2025-12-17T10:18:05Z</time>
      </trkpt>
      <trkpt lat="22.5727149" lon="113.9507917">
        <ele>12.81799</ele>
        <time>2025-12-17T10:18:07Z</time>
      </trkpt>
      <trkpt lat="22.5727553" lon="113.9507808">
        <ele>13.81799</ele>
        <time>2025-12-17T10:18:09Z</time>
      </trkpt>
      <trkpt lat="22.5727934" lon="113.9507684">
        <ele>14.991</ele>
        <time>2025-12-17T10:18:11Z</time>
      </trkpt>
      <trkpt lat="22.5728304" lon="113.9507572">
        <ele>15.036</ele>
        <time>2025-12-17T10:18:13Z</time>
      </trkpt>
      <trkpt lat="22.5728683" lon="113.9507456">
        <ele>13.807</ele>
        <time>2025-12-17T10:18:15Z</time>
      </trkpt>
      <trkpt lat="22.5729033" lon="113.9507351">
        <ele>14.467</ele>
        <time>2025-12-17T10:18:17Z</time>
      </trkpt>
      <trkpt lat="22.5729377" lon="113.9507261">
        <ele>14.401</ele>
        <time>2025-12-17T10:18:19Z</time>
      </trkpt>
      <trkpt lat="22.5729713" lon="113.9507184">
        <ele>11.55</ele>
        <time>2025-12-17T10:18:21Z</time>
      </trkpt>
      <trkpt lat="22.5730059" lon="113.9507103">
        <ele>10.993</ele>
        <time>2025-12-17T10:18:23Z</time>
      </trkpt>
      <trkpt lat="22.5730413" lon="113.9507051">
        <ele>11.199</ele>
        <time>2025-12-17T10:18:25Z</time>
      </trkpt>
      <trkpt lat="22.5730797" lon="113.9507002">
        <ele>11.01599</ele>
        <time>2025-12-17T10:18:27Z</time>
      </trkpt>
      <trkpt lat="22.5731183" lon="113.9506946">
        <ele>9.668</ele>
        <time>2025-12-17T10:18:29Z</time>
      </trkpt>
      <trkpt lat="22.573158" lon="113.9506904">
        <ele>8.70199</ele>
        <time>2025-12-17T10:18:31Z</time>
      </trkpt>
      <trkpt lat="22.5731972" lon="113.9506866">
        <ele>6.247</ele>
        <time>2025-12-17T10:18:33Z</time>
      </trkpt>
      <trkpt lat="22.5732349" lon="113.950682">
        <ele>5.39499</ele>
        <time>2025-12-17T10:18:35Z</time>
      </trkpt>
      <trkpt lat="22.5732725" lon="113.9506775">
        <ele>4.98</ele>
        <time>2025-12-17T10:18:37Z</time>
      </trkpt>
      <trkpt lat="22.5733095" lon="113.9506735">
        <ele>5.27799</ele>
        <time>2025-12-17T10:18:39Z</time>
      </trkpt>
      <trkpt lat="22.5733452" lon="113.9506702">
        <ele>5.27199</ele>
        <time>2025-12-17T10:18:41Z</time>
      </trkpt>
      <trkpt lat="22.5733801" lon="113.9506665">
        <ele>6.00699</ele>
        <time>2025-12-17T10:18:43Z</time>
      </trkpt>
      <trkpt lat="22.5734155" lon="113.9506638">
        <ele>7.12799</ele>
        <time>2025-12-17T10:18:45Z</time>
      </trkpt>
      <trkpt lat="22.5734504" lon="113.9506626">
        <ele>7.17999</ele>
        <time>2025-12-17T10:18:47Z</time>
      </trkpt>
      <trkpt lat="22.5734852" lon="113.9506613">
        <ele>8.111</ele>
        <time>2025-12-17T10:18:49Z</time>
      </trkpt>
      <trkpt lat="22.5735203" lon="113.9506599">
        <ele>7.492</ele>
        <time>2025-12-17T10:18:51Z</time>
      </trkpt>
      <trkpt lat="22.5735549" lon="113.9506584">
        <ele>6.47399</ele>
        <time>2025-12-17T10:18:53Z</time>
      </trkpt>
      <trkpt lat="22.5735869" lon="113.9506552">
        <ele>5.83799</ele>
        <time>2025-12-17T10:18:55Z</time>
      </trkpt>
      <trkpt lat="22.5736155" lon="113.9506519">
        <ele>5.71799</ele>
        <time>2025-12-17T10:18:57Z</time>
      </trkpt>
      <trkpt lat="22.5736435" lon="113.950648">
        <ele>6.05999</ele>
        <time>2025-12-17T10:18:59Z</time>
      </trkpt>
      <trkpt lat="22.5736718" lon="113.9506427">
        <ele>7.61999</ele>
        <time>2025-12-17T10:19:01Z</time>
      </trkpt>
      <trkpt lat="22.5737" lon="113.9506362">
        <ele>7.385</ele>
        <time>2025-12-17T10:19:03Z</time>
      </trkpt>
      <trkpt lat="22.5737303" lon="113.9506306">
        <ele>7.58099</ele>
        <time>2025-12-17T10:19:05Z</time>
      </trkpt>
      <trkpt lat="22.5737653" lon="113.9506254">
        <ele>8.149</ele>
        <time>2025-12-17T10:19:07Z</time>
      </trkpt>
      <trkpt lat="22.5738038" lon="113.9506203">
        <ele>8.486</ele>
        <time>2025-12-17T10:19:09Z</time>
      </trkpt>
      <trkpt lat="22.5738416" lon="113.9506168">
        <ele>8.60299</ele>
        <time>2025-12-17T10:19:11Z</time>
      </trkpt>
      <trkpt lat="22.5738821" lon="113.9506151">
        <ele>10.057</ele>
        <time>2025-12-17T10:19:13Z</time>
      </trkpt>
      <trkpt lat="22.5739226" lon="113.9506108">
        <ele>10.01599</ele>
        <time>2025-12-17T10:19:15Z</time>
      </trkpt>
      <trkpt lat="22.5739595" lon="113.9506001">
        <ele>9.63599</ele>
        <time>2025-12-17T10:19:17Z</time>
      </trkpt>
      <trkpt lat="22.5739938" lon="113.9505847">
        <ele>9.61999</ele>
        <time>2025-12-17T10:19:19Z</time>
      </trkpt>
      <trkpt lat="22.5740285" lon="113.950564">
        <ele>10.33699</ele>
        <time>2025-12-17T10:19:21Z</time>
      </trkpt>
      <trkpt lat="22.5740611" lon="113.9505404">
        <ele>9.838</ele>
        <time>2025-12-17T10:19:23Z</time>
      </trkpt>
      <trkpt lat="22.5740921" lon="113.9505185">
        <ele>8.92899</ele>
        <time>2025-12-17T10:19:25Z</time>
      </trkpt>
      <trkpt lat="22.5741213" lon="113.9505036">
        <ele>7.65299</ele>
        <time>2025-12-17T10:19:27Z</time>
      </trkpt>
      <trkpt lat="22.5741503" lon="113.9504925">
        <ele>7.82</ele>
        <time>2025-12-17T10:19:29Z</time>
      </trkpt>
      <trkpt lat="22.5741819" lon="113.9504843">
        <ele>8.451</ele>
        <time>2025-12-17T10:19:32Z</time>
      </trkpt>
      <trkpt lat="22.574211" lon="113.950476">
        <ele>8.35299</ele>
        <time>2025-12-17T10:19:34Z</time>
      </trkpt>
      <trkpt lat="22.5742422" lon="113.9504697">
        <ele>7.775</ele>
        <time>2025-12-17T10:19:36Z</time>
      </trkpt>
      <trkpt lat="22.5742779" lon="113.9504618">
        <ele>8.704</ele>
        <time>2025-12-17T10:19:38Z</time>
      </trkpt>
      <trkpt lat="22.5743114" lon="113.950454">
        <ele>7.16099</ele>
        <time>2025-12-17T10:19:40Z</time>
      </trkpt>
      <trkpt lat="22.574344" lon="113.9504469">
        <ele>6.867</ele>
        <time>2025-12-17T10:19:42Z</time>
      </trkpt>
      <trkpt lat="22.5743811" lon="113.9504422">
        <ele>5.662</ele>
        <time>2025-12-17T10:19:44Z</time>
      </trkpt>
      <trkpt lat="22.574417" lon="113.9504354">
        <ele>4.33099</ele>
        <time>2025-12-17T10:19:46Z</time>
      </trkpt>
      <trkpt lat="22.5744506" lon="113.9504277">
        <ele>4.17899</ele>
        <time>2025-12-17T10:19:48Z</time>
      </trkpt>
      <trkpt lat="22.5744875" lon="113.9504223">
        <ele>3.812</ele>
        <time>2025-12-17T10:19:50Z</time>
      </trkpt>
      <trkpt lat="22.5745253" lon="113.9504202">
        <ele>4.215</ele>
        <time>2025-12-17T10:19:52Z</time>
      </trkpt>
      <trkpt lat="22.57456" lon="113.9504167">
        <ele>3.91599</ele>
        <time>2025-12-17T10:19:54Z</time>
      </trkpt>
      <trkpt lat="22.5745967" lon="113.9504126">
        <ele>3.904</ele>
        <time>2025-12-17T10:19:56Z</time>
      </trkpt>
      <trkpt lat="22.574636" lon="113.9504111">
        <ele>4.452</ele>
        <time>2025-12-17T10:19:58Z</time>
      </trkpt>
      <trkpt lat="22.5746741" lon="113.9504098">
        <ele>4.07</ele>
        <time>2025-12-17T10:20:00Z</time>
      </trkpt>
      <trkpt lat="22.5747103" lon="113.9504073">
        <ele>4.155</ele>
        <time>2025-12-17T10:20:02Z</time>
      </trkpt>
      <trkpt lat="22.5747471" lon="113.9504083">
        <ele>4.25099</ele>
        <time>2025-12-17T10:20:04Z</time>
      </trkpt>
      <trkpt lat="22.574784" lon="113.9504127">
        <ele>4.02199</ele>
        <time>2025-12-17T10:20:06Z</time>
      </trkpt>
      <trkpt lat="22.5748196" lon="113.9504153">
        <ele>4.53499</ele>
        <time>2025-12-17T10:20:08Z</time>
      </trkpt>
      <trkpt lat="22.5748555" lon="113.9504159">
        <ele>2.94499</ele>
        <time>2025-12-17T10:20:10Z</time>
      </trkpt>
      <trkpt lat="22.5748911" lon="113.9504151">
        <ele>2.04099</ele>
        <time>2025-12-17T10:20:12Z</time>
      </trkpt>
      <trkpt lat="22.5749222" lon="113.9504108">
        <ele>1.11099</ele>
        <time>2025-12-17T10:20:14Z</time>
      </trkpt>
      <trkpt lat="22.5749463" lon="113.9504027">
        <ele>0.861</ele>
        <time>2025-12-17T10:20:16Z</time>
      </trkpt>
      <trkpt lat="22.5749664" lon="113.9503927">
        <ele>0.08399</ele>
        <time>2025-12-17T10:20:18Z</time>
      </trkpt>
      <trkpt lat="22.5749821" lon="113.9503831">
        <ele>-2.42499</ele>
        <time>2025-12-17T10:20:21Z</time>
      </trkpt>
      <trkpt lat="22.5749967" lon="113.9503746">
        <ele>-4.74499</ele>
        <time>2025-12-17T10:20:24Z</time>
      </trkpt>
      <trkpt lat="22.5750153" lon="113.950369">
        <ele>-6.10599</ele>
        <time>2025-12-17T10:20:26Z</time>
      </trkpt>
      <trkpt lat="22.5750397" lon="113.9503658">
        <ele>-8.41399</ele>
        <time>2025-12-17T10:20:28Z</time>
      </trkpt>
      <trkpt lat="22.5750684" lon="113.950367">
        <ele>-10.86499</ele>
        <time>2025-12-17T10:20:30Z</time>
      </trkpt>
      <trkpt lat="22.5750988" lon="113.9503705">
        <ele>-13.68</ele>
        <time>2025-12-17T10:20:32Z</time>
      </trkpt>
      <trkpt lat="22.5751288" lon="113.950371">
        <ele>-17.912</ele>
        <time>2025-12-17T10:20:34Z</time>
      </trkpt>
      <trkpt lat="22.5751649" lon="113.9503696">
        <ele>-18.297</ele>
        <time>2025-12-17T10:20:36Z</time>
      </trkpt>
      <trkpt lat="22.5752099" lon="113.9503687">
        <ele>-18.367</ele>
        <time>2025-12-17T10:20:38Z</time>
      </trkpt>
      <trkpt lat="22.5752627" lon="113.9503664">
        <ele>-15.47599</ele>
        <time>2025-12-17T10:20:40Z</time>
      </trkpt>
      <trkpt lat="22.5753244" lon="113.9503634">
        <ele>-12.159</ele>
        <time>2025-12-17T10:20:42Z</time>
      </trkpt>
      <trkpt lat="22.5753951" lon="113.9503639">
        <ele>-8.435</ele>
        <time>2025-12-17T10:20:44Z</time>
      </trkpt>
      <trkpt lat="22.5754671" lon="113.9503667">
        <ele>-6.45699</ele>
        <time>2025-12-17T10:20:46Z</time>
      </trkpt>
      <trkpt lat="22.5755329" lon="113.9503691">
        <ele>-2.55299</ele>
        <time>2025-12-17T10:20:48Z</time>
      </trkpt>
      <trkpt lat="22.5755909" lon="113.9503694">
        <ele>1.12199</ele>
        <time>2025-12-17T10:20:50Z</time>
      </trkpt>
      <trkpt lat="22.5756441" lon="113.9503689">
        <ele>2.03299</ele>
        <time>2025-12-17T10:20:52Z</time>
      </trkpt>
      <trkpt lat="22.5756921" lon="113.9503662">
        <ele>2.40599</ele>
        <time>2025-12-17T10:20:54Z</time>
      </trkpt>
      <trkpt lat="22.5757342" lon="113.9503602">
        <ele>2.77999</ele>
        <time>2025-12-17T10:20:56Z</time>
      </trkpt>
      <trkpt lat="22.5757738" lon="113.9503519">
        <ele>3.05299</ele>
        <time>2025-12-17T10:20:58Z</time>
      </trkpt>
      <trkpt lat="22.5758123" lon="113.9503452">
        <ele>3.54999</ele>
        <time>2025-12-17T10:21:00Z</time>
      </trkpt>
      <trkpt lat="22.5758509" lon="113.9503404">
        <ele>3.825</ele>
        <time>2025-12-17T10:21:02Z</time>
      </trkpt>
      <trkpt lat="22.5758896" lon="113.9503385">
        <ele>3.571</ele>
        <time>2025-12-17T10:21:04Z</time>
      </trkpt>
      <trkpt lat="22.5759299" lon="113.9503395">
        <ele>4.267</ele>
        <time>2025-12-17T10:21:06Z</time>
      </trkpt>
      <trkpt lat="22.5759718" lon="113.9503438">
        <ele>4.841</ele>
        <time>2025-12-17T10:21:08Z</time>
      </trkpt>
      <trkpt lat="22.5760124" lon="113.9503462">
        <ele>4.473</ele>
        <time>2025-12-17T10:21:10Z</time>
      </trkpt>
      <trkpt lat="22.5760517" lon="113.950347">
        <ele>4.96299</ele>
        <time>2025-12-17T10:21:12Z</time>
      </trkpt>
      <trkpt lat="22.5760887" lon="113.9503457">
        <ele>4.36899</ele>
        <time>2025-12-17T10:21:14Z</time>
      </trkpt>
      <trkpt lat="22.5761245" lon="113.9503427">
        <ele>4.01499</ele>
        <time>2025-12-17T10:21:16Z</time>
      </trkpt>
      <trkpt lat="22.5761595" lon="113.9503385">
        <ele>4.76999</ele>
        <time>2025-12-17T10:21:18Z</time>
      </trkpt>
      <trkpt lat="22.5761987" lon="113.9503372">
        <ele>4.29899</ele>
        <time>2025-12-17T10:21:20Z</time>
      </trkpt>
      <trkpt lat="22.5762396" lon="113.950336">
        <ele>4.50199</ele>
        <time>2025-12-17T10:21:22Z</time>
      </trkpt>
      <trkpt lat="22.576282" lon="113.9503347">
        <ele>4.98099</ele>
        <time>2025-12-17T10:21:24Z</time>
      </trkpt>
      <trkpt lat="22.5763227" lon="113.9503327">
        <ele>6.13999</ele>
        <time>2025-12-17T10:21:26Z</time>
      </trkpt>
      <trkpt lat="22.5763607" lon="113.9503287">
        <ele>6.921</ele>
        <time>2025-12-17T10:21:28Z</time>
      </trkpt>
      <trkpt lat="22.5763978" lon="113.9503213">
        <ele>6.22499</ele>
        <time>2025-12-17T10:21:30Z</time>
      </trkpt>
      <trkpt lat="22.5764363" lon="113.9503129">
        <ele>4.49599</ele>
        <time>2025-12-17T10:21:32Z</time>
      </trkpt>
      <trkpt lat="22.5764755" lon="113.9503055">
        <ele>4.46899</ele>
        <time>2025-12-17T10:21:34Z</time>
      </trkpt>
      <trkpt lat="22.5765155" lon="113.9502993">
        <ele>4.894</ele>
        <time>2025-12-17T10:21:36Z</time>
      </trkpt>
      <trkpt lat="22.5765571" lon="113.9502946">
        <ele>3.94499</ele>
        <time>2025-12-17T10:21:38Z</time>
      </trkpt>
      <trkpt lat="22.5765982" lon="113.950291">
        <ele>2.48399</ele>
        <time>2025-12-17T10:21:40Z</time>
      </trkpt>
      <trkpt lat="22.5766374" lon="113.9502896">
        <ele>2.979</ele>
        <time>2025-12-17T10:21:42Z</time>
      </trkpt>
      <trkpt lat="22.5766756" lon="113.9502872">
        <ele>3.496</ele>
        <time>2025-12-17T10:21:44Z</time>
      </trkpt>
      <trkpt lat="22.5767143" lon="113.950285">
        <ele>2.127</ele>
        <time>2025-12-17T10:21:46Z</time>
      </trkpt>
      <trkpt lat="22.5767522" lon="113.9502833">
        <ele>1.021</ele>
        <time>2025-12-17T10:21:48Z</time>
      </trkpt>
      <trkpt lat="22.5767894" lon="113.9502821">
        <ele>-0.35899</ele>
        <time>2025-12-17T10:21:50Z</time>
      </trkpt>
      <trkpt lat="22.5768265" lon="113.9502805">
        <ele>-0.35299</ele>
        <time>2025-12-17T10:21:52Z</time>
      </trkpt>
      <trkpt lat="22.5768642" lon="113.9502796">
        <ele>0.41999</ele>
        <time>2025-12-17T10:21:54Z</time>
      </trkpt>
      <trkpt lat="22.5769026" lon="113.95028">
        <ele>1.337</ele>
        <time>2025-12-17T10:21:56Z</time>
      </trkpt>
      <trkpt lat="22.5769429" lon="113.9502811">
        <ele>2.278</ele>
        <time>2025-12-17T10:21:58Z</time>
      </trkpt>
      <trkpt lat="22.5769843" lon="113.9502822">
        <ele>1.06099</ele>
        <time>2025-12-17T10:22:00Z</time>
      </trkpt>
      <trkpt lat="22.577026" lon="113.9502834">
        <ele>2.23</ele>
        <time>2025-12-17T10:22:02Z</time>
      </trkpt>
      <trkpt lat="22.5770663" lon="113.9502843">
        <ele>3.338</ele>
        <time>2025-12-17T10:22:04Z</time>
      </trkpt>
      <trkpt lat="22.5771049" lon="113.9502846">
        <ele>4.657</ele>
        <time>2025-12-17T10:22:06Z</time>
      </trkpt>
      <trkpt lat="22.5771416" lon="113.9502834">
        <ele>3.99499</ele>
        <time>2025-12-17T10:22:08Z</time>
      </trkpt>
      <trkpt lat="22.5771774" lon="113.9502813">
        <ele>1.98899</ele>
        <time>2025-12-17T10:22:10Z</time>
      </trkpt>
      <trkpt lat="22.5772116" lon="113.9502793">
        <ele>1.30599</ele>
        <time>2025-12-17T10:22:12Z</time>
      </trkpt>
      <trkpt lat="22.5772451" lon="113.9502781">
        <ele>1.72699</ele>
        <time>2025-12-17T10:22:14Z</time>
      </trkpt>
      <trkpt lat="22.5772804" lon="113.9502763">
        <ele>1.419</ele>
        <time>2025-12-17T10:22:16Z</time>
      </trkpt>
      <trkpt lat="22.5773148" lon="113.9502754">
        <ele>0.694</ele>
        <time>2025-12-17T10:22:18Z</time>
      </trkpt>
      <trkpt lat="22.5773506" lon="113.9502745">
        <ele>-0.07999</ele>
        <time>2025-12-17T10:22:20Z</time>
      </trkpt>
      <trkpt lat="22.5773871" lon="113.9502722">
        <ele>1.12199</ele>
        <time>2025-12-17T10:22:22Z</time>
      </trkpt>
      <trkpt lat="22.5774268" lon="113.9502682">
        <ele>-0.462</ele>
        <time>2025-12-17T10:22:24Z</time>
      </trkpt>
      <trkpt lat="22.577467" lon="113.9502648">
        <ele>-0.71799</ele>
        <time>2025-12-17T10:22:26Z</time>
      </trkpt>
      <trkpt lat="22.5775088" lon="113.9502616">
        <ele>0.19799</ele>
        <time>2025-12-17T10:22:28Z</time>
      </trkpt>
      <trkpt lat="22.5775502" lon="113.9502597">
        <ele>-0.456</ele>
        <time>2025-12-17T10:22:30Z</time>
      </trkpt>
      <trkpt lat="22.5775936" lon="113.9502585">
        <ele>-0.34999</ele>
        <time>2025-12-17T10:22:32Z</time>
      </trkpt>
      <trkpt lat="22.577636" lon="113.9502569">
        <ele>-0.688</ele>
        <time>2025-12-17T10:22:34Z</time>
      </trkpt>
      <trkpt lat="22.5776767" lon="113.950254">
        <ele>0.028</ele>
        <time>2025-12-17T10:22:36Z</time>
      </trkpt>
      <trkpt lat="22.5777178" lon="113.9502494">
        <ele>0.57099</ele>
        <time>2025-12-17T10:22:38Z</time>
      </trkpt>
      <trkpt lat="22.577759" lon="113.9502427">
        <ele>0.40299</ele>
        <time>2025-12-17T10:22:40Z</time>
      </trkpt>
      <trkpt lat="22.5777989" lon="113.950235">
        <ele>0.953</ele>
        <time>2025-12-17T10:22:42Z</time>
      </trkpt>
      <trkpt lat="22.5778387" lon="113.9502278">
        <ele>2.151</ele>
        <time>2025-12-17T10:22:44Z</time>
      </trkpt>
      <trkpt lat="22.5778803" lon="113.9502207">
        <ele>2.83999</ele>
        <time>2025-12-17T10:22:46Z</time>
      </trkpt>
      <trkpt lat="22.5779208" lon="113.950215">
        <ele>4.051</ele>
        <time>2025-12-17T10:22:48Z</time>
      </trkpt>
      <trkpt lat="22.577958" lon="113.9502119">
        <ele>3.82699</ele>
        <time>2025-12-17T10:22:50Z</time>
      </trkpt>
      <trkpt lat="22.5779922" lon="113.9502118">
        <ele>4.111</ele>
        <time>2025-12-17T10:22:52Z</time>
      </trkpt>
      <trkpt lat="22.5780262" lon="113.9502128">
        <ele>3.594</ele>
        <time>2025-12-17T10:22:54Z</time>
      </trkpt>
      <trkpt lat="22.5780593" lon="113.9502152">
        <ele>4.011</ele>
        <time>2025-12-17T10:22:56Z</time>
      </trkpt>
      <trkpt lat="22.5780929" lon="113.9502189">
        <ele>4.16099</ele>
        <time>2025-12-17T10:22:58Z</time>
      </trkpt>
      <trkpt lat="22.5781291" lon="113.950221">
        <ele>3.41899</ele>
        <time>2025-12-17T10:23:00Z</time>
      </trkpt>
      <trkpt lat="22.5781676" lon="113.9502223">
        <ele>3.64299</ele>
        <time>2025-12-17T10:23:02Z</time>
      </trkpt>
      <trkpt lat="22.5782062" lon="113.9502251">
        <ele>3.815</ele>
        <time>2025-12-17T10:23:04Z</time>
      </trkpt>
      <trkpt lat="22.5782449" lon="113.9502282">
        <ele>3.282</ele>
        <time>2025-12-17T10:23:06Z</time>
      </trkpt>
      <trkpt lat="22.5782844" lon="113.9502322">
        <ele>2.98399</ele>
        <time>2025-12-17T10:23:08Z</time>
      </trkpt>
      <trkpt lat="22.5783234" lon="113.950238">
        <ele>4.105</ele>
        <time>2025-12-17T10:23:10Z</time>
      </trkpt>
      <trkpt lat="22.5783618" lon="113.9502446">
        <ele>5.011</ele>
        <time>2025-12-17T10:23:12Z</time>
      </trkpt>
      <trkpt lat="22.5783997" lon="113.9502522">
        <ele>5.513</ele>
        <time>2025-12-17T10:23:14Z</time>
      </trkpt>
      <trkpt lat="22.5784361" lon="113.9502606">
        <ele>5.58799</ele>
        <time>2025-12-17T10:23:16Z</time>
      </trkpt>
      <trkpt lat="22.5784715" lon="113.9502686">
        <ele>5.85099</ele>
        <time>2025-12-17T10:23:18Z</time>
      </trkpt>
      <trkpt lat="22.5785047" lon="113.9502767">
        <ele>5.40999</ele>
        <time>2025-12-17T10:23:20Z</time>
      </trkpt>
      <trkpt lat="22.578538" lon="113.9502839">
        <ele>5.682</ele>
        <time>2025-12-17T10:23:22Z</time>
      </trkpt>
      <trkpt lat="22.5785706" lon="113.9502909">
        <ele>5.276</ele>
        <time>2025-12-17T10:23:24Z</time>
      </trkpt>
      <trkpt lat="22.5786044" lon="113.9502986">
        <ele>5.138</ele>
        <time>2025-12-17T10:23:26Z</time>
      </trkpt>
      <trkpt lat="22.5786383" lon="113.9503073">
        <ele>5.926</ele>
        <time>2025-12-17T10:23:28Z</time>
      </trkpt>
      <trkpt lat="22.5786732" lon="113.9503187">
        <ele>7.031</ele>
        <time>2025-12-17T10:23:30Z</time>
      </trkpt>
      <trkpt lat="22.5787058" lon="113.9503305">
        <ele>6.80399</ele>
        <time>2025-12-17T10:23:32Z</time>
      </trkpt>
      <trkpt lat="22.5787375" lon="113.9503429">
        <ele>5.637</ele>
        <time>2025-12-17T10:23:34Z</time>
      </trkpt>
      <trkpt lat="22.5787701" lon="113.9503545">
        <ele>5.551</ele>
        <time>2025-12-17T10:23:36Z</time>
      </trkpt>
      <trkpt lat="22.578804" lon="113.9503654">
        <ele>5.75199</ele>
        <time>2025-12-17T10:23:38Z</time>
      </trkpt>
      <trkpt lat="22.5788373" lon="113.9503747">
        <ele>6.03</ele>
        <time>2025-12-17T10:23:40Z</time>
      </trkpt>
      <trkpt lat="22.5788731" lon="113.9503851">
        <ele>6.433</ele>
        <time>2025-12-17T10:23:42Z</time>
      </trkpt>
      <trkpt lat="22.57891" lon="113.9503951">
        <ele>5.894</ele>
        <time>2025-12-17T10:23:44Z</time>
      </trkpt>
      <trkpt lat="22.5789449" lon="113.9504057">
        <ele>6.176</ele>
        <time>2025-12-17T10:23:46Z</time>
      </trkpt>
      <trkpt lat="22.5789767" lon="113.9504177">
        <ele>5.55299</ele>
        <time>2025-12-17T10:23:48Z</time>
      </trkpt>
      <trkpt lat="22.5790082" lon="113.9504298">
        <ele>5.011</ele>
        <time>2025-12-17T10:23:50Z</time>
      </trkpt>
      <trkpt lat="22.5790389" lon="113.9504421">
        <ele>4.90299</ele>
        <time>2025-12-17T10:23:52Z</time>
      </trkpt>
      <trkpt lat="22.5790688" lon="113.9504557">
        <ele>4.182</ele>
        <time>2025-12-17T10:23:54Z</time>
      </trkpt>
      <trkpt lat="22.5790989" lon="113.9504709">
        <ele>4.63399</ele>
        <time>2025-12-17T10:23:56Z</time>
      </trkpt>
      <trkpt lat="22.5791307" lon="113.9504864">
        <ele>5.341</ele>
        <time>2025-12-17T10:23:58Z</time>
      </trkpt>
      <trkpt lat="22.5791655" lon="113.9505029">
        <ele>6.005</ele>
        <time>2025-12-17T10:24:00Z</time>
      </trkpt>
      <trkpt lat="22.5791989" lon="113.9505204">
        <ele>5.98799</ele>
        <time>2025-12-17T10:24:02Z</time>
      </trkpt>
      <trkpt lat="22.5792273" lon="113.9505393">
        <ele>7.005</ele>
        <time>2025-12-17T10:24:04Z</time>
      </trkpt>
      <trkpt lat="22.5792515" lon="113.950561">
        <ele>7.13999</ele>
        <time>2025-12-17T10:24:06Z</time>
      </trkpt>
      <trkpt lat="22.5792761" lon="113.9505816">
        <ele>7.135</ele>
        <time>2025-12-17T10:24:08Z</time>
      </trkpt>
      <trkpt lat="22.5792985" lon="113.9506011">
        <ele>7.42199</ele>
        <time>2025-12-17T10:24:10Z</time>
      </trkpt>
      <trkpt lat="22.579326" lon="113.9506201">
        <ele>7.98999</ele>
        <time>2025-12-17T10:24:12Z</time>
      </trkpt>
      <trkpt lat="22.5793601" lon="113.9506351">
        <ele>8.58399</ele>
        <time>2025-12-17T10:24:14Z</time>
      </trkpt>
      <trkpt lat="22.5793972" lon="113.9506473">
        <ele>4.83199</ele>
        <time>2025-12-17T10:24:16Z</time>
      </trkpt>
      <trkpt lat="22.5794337" lon="113.9506594">
        <ele>3.90199</ele>
        <time>2025-12-17T10:24:18Z</time>
      </trkpt>
      <trkpt lat="22.5794714" lon="113.9506718">
        <ele>3.571</ele>
        <time>2025-12-17T10:24:20Z</time>
      </trkpt>
      <trkpt lat="22.5795071" lon="113.9506817">
        <ele>4.037</ele>
        <time>2025-12-17T10:24:22Z</time>
      </trkpt>
      <trkpt lat="22.5795428" lon="113.9506911">
        <ele>4.27699</ele>
        <time>2025-12-17T10:24:24Z</time>
      </trkpt>
      <trkpt lat="22.5795811" lon="113.9506993">
        <ele>5.04799</ele>
        <time>2025-12-17T10:24:26Z</time>
      </trkpt>
      <trkpt lat="22.5796188" lon="113.9507087">
        <ele>4.51999</ele>
        <time>2025-12-17T10:24:28Z</time>
      </trkpt>
      <trkpt lat="22.579655" lon="113.9507184">
        <ele>4.73199</ele>
        <time>2025-12-17T10:24:30Z</time>
      </trkpt>
      <trkpt lat="22.5796889" lon="113.9507304">
        <ele>5.00699</ele>
        <time>2025-12-17T10:24:32Z</time>
      </trkpt>
      <trkpt lat="22.5797218" lon="113.9507447">
        <ele>5.42799</ele>
        <time>2025-12-17T10:24:34Z</time>
      </trkpt>
      <trkpt lat="22.5797526" lon="113.9507598">
        <ele>6.01</ele>
        <time>2025-12-17T10:24:36Z</time>
      </trkpt>
      <trkpt lat="22.5797818" lon="113.950776">
        <ele>6.01</ele>
        <time>2025-12-17T10:24:38Z</time>
      </trkpt>
      <trkpt lat="22.5798102" lon="113.9507949">
        <ele>6.19899</ele>
        <time>2025-12-17T10:24:40Z</time>
      </trkpt>
      <trkpt lat="22.5798386" lon="113.9508159">
        <ele>6.716</ele>
        <time>2025-12-17T10:24:42Z</time>
      </trkpt>
      <trkpt lat="22.5798664" lon="113.9508379">
        <ele>6.822</ele>
        <time>2025-12-17T10:24:44Z</time>
      </trkpt>
      <trkpt lat="22.5798941" lon="113.9508621">
        <ele>6.217</ele>
        <time>2025-12-17T10:24:46Z</time>
      </trkpt>
      <trkpt lat="22.5799232" lon="113.9508873">
        <ele>6.79199</ele>
        <time>2025-12-17T10:24:48Z</time>
      </trkpt>
      <trkpt lat="22.5799522" lon="113.9509117">
        <ele>6.90199</ele>
        <time>2025-12-17T10:24:50Z</time>
      </trkpt>
      <trkpt lat="22.5799808" lon="113.9509368">
        <ele>7.182</ele>
        <time>2025-12-17T10:24:52Z</time>
      </trkpt>
      <trkpt lat="22.5800088" lon="113.950964">
        <ele>7.04799</ele>
        <time>2025-12-17T10:24:54Z</time>
      </trkpt>
      <trkpt lat="22.5800365" lon="113.9509927">
        <ele>6.76999</ele>
        <time>2025-12-17T10:24:56Z</time>
      </trkpt>
      <trkpt lat="22.5800636" lon="113.9510221">
        <ele>6.73799</ele>
        <time>2025-12-17T10:24:58Z</time>
      </trkpt>
      <trkpt lat="22.5800896" lon="113.9510518">
        <ele>7.102</ele>
        <time>2025-12-17T10:25:00Z</time>
      </trkpt>
      <trkpt lat="22.5801165" lon="113.9510819">
        <ele>7.748</ele>
        <time>2025-12-17T10:25:02Z</time>
      </trkpt>
      <trkpt lat="22.5801428" lon="113.9511116">
        <ele>8.559</ele>
        <time>2025-12-17T10:25:04Z</time>
      </trkpt>
      <trkpt lat="22.5801678" lon="113.9511408">
        <ele>8.694</ele>
        <time>2025-12-17T10:25:06Z</time>
      </trkpt>
      <trkpt lat="22.5801912" lon="113.9511696">
        <ele>8.03299</ele>
        <time>2025-12-17T10:25:08Z</time>
      </trkpt>
      <trkpt lat="22.5802154" lon="113.9511998">
        <ele>8.548</ele>
        <time>2025-12-17T10:25:10Z</time>
      </trkpt>
      <trkpt lat="22.5802385" lon="113.9512293">
        <ele>8.89</ele>
        <time>2025-12-17T10:25:12Z</time>
      </trkpt>
      <trkpt lat="22.5802624" lon="113.9512587">
        <ele>9.557</ele>
        <time>2025-12-17T10:25:14Z</time>
      </trkpt>
      <trkpt lat="22.5802874" lon="113.951288">
        <ele>10.09799</ele>
        <time>2025-12-17T10:25:16Z</time>
      </trkpt>
      <trkpt lat="22.5803133" lon="113.9513166">
        <ele>9.70199</ele>
        <time>2025-12-17T10:25:18Z</time>
      </trkpt>
      <trkpt lat="22.5803401" lon="113.9513442">
        <ele>9.38099</ele>
        <time>2025-12-17T10:25:20Z</time>
      </trkpt>
      <trkpt lat="22.5803669" lon="113.9513713">
        <ele>9.58399</ele>
        <time>2025-12-17T10:25:22Z</time>
      </trkpt>
      <trkpt lat="22.5803936" lon="113.9513979">
        <ele>9.84099</ele>
        <time>2025-12-17T10:25:24Z</time>
      </trkpt>
      <trkpt lat="22.5804206" lon="113.9514247">
        <ele>9.258</ele>
        <time>2025-12-17T10:25:26Z</time>
      </trkpt>
      <trkpt lat="22.5804494" lon="113.9514549">
        <ele>9.10299</ele>
        <time>2025-12-17T10:25:28Z</time>
      </trkpt>
      <trkpt lat="22.5804769" lon="113.9514868">
        <ele>8.69799</ele>
        <time>2025-12-17T10:25:30Z</time>
      </trkpt>
      <trkpt lat="22.5805046" lon="113.9515204">
        <ele>7.901</ele>
        <time>2025-12-17T10:25:32Z</time>
      </trkpt>
      <trkpt lat="22.5805314" lon="113.9515566">
        <ele>7.98099</ele>
        <time>2025-12-17T10:25:34Z</time>
      </trkpt>
      <trkpt lat="22.5805572" lon="113.9515921">
        <ele>7.412</ele>
        <time>2025-12-17T10:25:36Z</time>
      </trkpt>
      <trkpt lat="22.5805812" lon="113.9516254">
        <ele>7.75899</ele>
        <time>2025-12-17T10:25:38Z</time>
      </trkpt>
      <trkpt lat="22.5806055" lon="113.9516582">
        <ele>6.97499</ele>
        <time>2025-12-17T10:25:40Z</time>
      </trkpt>
      <trkpt lat="22.5806295" lon="113.9516906">
        <ele>6.22399</ele>
        <time>2025-12-17T10:25:42Z</time>
      </trkpt>
      <trkpt lat="22.5806536" lon="113.9517214">
        <ele>6.755</ele>
        <time>2025-12-17T10:25:44Z</time>
      </trkpt>
      <trkpt lat="22.5806776" lon="113.9517531">
        <ele>7.295</ele>
        <time>2025-12-17T10:25:46Z</time>
      </trkpt>
      <trkpt lat="22.5807017" lon="113.9517858">
        <ele>7.605</ele>
        <time>2025-12-17T10:25:48Z</time>
      </trkpt>
      <trkpt lat="22.5807259" lon="113.9518189">
        <ele>6.48899</ele>
        <time>2025-12-17T10:25:50Z</time>
      </trkpt>
      <trkpt lat="22.5807504" lon="113.9518527">
        <ele>6.958</ele>
        <time>2025-12-17T10:25:52Z</time>
      </trkpt>
      <trkpt lat="22.5807754" lon="113.9518869">
        <ele>6.23899</ele>
        <time>2025-12-17T10:25:54Z</time>
      </trkpt>
      <trkpt lat="22.5807998" lon="113.9519207">
        <ele>5.41599</ele>
        <time>2025-12-17T10:25:56Z</time>
      </trkpt>
      <trkpt lat="22.580824" lon="113.9519545">
        <ele>4.88399</ele>
        <time>2025-12-17T10:25:58Z</time>
      </trkpt>
      <trkpt lat="22.5808481" lon="113.9519884">
        <ele>5.36299</ele>
        <time>2025-12-17T10:26:00Z</time>
      </trkpt>
      <trkpt lat="22.580873" lon="113.9520215">
        <ele>5.13199</ele>
        <time>2025-12-17T10:26:02Z</time>
      </trkpt>
      <trkpt lat="22.5808982" lon="113.952053">
        <ele>6.42299</ele>
        <time>2025-12-17T10:26:04Z</time>
      </trkpt>
      <trkpt lat="22.5809231" lon="113.9520827">
        <ele>6.29199</ele>
        <time>2025-12-17T10:26:06Z</time>
      </trkpt>
      <trkpt lat="22.5809489" lon="113.9521114">
        <ele>6.07</ele>
        <time>2025-12-17T10:26:08Z</time>
      </trkpt>
      <trkpt lat="22.5809756" lon="113.9521408">
        <ele>5.55299</ele>
        <time>2025-12-17T10:26:10Z</time>
      </trkpt>
      <trkpt lat="22.5810021" lon="113.9521709">
        <ele>5.71199</ele>
        <time>2025-12-17T10:26:12Z</time>
      </trkpt>
      <trkpt lat="22.5810287" lon="113.952202">
        <ele>5.91499</ele>
        <time>2025-12-17T10:26:14Z</time>
      </trkpt>
      <trkpt lat="22.5810573" lon="113.9522348">
        <ele>6.604</ele>
        <time>2025-12-17T10:26:16Z</time>
      </trkpt>
      <trkpt lat="22.5810868" lon="113.9522674">
        <ele>6.445</ele>
        <time>2025-12-17T10:26:18Z</time>
      </trkpt>
      <trkpt lat="22.5811164" lon="113.9522983">
        <ele>7.227</ele>
        <time>2025-12-17T10:26:20Z</time>
      </trkpt>
      <trkpt lat="22.5811466" lon="113.9523273">
        <ele>7.102</ele>
        <time>2025-12-17T10:26:22Z</time>
      </trkpt>
      <trkpt lat="22.5811756" lon="113.9523557">
        <ele>7.162</ele>
        <time>2025-12-17T10:26:24Z</time>
      </trkpt>
      <trkpt lat="22.5812035" lon="113.9523841">
        <ele>7.98299</ele>
        <time>2025-12-17T10:26:26Z</time>
      </trkpt>
      <trkpt lat="22.5812306" lon="113.9524129">
        <ele>6.86999</ele>
        <time>2025-12-17T10:26:28Z</time>
      </trkpt>
      <trkpt lat="22.5812574" lon="113.9524422">
        <ele>6.655</ele>
        <time>2025-12-17T10:26:30Z</time>
      </trkpt>
      <trkpt lat="22.5812839" lon="113.9524701">
        <ele>6.75299</ele>
        <time>2025-12-17T10:26:32Z</time>
      </trkpt>
      <trkpt lat="22.5813135" lon="113.9524972">
        <ele>7.057</ele>
        <time>2025-12-17T10:26:34Z</time>
      </trkpt>
      <trkpt lat="22.5813451" lon="113.9525231">
        <ele>6.584</ele>
        <time>2025-12-17T10:26:36Z</time>
      </trkpt>
      <trkpt lat="22.5813791" lon="113.9525484">
        <ele>7.60799</ele>
        <time>2025-12-17T10:26:38Z</time>
      </trkpt>
      <trkpt lat="22.5814139" lon="113.9525728">
        <ele>8.015</ele>
        <time>2025-12-17T10:26:40Z</time>
      </trkpt>
      <trkpt lat="22.5814482" lon="113.9525992">
        <ele>8.03199</ele>
        <time>2025-12-17T10:26:42Z</time>
      </trkpt>
      <trkpt lat="22.5814804" lon="113.9526273">
        <ele>8.16499</ele>
        <time>2025-12-17T10:26:44Z</time>
      </trkpt>
      <trkpt lat="22.5815119" lon="113.9526555">
        <ele>8.05599</ele>
        <time>2025-12-17T10:26:46Z</time>
      </trkpt>
      <trkpt lat="22.5815392" lon="113.9526817">
        <ele>9.10299</ele>
        <time>2025-12-17T10:26:48Z</time>
      </trkpt>
      <trkpt lat="22.5815665" lon="113.952708">
        <ele>9.267</ele>
        <time>2025-12-17T10:26:50Z</time>
      </trkpt>
      <trkpt lat="22.5815947" lon="113.9527346">
        <ele>9.13599</ele>
        <time>2025-12-17T10:26:52Z</time>
      </trkpt>
      <trkpt lat="22.5816235" lon="113.9527603">
        <ele>9.16899</ele>
        <time>2025-12-17T10:26:54Z</time>
      </trkpt>
      <trkpt lat="22.5816532" lon="113.9527861">
        <ele>8.65699</ele>
        <time>2025-12-17T10:26:56Z</time>
      </trkpt>
      <trkpt lat="22.5816851" lon="113.9528121">
        <ele>8.72599</ele>
        <time>2025-12-17T10:26:58Z</time>
      </trkpt>
      <trkpt lat="22.5817157" lon="113.9528379">
        <ele>7.77699</ele>
        <time>2025-12-17T10:27:00Z</time>
      </trkpt>
      <trkpt lat="22.5817457" lon="113.9528625">
        <ele>7.296</ele>
        <time>2025-12-17T10:27:02Z</time>
      </trkpt>
      <trkpt lat="22.5817762" lon="113.9528885">
        <ele>7.04799</ele>
        <time>2025-12-17T10:27:04Z</time>
      </trkpt>
      <trkpt lat="22.5818052" lon="113.9529146">
        <ele>6.91599</ele>
        <time>2025-12-17T10:27:06Z</time>
      </trkpt>
      <trkpt lat="22.5818341" lon="113.952946">
        <ele>7.50299</ele>
        <time>2025-12-17T10:27:08Z</time>
      </trkpt>
      <trkpt lat="22.5818632" lon="113.9529787">
        <ele>8.161</ele>
        <time>2025-12-17T10:27:10Z</time>
      </trkpt>
      <trkpt lat="22.5818917" lon="113.953012">
        <ele>8.305</ele>
        <time>2025-12-17T10:27:12Z</time>
      </trkpt>
      <trkpt lat="22.5819196" lon="113.953045">
        <ele>9.97399</ele>
        <time>2025-12-17T10:27:14Z</time>
      </trkpt>
      <trkpt lat="22.5819467" lon="113.9530795">
        <ele>10.03299</ele>
        <time>2025-12-17T10:27:16Z</time>
      </trkpt>
      <trkpt lat="22.5819746" lon="113.9531108">
        <ele>10.79599</ele>
        <time>2025-12-17T10:27:18Z</time>
      </trkpt>
      <trkpt lat="22.5820042" lon="113.9531409">
        <ele>10.85</ele>
        <time>2025-12-17T10:27:20Z</time>
      </trkpt>
      <trkpt lat="22.5820346" lon="113.9531703">
        <ele>10.90499</ele>
        <time>2025-12-17T10:27:22Z</time>
      </trkpt>
      <trkpt lat="22.5820644" lon="113.9531994">
        <ele>11.14299</ele>
        <time>2025-12-17T10:27:24Z</time>
      </trkpt>
      <trkpt lat="22.5820966" lon="113.9532285">
        <ele>9.40799</ele>
        <time>2025-12-17T10:27:26Z</time>
      </trkpt>
      <trkpt lat="22.5821288" lon="113.9532578">
        <ele>9.178</ele>
        <time>2025-12-17T10:27:28Z</time>
      </trkpt>
      <trkpt lat="22.5821601" lon="113.9532863">
        <ele>8.097</ele>
        <time>2025-12-17T10:27:30Z</time>
      </trkpt>
      <trkpt lat="22.5821899" lon="113.9533155">
        <ele>7.458</ele>
        <time>2025-12-17T10:27:32Z</time>
      </trkpt>
      <trkpt lat="22.5822208" lon="113.9533453">
        <ele>7.48699</ele>
        <time>2025-12-17T10:27:34Z</time>
      </trkpt>
      <trkpt lat="22.5822501" lon="113.9533728">
        <ele>7.643</ele>
        <time>2025-12-17T10:27:36Z</time>
      </trkpt>
      <trkpt lat="22.5822769" lon="113.953401">
        <ele>8.553</ele>
        <time>2025-12-17T10:27:38Z</time>
      </trkpt>
      <trkpt lat="22.5823037" lon="113.953429">
        <ele>10.453</ele>
        <time>2025-12-17T10:27:40Z</time>
      </trkpt>
      <trkpt lat="22.582332" lon="113.9534555">
        <ele>11.654</ele>
        <time>2025-12-17T10:27:42Z</time>
      </trkpt>
      <trkpt lat="22.5823607" lon="113.953481">
        <ele>11.427</ele>
        <time>2025-12-17T10:27:44Z</time>
      </trkpt>
      <trkpt lat="22.5823889" lon="113.9535073">
        <ele>11.269</ele>
        <time>2025-12-17T10:27:46Z</time>
      </trkpt>
      <trkpt lat="22.5824183" lon="113.9535341">
        <ele>11.362</ele>
        <time>2025-12-17T10:27:48Z</time>
      </trkpt>
      <trkpt lat="22.5824472" lon="113.9535619">
        <ele>11.116</ele>
        <time>2025-12-17T10:27:50Z</time>
      </trkpt>
      <trkpt lat="22.5824749" lon="113.9535897">
        <ele>11.425</ele>
        <time>2025-12-17T10:27:52Z</time>
      </trkpt>
      <trkpt lat="22.5825029" lon="113.9536167">
        <ele>11.14799</ele>
        <time>2025-12-17T10:27:54Z</time>
      </trkpt>
      <trkpt lat="22.5825297" lon="113.9536447">
        <ele>11.401</ele>
        <time>2025-12-17T10:27:56Z</time>
      </trkpt>
      <trkpt lat="22.5825591" lon="113.953672">
        <ele>10.47</ele>
        <time>2025-12-17T10:27:58Z</time>
      </trkpt>
      <trkpt lat="22.5825902" lon="113.9536988">
        <ele>9.42</ele>
        <time>2025-12-17T10:28:00Z</time>
      </trkpt>
      <trkpt lat="22.5826238" lon="113.9537263">
        <ele>10.59899</ele>
        <time>2025-12-17T10:28:02Z</time>
      </trkpt>
      <trkpt lat="22.5826578" lon="113.9537532">
        <ele>10.21599</ele>
        <time>2025-12-17T10:28:04Z</time>
      </trkpt>
      <trkpt lat="22.5826936" lon="113.9537788">
        <ele>9.75199</ele>
        <time>2025-12-17T10:28:06Z</time>
      </trkpt>
      <trkpt lat="22.5827285" lon="113.9538031">
        <ele>10.04399</ele>
        <time>2025-12-17T10:28:08Z</time>
      </trkpt>
      <trkpt lat="22.5827607" lon="113.9538239">
        <ele>9.91399</ele>
        <time>2025-12-17T10:28:10Z</time>
      </trkpt>
      <trkpt lat="22.58279" lon="113.9538449">
        <ele>9.91499</ele>
        <time>2025-12-17T10:28:12Z</time>
      </trkpt>
      <trkpt lat="22.5828164" lon="113.9538674">
        <ele>11.07699</ele>
        <time>2025-12-17T10:28:14Z</time>
      </trkpt>
      <trkpt lat="22.5828414" lon="113.9538884">
        <ele>11.84599</ele>
        <time>2025-12-17T10:28:16Z</time>
      </trkpt>
      <trkpt lat="22.5828642" lon="113.9539084">
        <ele>12.52099</ele>
        <time>2025-12-17T10:28:18Z</time>
      </trkpt>
      <trkpt lat="22.5828869" lon="113.9539296">
        <ele>12.85499</ele>
        <time>2025-12-17T10:28:20Z</time>
      </trkpt>
      <trkpt lat="22.5829115" lon="113.9539506">
        <ele>13.986</ele>
        <time>2025-12-17T10:28:22Z</time>
      </trkpt>
      <trkpt lat="22.5829391" lon="113.9539723">
        <ele>14.85999</ele>
        <time>2025-12-17T10:28:24Z</time>
      </trkpt>
      <trkpt lat="22.5829709" lon="113.9539967">
        <ele>15.94699</ele>
        <time>2025-12-17T10:28:26Z</time>
      </trkpt>
      <trkpt lat="22.5830051" lon="113.9540228">
        <ele>14.875</ele>
        <time>2025-12-17T10:28:28Z</time>
      </trkpt>
      <trkpt lat="22.5830416" lon="113.954051">
        <ele>14.04599</ele>
        <time>2025-12-17T10:28:30Z</time>
      </trkpt>
      <trkpt lat="22.5830776" lon="113.9540805">
        <ele>12.82999</ele>
        <time>2025-12-17T10:28:32Z</time>
      </trkpt>
      <trkpt lat="22.5831125" lon="113.9541088">
        <ele>13.35799</ele>
        <time>2025-12-17T10:28:34Z</time>
      </trkpt>
      <trkpt lat="22.5831456" lon="113.9541351">
        <ele>13.993</ele>
        <time>2025-12-17T10:28:36Z</time>
      </trkpt>
      <trkpt lat="22.5831783" lon="113.9541602">
        <ele>13.958</ele>
        <time>2025-12-17T10:28:38Z</time>
      </trkpt>
      <trkpt lat="22.5832103" lon="113.9541846">
        <ele>14.35799</ele>
        <time>2025-12-17T10:28:40Z</time>
      </trkpt>
      <trkpt lat="22.5832427" lon="113.9542069">
        <ele>13.84799</ele>
        <time>2025-12-17T10:28:42Z</time>
      </trkpt>
      <trkpt lat="22.5832746" lon="113.9542282">
        <ele>13.684</ele>
        <time>2025-12-17T10:28:44Z</time>
      </trkpt>
      <trkpt lat="22.583306" lon="113.9542478">
        <ele>13.623</ele>
        <time>2025-12-17T10:28:46Z</time>
      </trkpt>
      <trkpt lat="22.5833386" lon="113.9542683">
        <ele>14.01399</ele>
        <time>2025-12-17T10:28:48Z</time>
      </trkpt>
      <trkpt lat="22.5833716" lon="113.9542882">
        <ele>14.104</ele>
        <time>2025-12-17T10:28:50Z</time>
      </trkpt>
      <trkpt lat="22.5834058" lon="113.9543086">
        <ele>11.88799</ele>
        <time>2025-12-17T10:28:52Z</time>
      </trkpt>
      <trkpt lat="22.5834422" lon="113.9543293">
        <ele>11.958</ele>
        <time>2025-12-17T10:28:54Z</time>
      </trkpt>
      <trkpt lat="22.5834779" lon="113.9543503">
        <ele>12.185</ele>
        <time>2025-12-17T10:28:56Z</time>
      </trkpt>
      <trkpt lat="22.5835057" lon="113.9543694">
        <ele>12.21</ele>
        <time>2025-12-17T10:28:58Z</time>
      </trkpt>
      <trkpt lat="22.5835298" lon="113.9543855">
        <ele>12.402</ele>
        <time>2025-12-17T10:29:00Z</time>
      </trkpt>
      <trkpt lat="22.583552" lon="113.9544011">
        <ele>16.156</ele>
        <time>2025-12-17T10:29:03Z</time>
      </trkpt>
      <trkpt lat="22.5835742" lon="113.9544181">
        <ele>16.89399</ele>
        <time>2025-12-17T10:29:06Z</time>
      </trkpt>
      <trkpt lat="22.5835971" lon="113.9544378">
        <ele>17.43199</ele>
        <time>2025-12-17T10:29:08Z</time>
      </trkpt>
      <trkpt lat="22.5836251" lon="113.9544559">
        <ele>17.496</ele>
        <time>2025-12-17T10:29:10Z</time>
      </trkpt>
      <trkpt lat="22.5836565" lon="113.9544789">
        <ele>17.07799</ele>
        <time>2025-12-17T10:29:12Z</time>
      </trkpt>
      <trkpt lat="22.5836897" lon="113.9545003">
        <ele>16.39299</ele>
        <time>2025-12-17T10:29:14Z</time>
      </trkpt>
      <trkpt lat="22.5837249" lon="113.9545207">
        <ele>14.94299</ele>
        <time>2025-12-17T10:29:16Z</time>
      </trkpt>
      <trkpt lat="22.5837621" lon="113.9545371">
        <ele>16.978</ele>
        <time>2025-12-17T10:29:18Z</time>
      </trkpt>
      <trkpt lat="22.5837997" lon="113.9545582">
        <ele>17.509</ele>
        <time>2025-12-17T10:29:20Z</time>
      </trkpt>
      <trkpt lat="22.5838362" lon="113.9545688">
        <ele>16.64399</ele>
        <time>2025-12-17T10:29:22Z</time>
      </trkpt>
      <trkpt lat="22.5838698" lon="113.9545757">
        <ele>16.66399</ele>
        <time>2025-12-17T10:29:24Z</time>
      </trkpt>
      <trkpt lat="22.5839052" lon="113.9545827">
        <ele>14.80099</ele>
        <time>2025-12-17T10:29:26Z</time>
      </trkpt>
      <trkpt lat="22.5839472" lon="113.9545908">
        <ele>13.76299</ele>
        <time>2025-12-17T10:29:28Z</time>
      </trkpt>
      <trkpt lat="22.5839975" lon="113.954596">
        <ele>12.685</ele>
        <time>2025-12-17T10:29:30Z</time>
      </trkpt>
      <trkpt lat="22.5840554" lon="113.9546095">
        <ele>12.22399</ele>
        <time>2025-12-17T10:29:32Z</time>
      </trkpt>
      <trkpt lat="22.5841198" lon="113.9546276">
        <ele>12.828</ele>
        <time>2025-12-17T10:29:34Z</time>
      </trkpt>
      <trkpt lat="22.5841812" lon="113.9546441">
        <ele>13.192</ele>
        <time>2025-12-17T10:29:36Z</time>
      </trkpt>
      <trkpt lat="22.5842337" lon="113.9546603">
        <ele>13.82199</ele>
        <time>2025-12-17T10:29:38Z</time>
      </trkpt>
      <trkpt lat="22.5842792" lon="113.9546764">
        <ele>13.22299</ele>
        <time>2025-12-17T10:29:40Z</time>
      </trkpt>
      <trkpt lat="22.5843182" lon="113.9546923">
        <ele>12.35299</ele>
        <time>2025-12-17T10:29:42Z</time>
      </trkpt>
      <trkpt lat="22.584352" lon="113.9547067">
        <ele>12.07299</ele>
        <time>2025-12-17T10:29:44Z</time>
      </trkpt>
      <trkpt lat="22.5843865" lon="113.9547204">
        <ele>11.965</ele>
        <time>2025-12-17T10:29:46Z</time>
      </trkpt>
      <trkpt lat="22.5844229" lon="113.9547324">
        <ele>11.777</ele>
        <time>2025-12-17T10:29:48Z</time>
      </trkpt>
      <trkpt lat="22.5844596" lon="113.9547423">
        <ele>14.36699</ele>
        <time>2025-12-17T10:29:50Z</time>
      </trkpt>
      <trkpt lat="22.5844975" lon="113.9547504">
        <ele>14.72799</ele>
        <time>2025-12-17T10:29:52Z</time>
      </trkpt>
      <trkpt lat="22.5845372" lon="113.9547575">
        <ele>14.204</ele>
        <time>2025-12-17T10:29:54Z</time>
      </trkpt>
      <trkpt lat="22.5845745" lon="113.9547644">
        <ele>13.31099</ele>
        <time>2025-12-17T10:29:56Z</time>
      </trkpt>
      <trkpt lat="22.584611" lon="113.9547723">
        <ele>12.33399</ele>
        <time>2025-12-17T10:29:58Z</time>
      </trkpt>
      <trkpt lat="22.5846476" lon="113.9547811">
        <ele>11.963</ele>
        <time>2025-12-17T10:30:00Z</time>
      </trkpt>
      <trkpt lat="22.5846845" lon="113.9547906">
        <ele>11.68999</ele>
        <time>2025-12-17T10:30:02Z</time>
      </trkpt>
      <trkpt lat="22.5847216" lon="113.9548008">
        <ele>11.36499</ele>
        <time>2025-12-17T10:30:04Z</time>
      </trkpt>
      <trkpt lat="22.5847585" lon="113.9548111">
        <ele>10.87399</ele>
        <time>2025-12-17T10:30:06Z</time>
      </trkpt>
      <trkpt lat="22.5847951" lon="113.9548236">
        <ele>11.13199</ele>
        <time>2025-12-17T10:30:08Z</time>
      </trkpt>
      <trkpt lat="22.5848336" lon="113.9548366">
        <ele>10.84799</ele>
        <time>2025-12-17T10:30:10Z</time>
      </trkpt>
      <trkpt lat="22.5848724" lon="113.954849">
        <ele>10.40699</ele>
        <time>2025-12-17T10:30:12Z</time>
      </trkpt>
      <trkpt lat="22.5849118" lon="113.9548612">
        <ele>10.25</ele>
        <time>2025-12-17T10:30:14Z</time>
      </trkpt>
      <trkpt lat="22.5849566" lon="113.9548719">
        <ele>10.85799</ele>
        <time>2025-12-17T10:30:16Z</time>
      </trkpt>
      <trkpt lat="22.5850034" lon="113.9548781">
        <ele>11.97099</ele>
        <time>2025-12-17T10:30:18Z</time>
      </trkpt>
      <trkpt lat="22.5850478" lon="113.9548839">
        <ele>12.991</ele>
        <time>2025-12-17T10:30:20Z</time>
      </trkpt>
      <trkpt lat="22.5850911" lon="113.954891">
        <ele>13.812</ele>
        <time>2025-12-17T10:30:22Z</time>
      </trkpt>
      <trkpt lat="22.5851324" lon="113.9549008">
        <ele>13.17599</ele>
        <time>2025-12-17T10:30:24Z</time>
      </trkpt>
      <trkpt lat="22.5851677" lon="113.954914">
        <ele>12.019</ele>
        <time>2025-12-17T10:30:26Z</time>
      </trkpt>
      <trkpt lat="22.5851979" lon="113.9549302">
        <ele>10.998</ele>
        <time>2025-12-17T10:30:28Z</time>
      </trkpt>
      <trkpt lat="22.5852284" lon="113.9549469">
        <ele>10.663</ele>
        <time>2025-12-17T10:30:30Z</time>
      </trkpt>
      <trkpt lat="22.5852609" lon="113.9549636">
        <ele>9.38599</ele>
        <time>2025-12-17T10:30:32Z</time>
      </trkpt>
      <trkpt lat="22.5852937" lon="113.9549777">
        <ele>10.409</ele>
        <time>2025-12-17T10:30:34Z</time>
      </trkpt>
      <trkpt lat="22.5853271" lon="113.9549898">
        <ele>10.09899</ele>
        <time>2025-12-17T10:30:36Z</time>
      </trkpt>
      <trkpt lat="22.5853643" lon="113.9550014">
        <ele>10.18099</ele>
        <time>2025-12-17T10:30:38Z</time>
      </trkpt>
      <trkpt lat="22.5854011" lon="113.9550104">
        <ele>11.057</ele>
        <time>2025-12-17T10:30:40Z</time>
      </trkpt>
      <trkpt lat="22.5854363" lon="113.9550172">
        <ele>11.57499</ele>
        <time>2025-12-17T10:30:42Z</time>
      </trkpt>
      <trkpt lat="22.5854712" lon="113.9550256">
        <ele>12.222</ele>
        <time>2025-12-17T10:30:44Z</time>
      </trkpt>
      <trkpt lat="22.5855082" lon="113.955035">
        <ele>12.362</ele>
        <time>2025-12-17T10:30:46Z</time>
      </trkpt>
      <trkpt lat="22.585546" lon="113.9550449">
        <ele>11.98799</ele>
        <time>2025-12-17T10:30:48Z</time>
      </trkpt>
      <trkpt lat="22.5855846" lon="113.9550571">
        <ele>11.052</ele>
        <time>2025-12-17T10:30:50Z</time>
      </trkpt>
      <trkpt lat="22.5856239" lon="113.9550725">
        <ele>11.83399</ele>
        <time>2025-12-17T10:30:52Z</time>
      </trkpt>
      <trkpt lat="22.5856661" lon="113.9550875">
        <ele>10.56099</ele>
        <time>2025-12-17T10:30:54Z</time>
      </trkpt>
      <trkpt lat="22.5857072" lon="113.9551017">
        <ele>9.19799</ele>
        <time>2025-12-17T10:30:56Z</time>
      </trkpt>
      <trkpt lat="22.5857463" lon="113.9551158">
        <ele>9.41699</ele>
        <time>2025-12-17T10:30:58Z</time>
      </trkpt>
      <trkpt lat="22.5857844" lon="113.9551288">
        <ele>9.675</ele>
        <time>2025-12-17T10:31:00Z</time>
      </trkpt>
      <trkpt lat="22.5858213" lon="113.9551404">
        <ele>10.41899</ele>
        <time>2025-12-17T10:31:02Z</time>
      </trkpt>
      <trkpt lat="22.5858583" lon="113.9551521">
        <ele>10.55</ele>
        <time>2025-12-17T10:31:04Z</time>
      </trkpt>
      <trkpt lat="22.5858962" lon="113.9551649">
        <ele>9.526</ele>
        <time>2025-12-17T10:31:06Z</time>
      </trkpt>
      <trkpt lat="22.5859372" lon="113.955177">
        <ele>8.76299</ele>
        <time>2025-12-17T10:31:08Z</time>
      </trkpt>
      <trkpt lat="22.5859784" lon="113.9551903">
        <ele>9.47599</ele>
        <time>2025-12-17T10:31:10Z</time>
      </trkpt>
      <trkpt lat="22.5860199" lon="113.955202">
        <ele>8.92899</ele>
        <time>2025-12-17T10:31:12Z</time>
      </trkpt>
      <trkpt lat="22.5860593" lon="113.9552119">
        <ele>9.86299</ele>
        <time>2025-12-17T10:31:14Z</time>
      </trkpt>
      <trkpt lat="22.5860988" lon="113.9552211">
        <ele>9.953</ele>
        <time>2025-12-17T10:31:16Z</time>
      </trkpt>
      <trkpt lat="22.5861369" lon="113.9552302">
        <ele>11.276</ele>
        <time>2025-12-17T10:31:18Z</time>
      </trkpt>
      <trkpt lat="22.5861753" lon="113.9552385">
        <ele>12.581</ele>
        <time>2025-12-17T10:31:20Z</time>
      </trkpt>
      <trkpt lat="22.5862129" lon="113.9552488">
        <ele>13.97399</ele>
        <time>2025-12-17T10:31:22Z</time>
      </trkpt>
      <trkpt lat="22.5862503" lon="113.9552604">
        <ele>13.772</ele>
        <time>2025-12-17T10:31:24Z</time>
      </trkpt>
      <trkpt lat="22.5862856" lon="113.9552721">
        <ele>13.31299</ele>
        <time>2025-12-17T10:31:26Z</time>
      </trkpt>
      <trkpt lat="22.5863196" lon="113.9552842">
        <ele>14.199</ele>
        <time>2025-12-17T10:31:28Z</time>
      </trkpt>
      <trkpt lat="22.5863525" lon="113.9552962">
        <ele>14.161</ele>
        <time>2025-12-17T10:31:30Z</time>
      </trkpt>
      <trkpt lat="22.5863854" lon="113.955307">
        <ele>14.63399</ele>
        <time>2025-12-17T10:31:32Z</time>
      </trkpt>
      <trkpt lat="22.5864189" lon="113.9553182">
        <ele>15.18999</ele>
        <time>2025-12-17T10:31:34Z</time>
      </trkpt>
      <trkpt lat="22.586452" lon="113.9553296">
        <ele>14.711</ele>
        <time>2025-12-17T10:31:36Z</time>
      </trkpt>
      <trkpt lat="22.5864849" lon="113.9553422">
        <ele>14.982</ele>
        <time>2025-12-17T10:31:38Z</time>
      </trkpt>
      <trkpt lat="22.586521" lon="113.9553573">
        <ele>14.809</ele>
        <time>2025-12-17T10:31:40Z</time>
      </trkpt>
      <trkpt lat="22.5865584" lon="113.9553718">
        <ele>14.673</ele>
        <time>2025-12-17T10:31:42Z</time>
      </trkpt>
      <trkpt lat="22.5865953" lon="113.9553852">
        <ele>15.21</ele>
        <time>2025-12-17T10:31:44Z</time>
      </trkpt>
      <trkpt lat="22.5866331" lon="113.9553993">
        <ele>15.984</ele>
        <time>2025-12-17T10:31:46Z</time>
      </trkpt>
      <trkpt lat="22.5866721" lon="113.9554135">
        <ele>14</ele>
        <time>2025-12-17T10:31:48Z</time>
      </trkpt>
      <trkpt lat="22.5867095" lon="113.9554267">
        <ele>13.64999</ele>
        <time>2025-12-17T10:31:50Z</time>
      </trkpt>
      <trkpt lat="22.586748" lon="113.955442">
        <ele>13.385</ele>
        <time>2025-12-17T10:31:52Z</time>
      </trkpt>
      <trkpt lat="22.5867876" lon="113.955457">
        <ele>13.3</ele>
        <time>2025-12-17T10:31:54Z</time>
      </trkpt>
      <trkpt lat="22.5868287" lon="113.9554714">
        <ele>12.534</ele>
        <time>2025-12-17T10:31:56Z</time>
      </trkpt>
      <trkpt lat="22.5868691" lon="113.9554849">
        <ele>12.303</ele>
        <time>2025-12-17T10:31:58Z</time>
      </trkpt>
      <trkpt lat="22.5869081" lon="113.955498">
        <ele>12.27799</ele>
        <time>2025-12-17T10:32:00Z</time>
      </trkpt>
      <trkpt lat="22.5869451" lon="113.9555095">
        <ele>13.19099</ele>
        <time>2025-12-17T10:32:02Z</time>
      </trkpt>
      <trkpt lat="22.586981" lon="113.9555199">
        <ele>12.79699</ele>
        <time>2025-12-17T10:32:04Z</time>
      </trkpt>
      <trkpt lat="22.5870151" lon="113.9555284">
        <ele>11.828</ele>
        <time>2025-12-17T10:32:06Z</time>
      </trkpt>
      <trkpt lat="22.587044" lon="113.9555313">
        <ele>12.25599</ele>
        <time>2025-12-17T10:32:08Z</time>
      </trkpt>
      <trkpt lat="22.5870698" lon="113.9555287">
        <ele>12.91499</ele>
        <time>2025-12-17T10:32:10Z</time>
      </trkpt>
      <trkpt lat="22.5870923" lon="113.9555215">
        <ele>13.19799</ele>
        <time>2025-12-17T10:32:13Z</time>
      </trkpt>
      <trkpt lat="22.5871107" lon="113.9555095">
        <ele>11.592</ele>
        <time>2025-12-17T10:32:15Z</time>
      </trkpt>
      <trkpt lat="22.5871255" lon="113.955493">
        <ele>11.15799</ele>
        <time>2025-12-17T10:32:17Z</time>
      </trkpt>
      <trkpt lat="22.5871421" lon="113.9554756">
        <ele>9.63099</ele>
        <time>2025-12-17T10:32:19Z</time>
      </trkpt>
      <trkpt lat="22.5871579" lon="113.955457">
        <ele>8.65699</ele>
        <time>2025-12-17T10:32:21Z</time>
      </trkpt>
      <trkpt lat="22.587173" lon="113.9554376">
        <ele>8.647</ele>
        <time>2025-12-17T10:32:23Z</time>
      </trkpt>
      <trkpt lat="22.5871877" lon="113.9554183">
        <ele>7.82899</ele>
        <time>2025-12-17T10:32:25Z</time>
      </trkpt>
      <trkpt lat="22.5872012" lon="113.9553981">
        <ele>7.519</ele>
        <time>2025-12-17T10:32:27Z</time>
      </trkpt>
      <trkpt lat="22.5872133" lon="113.9553772">
        <ele>8.28899</ele>
        <time>2025-12-17T10:32:29Z</time>
      </trkpt>
      <trkpt lat="22.5872265" lon="113.9553583">
        <ele>7.96099</ele>
        <time>2025-12-17T10:32:31Z</time>
      </trkpt>
      <trkpt lat="22.5872393" lon="113.9553403">
        <ele>7.696</ele>
        <time>2025-12-17T10:32:33Z</time>
      </trkpt>
      <trkpt lat="22.5872483" lon="113.9553226">
        <ele>8.35499</ele>
        <time>2025-12-17T10:32:35Z</time>
      </trkpt>
      <trkpt lat="22.5872537" lon="113.9553063">
        <ele>9.48099</ele>
        <time>2025-12-17T10:32:37Z</time>
      </trkpt>
      <trkpt lat="22.5872522" lon="113.9552916">
        <ele>9.512</ele>
        <time>2025-12-17T10:32:39Z</time>
      </trkpt>
      <trkpt lat="22.5872408" lon="113.9552762">
        <ele>10.189</ele>
        <time>2025-12-17T10:32:41Z</time>
      </trkpt>
      <trkpt lat="22.5872193" lon="113.9552617">
        <ele>10.711</ele>
        <time>2025-12-17T10:32:43Z</time>
      </trkpt>
      <trkpt lat="22.5871914" lon="113.9552485">
        <ele>10.727</ele>
        <time>2025-12-17T10:32:45Z</time>
      </trkpt>
      <trkpt lat="22.5871594" lon="113.9552353">
        <ele>11.527</ele>
        <time>2025-12-17T10:32:47Z</time>
      </trkpt>
      <trkpt lat="22.5871273" lon="113.9552244">
        <ele>12.163</ele>
        <time>2025-12-17T10:32:49Z</time>
      </trkpt>
      <trkpt lat="22.5870934" lon="113.955215">
        <ele>11.52299</ele>
        <time>2025-12-17T10:32:51Z</time>
      </trkpt>
      <trkpt lat="22.5870594" lon="113.9552049">
        <ele>11.972</ele>
        <time>2025-12-17T10:32:53Z</time>
      </trkpt>
      <trkpt lat="22.587025" lon="113.9551942">
        <ele>12.937</ele>
        <time>2025-12-17T10:32:55Z</time>
      </trkpt>
      <trkpt lat="22.5869895" lon="113.9551851">
        <ele>12.711</ele>
        <time>2025-12-17T10:32:57Z</time>
      </trkpt>
      <trkpt lat="22.586954" lon="113.9551744">
        <ele>14.15499</ele>
        <time>2025-12-17T10:32:59Z</time>
      </trkpt>
      <trkpt lat="22.586921" lon="113.9551628">
        <ele>14.35299</ele>
        <time>2025-12-17T10:33:01Z</time>
      </trkpt>
      <trkpt lat="22.5868878" lon="113.9551521">
        <ele>13.90299</ele>
        <time>2025-12-17T10:33:03Z</time>
      </trkpt>
      <trkpt lat="22.5868536" lon="113.9551405">
        <ele>12.01799</ele>
        <time>2025-12-17T10:33:05Z</time>
      </trkpt>
      <trkpt lat="22.5868191" lon="113.9551281">
        <ele>12.16899</ele>
        <time>2025-12-17T10:33:07Z</time>
      </trkpt>
      <trkpt lat="22.586784" lon="113.9551167">
        <ele>11.508</ele>
        <time>2025-12-17T10:33:09Z</time>
      </trkpt>
      <trkpt lat="22.5867479" lon="113.9551055">
        <ele>11.894</ele>
        <time>2025-12-17T10:33:11Z</time>
      </trkpt>
      <trkpt lat="22.5867132" lon="113.9550925">
        <ele>12.82299</ele>
        <time>2025-12-17T10:33:13Z</time>
      </trkpt>
      <trkpt lat="22.5866808" lon="113.95508">
        <ele>13.24499</ele>
        <time>2025-12-17T10:33:15Z</time>
      </trkpt>
      <trkpt lat="22.5866499" lon="113.9550676">
        <ele>12.94699</ele>
        <time>2025-12-17T10:33:17Z</time>
      </trkpt>
      <trkpt lat="22.586619" lon="113.955054">
        <ele>12.64999</ele>
        <time>2025-12-17T10:33:19Z</time>
      </trkpt>
      <trkpt lat="22.5865879" lon="113.9550393">
        <ele>12.324</ele>
        <time>2025-12-17T10:33:21Z</time>
      </trkpt>
      <trkpt lat="22.5865573" lon="113.955027">
        <ele>12.70899</ele>
        <time>2025-12-17T10:33:23Z</time>
      </trkpt>
      <trkpt lat="22.5865273" lon="113.9550158">
        <ele>12.486</ele>
        <time>2025-12-17T10:33:25Z</time>
      </trkpt>
      <trkpt lat="22.5864958" lon="113.9550047">
        <ele>12.284</ele>
        <time>2025-12-17T10:33:27Z</time>
      </trkpt>
      <trkpt lat="22.5864634" lon="113.9549936">
        <ele>12.343</ele>
        <time>2025-12-17T10:33:29Z</time>
      </trkpt>
      <trkpt lat="22.5864307" lon="113.9549831">
        <ele>12.96899</ele>
        <time>2025-12-17T10:33:31Z</time>
      </trkpt>
      <trkpt lat="22.5863977" lon="113.9549719">
        <ele>12.17199</ele>
        <time>2025-12-17T10:33:33Z</time>
      </trkpt>
      <trkpt lat="22.5863648" lon="113.9549606">
        <ele>12.67099</ele>
        <time>2025-12-17T10:33:35Z</time>
      </trkpt>
      <trkpt lat="22.5863324" lon="113.9549491">
        <ele>12.553</ele>
        <time>2025-12-17T10:33:37Z</time>
      </trkpt>
      <trkpt lat="22.5863012" lon="113.9549388">
        <ele>12.425</ele>
        <time>2025-12-17T10:33:39Z</time>
      </trkpt>
      <trkpt lat="22.5862704" lon="113.9549287">
        <ele>11.94799</ele>
        <time>2025-12-17T10:33:41Z</time>
      </trkpt>
      <trkpt lat="22.5862393" lon="113.9549186">
        <ele>11.652</ele>
        <time>2025-12-17T10:33:43Z</time>
      </trkpt>
      <trkpt lat="22.5862073" lon="113.9549089">
        <ele>11.503</ele>
        <time>2025-12-17T10:33:45Z</time>
      </trkpt>
      <trkpt lat="22.5861743" lon="113.9548994">
        <ele>11.57699</ele>
        <time>2025-12-17T10:33:47Z</time>
      </trkpt>
      <trkpt lat="22.5861406" lon="113.9548893">
        <ele>13.196</ele>
        <time>2025-12-17T10:33:49Z</time>
      </trkpt>
      <trkpt lat="22.5861059" lon="113.9548796">
        <ele>13.411</ele>
        <time>2025-12-17T10:33:51Z</time>
      </trkpt>
      <trkpt lat="22.5860712" lon="113.9548708">
        <ele>13.744</ele>
        <time>2025-12-17T10:33:53Z</time>
      </trkpt>
      <trkpt lat="22.5860365" lon="113.9548618">
        <ele>13.58399</ele>
        <time>2025-12-17T10:33:55Z</time>
      </trkpt>
      <trkpt lat="22.5860018" lon="113.9548531">
        <ele>13.46399</ele>
        <time>2025-12-17T10:33:57Z</time>
      </trkpt>
      <trkpt lat="22.5859669" lon="113.9548446">
        <ele>12.42099</ele>
        <time>2025-12-17T10:33:59Z</time>
      </trkpt>
      <trkpt lat="22.5859324" lon="113.9548356">
        <ele>12.97799</ele>
        <time>2025-12-17T10:34:01Z</time>
      </trkpt>
      <trkpt lat="22.5858985" lon="113.954826">
        <ele>13.177</ele>
        <time>2025-12-17T10:34:03Z</time>
      </trkpt>
      <trkpt lat="22.5858632" lon="113.9548169">
        <ele>13.90999</ele>
        <time>2025-12-17T10:34:05Z</time>
      </trkpt>
      <trkpt lat="22.5858279" lon="113.9548079">
        <ele>14.18599</ele>
        <time>2025-12-17T10:34:07Z</time>
      </trkpt>
      <trkpt lat="22.5857926" lon="113.9547994">
        <ele>14.317</ele>
        <time>2025-12-17T10:34:09Z</time>
      </trkpt>
      <trkpt lat="22.5857583" lon="113.9547927">
        <ele>15.07299</ele>
        <time>2025-12-17T10:34:11Z</time>
      </trkpt>
      <trkpt lat="22.585725" lon="113.9547851">
        <ele>16.311</ele>
        <time>2025-12-17T10:34:13Z</time>
      </trkpt>
      <trkpt lat="22.5856925" lon="113.9547752">
        <ele>16.64999</ele>
        <time>2025-12-17T10:34:15Z</time>
      </trkpt>
      <trkpt lat="22.5856584" lon="113.9547633">
        <ele>17.354</ele>
        <time>2025-12-17T10:34:17Z</time>
      </trkpt>
      <trkpt lat="22.5856249" lon="113.9547492">
        <ele>16.69899</ele>
        <time>2025-12-17T10:34:19Z</time>
      </trkpt>
      <trkpt lat="22.5855904" lon="113.9547341">
        <ele>15.859</ele>
        <time>2025-12-17T10:34:21Z</time>
      </trkpt>
      <trkpt lat="22.5855558" lon="113.9547219">
        <ele>13.20899</ele>
        <time>2025-12-17T10:34:23Z</time>
      </trkpt>
      <trkpt lat="22.5855222" lon="113.9547107">
        <ele>12.17599</ele>
        <time>2025-12-17T10:34:25Z</time>
      </trkpt>
      <trkpt lat="22.5854911" lon="113.9546995">
        <ele>10.892</ele>
        <time>2025-12-17T10:34:27Z</time>
      </trkpt>
      <trkpt lat="22.5854621" lon="113.9546901">
        <ele>12.26399</ele>
        <time>2025-12-17T10:34:29Z</time>
      </trkpt>
      <trkpt lat="22.5854322" lon="113.9546791">
        <ele>12.298</ele>
        <time>2025-12-17T10:34:31Z</time>
      </trkpt>
      <trkpt lat="22.5854005" lon="113.9546651">
        <ele>10.37699</ele>
        <time>2025-12-17T10:34:34Z</time>
      </trkpt>
      <trkpt lat="22.5853671" lon="113.9546511">
        <ele>11.55399</ele>
        <time>2025-12-17T10:34:36Z</time>
      </trkpt>
      <trkpt lat="22.5853338" lon="113.9546392">
        <ele>13.51599</ele>
        <time>2025-12-17T10:34:38Z</time>
      </trkpt>
      <trkpt lat="22.5852969" lon="113.9546271">
        <ele>16.27799</ele>
        <time>2025-12-17T10:34:40Z</time>
      </trkpt>
      <trkpt lat="22.5852617" lon="113.9546163">
        <ele>17.106</ele>
        <time>2025-12-17T10:34:42Z</time>
      </trkpt>
      <trkpt lat="22.5852289" lon="113.9546058">
        <ele>17.06599</ele>
        <time>2025-12-17T10:34:44Z</time>
      </trkpt>
      <trkpt lat="22.5852012" lon="113.9545981">
        <ele>15.352</ele>
        <time>2025-12-17T10:34:46Z</time>
      </trkpt>
      <trkpt lat="22.5851739" lon="113.9545907">
        <ele>15.09599</ele>
        <time>2025-12-17T10:34:48Z</time>
      </trkpt>
      <trkpt lat="22.5851482" lon="113.954583">
        <ele>15.29899</ele>
        <time>2025-12-17T10:34:50Z</time>
      </trkpt>
      <trkpt lat="22.5851196" lon="113.9545742">
        <ele>15.91899</ele>
        <time>2025-12-17T10:34:52Z</time>
      </trkpt>
      <trkpt lat="22.5850898" lon="113.9545666">
        <ele>16.797</ele>
        <time>2025-12-17T10:34:54Z</time>
      </trkpt>
      <trkpt lat="22.5850579" lon="113.9545558">
        <ele>17.60199</ele>
        <time>2025-12-17T10:34:56Z</time>
      </trkpt>
      <trkpt lat="22.5850257" lon="113.954543">
        <ele>17.384</ele>
        <time>2025-12-17T10:34:58Z</time>
      </trkpt>
      <trkpt lat="22.5849916" lon="113.9545303">
        <ele>16.18199</ele>
        <time>2025-12-17T10:35:00Z</time>
      </trkpt>
      <trkpt lat="22.5849582" lon="113.9545187">
        <ele>17.16399</ele>
        <time>2025-12-17T10:35:02Z</time>
      </trkpt>
      <trkpt lat="22.5849232" lon="113.9545072">
        <ele>18.006</ele>
        <time>2025-12-17T10:35:04Z</time>
      </trkpt>
      <trkpt lat="22.5848849" lon="113.9544968">
        <ele>18.17799</ele>
        <time>2025-12-17T10:35:06Z</time>
      </trkpt>
      <trkpt lat="22.5848474" lon="113.9544872">
        <ele>16.975</ele>
        <time>2025-12-17T10:35:08Z</time>
      </trkpt>
      <trkpt lat="22.5848129" lon="113.9544771">
        <ele>17.79</ele>
        <time>2025-12-17T10:35:10Z</time>
      </trkpt>
      <trkpt lat="22.5847802" lon="113.9544649">
        <ele>15.812</ele>
        <time>2025-12-17T10:35:12Z</time>
      </trkpt>
      <trkpt lat="22.5847481" lon="113.954451">
        <ele>15.81299</ele>
        <time>2025-12-17T10:35:14Z</time>
      </trkpt>
      <trkpt lat="22.584718" lon="113.9544371">
        <ele>15.927</ele>
        <time>2025-12-17T10:35:16Z</time>
      </trkpt>
      <trkpt lat="22.584688" lon="113.954424">
        <ele>16.993</ele>
        <time>2025-12-17T10:35:18Z</time>
      </trkpt>
      <trkpt lat="22.5846578" lon="113.9544116">
        <ele>16.54</ele>
        <time>2025-12-17T10:35:20Z</time>
      </trkpt>
      <trkpt lat="22.5846274" lon="113.9544">
        <ele>16.53499</ele>
        <time>2025-12-17T10:35:22Z</time>
      </trkpt>
      <trkpt lat="22.584598" lon="113.9543894">
        <ele>16.98999</ele>
        <time>2025-12-17T10:35:24Z</time>
      </trkpt>
      <trkpt lat="22.584569" lon="113.9543793">
        <ele>17.788</ele>
        <time>2025-12-17T10:35:26Z</time>
      </trkpt>
      <trkpt lat="22.5845401" lon="113.9543691">
        <ele>18.533</ele>
        <time>2025-12-17T10:35:28Z</time>
      </trkpt>
      <trkpt lat="22.5845107" lon="113.9543588">
        <ele>18.906</ele>
        <time>2025-12-17T10:35:30Z</time>
      </trkpt>
      <trkpt lat="22.5844826" lon="113.9543491">
        <ele>19.17499</ele>
        <time>2025-12-17T10:35:32Z</time>
      </trkpt>
      <trkpt lat="22.584455" lon="113.9543393">
        <ele>18.729</ele>
        <time>2025-12-17T10:35:34Z</time>
      </trkpt>
      <trkpt lat="22.5844269" lon="113.9543284">
        <ele>19.09799</ele>
        <time>2025-12-17T10:35:36Z</time>
      </trkpt>
      <trkpt lat="22.5843986" lon="113.9543165">
        <ele>19.56299</ele>
        <time>2025-12-17T10:35:38Z</time>
      </trkpt>
      <trkpt lat="22.5843694" lon="113.9543035">
        <ele>20.165</ele>
        <time>2025-12-17T10:35:40Z</time>
      </trkpt>
      <trkpt lat="22.5843397" lon="113.9542897">
        <ele>19.30999</ele>
        <time>2025-12-17T10:35:42Z</time>
      </trkpt>
      <trkpt lat="22.5843109" lon="113.954276">
        <ele>19.266</ele>
        <time>2025-12-17T10:35:44Z</time>
      </trkpt>
      <trkpt lat="22.584282" lon="113.9542617">
        <ele>19.194</ele>
        <time>2025-12-17T10:35:46Z</time>
      </trkpt>
      <trkpt lat="22.5842536" lon="113.9542467">
        <ele>19.943</ele>
        <time>2025-12-17T10:35:48Z</time>
      </trkpt>
      <trkpt lat="22.5842263" lon="113.9542338">
        <ele>20.45299</ele>
        <time>2025-12-17T10:35:50Z</time>
      </trkpt>
      <trkpt lat="22.5841982" lon="113.954223">
        <ele>19.874</ele>
        <time>2025-12-17T10:35:52Z</time>
      </trkpt>
      <trkpt lat="22.5841692" lon="113.9542106">
        <ele>20.242</ele>
        <time>2025-12-17T10:35:54Z</time>
      </trkpt>
      <trkpt lat="22.5841411" lon="113.9541979">
        <ele>19.82399</ele>
        <time>2025-12-17T10:35:56Z</time>
      </trkpt>
      <trkpt lat="22.5841148" lon="113.9541856">
        <ele>17.67</ele>
        <time>2025-12-17T10:35:58Z</time>
      </trkpt>
      <trkpt lat="22.5840949" lon="113.9541712">
        <ele>16.579</ele>
        <time>2025-12-17T10:36:00Z</time>
      </trkpt>
      <trkpt lat="22.5840807" lon="113.9541532">
        <ele>16.58099</ele>
        <time>2025-12-17T10:36:02Z</time>
      </trkpt>
      <trkpt lat="22.5840705" lon="113.954134">
        <ele>16.252</ele>
        <time>2025-12-17T10:36:04Z</time>
      </trkpt>
      <trkpt lat="22.5840574" lon="113.9541131">
        <ele>16.48999</ele>
        <time>2025-12-17T10:36:06Z</time>
      </trkpt>
      <trkpt lat="22.5840425" lon="113.954088">
        <ele>16.895</ele>
        <time>2025-12-17T10:36:08Z</time>
      </trkpt>
      <trkpt lat="22.5840229" lon="113.9540615">
        <ele>16.45199</ele>
        <time>2025-12-17T10:36:10Z</time>
      </trkpt>
      <trkpt lat="22.5839989" lon="113.9540366">
        <ele>16.663</ele>
        <time>2025-12-17T10:36:12Z</time>
      </trkpt>
      <trkpt lat="22.5839678" lon="113.9540165">
        <ele>17.106</ele>
        <time>2025-12-17T10:36:14Z</time>
      </trkpt>
      <trkpt lat="22.5839358" lon="113.9540013">
        <ele>16.378</ele>
        <time>2025-12-17T10:36:16Z</time>
      </trkpt>
      <trkpt lat="22.5839024" lon="113.9539983">
        <ele>15.208</ele>
        <time>2025-12-17T10:36:18Z</time>
      </trkpt>
      <trkpt lat="22.5838672" lon="113.9539976">
        <ele>13.932</ele>
        <time>2025-12-17T10:36:20Z</time>
      </trkpt>
      <trkpt lat="22.5838314" lon="113.9539955">
        <ele>19.096</ele>
        <time>2025-12-17T10:36:22Z</time>
      </trkpt>
      <trkpt lat="22.5837981" lon="113.9539898">
        <ele>18.186</ele>
        <time>2025-12-17T10:36:26Z</time>
      </trkpt>
      <trkpt lat="22.5837664" lon="113.9539857">
        <ele>18.57299</ele>
        <time>2025-12-17T10:36:28Z</time>
      </trkpt>
      <trkpt lat="22.5837293" lon="113.9539759">
        <ele>18.94499</ele>
        <time>2025-12-17T10:36:30Z</time>
      </trkpt>
      <trkpt lat="22.5836883" lon="113.953967">
        <ele>20.538</ele>
        <time>2025-12-17T10:36:32Z</time>
      </trkpt>
      <trkpt lat="22.5836431" lon="113.9539599">
        <ele>14.98799</ele>
        <time>2025-12-17T10:36:34Z</time>
      </trkpt>
      <trkpt lat="22.5835919" lon="113.9539509">
        <ele>13.36499</ele>
        <time>2025-12-17T10:36:36Z</time>
      </trkpt>
      <trkpt lat="22.5835401" lon="113.9539367">
        <ele>15.42199</ele>
        <time>2025-12-17T10:36:38Z</time>
      </trkpt>
      <trkpt lat="22.5834932" lon="113.9539204">
        <ele>18.583</ele>
        <time>2025-12-17T10:36:40Z</time>
      </trkpt>
      <trkpt lat="22.5834469" lon="113.9539026">
        <ele>17.87599</ele>
        <time>2025-12-17T10:36:42Z</time>
      </trkpt>
      <trkpt lat="22.5834027" lon="113.9538836">
        <ele>20.047</ele>
        <time>2025-12-17T10:36:44Z</time>
      </trkpt>
      <trkpt lat="22.5833644" lon="113.953869">
        <ele>16.85</ele>
        <time>2025-12-17T10:36:46Z</time>
      </trkpt>
      <trkpt lat="22.5833286" lon="113.9538567">
        <ele>15.70199</ele>
        <time>2025-12-17T10:36:48Z</time>
      </trkpt>
      <trkpt lat="22.5832953" lon="113.9538434">
        <ele>15.609</ele>
        <time>2025-12-17T10:36:50Z</time>
      </trkpt>
      <trkpt lat="22.5832658" lon="113.9538291">
        <ele>15.451</ele>
        <time>2025-12-17T10:36:52Z</time>
      </trkpt>
      <trkpt lat="22.5832388" lon="113.953814">
        <ele>13.53899</ele>
        <time>2025-12-17T10:36:54Z</time>
      </trkpt>
      <trkpt lat="22.5832127" lon="113.9537961">
        <ele>12.69699</ele>
        <time>2025-12-17T10:36:56Z</time>
      </trkpt>
      <trkpt lat="22.583187" lon="113.9537759">
        <ele>12.13</ele>
        <time>2025-12-17T10:36:58Z</time>
      </trkpt>
      <trkpt lat="22.5831606" lon="113.9537546">
        <ele>11.31999</ele>
        <time>2025-12-17T10:37:00Z</time>
      </trkpt>
      <trkpt lat="22.583134" lon="113.9537322">
        <ele>11.493</ele>
        <time>2025-12-17T10:37:02Z</time>
      </trkpt>
      <trkpt lat="22.5831072" lon="113.9537102">
        <ele>10.89</ele>
        <time>2025-12-17T10:37:04Z</time>
      </trkpt>
      <trkpt lat="22.5830794" lon="113.9536875">
        <ele>10.383</ele>
        <time>2025-12-17T10:37:06Z</time>
      </trkpt>
      <trkpt lat="22.5830502" lon="113.9536624">
        <ele>10.58399</ele>
        <time>2025-12-17T10:37:08Z</time>
      </trkpt>
      <trkpt lat="22.5830223" lon="113.9536378">
        <ele>10.54399</ele>
        <time>2025-12-17T10:37:10Z</time>
      </trkpt>
      <trkpt lat="22.5829966" lon="113.9536149">
        <ele>10.22999</ele>
        <time>2025-12-17T10:37:12Z</time>
      </trkpt>
      <trkpt lat="22.582972" lon="113.9535924">
        <ele>9.94699</ele>
        <time>2025-12-17T10:37:14Z</time>
      </trkpt>
      <trkpt lat="22.5829477" lon="113.9535711">
        <ele>9.333</ele>
        <time>2025-12-17T10:37:16Z</time>
      </trkpt>
      <trkpt lat="22.5829247" lon="113.9535524">
        <ele>10.064</ele>
        <time>2025-12-17T10:37:18Z</time>
      </trkpt>
      <trkpt lat="22.5828986" lon="113.9535321">
        <ele>10.062</ele>
        <time>2025-12-17T10:37:20Z</time>
      </trkpt>
      <trkpt lat="22.5828693" lon="113.9535103">
        <ele>10.371</ele>
        <time>2025-12-17T10:37:22Z</time>
      </trkpt>
      <trkpt lat="22.5828405" lon="113.9534876">
        <ele>11.55799</ele>
        <time>2025-12-17T10:37:24Z</time>
      </trkpt>
      <trkpt lat="22.582814" lon="113.9534643">
        <ele>13.583</ele>
        <time>2025-12-17T10:37:26Z</time>
      </trkpt>
      <trkpt lat="22.5827896" lon="113.953442">
        <ele>13.74199</ele>
        <time>2025-12-17T10:37:28Z</time>
      </trkpt>
      <trkpt lat="22.582769" lon="113.9534219">
        <ele>14.045</ele>
        <time>2025-12-17T10:37:30Z</time>
      </trkpt>
      <trkpt lat="22.5827483" lon="113.9533981">
        <ele>14.22099</ele>
        <time>2025-12-17T10:37:32Z</time>
      </trkpt>
      <trkpt lat="22.5827262" lon="113.9533741">
        <ele>13.90499</ele>
        <time>2025-12-17T10:37:34Z</time>
      </trkpt>
      <trkpt lat="22.5827059" lon="113.9533511">
        <ele>14.286</ele>
        <time>2025-12-17T10:37:36Z</time>
      </trkpt>
      <trkpt lat="22.5826848" lon="113.9533267">
        <ele>14.305</ele>
        <time>2025-12-17T10:37:38Z</time>
      </trkpt>
      <trkpt lat="22.5826626" lon="113.9533027">
        <ele>14.90699</ele>
        <time>2025-12-17T10:37:40Z</time>
      </trkpt>
      <trkpt lat="22.5826422" lon="113.9532819">
        <ele>14.49199</ele>
        <time>2025-12-17T10:37:42Z</time>
      </trkpt>
      <trkpt lat="22.5826222" lon="113.9532605">
        <ele>13.743</ele>
        <time>2025-12-17T10:37:44Z</time>
      </trkpt>
      <trkpt lat="22.5826005" lon="113.9532368">
        <ele>11.98099</ele>
        <time>2025-12-17T10:37:46Z</time>
      </trkpt>
      <trkpt lat="22.5825791" lon="113.9532127">
        <ele>12.04199</ele>
        <time>2025-12-17T10:37:48Z</time>
      </trkpt>
      <trkpt lat="22.582558" lon="113.9531866">
        <ele>11.696</ele>
        <time>2025-12-17T10:37:50Z</time>
      </trkpt>
      <trkpt lat="22.5825383" lon="113.9531604">
        <ele>12.21899</ele>
        <time>2025-12-17T10:37:52Z</time>
      </trkpt>
      <trkpt lat="22.5825177" lon="113.9531347">
        <ele>12.09</ele>
        <time>2025-12-17T10:37:54Z</time>
      </trkpt>
      <trkpt lat="22.5824963" lon="113.9531093">
        <ele>11.84599</ele>
        <time>2025-12-17T10:37:56Z</time>
      </trkpt>
      <trkpt lat="22.5824748" lon="113.9530856">
        <ele>12.51299</ele>
        <time>2025-12-17T10:37:58Z</time>
      </trkpt>
      <trkpt lat="22.5824523" lon="113.9530649">
        <ele>13.199</ele>
        <time>2025-12-17T10:38:00Z</time>
      </trkpt>
      <trkpt lat="22.5824289" lon="113.953048">
        <ele>13.493</ele>
        <time>2025-12-17T10:38:02Z</time>
      </trkpt>
      <trkpt lat="22.5824065" lon="113.9530312">
        <ele>13.626</ele>
        <time>2025-12-17T10:38:04Z</time>
      </trkpt>
      <trkpt lat="22.5823826" lon="113.9530145">
        <ele>13.612</ele>
        <time>2025-12-17T10:38:06Z</time>
      </trkpt>
      <trkpt lat="22.5823589" lon="113.9529957">
        <ele>13.90499</ele>
        <time>2025-12-17T10:38:08Z</time>
      </trkpt>
      <trkpt lat="22.582335" lon="113.9529747">
        <ele>14.57499</ele>
        <time>2025-12-17T10:38:10Z</time>
      </trkpt>
      <trkpt lat="22.5823102" lon="113.9529508">
        <ele>14.329</ele>
        <time>2025-12-17T10:38:12Z</time>
      </trkpt>
      <trkpt lat="22.5822855" lon="113.9529267">
        <ele>15.109</ele>
        <time>2025-12-17T10:38:14Z</time>
      </trkpt>
      <trkpt lat="22.5822616" lon="113.9529022">
        <ele>15.809</ele>
        <time>2025-12-17T10:38:16Z</time>
      </trkpt>
      <trkpt lat="22.5822376" lon="113.9528784">
        <ele>16.46599</ele>
        <time>2025-12-17T10:38:18Z</time>
      </trkpt>
      <trkpt lat="22.5822145" lon="113.9528544">
        <ele>15.717</ele>
        <time>2025-12-17T10:38:20Z</time>
      </trkpt>
      <trkpt lat="22.5821933" lon="113.9528292">
        <ele>15.69099</ele>
        <time>2025-12-17T10:38:22Z</time>
      </trkpt>
      <trkpt lat="22.5821715" lon="113.9528028">
        <ele>14.46199</ele>
        <time>2025-12-17T10:38:24Z</time>
      </trkpt>
      <trkpt lat="22.58215" lon="113.9527769">
        <ele>13.508</ele>
        <time>2025-12-17T10:38:26Z</time>
      </trkpt>
      <trkpt lat="22.5821285" lon="113.9527515">
        <ele>13.953</ele>
        <time>2025-12-17T10:38:28Z</time>
      </trkpt>
      <trkpt lat="22.5821064" lon="113.9527288">
        <ele>12.798</ele>
        <time>2025-12-17T10:38:30Z</time>
      </trkpt>
      <trkpt lat="22.5820835" lon="113.9527079">
        <ele>12.791</ele>
        <time>2025-12-17T10:38:32Z</time>
      </trkpt>
      <trkpt lat="22.5820612" lon="113.9526883">
        <ele>13.354</ele>
        <time>2025-12-17T10:38:34Z</time>
      </trkpt>
      <trkpt lat="22.5820393" lon="113.9526695">
        <ele>13.555</ele>
        <time>2025-12-17T10:38:36Z</time>
      </trkpt>
      <trkpt lat="22.5820176" lon="113.9526498">
        <ele>13.92399</ele>
        <time>2025-12-17T10:38:38Z</time>
      </trkpt>
      <trkpt lat="22.5819962" lon="113.9526275">
        <ele>13.993</ele>
        <time>2025-12-17T10:38:40Z</time>
      </trkpt>
      <trkpt lat="22.5819739" lon="113.9526038">
        <ele>13.37199</ele>
        <time>2025-12-17T10:38:42Z</time>
      </trkpt>
      <trkpt lat="22.5819516" lon="113.9525806">
        <ele>15.63</ele>
        <time>2025-12-17T10:38:44Z</time>
      </trkpt>
      <trkpt lat="22.5819296" lon="113.9525577">
        <ele>15.48299</ele>
        <time>2025-12-17T10:38:46Z</time>
      </trkpt>
      <trkpt lat="22.5819056" lon="113.9525345">
        <ele>15.387</ele>
        <time>2025-12-17T10:38:48Z</time>
      </trkpt>
      <trkpt lat="22.5818817" lon="113.9525129">
        <ele>15.41499</ele>
        <time>2025-12-17T10:38:50Z</time>
      </trkpt>
      <trkpt lat="22.581859" lon="113.9524911">
        <ele>16.51799</ele>
        <time>2025-12-17T10:38:52Z</time>
      </trkpt>
      <trkpt lat="22.5818367" lon="113.9524696">
        <ele>16.996</ele>
        <time>2025-12-17T10:38:54Z</time>
      </trkpt>
      <trkpt lat="22.5818144" lon="113.9524484">
        <ele>16.16699</ele>
        <time>2025-12-17T10:38:56Z</time>
      </trkpt>
      <trkpt lat="22.5817933" lon="113.9524274">
        <ele>16.30599</ele>
        <time>2025-12-17T10:38:58Z</time>
      </trkpt>
      <trkpt lat="22.5817715" lon="113.9524037">
        <ele>16.718</ele>
        <time>2025-12-17T10:39:00Z</time>
      </trkpt>
      <trkpt lat="22.5817491" lon="113.9523799">
        <ele>16.908</ele>
        <time>2025-12-17T10:39:02Z</time>
      </trkpt>
      <trkpt lat="22.5817254" lon="113.9523559">
        <ele>16.69799</ele>
        <time>2025-12-17T10:39:04Z</time>
      </trkpt>
      <trkpt lat="22.5817024" lon="113.9523317">
        <ele>15.93999</ele>
        <time>2025-12-17T10:39:06Z</time>
      </trkpt>
      <trkpt lat="22.5816796" lon="113.9523075">
        <ele>15.26299</ele>
        <time>2025-12-17T10:39:08Z</time>
      </trkpt>
      <trkpt lat="22.5816562" lon="113.9522849">
        <ele>15.211</ele>
        <time>2025-12-17T10:39:10Z</time>
      </trkpt>
      <trkpt lat="22.5816319" lon="113.9522628">
        <ele>14.809</ele>
        <time>2025-12-17T10:39:12Z</time>
      </trkpt>
      <trkpt lat="22.5816078" lon="113.9522396">
        <ele>12.19799</ele>
        <time>2025-12-17T10:39:14Z</time>
      </trkpt>
      <trkpt lat="22.581582" lon="113.9522159">
        <ele>10.515</ele>
        <time>2025-12-17T10:39:16Z</time>
      </trkpt>
      <trkpt lat="22.5815555" lon="113.952192">
        <ele>10.20899</ele>
        <time>2025-12-17T10:39:18Z</time>
      </trkpt>
      <trkpt lat="22.5815294" lon="113.952167">
        <ele>8.97999</ele>
        <time>2025-12-17T10:39:20Z</time>
      </trkpt>
      <trkpt lat="22.5815028" lon="113.9521415">
        <ele>7.98299</ele>
        <time>2025-12-17T10:39:22Z</time>
      </trkpt>
      <trkpt lat="22.5814758" lon="113.9521169">
        <ele>7.87599</ele>
        <time>2025-12-17T10:39:24Z</time>
      </trkpt>
      <trkpt lat="22.5814489" lon="113.9520921">
        <ele>8.02</ele>
        <time>2025-12-17T10:39:26Z</time>
      </trkpt>
      <trkpt lat="22.5814213" lon="113.9520673">
        <ele>7.96199</ele>
        <time>2025-12-17T10:39:28Z</time>
      </trkpt>
      <trkpt lat="22.5813941" lon="113.9520431">
        <ele>8.57999</ele>
        <time>2025-12-17T10:39:30Z</time>
      </trkpt>
      <trkpt lat="22.5813681" lon="113.9520186">
        <ele>9.13099</ele>
        <time>2025-12-17T10:39:32Z</time>
      </trkpt>
      <trkpt lat="22.581343" lon="113.9519934">
        <ele>9.07299</ele>
        <time>2025-12-17T10:39:34Z</time>
      </trkpt>
      <trkpt lat="22.5813179" lon="113.951967">
        <ele>8.50199</ele>
        <time>2025-12-17T10:39:36Z</time>
      </trkpt>
      <trkpt lat="22.5812957" lon="113.9519416">
        <ele>8.371</ele>
        <time>2025-12-17T10:39:38Z</time>
      </trkpt>
      <trkpt lat="22.5812755" lon="113.9519168">
        <ele>8.63399</ele>
        <time>2025-12-17T10:39:40Z</time>
      </trkpt>
      <trkpt lat="22.581254" lon="113.9518919">
        <ele>7.94</ele>
        <time>2025-12-17T10:39:42Z</time>
      </trkpt>
      <trkpt lat="22.5812322" lon="113.9518662">
        <ele>7.859</ele>
        <time>2025-12-17T10:39:44Z</time>
      </trkpt>
      <trkpt lat="22.5812105" lon="113.9518416">
        <ele>8.869</ele>
        <time>2025-12-17T10:39:46Z</time>
      </trkpt>
      <trkpt lat="22.5811859" lon="113.9518166">
        <ele>9.00899</ele>
        <time>2025-12-17T10:39:48Z</time>
      </trkpt>
      <trkpt lat="22.5811598" lon="113.9517908">
        <ele>8.451</ele>
        <time>2025-12-17T10:39:50Z</time>
      </trkpt>
      <trkpt lat="22.5811347" lon="113.9517657">
        <ele>8.465</ele>
        <time>2025-12-17T10:39:52Z</time>
      </trkpt>
      <trkpt lat="22.5811092" lon="113.9517419">
        <ele>8.814</ele>
        <time>2025-12-17T10:39:54Z</time>
      </trkpt>
      <trkpt lat="22.5810845" lon="113.951718">
        <ele>9.29399</ele>
        <time>2025-12-17T10:39:56Z</time>
      </trkpt>
      <trkpt lat="22.5810622" lon="113.9516946">
        <ele>9.80799</ele>
        <time>2025-12-17T10:39:58Z</time>
      </trkpt>
      <trkpt lat="22.5810426" lon="113.9516716">
        <ele>10.427</ele>
        <time>2025-12-17T10:40:00Z</time>
      </trkpt>
      <trkpt lat="22.5810248" lon="113.9516475">
        <ele>10.43</ele>
        <time>2025-12-17T10:40:02Z</time>
      </trkpt>
      <trkpt lat="22.5810088" lon="113.9516226">
        <ele>9.85999</ele>
        <time>2025-12-17T10:40:04Z</time>
      </trkpt>
      <trkpt lat="22.5809924" lon="113.9515971">
        <ele>9.58699</ele>
        <time>2025-12-17T10:40:06Z</time>
      </trkpt>
      <trkpt lat="22.5809739" lon="113.9515701">
        <ele>9.69799</ele>
        <time>2025-12-17T10:40:08Z</time>
      </trkpt>
      <trkpt lat="22.5809549" lon="113.9515416">
        <ele>9.019</ele>
        <time>2025-12-17T10:40:10Z</time>
      </trkpt>
      <trkpt lat="22.5809371" lon="113.9515121">
        <ele>8.642</ele>
        <time>2025-12-17T10:40:12Z</time>
      </trkpt>
      <trkpt lat="22.5809197" lon="113.9514815">
        <ele>7.48699</ele>
        <time>2025-12-17T10:40:14Z</time>
      </trkpt>
      <trkpt lat="22.5809051" lon="113.9514503">
        <ele>6.98199</ele>
        <time>2025-12-17T10:40:16Z</time>
      </trkpt>
      <trkpt lat="22.5808925" lon="113.9514172">
        <ele>7.063</ele>
        <time>2025-12-17T10:40:18Z</time>
      </trkpt>
      <trkpt lat="22.5808791" lon="113.9513822">
        <ele>5.92799</ele>
        <time>2025-12-17T10:40:20Z</time>
      </trkpt>
      <trkpt lat="22.5808647" lon="113.9513481">
        <ele>4.91499</ele>
        <time>2025-12-17T10:40:22Z</time>
      </trkpt>
      <trkpt lat="22.5808494" lon="113.9513133">
        <ele>5.29199</ele>
        <time>2025-12-17T10:40:24Z</time>
      </trkpt>
      <trkpt lat="22.5808313" lon="113.9512778">
        <ele>4.603</ele>
        <time>2025-12-17T10:40:26Z</time>
      </trkpt>
      <trkpt lat="22.5808119" lon="113.951245">
        <ele>5.044</ele>
        <time>2025-12-17T10:40:28Z</time>
      </trkpt>
      <trkpt lat="22.5807906" lon="113.9512149">
        <ele>4.933</ele>
        <time>2025-12-17T10:40:30Z</time>
      </trkpt>
      <trkpt lat="22.580769" lon="113.9511866">
        <ele>4.781</ele>
        <time>2025-12-17T10:40:32Z</time>
      </trkpt>
      <trkpt lat="22.5807462" lon="113.9511604">
        <ele>4.043</ele>
        <time>2025-12-17T10:40:34Z</time>
      </trkpt>
      <trkpt lat="22.580723" lon="113.9511346">
        <ele>3.911</ele>
        <time>2025-12-17T10:40:36Z</time>
      </trkpt>
      <trkpt lat="22.5807016" lon="113.9511086">
        <ele>3.88599</ele>
        <time>2025-12-17T10:40:38Z</time>
      </trkpt>
      <trkpt lat="22.5806823" lon="113.9510836">
        <ele>2.887</ele>
        <time>2025-12-17T10:40:40Z</time>
      </trkpt>
      <trkpt lat="22.5806619" lon="113.951058">
        <ele>3.30299</ele>
        <time>2025-12-17T10:40:42Z</time>
      </trkpt>
      <trkpt lat="22.580641" lon="113.951033">
        <ele>2.519</ele>
        <time>2025-12-17T10:40:44Z</time>
      </trkpt>
      <trkpt lat="22.5806202" lon="113.9510106">
        <ele>3.006</ele>
        <time>2025-12-17T10:40:46Z</time>
      </trkpt>
      <trkpt lat="22.5805983" lon="113.9509887">
        <ele>3.18199</ele>
        <time>2025-12-17T10:40:48Z</time>
      </trkpt>
      <trkpt lat="22.5805734" lon="113.950966">
        <ele>3.811</ele>
        <time>2025-12-17T10:40:50Z</time>
      </trkpt>
      <trkpt lat="22.5805469" lon="113.9509417">
        <ele>4.87599</ele>
        <time>2025-12-17T10:40:52Z</time>
      </trkpt>
      <trkpt lat="22.5805214" lon="113.9509176">
        <ele>6.02099</ele>
        <time>2025-12-17T10:40:54Z</time>
      </trkpt>
      <trkpt lat="22.5804956" lon="113.9508942">
        <ele>5.322</ele>
        <time>2025-12-17T10:40:56Z</time>
      </trkpt>
      <trkpt lat="22.5804694" lon="113.9508721">
        <ele>4.12699</ele>
        <time>2025-12-17T10:40:58Z</time>
      </trkpt>
      <trkpt lat="22.5804448" lon="113.9508521">
        <ele>4.74599</ele>
        <time>2025-12-17T10:41:00Z</time>
      </trkpt>
      <trkpt lat="22.5804229" lon="113.9508347">
        <ele>4.19099</ele>
        <time>2025-12-17T10:41:02Z</time>
      </trkpt>
      <trkpt lat="22.5804011" lon="113.9508185">
        <ele>4.076</ele>
        <time>2025-12-17T10:41:04Z</time>
      </trkpt>
      <trkpt lat="22.5803789" lon="113.950801">
        <ele>4.741</ele>
        <time>2025-12-17T10:41:06Z</time>
      </trkpt>
      <trkpt lat="22.5803557" lon="113.9507829">
        <ele>4.196</ele>
        <time>2025-12-17T10:41:08Z</time>
      </trkpt>
      <trkpt lat="22.5803317" lon="113.9507632">
        <ele>4.789</ele>
        <time>2025-12-17T10:41:10Z</time>
      </trkpt>
      <trkpt lat="22.5803062" lon="113.9507427">
        <ele>5.703</ele>
        <time>2025-12-17T10:41:12Z</time>
      </trkpt>
      <trkpt lat="22.5802824" lon="113.9507203">
        <ele>6.098</ele>
        <time>2025-12-17T10:41:14Z</time>
      </trkpt>
      <trkpt lat="22.5802597" lon="113.9506977">
        <ele>6.243</ele>
        <time>2025-12-17T10:41:16Z</time>
      </trkpt>
      <trkpt lat="22.580238" lon="113.9506734">
        <ele>5.484</ele>
        <time>2025-12-17T10:41:18Z</time>
      </trkpt>
      <trkpt lat="22.5802156" lon="113.9506482">
        <ele>5.60799</ele>
        <time>2025-12-17T10:41:20Z</time>
      </trkpt>
      <trkpt lat="22.5801917" lon="113.9506218">
        <ele>4.972</ele>
        <time>2025-12-17T10:41:22Z</time>
      </trkpt>
      <trkpt lat="22.580165" lon="113.9505959">
        <ele>4.24599</ele>
        <time>2025-12-17T10:41:24Z</time>
      </trkpt>
      <trkpt lat="22.5801368" lon="113.9505696">
        <ele>4.91499</ele>
        <time>2025-12-17T10:41:26Z</time>
      </trkpt>
      <trkpt lat="22.5801072" lon="113.9505436">
        <ele>4.71</ele>
        <time>2025-12-17T10:41:28Z</time>
      </trkpt>
      <trkpt lat="22.5800787" lon="113.9505193">
        <ele>5.426</ele>
        <time>2025-12-17T10:41:30Z</time>
      </trkpt>
      <trkpt lat="22.5800516" lon="113.9504957">
        <ele>6.02199</ele>
        <time>2025-12-17T10:41:32Z</time>
      </trkpt>
      <trkpt lat="22.5800263" lon="113.9504727">
        <ele>5.156</ele>
        <time>2025-12-17T10:41:34Z</time>
      </trkpt>
      <trkpt lat="22.5800017" lon="113.9504511">
        <ele>4.88</ele>
        <time>2025-12-17T10:41:36Z</time>
      </trkpt>
      <trkpt lat="22.5799797" lon="113.9504309">
        <ele>4.69999</ele>
        <time>2025-12-17T10:41:38Z</time>
      </trkpt>
      <trkpt lat="22.5799588" lon="113.950409">
        <ele>5.076</ele>
        <time>2025-12-17T10:41:40Z</time>
      </trkpt>
      <trkpt lat="22.5799388" lon="113.9503861">
        <ele>5.559</ele>
        <time>2025-12-17T10:41:42Z</time>
      </trkpt>
      <trkpt lat="22.5799169" lon="113.9503631">
        <ele>4.45599</ele>
        <time>2025-12-17T10:41:44Z</time>
      </trkpt>
      <trkpt lat="22.5798952" lon="113.9503392">
        <ele>4.27899</ele>
        <time>2025-12-17T10:41:46Z</time>
      </trkpt>
      <trkpt lat="22.5798721" lon="113.9503138">
        <ele>2.755</ele>
        <time>2025-12-17T10:41:48Z</time>
      </trkpt>
      <trkpt lat="22.5798471" lon="113.9502899">
        <ele>1.34099</ele>
        <time>2025-12-17T10:41:50Z</time>
      </trkpt>
      <trkpt lat="22.5798206" lon="113.9502665">
        <ele>0.62099</ele>
        <time>2025-12-17T10:41:52Z</time>
      </trkpt>
      <trkpt lat="22.5797956" lon="113.9502435">
        <ele>0.77399</ele>
        <time>2025-12-17T10:41:54Z</time>
      </trkpt>
      <trkpt lat="22.5797699" lon="113.9502222">
        <ele>0.081</ele>
        <time>2025-12-17T10:41:56Z</time>
      </trkpt>
      <trkpt lat="22.579744" lon="113.9502017">
        <ele>1.59</ele>
        <time>2025-12-17T10:41:58Z</time>
      </trkpt>
      <trkpt lat="22.5797197" lon="113.9501791">
        <ele>3.36899</ele>
        <time>2025-12-17T10:42:00Z</time>
      </trkpt>
      <trkpt lat="22.5796959" lon="113.9501576">
        <ele>4.62699</ele>
        <time>2025-12-17T10:42:02Z</time>
      </trkpt>
      <trkpt lat="22.5796733" lon="113.9501348">
        <ele>4.552</ele>
        <time>2025-12-17T10:42:04Z</time>
      </trkpt>
      <trkpt lat="22.5796526" lon="113.9501093">
        <ele>3.492</ele>
        <time>2025-12-17T10:42:06Z</time>
      </trkpt>
      <trkpt lat="22.579631" lon="113.9500816">
        <ele>1.63199</ele>
        <time>2025-12-17T10:42:08Z</time>
      </trkpt>
      <trkpt lat="22.5796086" lon="113.9500546">
        <ele>0.333</ele>
        <time>2025-12-17T10:42:10Z</time>
      </trkpt>
      <trkpt lat="22.5795847" lon="113.9500259">
        <ele>-0.103</ele>
        <time>2025-12-17T10:42:12Z</time>
      </trkpt>
      <trkpt lat="22.579558" lon="113.9499982">
        <ele>-2.805</ele>
        <time>2025-12-17T10:42:14Z</time>
      </trkpt>
      <trkpt lat="22.5795301" lon="113.9499775">
        <ele>-5.367</ele>
        <time>2025-12-17T10:42:16Z</time>
      </trkpt>
      <trkpt lat="22.5795016" lon="113.9499639">
        <ele>-7.52799</ele>
        <time>2025-12-17T10:42:18Z</time>
      </trkpt>
      <trkpt lat="22.57947" lon="113.9499538">
        <ele>-7.379</ele>
        <time>2025-12-17T10:42:20Z</time>
      </trkpt>
      <trkpt lat="22.5794376" lon="113.949948">
        <ele>-7.129</ele>
        <time>2025-12-17T10:42:22Z</time>
      </trkpt>
      <trkpt lat="22.5794048" lon="113.9499447">
        <ele>-6.985</ele>
        <time>2025-12-17T10:42:24Z</time>
      </trkpt>
      <trkpt lat="22.579371" lon="113.9499376">
        <ele>-7.50899</ele>
        <time>2025-12-17T10:42:26Z</time>
      </trkpt>
      <trkpt lat="22.5793384" lon="113.949927">
        <ele>-7.241</ele>
        <time>2025-12-17T10:42:28Z</time>
      </trkpt>
      <trkpt lat="22.5793078" lon="113.9499195">
        <ele>-7.39799</ele>
        <time>2025-12-17T10:42:30Z</time>
      </trkpt>
      <trkpt lat="22.5792788" lon="113.9499125">
        <ele>-8.25399</ele>
        <time>2025-12-17T10:42:32Z</time>
      </trkpt>
      <trkpt lat="22.5792486" lon="113.9499055">
        <ele>-8.72099</ele>
        <time>2025-12-17T10:42:34Z</time>
      </trkpt>
      <trkpt lat="22.5792172" lon="113.9498991">
        <ele>-7.972</ele>
        <time>2025-12-17T10:42:36Z</time>
      </trkpt>
      <trkpt lat="22.5791837" lon="113.9498932">
        <ele>-6.44799</ele>
        <time>2025-12-17T10:42:38Z</time>
      </trkpt>
      <trkpt lat="22.5791498" lon="113.9498843">
        <ele>-6.105</ele>
        <time>2025-12-17T10:42:40Z</time>
      </trkpt>
      <trkpt lat="22.5791152" lon="113.949875">
        <ele>-5.86299</ele>
        <time>2025-12-17T10:42:42Z</time>
      </trkpt>
      <trkpt lat="22.579083" lon="113.9498641">
        <ele>-6.715</ele>
        <time>2025-12-17T10:42:44Z</time>
      </trkpt>
      <trkpt lat="22.5790508" lon="113.9498534">
        <ele>-6.734</ele>
        <time>2025-12-17T10:42:46Z</time>
      </trkpt>
      <trkpt lat="22.579019" lon="113.949844">
        <ele>-7.852</ele>
        <time>2025-12-17T10:42:48Z</time>
      </trkpt>
      <trkpt lat="22.5789865" lon="113.949836">
        <ele>-7.631</ele>
        <time>2025-12-17T10:42:50Z</time>
      </trkpt>
      <trkpt lat="22.5789538" lon="113.9498297">
        <ele>-7.10799</ele>
        <time>2025-12-17T10:42:52Z</time>
      </trkpt>
      <trkpt lat="22.5789191" lon="113.9498256">
        <ele>-6.83799</ele>
        <time>2025-12-17T10:42:54Z</time>
      </trkpt>
      <trkpt lat="22.5788843" lon="113.9498225">
        <ele>-6.214</ele>
        <time>2025-12-17T10:42:56Z</time>
      </trkpt>
      <trkpt lat="22.5788486" lon="113.9498195">
        <ele>-4.77699</ele>
        <time>2025-12-17T10:42:58Z</time>
      </trkpt>
      <trkpt lat="22.5788124" lon="113.9498173">
        <ele>-3.184</ele>
        <time>2025-12-17T10:43:00Z</time>
      </trkpt>
      <trkpt lat="22.5787764" lon="113.949814">
        <ele>-2.88599</ele>
        <time>2025-12-17T10:43:02Z</time>
      </trkpt>
      <trkpt lat="22.5787422" lon="113.9498093">
        <ele>-2.30999</ele>
        <time>2025-12-17T10:43:04Z</time>
      </trkpt>
      <trkpt lat="22.578705" lon="113.9498086">
        <ele>-2.26699</ele>
        <time>2025-12-17T10:43:06Z</time>
      </trkpt>
      <trkpt lat="22.5786668" lon="113.9498095">
        <ele>-2.967</ele>
        <time>2025-12-17T10:43:08Z</time>
      </trkpt>
      <trkpt lat="22.5786254" lon="113.9498101">
        <ele>-0.4</ele>
        <time>2025-12-17T10:43:10Z</time>
      </trkpt>
      <trkpt lat="22.5785822" lon="113.9498116">
        <ele>0.794</ele>
        <time>2025-12-17T10:43:12Z</time>
      </trkpt>
      <trkpt lat="22.5785367" lon="113.9498145">
        <ele>3.259</ele>
        <time>2025-12-17T10:43:14Z</time>
      </trkpt>
      <trkpt lat="22.5784932" lon="113.9498132">
        <ele>3.73699</ele>
        <time>2025-12-17T10:43:16Z</time>
      </trkpt>
      <trkpt lat="22.5784507" lon="113.9498101">
        <ele>4.971</ele>
        <time>2025-12-17T10:43:18Z</time>
      </trkpt>
      <trkpt lat="22.5784109" lon="113.9498053">
        <ele>5.498</ele>
        <time>2025-12-17T10:43:20Z</time>
      </trkpt>
      <trkpt lat="22.5783713" lon="113.9498002">
        <ele>5.63399</ele>
        <time>2025-12-17T10:43:22Z</time>
      </trkpt>
      <trkpt lat="22.5783329" lon="113.9497939">
        <ele>6.914</ele>
        <time>2025-12-17T10:43:24Z</time>
      </trkpt>
      <trkpt lat="22.5782958" lon="113.9497877">
        <ele>6.68499</ele>
        <time>2025-12-17T10:43:26Z</time>
      </trkpt>
      <trkpt lat="22.5782607" lon="113.9497813">
        <ele>6.25699</ele>
        <time>2025-12-17T10:43:28Z</time>
      </trkpt>
      <trkpt lat="22.5782263" lon="113.9497749">
        <ele>5.86999</ele>
        <time>2025-12-17T10:43:30Z</time>
      </trkpt>
      <trkpt lat="22.5781934" lon="113.9497683">
        <ele>6.52199</ele>
        <time>2025-12-17T10:43:32Z</time>
      </trkpt>
      <trkpt lat="22.5781614" lon="113.9497582">
        <ele>4.51599</ele>
        <time>2025-12-17T10:43:34Z</time>
      </trkpt>
      <trkpt lat="22.5781293" lon="113.9497514">
        <ele>3.52099</ele>
        <time>2025-12-17T10:43:36Z</time>
      </trkpt>
      <trkpt lat="22.5780961" lon="113.9497486">
        <ele>3.22199</ele>
        <time>2025-12-17T10:43:38Z</time>
      </trkpt>
      <trkpt lat="22.5780632" lon="113.9497493">
        <ele>2.967</ele>
        <time>2025-12-17T10:43:40Z</time>
      </trkpt>
      <trkpt lat="22.5780298" lon="113.9497506">
        <ele>3.06399</ele>
        <time>2025-12-17T10:43:42Z</time>
      </trkpt>
      <trkpt lat="22.5779949" lon="113.9497566">
        <ele>2.148</ele>
        <time>2025-12-17T10:43:44Z</time>
      </trkpt>
      <trkpt lat="22.5779595" lon="113.9497598">
        <ele>2.46</ele>
        <time>2025-12-17T10:43:46Z</time>
      </trkpt>
      <trkpt lat="22.5779242" lon="113.9497599">
        <ele>2.69799</ele>
        <time>2025-12-17T10:43:48Z</time>
      </trkpt>
      <trkpt lat="22.5778885" lon="113.949758">
        <ele>2.309</ele>
        <time>2025-12-17T10:43:50Z</time>
      </trkpt>
      <trkpt lat="22.5778529" lon="113.9497567">
        <ele>3.006</ele>
        <time>2025-12-17T10:43:52Z</time>
      </trkpt>
      <trkpt lat="22.5778182" lon="113.9497557">
        <ele>3.818</ele>
        <time>2025-12-17T10:43:54Z</time>
      </trkpt>
      <trkpt lat="22.5777837" lon="113.9497566">
        <ele>3.41799</ele>
        <time>2025-12-17T10:43:56Z</time>
      </trkpt>
      <trkpt lat="22.5777493" lon="113.9497585">
        <ele>2.88899</ele>
        <time>2025-12-17T10:43:58Z</time>
      </trkpt>
      <trkpt lat="22.5777151" lon="113.9497609">
        <ele>3.59899</ele>
        <time>2025-12-17T10:44:00Z</time>
      </trkpt>
      <trkpt lat="22.5776812" lon="113.9497649">
        <ele>2.73499</ele>
        <time>2025-12-17T10:44:02Z</time>
      </trkpt>
      <trkpt lat="22.5776471" lon="113.9497682">
        <ele>3.03299</ele>
        <time>2025-12-17T10:44:04Z</time>
      </trkpt>
      <trkpt lat="22.5776131" lon="113.9497717">
        <ele>3.97399</ele>
        <time>2025-12-17T10:44:06Z</time>
      </trkpt>
      <trkpt lat="22.5775788" lon="113.9497762">
        <ele>3.30999</ele>
        <time>2025-12-17T10:44:08Z</time>
      </trkpt>
      <trkpt lat="22.577544" lon="113.9497818">
        <ele>3.729</ele>
        <time>2025-12-17T10:44:10Z</time>
      </trkpt>
      <trkpt lat="22.5775079" lon="113.9497868">
        <ele>3.92799</ele>
        <time>2025-12-17T10:44:12Z</time>
      </trkpt>
      <trkpt lat="22.5774713" lon="113.9497939">
        <ele>5.051</ele>
        <time>2025-12-17T10:44:14Z</time>
      </trkpt>
      <trkpt lat="22.577434" lon="113.9498008">
        <ele>5.90299</ele>
        <time>2025-12-17T10:44:16Z</time>
      </trkpt>
      <trkpt lat="22.5773962" lon="113.9498069">
        <ele>6.925</ele>
        <time>2025-12-17T10:44:18Z</time>
      </trkpt>
      <trkpt lat="22.5773587" lon="113.9498126">
        <ele>6.40799</ele>
        <time>2025-12-17T10:44:20Z</time>
      </trkpt>
      <trkpt lat="22.5773221" lon="113.9498183">
        <ele>7.13899</ele>
        <time>2025-12-17T10:44:22Z</time>
      </trkpt>
      <trkpt lat="22.5772861" lon="113.9498244">
        <ele>7.90999</ele>
        <time>2025-12-17T10:44:24Z</time>
      </trkpt>
      <trkpt lat="22.5772536" lon="113.9498346">
        <ele>7.66599</ele>
        <time>2025-12-17T10:44:26Z</time>
      </trkpt>
      <trkpt lat="22.5772232" lon="113.9498465">
        <ele>8.234</ele>
        <time>2025-12-17T10:44:28Z</time>
      </trkpt>
      <trkpt lat="22.5771935" lon="113.9498584">
        <ele>7.499</ele>
        <time>2025-12-17T10:44:30Z</time>
      </trkpt>
      <trkpt lat="22.5771652" lon="113.9498689">
        <ele>8.68099</ele>
        <time>2025-12-17T10:44:32Z</time>
      </trkpt>
      <trkpt lat="22.5771374" lon="113.9498782">
        <ele>8.442</ele>
        <time>2025-12-17T10:44:34Z</time>
      </trkpt>
      <trkpt lat="22.5771069" lon="113.9498822">
        <ele>7.84999</ele>
        <time>2025-12-17T10:44:36Z</time>
      </trkpt>
      <trkpt lat="22.5770748" lon="113.9498857">
        <ele>6.314</ele>
        <time>2025-12-17T10:44:38Z</time>
      </trkpt>
      <trkpt lat="22.5770418" lon="113.9498901">
        <ele>5.23899</ele>
        <time>2025-12-17T10:44:40Z</time>
      </trkpt>
      <trkpt lat="22.5770061" lon="113.9498969">
        <ele>4.75</ele>
        <time>2025-12-17T10:44:42Z</time>
      </trkpt>
      <trkpt lat="22.5769693" lon="113.9499037">
        <ele>4.986</ele>
        <time>2025-12-17T10:44:44Z</time>
      </trkpt>
      <trkpt lat="22.5769322" lon="113.9499117">
        <ele>6.65299</ele>
        <time>2025-12-17T10:44:46Z</time>
      </trkpt>
      <trkpt lat="22.5768944" lon="113.9499189">
        <ele>6.67899</ele>
        <time>2025-12-17T10:44:48Z</time>
      </trkpt>
      <trkpt lat="22.5768563" lon="113.9499248">
        <ele>7.361</ele>
        <time>2025-12-17T10:44:50Z</time>
      </trkpt>
      <trkpt lat="22.5768197" lon="113.9499284">
        <ele>6.5</ele>
        <time>2025-12-17T10:44:52Z</time>
      </trkpt>
      <trkpt lat="22.5767842" lon="113.949932">
        <ele>5.46999</ele>
        <time>2025-12-17T10:44:54Z</time>
      </trkpt>
      <trkpt lat="22.5767494" lon="113.9499346">
        <ele>3.822</ele>
        <time>2025-12-17T10:44:56Z</time>
      </trkpt>
      <trkpt lat="22.5767152" lon="113.9499363">
        <ele>3.433</ele>
        <time>2025-12-17T10:44:58Z</time>
      </trkpt>
      <trkpt lat="22.5766814" lon="113.9499383">
        <ele>3.73799</ele>
        <time>2025-12-17T10:45:00Z</time>
      </trkpt>
      <trkpt lat="22.5766476" lon="113.9499394">
        <ele>3.509</ele>
        <time>2025-12-17T10:45:02Z</time>
      </trkpt>
      <trkpt lat="22.5766136" lon="113.9499399">
        <ele>3.684</ele>
        <time>2025-12-17T10:45:04Z</time>
      </trkpt>
      <trkpt lat="22.5765778" lon="113.9499409">
        <ele>2.194</ele>
        <time>2025-12-17T10:45:06Z</time>
      </trkpt>
      <trkpt lat="22.5765407" lon="113.9499422">
        <ele>3.43</ele>
        <time>2025-12-17T10:45:08Z</time>
      </trkpt>
      <trkpt lat="22.5765019" lon="113.9499435">
        <ele>4.59</ele>
        <time>2025-12-17T10:45:10Z</time>
      </trkpt>
      <trkpt lat="22.5764615" lon="113.9499459">
        <ele>6.01999</ele>
        <time>2025-12-17T10:45:12Z</time>
      </trkpt>
      <trkpt lat="22.5764196" lon="113.9499501">
        <ele>6.998</ele>
        <time>2025-12-17T10:45:14Z</time>
      </trkpt>
      <trkpt lat="22.5763788" lon="113.9499537">
        <ele>7.505</ele>
        <time>2025-12-17T10:45:16Z</time>
      </trkpt>
      <trkpt lat="22.57634" lon="113.9499579">
        <ele>9.33699</ele>
        <time>2025-12-17T10:45:18Z</time>
      </trkpt>
      <trkpt lat="22.5763033" lon="113.9499639">
        <ele>7.05</ele>
        <time>2025-12-17T10:45:20Z</time>
      </trkpt>
      <trkpt lat="22.5762672" lon="113.949971">
        <ele>7.472</ele>
        <time>2025-12-17T10:45:22Z</time>
      </trkpt>
      <trkpt lat="22.5762306" lon="113.949976">
        <ele>5.73699</ele>
        <time>2025-12-17T10:45:24Z</time>
      </trkpt>
      <trkpt lat="22.5761944" lon="113.9499799">
        <ele>5.76999</ele>
        <time>2025-12-17T10:45:26Z</time>
      </trkpt>
      <trkpt lat="22.5761587" lon="113.949981">
        <ele>6.045</ele>
        <time>2025-12-17T10:45:28Z</time>
      </trkpt>
      <trkpt lat="22.5761233" lon="113.9499791">
        <ele>5.519</ele>
        <time>2025-12-17T10:45:30Z</time>
      </trkpt>
      <trkpt lat="22.5760895" lon="113.9499747">
        <ele>3.809</ele>
        <time>2025-12-17T10:45:32Z</time>
      </trkpt>
      <trkpt lat="22.5760578" lon="113.9499704">
        <ele>4.492</ele>
        <time>2025-12-17T10:45:34Z</time>
      </trkpt>
      <trkpt lat="22.5760269" lon="113.9499669">
        <ele>3.99499</ele>
        <time>2025-12-17T10:45:36Z</time>
      </trkpt>
      <trkpt lat="22.5759935" lon="113.9499649">
        <ele>4.23799</ele>
        <time>2025-12-17T10:45:38Z</time>
      </trkpt>
      <trkpt lat="22.5759612" lon="113.9499631">
        <ele>4.20699</ele>
        <time>2025-12-17T10:45:40Z</time>
      </trkpt>
      <trkpt lat="22.5759294" lon="113.9499621">
        <ele>4.19299</ele>
        <time>2025-12-17T10:45:42Z</time>
      </trkpt>
      <trkpt lat="22.5758921" lon="113.9499608">
        <ele>3.90899</ele>
        <time>2025-12-17T10:45:44Z</time>
      </trkpt>
      <trkpt lat="22.5758552" lon="113.9499567">
        <ele>3.49</ele>
        <time>2025-12-17T10:45:46Z</time>
      </trkpt>
      <trkpt lat="22.5758212" lon="113.9499492">
        <ele>4.23699</ele>
        <time>2025-12-17T10:45:49Z</time>
      </trkpt>
      <trkpt lat="22.5757869" lon="113.9499398">
        <ele>5.15999</ele>
        <time>2025-12-17T10:45:51Z</time>
      </trkpt>
      <trkpt lat="22.5757529" lon="113.9499288">
        <ele>6.51</ele>
        <time>2025-12-17T10:45:53Z</time>
      </trkpt>
      <trkpt lat="22.575725" lon="113.9499162">
        <ele>7.005</ele>
        <time>2025-12-17T10:45:55Z</time>
      </trkpt>
      <trkpt lat="22.5756972" lon="113.9499063">
        <ele>6.748</ele>
        <time>2025-12-17T10:45:57Z</time>
      </trkpt>
      <trkpt lat="22.5756688" lon="113.949901">
        <ele>7.17999</ele>
        <time>2025-12-17T10:45:59Z</time>
      </trkpt>
      <trkpt lat="22.5756406" lon="113.9498995">
        <ele>7.623</ele>
        <time>2025-12-17T10:46:01Z</time>
      </trkpt>
      <trkpt lat="22.5756107" lon="113.9499027">
        <ele>7.3</ele>
        <time>2025-12-17T10:46:03Z</time>
      </trkpt>
      <trkpt lat="22.5755794" lon="113.9499109">
        <ele>7.34899</ele>
        <time>2025-12-17T10:46:05Z</time>
      </trkpt>
      <trkpt lat="22.5755476" lon="113.9499232">
        <ele>6.83599</ele>
        <time>2025-12-17T10:46:07Z</time>
      </trkpt>
      <trkpt lat="22.5755152" lon="113.9499355">
        <ele>4.664</ele>
        <time>2025-12-17T10:46:09Z</time>
      </trkpt>
      <trkpt lat="22.5754819" lon="113.9499475">
        <ele>4.01399</ele>
        <time>2025-12-17T10:46:11Z</time>
      </trkpt>
      <trkpt lat="22.5754497" lon="113.9499567">
        <ele>3.30599</ele>
        <time>2025-12-17T10:46:13Z</time>
      </trkpt>
      <trkpt lat="22.5754183" lon="113.9499615">
        <ele>2.177</ele>
        <time>2025-12-17T10:46:15Z</time>
      </trkpt>
      <trkpt lat="22.5753867" lon="113.9499638">
        <ele>1.886</ele>
        <time>2025-12-17T10:46:17Z</time>
      </trkpt>
      <trkpt lat="22.5753566" lon="113.9499663">
        <ele>1.13999</ele>
        <time>2025-12-17T10:46:19Z</time>
      </trkpt>
      <trkpt lat="22.5753291" lon="113.9499666">
        <ele>-2.407</ele>
        <time>2025-12-17T10:46:21Z</time>
      </trkpt>
      <trkpt lat="22.5753001" lon="113.9499731">
        <ele>-2.93899</ele>
        <time>2025-12-17T10:46:23Z</time>
      </trkpt>
      <trkpt lat="22.575272" lon="113.9499844">
        <ele>-4.471</ele>
        <time>2025-12-17T10:46:25Z</time>
      </trkpt>
      <trkpt lat="22.575243" lon="113.949993">
        <ele>-6.69399</ele>
        <time>2025-12-17T10:46:27Z</time>
      </trkpt>
      <trkpt lat="22.5752128" lon="113.949997">
        <ele>-7.984</ele>
        <time>2025-12-17T10:46:29Z</time>
      </trkpt>
      <trkpt lat="22.5751787" lon="113.9499997">
        <ele>-11.288</ele>
        <time>2025-12-17T10:46:31Z</time>
      </trkpt>
      <trkpt lat="22.5751445" lon="113.9499956">
        <ele>-13.932</ele>
        <time>2025-12-17T10:46:33Z</time>
      </trkpt>
      <trkpt lat="22.5751094" lon="113.9499875">
        <ele>-12.81299</ele>
        <time>2025-12-17T10:46:35Z</time>
      </trkpt>
      <trkpt lat="22.5750771" lon="113.9499809">
        <ele>-12.20699</ele>
        <time>2025-12-17T10:46:37Z</time>
      </trkpt>
      <trkpt lat="22.5750458" lon="113.9499753">
        <ele>-6.69199</ele>
        <time>2025-12-17T10:46:39Z</time>
      </trkpt>
      <trkpt lat="22.5750151" lon="113.9499734">
        <ele>-3.65199</ele>
        <time>2025-12-17T10:46:41Z</time>
      </trkpt>
      <trkpt lat="22.574985" lon="113.9499734">
        <ele>-2.32899</ele>
        <time>2025-12-17T10:46:43Z</time>
      </trkpt>
      <trkpt lat="22.574954" lon="113.9499761">
        <ele>-0.172</ele>
        <time>2025-12-17T10:46:45Z</time>
      </trkpt>
      <trkpt lat="22.574921" lon="113.949979">
        <ele>1.353</ele>
        <time>2025-12-17T10:46:47Z</time>
      </trkpt>
      <trkpt lat="22.5748866" lon="113.949984">
        <ele>2.86999</ele>
        <time>2025-12-17T10:46:49Z</time>
      </trkpt>
      <trkpt lat="22.5748522" lon="113.9499886">
        <ele>3.433</ele>
        <time>2025-12-17T10:46:51Z</time>
      </trkpt>
      <trkpt lat="22.5748174" lon="113.9499926">
        <ele>4.144</ele>
        <time>2025-12-17T10:46:53Z</time>
      </trkpt>
      <trkpt lat="22.5747824" lon="113.949995">
        <ele>4.77899</ele>
        <time>2025-12-17T10:46:55Z</time>
      </trkpt>
      <trkpt lat="22.5747474" lon="113.949998">
        <ele>5.10099</ele>
        <time>2025-12-17T10:46:57Z</time>
      </trkpt>
      <trkpt lat="22.5747122" lon="113.9500017">
        <ele>5.26</ele>
        <time>2025-12-17T10:46:59Z</time>
      </trkpt>
      <trkpt lat="22.5746768" lon="113.9500047">
        <ele>5.466</ele>
        <time>2025-12-17T10:47:01Z</time>
      </trkpt>
      <trkpt lat="22.5746417" lon="113.9500086">
        <ele>6.31099</ele>
        <time>2025-12-17T10:47:03Z</time>
      </trkpt>
      <trkpt lat="22.5746067" lon="113.950014">
        <ele>6.76599</ele>
        <time>2025-12-17T10:47:05Z</time>
      </trkpt>
      <trkpt lat="22.5745711" lon="113.9500204">
        <ele>7.433</ele>
        <time>2025-12-17T10:47:07Z</time>
      </trkpt>
      <trkpt lat="22.5745351" lon="113.9500262">
        <ele>7.71799</ele>
        <time>2025-12-17T10:47:09Z</time>
      </trkpt>
      <trkpt lat="22.5744988" lon="113.9500305">
        <ele>8.13799</ele>
        <time>2025-12-17T10:47:11Z</time>
      </trkpt>
      <trkpt lat="22.5744625" lon="113.9500318">
        <ele>8.531</ele>
        <time>2025-12-17T10:47:13Z</time>
      </trkpt>
      <trkpt lat="22.5744257" lon="113.9500309">
        <ele>9.324</ele>
        <time>2025-12-17T10:47:15Z</time>
      </trkpt>
      <trkpt lat="22.574389" lon="113.9500317">
        <ele>7.98999</ele>
        <time>2025-12-17T10:47:17Z</time>
      </trkpt>
      <trkpt lat="22.5743522" lon="113.9500336">
        <ele>8.508</ele>
        <time>2025-12-17T10:47:19Z</time>
      </trkpt>
      <trkpt lat="22.5743156" lon="113.9500381">
        <ele>10.06799</ele>
        <time>2025-12-17T10:47:21Z</time>
      </trkpt>
      <trkpt lat="22.5742792" lon="113.9500453">
        <ele>11.13899</ele>
        <time>2025-12-17T10:47:23Z</time>
      </trkpt>
      <trkpt lat="22.5742439" lon="113.9500529">
        <ele>10.814</ele>
        <time>2025-12-17T10:47:25Z</time>
      </trkpt>
      <trkpt lat="22.5742092" lon="113.9500583">
        <ele>9.279</ele>
        <time>2025-12-17T10:47:27Z</time>
      </trkpt>
      <trkpt lat="22.5741752" lon="113.9500628">
        <ele>8.46599</ele>
        <time>2025-12-17T10:47:29Z</time>
      </trkpt>
      <trkpt lat="22.5741419" lon="113.9500655">
        <ele>10.27</ele>
        <time>2025-12-17T10:47:31Z</time>
      </trkpt>
      <trkpt lat="22.574109" lon="113.9500675">
        <ele>10.522</ele>
        <time>2025-12-17T10:47:33Z</time>
      </trkpt>
      <trkpt lat="22.5740759" lon="113.9500682">
        <ele>10.609</ele>
        <time>2025-12-17T10:47:35Z</time>
      </trkpt>
      <trkpt lat="22.5740428" lon="113.9500682">
        <ele>11.428</ele>
        <time>2025-12-17T10:47:37Z</time>
      </trkpt>
      <trkpt lat="22.5740099" lon="113.9500675">
        <ele>11.09799</ele>
        <time>2025-12-17T10:47:39Z</time>
      </trkpt>
      <trkpt lat="22.5739762" lon="113.9500682">
        <ele>11.229</ele>
        <time>2025-12-17T10:47:41Z</time>
      </trkpt>
      <trkpt lat="22.573943" lon="113.9500678">
        <ele>11.267</ele>
        <time>2025-12-17T10:47:43Z</time>
      </trkpt>
      <trkpt lat="22.573909" lon="113.9500686">
        <ele>10.85099</ele>
        <time>2025-12-17T10:47:45Z</time>
      </trkpt>
      <trkpt lat="22.5738743" lon="113.9500686">
        <ele>9.97299</ele>
        <time>2025-12-17T10:47:47Z</time>
      </trkpt>
      <trkpt lat="22.5738391" lon="113.950067">
        <ele>9.36499</ele>
        <time>2025-12-17T10:47:49Z</time>
      </trkpt>
      <trkpt lat="22.5738039" lon="113.9500647">
        <ele>9.31999</ele>
        <time>2025-12-17T10:47:51Z</time>
      </trkpt>
      <trkpt lat="22.573767" lon="113.9500637">
        <ele>10.56</ele>
        <time>2025-12-17T10:47:53Z</time>
      </trkpt>
      <trkpt lat="22.5737325" lon="113.9500643">
        <ele>11.40999</ele>
        <time>2025-12-17T10:47:55Z</time>
      </trkpt>
      <trkpt lat="22.5736993" lon="113.9500666">
        <ele>12.529</ele>
        <time>2025-12-17T10:47:57Z</time>
      </trkpt>
      <trkpt lat="22.5736661" lon="113.9500711">
        <ele>13.342</ele>
        <time>2025-12-17T10:47:59Z</time>
      </trkpt>
      <trkpt lat="22.5736327" lon="113.950076">
        <ele>13.376</ele>
        <time>2025-12-17T10:48:01Z</time>
      </trkpt>
      <trkpt lat="22.5736005" lon="113.9500804">
        <ele>13.97</ele>
        <time>2025-12-17T10:48:03Z</time>
      </trkpt>
      <trkpt lat="22.5735663" lon="113.9500814">
        <ele>13.623</ele>
        <time>2025-12-17T10:48:05Z</time>
      </trkpt>
      <trkpt lat="22.5735317" lon="113.9500797">
        <ele>13.208</ele>
        <time>2025-12-17T10:48:07Z</time>
      </trkpt>
      <trkpt lat="22.5734987" lon="113.9500785">
        <ele>12.47099</ele>
        <time>2025-12-17T10:48:09Z</time>
      </trkpt>
      <trkpt lat="22.5734668" lon="113.9500785">
        <ele>13.96</ele>
        <time>2025-12-17T10:48:11Z</time>
      </trkpt>
      <trkpt lat="22.5734352" lon="113.9500785">
        <ele>13.975</ele>
        <time>2025-12-17T10:48:13Z</time>
      </trkpt>
      <trkpt lat="22.5734036" lon="113.9500802">
        <ele>14.227</ele>
        <time>2025-12-17T10:48:15Z</time>
      </trkpt>
      <trkpt lat="22.5733712" lon="113.9500842">
        <ele>14.982</ele>
        <time>2025-12-17T10:48:17Z</time>
      </trkpt>
      <trkpt lat="22.5733379" lon="113.9500887">
        <ele>14.90299</ele>
        <time>2025-12-17T10:48:19Z</time>
      </trkpt>
      <trkpt lat="22.5733034" lon="113.9500931">
        <ele>14.618</ele>
        <time>2025-12-17T10:48:21Z</time>
      </trkpt>
      <trkpt lat="22.5732688" lon="113.9500991">
        <ele>15.623</ele>
        <time>2025-12-17T10:48:23Z</time>
      </trkpt>
      <trkpt lat="22.5732352" lon="113.9501058">
        <ele>16.33099</ele>
        <time>2025-12-17T10:48:25Z</time>
      </trkpt>
      <trkpt lat="22.573203" lon="113.9501156">
        <ele>15.46899</ele>
        <time>2025-12-17T10:48:27Z</time>
      </trkpt>
      <trkpt lat="22.57317" lon="113.9501237">
        <ele>14.798</ele>
        <time>2025-12-17T10:48:29Z</time>
      </trkpt>
      <trkpt lat="22.5731371" lon="113.9501302">
        <ele>12.684</ele>
        <time>2025-12-17T10:48:31Z</time>
      </trkpt>
      <trkpt lat="22.5731035" lon="113.9501362">
        <ele>10.45499</ele>
        <time>2025-12-17T10:48:33Z</time>
      </trkpt>
      <trkpt lat="22.5730692" lon="113.9501417">
        <ele>9.265</ele>
        <time>2025-12-17T10:48:35Z</time>
      </trkpt>
      <trkpt lat="22.5730346" lon="113.9501439">
        <ele>8.774</ele>
        <time>2025-12-17T10:48:37Z</time>
      </trkpt>
      <trkpt lat="22.5730003" lon="113.9501462">
        <ele>9.805</ele>
        <time>2025-12-17T10:48:39Z</time>
      </trkpt>
      <trkpt lat="22.5729649" lon="113.9501486">
        <ele>11.35999</ele>
        <time>2025-12-17T10:48:41Z</time>
      </trkpt>
      <trkpt lat="22.5729288" lon="113.9501508">
        <ele>11.75599</ele>
        <time>2025-12-17T10:48:43Z</time>
      </trkpt>
      <trkpt lat="22.5728925" lon="113.9501539">
        <ele>11.871</ele>
        <time>2025-12-17T10:48:45Z</time>
      </trkpt>
      <trkpt lat="22.5728561" lon="113.9501569">
        <ele>10.137</ele>
        <time>2025-12-17T10:48:47Z</time>
      </trkpt>
      <trkpt lat="22.57282" lon="113.9501609">
        <ele>9.39</ele>
        <time>2025-12-17T10:48:49Z</time>
      </trkpt>
      <trkpt lat="22.5727855" lon="113.9501649">
        <ele>7.965</ele>
        <time>2025-12-17T10:48:51Z</time>
      </trkpt>
      <trkpt lat="22.5727507" lon="113.9501684">
        <ele>8.335</ele>
        <time>2025-12-17T10:48:53Z</time>
      </trkpt>
      <trkpt lat="22.5727161" lon="113.9501707">
        <ele>8.66499</ele>
        <time>2025-12-17T10:48:55Z</time>
      </trkpt>
      <trkpt lat="22.5726834" lon="113.9501704">
        <ele>9.88799</ele>
        <time>2025-12-17T10:48:57Z</time>
      </trkpt>
      <trkpt lat="22.5726529" lon="113.9501666">
        <ele>9.38599</ele>
        <time>2025-12-17T10:48:59Z</time>
      </trkpt>
      <trkpt lat="22.5726218" lon="113.9501644">
        <ele>6.78299</ele>
        <time>2025-12-17T10:49:01Z</time>
      </trkpt>
      <trkpt lat="22.5725905" lon="113.9501609">
        <ele>5.84399</ele>
        <time>2025-12-17T10:49:03Z</time>
      </trkpt>
      <trkpt lat="22.5725592" lon="113.9501569">
        <ele>6.52799</ele>
        <time>2025-12-17T10:49:05Z</time>
      </trkpt>
      <trkpt lat="22.572529" lon="113.9501584">
        <ele>7.54199</ele>
        <time>2025-12-17T10:49:07Z</time>
      </trkpt>
      <trkpt lat="22.5724976" lon="113.9501669">
        <ele>8.774</ele>
        <time>2025-12-17T10:49:09Z</time>
      </trkpt>
      <trkpt lat="22.5724662" lon="113.950177">
        <ele>10.09899</ele>
        <time>2025-12-17T10:49:11Z</time>
      </trkpt>
      <trkpt lat="22.5724348" lon="113.9501911">
        <ele>11.69299</ele>
        <time>2025-12-17T10:49:13Z</time>
      </trkpt>
      <trkpt lat="22.5724029" lon="113.9502104">
        <ele>10.08399</ele>
        <time>2025-12-17T10:49:15Z</time>
      </trkpt>
      <trkpt lat="22.57237" lon="113.9502284">
        <ele>11.916</ele>
        <time>2025-12-17T10:49:17Z</time>
      </trkpt>
      <trkpt lat="22.5723382" lon="113.9502426">
        <ele>12.88799</ele>
        <time>2025-12-17T10:49:19Z</time>
      </trkpt>
      <trkpt lat="22.572308" lon="113.9502593">
        <ele>12.96</ele>
        <time>2025-12-17T10:49:21Z</time>
      </trkpt>
      <trkpt lat="22.5722798" lon="113.9502769">
        <ele>14.42099</ele>
        <time>2025-12-17T10:49:23Z</time>
      </trkpt>
      <trkpt lat="22.5722518" lon="113.9502937">
        <ele>14.77999</ele>
        <time>2025-12-17T10:49:25Z</time>
      </trkpt>
      <trkpt lat="22.572222" lon="113.9503119">
        <ele>13.696</ele>
        <time>2025-12-17T10:49:27Z</time>
      </trkpt>
      <trkpt lat="22.572191" lon="113.950332">
        <ele>14.82199</ele>
        <time>2025-12-17T10:49:29Z</time>
      </trkpt>
      <trkpt lat="22.5721602" lon="113.9503495">
        <ele>14.045</ele>
        <time>2025-12-17T10:49:31Z</time>
      </trkpt>
      <trkpt lat="22.5721299" lon="113.9503661">
        <ele>13.34</ele>
        <time>2025-12-17T10:49:33Z</time>
      </trkpt>
      <trkpt lat="22.5721008" lon="113.9503805">
        <ele>13.92099</ele>
        <time>2025-12-17T10:49:35Z</time>
      </trkpt>
      <trkpt lat="22.5720708" lon="113.9503944">
        <ele>12.394</ele>
        <time>2025-12-17T10:49:37Z</time>
      </trkpt>
      <trkpt lat="22.5720408" lon="113.9504093">
        <ele>10.60499</ele>
        <time>2025-12-17T10:49:39Z</time>
      </trkpt>
      <trkpt lat="22.5720103" lon="113.9504263">
        <ele>8.079</ele>
        <time>2025-12-17T10:49:41Z</time>
      </trkpt>
      <trkpt lat="22.5719789" lon="113.950443">
        <ele>6.94099</ele>
        <time>2025-12-17T10:49:43Z</time>
      </trkpt>
      <trkpt lat="22.5719487" lon="113.9504603">
        <ele>6.426</ele>
        <time>2025-12-17T10:49:45Z</time>
      </trkpt>
      <trkpt lat="22.5719209" lon="113.9504796">
        <ele>5.098</ele>
        <time>2025-12-17T10:49:47Z</time>
      </trkpt>
      <trkpt lat="22.5718945" lon="113.9504966">
        <ele>5.056</ele>
        <time>2025-12-17T10:49:49Z</time>
      </trkpt>
      <trkpt lat="22.5718696" lon="113.9505095">
        <ele>6.63999</ele>
        <time>2025-12-17T10:49:51Z</time>
      </trkpt>
      <trkpt lat="22.5718494" lon="113.9505156">
        <ele>6.638</ele>
        <time>2025-12-17T10:49:53Z</time>
      </trkpt>
      <trkpt lat="22.571831" lon="113.9505155">
        <ele>8.76299</ele>
        <time>2025-12-17T10:49:55Z</time>
      </trkpt>
      <trkpt lat="22.5718191" lon="113.9505043">
        <ele>8.866</ele>
        <time>2025-12-17T10:49:58Z</time>
      </trkpt>
      <trkpt lat="22.5718205" lon="113.9504877">
        <ele>9.93299</ele>
        <time>2025-12-17T10:50:00Z</time>
      </trkpt>
      <trkpt lat="22.5718334" lon="113.9504657">
        <ele>11.82699</ele>
        <time>2025-12-17T10:50:02Z</time>
      </trkpt>
      <trkpt lat="22.5718555" lon="113.9504426">
        <ele>10.651</ele>
        <time>2025-12-17T10:50:04Z</time>
      </trkpt>
      <trkpt lat="22.5718887" lon="113.9504196">
        <ele>9.699</ele>
        <time>2025-12-17T10:50:06Z</time>
      </trkpt>
      <trkpt lat="22.5719281" lon="113.9504004">
        <ele>10.16499</ele>
        <time>2025-12-17T10:50:08Z</time>
      </trkpt>
      <trkpt lat="22.5719618" lon="113.9503812">
        <ele>9.34599</ele>
        <time>2025-12-17T10:50:10Z</time>
      </trkpt>
      <trkpt lat="22.5719927" lon="113.9503618">
        <ele>13.371</ele>
        <time>2025-12-17T10:50:12Z</time>
      </trkpt>
      <trkpt lat="22.572023" lon="113.9503453">
        <ele>16.482</ele>
        <time>2025-12-17T10:50:14Z</time>
      </trkpt>
      <trkpt lat="22.5720504" lon="113.9503285">
        <ele>16.929</ele>
        <time>2025-12-17T10:50:16Z</time>
      </trkpt>
      <trkpt lat="22.5720748" lon="113.9503095">
        <ele>17.50499</ele>
        <time>2025-12-17T10:50:18Z</time>
      </trkpt>
      <trkpt lat="22.5720996" lon="113.95029">
        <ele>17.69599</ele>
        <time>2025-12-17T10:50:20Z</time>
      </trkpt>
      <trkpt lat="22.5721232" lon="113.9502684">
        <ele>18.45999</ele>
        <time>2025-12-17T10:50:22Z</time>
      </trkpt>
      <trkpt lat="22.5721406" lon="113.9502402">
        <ele>20.075</ele>
        <time>2025-12-17T10:50:24Z</time>
      </trkpt>
      <trkpt lat="22.5721538" lon="113.9502082">
        <ele>21.193</ele>
        <time>2025-12-17T10:50:26Z</time>
      </trkpt>
      <trkpt lat="22.5721643" lon="113.9501756">
        <ele>21.645</ele>
        <time>2025-12-17T10:50:28Z</time>
      </trkpt>
      <trkpt lat="22.5721714" lon="113.9501395">
        <ele>21.509</ele>
        <time>2025-12-17T10:50:30Z</time>
      </trkpt>
      <trkpt lat="22.5721723" lon="113.9501035">
        <ele>20.99099</ele>
        <time>2025-12-17T10:50:32Z</time>
      </trkpt>
      <trkpt lat="22.5721684" lon="113.9500712">
        <ele>19.80999</ele>
        <time>2025-12-17T10:50:34Z</time>
      </trkpt>
      <trkpt lat="22.5721556" lon="113.9500453">
        <ele>16.981</ele>
        <time>2025-12-17T10:50:36Z</time>
      </trkpt>
      <trkpt lat="22.5721309" lon="113.9500258">
        <ele>15.965</ele>
        <time>2025-12-17T10:50:38Z</time>
      </trkpt>
      <trkpt lat="22.5720966" lon="113.9500149">
        <ele>14.65299</ele>
        <time>2025-12-17T10:50:40Z</time>
      </trkpt>
      <trkpt lat="22.5720558" lon="113.9500114">
        <ele>15.01</ele>
        <time>2025-12-17T10:50:42Z</time>
      </trkpt>
      <trkpt lat="22.5720089" lon="113.9500153">
        <ele>16.596</ele>
        <time>2025-12-17T10:50:44Z</time>
      </trkpt>
      <trkpt lat="22.5719619" lon="113.9500255">
        <ele>17.44599</ele>
        <time>2025-12-17T10:50:46Z</time>
      </trkpt>
      <trkpt lat="22.5719151" lon="113.9500379">
        <ele>15.765</ele>
        <time>2025-12-17T10:50:48Z</time>
      </trkpt>
      <trkpt lat="22.5718775" lon="113.9500497">
        <ele>14.75</ele>
        <time>2025-12-17T10:50:50Z</time>
      </trkpt>
      <trkpt lat="22.5718234" lon="113.9500724">
        <ele>14.769</ele>
        <time>2025-12-17T10:50:52Z</time>
      </trkpt>
      <trkpt lat="22.5717823" lon="113.9500954">
        <ele>13.538</ele>
        <time>2025-12-17T10:50:54Z</time>
      </trkpt>
    </trkseg>
  </trk>
</gpx>